addr	name	kind	module	class	attributed_by	size
00401000	mutator_401000	gamemisc	game_misc	_helpers_mutator	role:mutator	28
00401020	FUN_00401020	gamemisc	world	Helpers	caller-vote	31
00401040	FUN_00401040	gamemisc	world	Helpers	caller-vote	26
00401060	FUN_00401060	gamemisc	world	Helpers	caller-vote	28
00401080	FUN_00401080	gamemisc	world	Helpers	caller-vote	38
004010b0	FUN_004010b0	gamemisc	world	Helpers	caller-vote	48
004010e0	FUN_004010e0	gamemisc	world	Helpers	caller-vote	81
00401140	FUN_00401140	gamemisc	entity	Helpers	caller-vote	558
00401370	FUN_00401370	gamemisc	world	Helpers	caller-vote	37
004013a0	FUN_004013a0	gamemisc	world	Helpers	caller-vote	38
004013d0	getElemPtr4	gamemisc	game_misc	Game	ledger	13
004013e0	compute_4013e0	gamemisc	game_misc	_helpers_computed	role:computed	12
004013f0	std_vector_int_at	lib	_library	cw_lib	ledger	38
00401420	FUN_00401420	gamemisc	game_misc	Unsorted_000	none	40
00401450	FUN_00401450	gamemisc	game_misc	Unsorted_000	none	55
00401490	FUN_00401490	gamemisc	game_misc	Unsorted_000	none	28
004014b0	FUN_004014b0	gamemisc	game_misc	_helpers_wrapper	role:wrapper	56
004014f0	FUN_004014f0	gamemisc	game_misc	Unsorted_000	none	55
00401530	FUN_00401530	gamemisc	game_misc	_helpers_wrapper	role:wrapper	52
00401570	FUN_00401570	gamemisc	game_misc	Unsorted_000	none	40
004015a0	FUN_004015a0	gamemisc	game_misc	Unsorted_000	none	54
004015e0	FUN_004015e0	gamemisc	game_misc	Unsorted_000	none	37
00401610	FUN_00401610	gamemisc	game_misc	Unsorted_000	none	54
00401650	FUN_00401650	gamemisc	game_misc	Unsorted_000	none	54
00401690	std::_System_error_category::scalar_deleting_destructor	lib	_library	stl	stl-ns	34
004016c0	vdispatch_4016c0	gamemisc	game_misc	_helpers_dispatch	role:dispatch	35
004016f0	FUN_004016f0	gamemisc	world	_helpers_dtor-like	role:dtor-like	245
00401786	Catch_All@00401786	lib	_library	eh_funclets	eh	32
004017c3	Catch_All@004017c3	lib	_library	eh_funclets	eh	45
00401840	FUN_00401840	gamemisc	world	Helpers	caller-vote	173
004018f0	FUN_004018f0	gamemisc	game_misc	_helpers_wrapper	role:wrapper	44
00401920	FUN_00401920	gamemisc	net	Helpers	caller-vote	279
00401a40	FUN_00401a40	gamemisc	world	Helpers	caller-vote	247
00401b40	std::_System_error_category::vfunction4	lib	_library	stl	stl-ns	50
00401b80	std::error_category::vfunction4	lib	_library	stl	stl-ns	18
00401ba0	std::error_category::vfunction5	lib	_library	stl	stl-ns	30
00401bc0	std::error_category::vfunction6	lib	_library	stl	stl-ns	51
00401c00	FUN_00401c00	gamemisc	net	Helpers	caller-vote	155
00401ca0	FUN_00401ca0	gamemisc	game_misc	Unsorted_000	none	33
00401cd0	FUN_00401cd0	gamemisc	ai	Helpers	caller-vote	112
00401d40	FUN_00401d40	gamemisc	game_misc	_helpers_wrapper	role:wrapper	56
00401d80	FUN_00401d80	gamemisc	game_misc	_helpers_wrapper	role:wrapper	69
00401dd0	std::_Generic_error_category::vfunction3	lib	_library	stl	stl-ns	113
00401e50	std::_Iostream_error_category::vfunction3	lib	_library	stl	stl-ns	79
00401ea0	std::_System_error_category::vfunction3	lib	_library	stl	stl-ns	113
00401f20	std::_Generic_error_category::vfunction2	lib	_library	stl	stl-ns	6
00401f30	std::_Iostream_error_category::vfunction2	lib	_library	stl	stl-ns	6
00401f40	std::_System_error_category::vfunction2	lib	_library	stl	stl-ns	6
00401f50	FUN_00401f50	gamemisc	game_misc	_helpers_wrapper	role:wrapper	96
00401fb0	FUN_00401fb0	gamemisc	game_misc	_helpers_wrapper	role:wrapper	122
00402030	FUN_00402030	gamemisc	game_misc	Unsorted_000	none	278
00402150	FUN_00402150	gamemisc	world	Helpers	caller-vote	4
00402160	FUN_00402160	gamemisc	world	Helpers	caller-vote	4
00402170	FUN_00402170	gamemisc	world	Helpers	caller-vote	4
00402180	FUN_00402180	gamemisc	game_misc	Unsorted_000	none	37
004021b0	FUN_004021b0	gamemisc	game_misc	Unsorted_000	none	50
004021f0	FUN_004021f0	gamemisc	game_misc	Unsorted_000	none	231
004022e0	FUN_004022e0	gamemisc	game_misc	Unsorted_000	none	203
004023b0	FUN_004023b0	gamemisc	game_misc	Unsorted_000	none	201
00402480	FUN_00402480	gamemisc	game_misc	_helpers_wrapper	role:wrapper	30
004024a0	FUN_004024a0	gamemisc	game_misc	_helpers_wrapper	role:wrapper	30
004024c0	FUN_004024c0	gamemisc	game_misc	_helpers_wrapper	role:wrapper	30
004024e0	FUN_004024e0	gamemisc	game_misc	_helpers_wrapper	role:wrapper	40
00402510	FUN_00402510	gamemisc	game_misc	Unsorted_000	none	64
00402550	FUN_00402550	gamemisc	ai	Helpers	caller-vote	96
004025b0	FUN_004025b0	gamemisc	ai	Helpers	caller-vote	52
004025f0	FUN_004025f0	gamemisc	ai	Helpers	caller-vote	565
004027ef	Catch_All@004027ef	lib	_library	eh_funclets	eh	20
00402840	FUN_00402840	gamemisc	ai	Helpers	caller-vote	316
00402954	Catch_All@00402954	lib	_library	eh_funclets	eh	20
00402990	vec3_store	gamemisc	render	Proven	ledger	26
004029b0	FUN_004029b0	gamemisc	ai	Helpers	caller-vote	34
004029e0	cube::CombatBehavior::CombatBehavior	game	ai	CombatBehavior	rtti	46
00402a10	fwd_0054a946_402a10	gamemisc	game_misc	_helpers_thunk	role:thunk	44
00402a40	FUN_00402a40	gamemisc	game_misc	Unsorted_000	none	46
00402a70	FUN_00402a70	gamemisc	ai	Helpers	caller-vote	149
00402b10	FUN_00402b10	gamemisc	ai	Helpers	caller-vote	159
00402bb0	FUN_00402bb0	gamemisc	world	Helpers	caller-vote	15
00402bc0	FUN_00402bc0	gamemisc	world	Helpers	caller-vote	6
00402bd0	FUN_00402bd0	gamemisc	ai	Helpers	caller-vote	63
00402c10	FUN_00402c10	gamemisc	game_misc	Unsorted_000	none	22
00402c30	FUN_00402c30	gamemisc	game_misc	Unsorted_000	none	19
00402c50	FUN_00402c50	gamemisc	ai	Helpers	caller-vote	85
00402cb0	FUN_00402cb0	gamemisc	game_misc	Unsorted_000	none	85
00402d10	FUN_00402d10	gamemisc	game_misc	Unsorted_000	none	37
00402d40	FUN_00402d40	gamemisc	game_misc	_helpers_wrapper	role:wrapper	57
00402d80	FUN_00402d80	gamemisc	ai	Helpers	caller-vote	37
00402db0	FUN_00402db0	gamemisc	ai	Helpers	caller-vote	120
00402e30	FUN_00402e30	gamemisc	game_misc	Unsorted_000	none	46
00402e60	FUN_00402e60	gamemisc	game_misc	Unsorted_000	none	22
00402e80	FUN_00402e80	gamemisc	game_misc	Unsorted_000	none	46
00402eb0	FUN_00402eb0	gamemisc	game_misc	Unsorted_000	none	22
00402ed0	FUN_00402ed0	gamemisc	ai	Helpers	caller-vote	92
00402f40	cube::CombatBehavior::vfunction1	game	ai	CombatBehavior	rtti	9147
00405330	FUN_00405330	gamemisc	ai	_helpers_dtor-like	role:dtor-like	171
004053e0	cube::CombatBehavior::vfunction2	game	ai	CombatBehavior	rtti	55
00405420	FUN_00405420	gamemisc	game_misc	_helpers_wrapper	role:wrapper	42
00405450	FUN_00405450	gamemisc	ai	Unsorted	logic:caller-vote	191
00405510	FUN_00405510	gamemisc	game_misc	_helpers_wrapper	role:wrapper	54
00405550	FUN_00405550	gamemisc	game_misc	Unsorted_000	none	20
00405570	FUN_00405570	gamemisc	game_misc	_helpers_dtor-like	role:dtor-like	40
004055a0	FUN_004055a0	gamemisc	game_misc	_helpers_wrapper	role:wrapper	38
004055d0	cube::CompanionBehavior::CompanionBehavior	game	ai	CompanionBehavior	rtti	23
004055f0	cube::CompanionBehavior::CompanionBehavior	game	ai	CompanionBehavior	rtti	27
00405610	FUN_00405610	gamemisc	world	Helpers	caller-vote	38
00405640	CRefTime::Millisecs	lib	_library	sdk_classes	rtti-lib-ns	18
00405660	FUN_00405660	gamemisc	game_misc	Unsorted_000	none	37
00405690	FUN_00405690	gamemisc	game_misc	Unsorted_000	none	35
004056c0	FUN_004056c0	gamemisc	ai	Helpers	caller-vote	129
00405750	FUN_00405750	gamemisc	game_misc	Unsorted_000	none	37
00405780	cube::CompanionBehavior::vfunction1	game	ai	CompanionBehavior	rtti	1888
00405ef0	cube::CompanionBehavior::vfunction2	game	ai	CompanionBehavior	rtti	41
00405f20	Column_getBlockChecked	gamemisc	world	Proven	ledger	174
00405fd0	World_getBlockAt	gamemisc	world	Proven	ledger	119
00406050	World_getBlockFloat	gamemisc	world	Proven	ledger	175
00406100	Chunk_getColumnAt	gamemisc	world	Proven	ledger	208
004061d0	get_field_0x10	lib	_library	cw_lib	ledger	4
004061e0	compute_4061e0	gamemisc	game_misc	_helpers_computed	role:computed	11
004061f0	check_type_low5_active	lib	_library	cw_lib	ledger	22
00406210	FUN_00406210	gamemisc	world	Helpers	caller-vote	54
00406250	get_0x1c_406250	gamemisc	game_misc	_helpers_accessor	role:accessor	4
00406260	fwd_004056c0_406260	gamemisc	game_misc	_helpers_thunk	role:thunk	19
00406280	compute_406280	gamemisc	game_misc	_helpers_computed	role:computed	10
00406290	Region_getChunkCell	gamemisc	world	Proven	ledger	120
00406310	FUN_00406310	gamemisc	world	_helpers_dtor-like	role:dtor-like	62
00406350	FUN_00406350	gamemisc	game_misc	_helpers_wrapper	role:wrapper	47
00406380	FUN_00406380	gamemisc	world	Helpers	caller-vote	44
004063b0	fwd_00407be0_4063b0	gamemisc	game_misc	_helpers_thunk	role:thunk	31
004063d0	FUN_004063d0	gamemisc	game_misc	_helpers_ctor-like	role:ctor-like	35
00406400	cube::Creature::Creature	game	entity	Creature	rtti	1385
00406970	FUN_00406970	gamemisc	world	Helpers	caller-vote	346
00406ad0	FUN_00406ad0	gamemisc	world	Helpers	caller-vote	1054
00406ef0	FUN_00406ef0	gamemisc	world	_helpers_wrapper	role:wrapper	122
00406f70	FUN_00406f70	gamemisc	game_misc	_helpers_wrapper	role:wrapper	81
00406fd0	FUN_00406fd0	gamemisc	game_misc	_helpers_wrapper	role:wrapper	74
00407020	FUN_00407020	gamemisc	entity	Helpers	caller-vote	634
004072a0	FUN_004072a0	gamemisc	game_misc	_helpers_wrapper	role:wrapper	36
004072d0	cube::Creature::~Creature	game	entity	Creature	rtti	889
00407650	FUN_00407650	gamemisc	game_misc	_helpers_wrapper	role:wrapper	66
004076a0	FUN_004076a0	gamemisc	entity	Helpers	caller-vote	132
00407730	FUN_00407730	gamemisc	game_misc	Unsorted_000	none	405
004078d0	compute_4078d0	gamemisc	game_misc	_helpers_computed	role:computed	19
004078f0	FUN_004078f0	gamemisc	game_misc	Unsorted_000	none	197
004079c0	FUN_004079c0	gamemisc	game_misc	Unsorted_000	none	41
004079f0	FUN_004079f0	gamemisc	game_misc	Unsorted_000	none	55
00407a30	FUN_00407a30	gamemisc	world	Helpers	caller-vote	23
00407a50	FUN_00407a50	gamemisc	game_misc	Unsorted_000	none	76
00407aa0	cube::Creature::scalar_deleting_destructor	game	entity	Creature	rtti	33
00407ad0	FUN_00407ad0	gamemisc	entity	Helpers	caller-vote	47
00407b00	FUN_00407b00	gamemisc	game_misc	Unsorted_000	none	47
00407b30	FUN_00407b30	gamemisc	game_misc	Unsorted_000	none	47
00407b60	FUN_00407b60	gamemisc	entity	Helpers	caller-vote	57
00407ba0	FUN_00407ba0	gamemisc	net	Helpers	caller-vote	54
00407be0	FUN_00407be0	gamemisc	entity	Helpers	caller-vote	54
00407c20	FUN_00407c20	gamemisc	entity	Helpers	caller-vote	90
00407c80	FUN_00407c80	gamemisc	game_misc	Unsorted_000	none	63
00407cc0	FUN_00407cc0	gamemisc	ai	Helpers	caller-vote	54
00407d60	FUN_00407d60	gamemisc	game_misc	Unsorted_000	none	53
00407db0	FUN_00407db0	gamemisc	ai	Helpers	caller-vote	898
00408230	FUN_00408230	gamemisc	game_misc	Unsorted_000	none	196
00408300	FUN_00408300	gamemisc	game_misc	Unsorted_000	none	419
004084b0	FUN_004084b0	gamemisc	ai	Helpers	caller-vote	2086
00408f70	FUN_00408f70	gamemisc	game_misc	Unsorted_000	none	735
00409270	FUN_00409270	gamemisc	game_misc	_helpers_ctor-like	role:ctor-like	448
004094a0	FUN_004094a0	gamemisc	game_misc	Unsorted_000	none	296
004095d0	FUN_004095d0	gamemisc	game_misc	Unsorted_000	none	78
00409620	FUN_00409620	gamemisc	game_misc	Unsorted_000	none	53
00409660	FUN_00409660	gamemisc	game_misc	Unsorted_000	none	74
004096b0	FUN_004096b0	gamemisc	ai	Helpers	caller-vote	141
00409740	FUN_00409740	gamemisc	game_misc	Unsorted_000	none	55
00409780	FUN_00409780	gamemisc	game_misc	Unsorted_000	none	669
00409ac0	FUN_00409ac0	gamemisc	game_misc	Unsorted_000	none	586
00409d10	FUN_00409d10	gamemisc	game_misc	Unsorted_000	none	94
00409de0	FUN_00409de0	gamemisc	ai	Helpers	caller-vote	126
00409e60	FUN_00409e60	gamemisc	entity	Helpers	caller-vote	189
00409f20	FUN_00409f20	gamemisc	entity	Helpers	caller-vote	678
0040a1d0	FUN_0040a1d0	gamemisc	world	Helpers	caller-vote	601
0040a430	FUN_0040a430	gamemisc	entity	Helpers	caller-vote	189
0040a4f0	FUN_0040a4f0	gamemisc	game_misc	Unsorted_000	none	680
0040a7a0	FUN_0040a7a0	gamemisc	ai	Helpers	caller-vote	76
0040a7f0	FUN_0040a7f0	gamemisc	game_misc	Unsorted_000	none	79
0040a840	FUN_0040a840	gamemisc	game_misc	Unsorted_000	none	17600
0040ef90	FUN_0040ef90	gamemisc	game_misc	Unsorted_000	none	48
0040efc0	FUN_0040efc0	gamemisc	game_misc	Unsorted_000	none	76
0040f0a0	FUN_0040f0a0	gamemisc	game_misc	Unsorted_000	none	192
0040f220	FUN_0040f220	gamemisc	game_misc	_helpers_wrapper	role:wrapper	116
0040f2b0	FUN_0040f2b0	gamemisc	ai	Helpers	caller-vote	61
0040f2f0	FUN_0040f2f0	gamemisc	ai	Helpers	caller-vote	377
0040f520	FUN_0040f520	gamemisc	game_misc	Unsorted_000	none	128
0040f5a0	FUN_0040f5a0	gamemisc	ai	Helpers	caller-vote	99
0040f610	FUN_0040f610	gamemisc	game_misc	Unsorted_000	none	60
0040f650	FUN_0040f650	gamemisc	ai	Helpers	caller-vote	59
0040f690	FUN_0040f690	gamemisc	ai	Helpers	caller-vote	55
0040f6d0	ret_const_40f6d0	gamemisc	game_misc	_helpers_stub	role:stub	5
0040f6e0	FUN_0040f6e0	gamemisc	game_misc	Unsorted_000	none	48
0040f710	FUN_0040f710	gamemisc	ai	Helpers	caller-vote	218
0040f7f0	FUN_0040f7f0	gamemisc	game_misc	Unsorted_000	none	38
0040f8b0	FUN_0040f8b0	gamemisc	game_misc	Unsorted_000	none	54
0040f8f0	FUN_0040f8f0	gamemisc	game_misc	_indirect_dispatch-target	role:dispatch-target	416
0040fb20	FUN_0040fb20	gamemisc	ai	Helpers	caller-vote	155
0040fc30	FUN_0040fc30	gamemisc	ai	Helpers	caller-vote	177
0040fcf0	FUN_0040fcf0	gamemisc	ai	Helpers	caller-vote	121
0040fda0	FUN_0040fda0	gamemisc	ai	Helpers	caller-vote	559
0040ffe0	FUN_0040ffe0	gamemisc	game_misc	Unsorted_000	none	43
00410010	FUN_00410010	gamemisc	ai	Helpers	caller-vote	637
00410290	FUN_00410290	gamemisc	ai	Helpers	caller-vote	268
004103a0	FUN_004103a0	gamemisc	game_misc	Unsorted_000	none	92
00410400	FUN_00410400	gamemisc	ai	Helpers	caller-vote	479
00410690	FUN_00410690	gamemisc	ai	Helpers	caller-vote	1740
00410f00	FUN_00410f00	gamemisc	ai	Helpers	caller-vote	134
00410f90	FUN_00410f90	gamemisc	ai	Helpers	caller-vote	173
00411040	FUN_00411040	gamemisc	game_misc	_helpers_wrapper	role:wrapper	67
00411090	unproven -- kind is GAME	gamemisc	game_misc	Game	ledger	52
004110d0	FUN_004110d0	gamemisc	game_misc	Unsorted_000	none	655
00411360	FUN_00411360	gamemisc	game_misc	Unsorted_000	none	472
00411540	FUN_00411540	gamemisc	game_misc	Unsorted_000	none	419
004116f0	FUN_004116f0	gamemisc	game_misc	Unsorted_000	none	70
00411740	FUN_00411740	gamemisc	ai	Helpers	caller-vote	186
00411800	FUN_00411800	gamemisc	ai	Helpers	caller-vote	704
00411ad0	FUN_00411ad0	gamemisc	game_misc	Unsorted_000	none	655
00411d60	FUN_00411d60	gamemisc	ai	Helpers	caller-vote	662
004120f0	FUN_004120f0	gamemisc	game_misc	Unsorted_000	none	83
00412150	FUN_00412150	gamemisc	ai	Helpers	caller-vote	427
00412300	FUN_00412300	gamemisc	ai	Helpers	caller-vote	586
00412550	FUN_00412550	gamemisc	game_misc	Unsorted_000	none	288
00412670	FUN_00412670	gamemisc	game_misc	Unsorted_000	none	148
00412710	FUN_00412710	gamemisc	world	_helpers_ctor-like	role:ctor-like	426
004128ba	Catch_All@004128ba	lib	_library	eh_funclets	eh	26
004128da	FUN_004128da	gamemisc	world	Helpers	caller-vote	90
00412940	cube::Database::Database	game	db	Database	rtti	16
00412950	cube::Database::Database	game	db	Database	rtti	34
00412980	vdispatch_412980	gamemisc	game_misc	_helpers_dispatch	role:dispatch	21
004129a0	FUN_004129a0	gamemisc	game_misc	Unsorted_000	none	43
004129d0	FUN_004129d0	gamemisc	game_misc	_helpers_dtor-like	role:dtor-like	234
00412ac0	cube::Database::scalar_deleting_destructor	game	db	Database	rtti	57
00412b00	FUN_00412b00	gamemisc	game_misc	Unsorted_000	none	95
00412b60	FUN_00412b60	gamemisc	entity	Helpers	caller-vote	109
00412bd0	FUN_00412bd0	gamemisc	entity	Helpers	caller-vote	107
00412c40	compute_412c40	gamemisc	game_misc	_helpers_computed	role:computed	12
00412c50	FUN_00412c50	gamemisc	game_misc	_helpers_wrapper	role:wrapper	28
00412c70	FUN_00412c70	gamemisc	game_misc	_helpers_dtor-like	role:dtor-like	131
00412d00	FUN_00412d00	gamemisc	game_misc	Unsorted_000	none	133
00412d90	FUN_00412d90	gamemisc	game_misc	_helpers_dtor-like	role:dtor-like	131
00412e20	FUN_00412e20	gamemisc	game_misc	Unsorted_000	none	347
00412f80	FUN_00412f80	gamemisc	world	Helpers	caller-vote	122
00413000	compute_413000	gamemisc	game_misc	_helpers_computed	role:computed	9
00413010	FUN_00413010	lib	_library	sqlite	lib-string	89
00413070	FUN_00413070	gamemisc	entity	Helpers	caller-vote	191
00413130	SpeechDb_loadBlobToVector	game	entity	Proven	ledger	78
00413180	FUN_00413180	gamemisc	entity	Helpers	caller-vote	120
00413200	compute_413200	gamemisc	game_misc	_helpers_computed	role:computed	6
00413210	FUN_00413210	gamemisc	world	Helpers	caller-vote	40
00413240	FUN_00413240	gamemisc	world	Helpers	caller-vote	379
004133c0	cube::Field::Field	game	world	Field	rtti	58
00413400	cube::Field::~Field	game	world	Field	rtti	21
00413420	resize_dword_array	gamemisc	game_misc	Game	ledger	306
00413560	vdispatch_413560	gamemisc	game_misc	_helpers_dispatch	role:dispatch	33
00413590	vdispatch_413590	gamemisc	game_misc	_helpers_dispatch	role:dispatch	61
004135d0	FUN_004135d0	gamemisc	world	_helpers_dtor-like	role:dtor-like	98
00413640	FUN_00413640	gamemisc	world	Helpers	caller-vote	139
004136d0	FUN_004136d0	gamemisc	entity	Helpers	caller-vote	61
00413710	ItemData_copy (0x118)	gamemisc	entity	Proven	ledger	163
004137c0	FUN_004137c0	gamemisc	game_misc	Unsorted_000	none	43
004137f0	FUN_004137f0	gamemisc	entity	Helpers	caller-vote	75
00413840	FUN_00413840	gamemisc	entity	Helpers	caller-vote	222
0041391e	Catch_All@0041391e	lib	_library	eh_funclets	eh	20
00413940	FUN_00413940	gamemisc	entity	Helpers	caller-vote	111
004139b0	FUN_004139b0	gamemisc	game_misc	Unsorted_000	none	197
00413aa0	FUN_00413aa0	gamemisc	game_misc	Unsorted_000	none	26
00413ac0	FUN_00413ac0	gamemisc	game_misc	Unsorted_000	none	286
00413be0	FUN_00413be0	gamemisc	game_misc	Unsorted_000	none	221
00413ce0	FUN_00413ce0	gamemisc	ai	Helpers	caller-vote	260
00413df0	FUN_00413df0	gamemisc	game_misc	Unsorted_000	none	858
00414200	FUN_00414200	gamemisc	game_misc	_helpers_wrapper	role:wrapper	87
00414260	FUN_00414260	gamemisc	game_misc	Unsorted_000	none	185
00414350	FUN_00414350	gamemisc	ai	Helpers	caller-vote	275
00414470	FUN_00414470	gamemisc	game_misc	Unsorted_000	none	223
00414550	FUN_00414550	gamemisc	game_misc	Unsorted_000	none	428
00414720	cube::LookAtPlayerBehavior::LookAtPlayerBehavior	game	ai	LookAtPlayerBehavior	rtti	9
00414730	cube::LookAtPlayerBehavior::vfunction1	game	ai	LookAtPlayerBehavior	rtti	646
004149c0	cube::LookAtPlayerBehavior::vfunction2	game	ai	LookAtPlayerBehavior	rtti	24
004149e0	FUN_004149e0	gamemisc	game_misc	Unsorted_000	none	147
00414a80	FUN_00414a80	gamemisc	game_misc	Unsorted_000	none	149
00414b20	FUN_00414b20	gamemisc	game_misc	Unsorted_000	none	147
00414bc0	FUN_00414bc0	gamemisc	game_misc	Unsorted_000	none	154
00414c60	FUN_00414c60	gamemisc	game_misc	Unsorted_000	none	212
00414d40	FUN_00414d40	gamemisc	game_misc	Unsorted_000	none	151
00414de0	FUN_00414de0	gamemisc	game_misc	Unsorted_000	none	151
00414e80	FUN_00414e80	gamemisc	game_misc	Unsorted_000	none	151
00414f20	FUN_00414f20	gamemisc	game_misc	Unsorted_000	none	176
00414fd0	FUN_00414fd0	gamemisc	game_misc	Unsorted_000	none	178
00415090	FUN_00415090	gamemisc	game_misc	Unsorted_000	none	185
00415150	FUN_00415150	gamemisc	game_misc	Unsorted_000	none	155
004151f0	FUN_004151f0	gamemisc	game_misc	Unsorted_000	none	109
00415260	FUN_00415260	gamemisc	game_misc	Unsorted_000	none	112
004152d0	FUN_004152d0	gamemisc	game_misc	Unsorted_000	none	110
00415340	FUN_00415340	gamemisc	game_misc	Unsorted_000	none	132
004153d0	FUN_004153d0	gamemisc	game_misc	Unsorted_000	none	128
00415450	FUN_00415450	gamemisc	game_misc	Unsorted_000	none	128
004154d0	FUN_004154d0	gamemisc	game_misc	Unsorted_000	none	128
00415550	FUN_00415550	gamemisc	game_misc	Unsorted_000	none	121
004155d0	FUN_004155d0	gamemisc	game_misc	Unsorted_000	none	136
00415660	FUN_00415660	gamemisc	game_misc	Unsorted_000	none	114
004156e0	FUN_004156e0	gamemisc	game_misc	Unsorted_000	none	43
00415710	FUN_00415710	gamemisc	game_misc	Unsorted_000	none	50
00415750	FUN_00415750	gamemisc	game_misc	Unsorted_000	none	607
004159b0	FUN_004159b0	gamemisc	game_misc	Unsorted_000	none	330
00415b00	fwd_004078f0_415b00	gamemisc	game_misc	_helpers_thunk	role:thunk	24
00415b20	FUN_00415b20	gamemisc	game_misc	Unsorted_000	none	186
00415be0	FUN_00415be0	gamemisc	game_misc	Unsorted_000	none	176
00415c90	FUN_00415c90	gamemisc	game_misc	_helpers_wrapper	role:wrapper	64
00415cd0	FUN_00415cd0	gamemisc	game_misc	Unsorted_000	none	125
00415d50	FUN_00415d50	gamemisc	game_misc	Unsorted_000	none	119
00415dd0	FUN_00415dd0	gamemisc	game_misc	Unsorted_000	none	1074
00416210	FUN_00416210	gamemisc	game_misc	Unsorted_000	none	1759
004168f0	FUN_004168f0	gamemisc	game_misc	_helpers_wrapper	role:wrapper	50
00416930	compute_416930	gamemisc	game_misc	_helpers_computed	role:computed	10
00416940	MSVCR110.DLL::free	lib	_library	imports	import-ns	6
00416950	FUN_00416950	gamemisc	game_misc	Unsorted_000	none	112
004169c0	FUN_004169c0	gamemisc	game_misc	Unsorted_000	none	82
00416a20	FUN_00416a20	gamemisc	world	Helpers	caller-vote	100
00416a90	FUN_00416a90	gamemisc	world	Helpers	caller-vote	106
00416b00	FUN_00416b00	gamemisc	game_misc	Unsorted_000	none	96
00416b60	fwd_004177e0_416b60	gamemisc	game_misc	_helpers_thunk	role:thunk	25
00416b80	thunk_FUN_00417cc0	gamemisc	game_misc	_helpers_dispatch	role:dispatch	5
00416b90	FUN_00416b90	gamemisc	world	Helpers	caller-vote	65
00416be0	FUN_00416be0	gamemisc	game_misc	Unsorted_000	none	32
00416c00	mutator_416c00	gamemisc	game_misc	_helpers_mutator	role:mutator	21
00416c20	compute_416c20	gamemisc	game_misc	_helpers_computed	role:computed	10
00416c30	FUN_00416c30	gamemisc	game_misc	Unsorted_000	none	27
00416c50	FUN_00416c50	gamemisc	world	Helpers	caller-vote	85
00416cb0	FUN_00416cb0	gamemisc	world	Helpers	caller-vote	66
00416d00	FUN_00416d00	gamemisc	game_misc	Unsorted_000	none	82
00416d60	FUN_00416d60	gamemisc	world	Helpers	caller-vote	256
00416dff	Catch_All@00416dff	lib	_library	eh_funclets	eh	32
00416e3c	Catch_All@00416e3c	lib	_library	eh_funclets	eh	45
00416ec0	FUN_00416ec0	gamemisc	game_misc	Unsorted_000	none	48
00416ef0	FUN_00416ef0	gamemisc	game_misc	Unsorted_000	none	137
00416f80	FUN_00416f80	gamemisc	game_misc	Unsorted_000	none	114
00417000	FUN_00417000	gamemisc	game_misc	Unsorted_000	none	110
00417070	FUN_00417070	gamemisc	game_misc	Unsorted_000	none	67
004170c0	FUN_004170c0	gamemisc	world	Helpers	caller-vote	168
00417170	FUN_00417170	gamemisc	game_misc	_helpers_ctor-like	role:ctor-like	183
00417230	FUN_00417230	gamemisc	game_misc	Unsorted_000	none	128
004172b0	FUN_004172b0	gamemisc	game_misc	Unsorted_000	none	64
004172f0	FUN_004172f0	gamemisc	world	Helpers	caller-vote	273
00417410	FUN_00417410	gamemisc	world	Helpers	caller-vote	246
00417510	FUN_00417510	gamemisc	game_misc	Unsorted_000	none	128
00417590	FUN_00417590	gamemisc	game_misc	Unsorted_000	none	38
004175c0	FUN_004175c0	gamemisc	game_misc	Unsorted_000	none	128
00417640	FUN_00417640	gamemisc	game_misc	Unsorted_000	none	54
00417680	FUN_00417680	gamemisc	game_misc	Unsorted_000	none	175
00417730	vdispatch_417730	gamemisc	game_misc	_helpers_dispatch	role:dispatch	93
00417790	FUN_00417790	gamemisc	game_misc	Unsorted_000	none	77
004177e0	FUN_004177e0	gamemisc	game_misc	Unsorted_000	none	174
00417890	FUN_00417890	gamemisc	game_misc	Unsorted_000	none	94
004178f0	FUN_004178f0	gamemisc	game_misc	Unsorted_000	none	92
00417950	FUN_00417950	gamemisc	game_misc	Unsorted_000	none	130
004179e0	FUN_004179e0	gamemisc	game_misc	Unsorted_000	none	247
00417ae0	FUN_00417ae0	gamemisc	game_misc	Unsorted_000	none	464
00417cc0	FUN_00417cc0	gamemisc	game_misc	Unsorted_000	none	106
00417d30	FUN_00417d30	gamemisc	game_misc	Unsorted_000	none	21
00417d50	FUN_00417d50	gamemisc	world	Helpers	caller-vote	165
00417e00	FUN_00417e00	gamemisc	game_misc	Unsorted_000	none	52
00417e40	FUN_00417e40	gamemisc	game_misc	Unsorted_000	none	336
00417f90	FUN_00417f90	gamemisc	game_misc	Unsorted_000	none	98
00418000	FUN_00418000	gamemisc	game_misc	Unsorted_000	none	84
004180a0	FUN_004180a0	gamemisc	game_misc	Unsorted_000	none	179
00418160	mutator_418160	gamemisc	game_misc	_helpers_mutator	role:mutator	19
00418180	FUN_00418180	gamemisc	game_misc	_indirect_callback	role:callback	69
004181d0	FUN_004181d0	gamemisc	game_misc	_helpers_ctor-like	role:ctor-like	172
00418280	FUN_00418280	gamemisc	game_misc	Unsorted_000	none	217
00418360	FUN_00418360	gamemisc	game_misc	_indirect_callback	role:callback	168
00418410	FUN_00418410	gamemisc	game_misc	Unsorted_000	none	1415
004189b0	FUN_004189b0	gamemisc	game_misc	Unsorted_001	none	241
00418ab0	FUN_00418ab0	gamemisc	game_misc	Unsorted_001	none	166
00418b60	FUN_00418b60	gamemisc	game_misc	Unsorted_001	none	112
00418bd0	FUN_00418bd0	gamemisc	game_misc	Unsorted_001	none	275
00418cf0	FUN_00418cf0	gamemisc	game_misc	_indirect_callback	role:callback	182
00418db0	FUN_00418db0	gamemisc	game_misc	_indirect_callback	role:callback	226
00418ea0	FUN_00418ea0	gamemisc	game_misc	Unsorted_001	none	869
00419210	FUN_00419210	gamemisc	game_misc	Unsorted_001	none	631
00419490	FUN_00419490	gamemisc	game_misc	_indirect_callback	role:callback	78
004194e0	FUN_004194e0	gamemisc	game_misc	_helpers_ctor-like	role:ctor-like	178
004195a0	FUN_004195a0	gamemisc	game_misc	_indirect_callback	role:callback	202
00419670	FUN_00419670	gamemisc	game_misc	_indirect_callback	role:callback	254
00419770	FUN_00419770	gamemisc	game_misc	_indirect_callback	role:callback	362
004198e0	FUN_004198e0	gamemisc	game_misc	_indirect_callback	role:callback	415
00419a80	FUN_00419a80	gamemisc	game_misc	_helpers_wrapper	role:wrapper	60
00419ac0	FUN_00419ac0	gamemisc	game_misc	Unsorted_001	none	219
00419ba0	FUN_00419ba0	gamemisc	game_misc	Unsorted_001	none	232
00419c90	FUN_00419c90	gamemisc	game_misc	Unsorted_001	none	489
00419ef0	FUN_00419ef0	gamemisc	world	Helpers	caller-vote	132
00419f80	compute_419f80	gamemisc	game_misc	_helpers_computed	role:computed	9
00419f90	FUN_00419f90	gamemisc	game_misc	_helpers_wrapper	role:wrapper	57
00419fd0	FUN_00419fd0	gamemisc	game_misc	_helpers_wrapper	role:wrapper	36
0041a000	FUN_0041a000	gamemisc	game_misc	_helpers_wrapper	role:wrapper	36
0041a030	FUN_0041a030	gamemisc	game_misc	Unsorted_001	none	47
0041a060	FUN_0041a060	gamemisc	entity	Helpers	caller-vote	47
0041a090	FUN_0041a090	gamemisc	game_misc	_helpers_dtor-like	role:dtor-like	129
0041a120	FUN_0041a120	gamemisc	game_misc	_helpers_dtor-like	role:dtor-like	92
0041a180	FUN_0041a180	gamemisc	entity	Unsorted	logic:caller-vote	189
0041a240	FUN_0041a240	gamemisc	entity	Helpers	caller-vote	717
0041a510	FUN_0041a510	gamemisc	entity	Unsorted	logic:caller-vote	189
0041a5d0	FUN_0041a5d0	gamemisc	game_misc	Unsorted_001	none	135
0041a657	Catch_All@0041a657	lib	_library	eh_funclets	eh	20
0041a670	FUN_0041a670	gamemisc	game_misc	Unsorted_001	none	116
0041a6f0	FUN_0041a6f0	gamemisc	game_misc	Unsorted_001	none	159
0041a78f	Catch_All@0041a78f	lib	_library	eh_funclets	eh	20
0041a7b0	FUN_0041a7b0	gamemisc	game_misc	Unsorted_001	none	511
0041a9b0	FUN_0041a9b0	gamemisc	game_misc	Unsorted_001	none	319
0041aaef	Catch_All@0041aaef	lib	_library	eh_funclets	eh	9
0041ab00	FUN_0041ab00	gamemisc	game_misc	Unsorted_001	none	129
0041ab90	cube::QuestText::QuestText	game	entity	QuestText	rtti	47
0041abc0	cube::QuestTextNode::QuestTextNode	game	entity	QuestTextNode	rtti	206
0041ac90	cube::QuestText::~QuestText	game	entity	QuestText	rtti	119
0041ad10	cube::QuestTextNode::~QuestTextNode	game	entity	QuestTextNode	rtti	297
0041ae40	FUN_0041ae40	gamemisc	world	Helpers	caller-vote	43
0041ae70	cube::QuestText::scalar_deleting_destructor	game	entity	QuestText	rtti	140
0041af00	cube::QuestTextNode::scalar_deleting_destructor	game	entity	QuestTextNode	rtti	33
0041af30	FUN_0041af30	gamemisc	game_misc	Unsorted_001	none	55
0041af70	FUN_0041af70	gamemisc	game_misc	Unsorted_001	none	141
0041b000	FUN_0041b000	gamemisc	game_misc	Unsorted_001	none	75
0041b050	FUN_0041b050	gamemisc	game_misc	Unsorted_001	none	2218
0041b900	FUN_0041b900	gamemisc	ai	Helpers	caller-vote	39
0041b930	FUN_0041b930	gamemisc	game_misc	Unsorted_001	none	60
0041b970	FUN_0041b970	gamemisc	ai	Helpers	caller-vote	98
0041b9e0	FUN_0041b9e0	gamemisc	ai	Helpers	caller-vote	123
0041ba60	cube::RandomInteractionBehavior::RandomInteractionBehavior	game	ai	RandomInteractionBehavior	rtti	16
0041ba70	compute_41ba70	gamemisc	game_misc	_helpers_computed	role:computed	18
0041ba90	FUN_0041ba90	gamemisc	game_misc	_helpers_dtor-like	role:dtor-like	207
0041bb5f	Catch_All@0041bb5f	lib	_library	eh_funclets	eh	20
0041bb80	FUN_0041bb80	gamemisc	game_misc	Unsorted_001	none	159
0041bc20	cube::RandomInteractionBehavior::vfunction1	game	ai	RandomInteractionBehavior	rtti	3498
0041c9e0	FUN_0041c9e0	gamemisc	game_misc	Unsorted_001	none	213
0041cac0	cube::RandomInteractionBehavior::vfunction2	game	ai	RandomInteractionBehavior	rtti	31
0041cae0	get_0x80015c_41cae0	gamemisc	game_misc	_helpers_accessor	role:accessor	7
0041caf0	FUN_0041caf0	gamemisc	game_misc	_helpers_wrapper	role:wrapper	67
0041cb40	compute_41cb40	gamemisc	game_misc	_helpers_computed	role:computed	23
0041cb60	std::pair<unsigned___int64,unsigned___int64>::operator=<std::pair<unsigned___int64,unsigned___int64>,0>	lib	_library	stl	stl-ns	34
0041cb90	cube::RandomWalkBehavior::RandomWalkBehavior	game	ai	RandomWalkBehavior	rtti	16
0041cba0	identity_41cba0	gamemisc	game_misc	_helpers_identity	role:identity	3
0041cbb0	cube::RandomWalkBehavior::vfunction1	game	ai	RandomWalkBehavior	rtti	704
0041ce70	cube::RandomWalkBehavior::vfunction2	game	ai	RandomWalkBehavior	rtti	31
0041ce90	FUN_0041ce90	gamemisc	game_misc	_helpers_wrapper	role:wrapper	85
0041cef0	cube::SequentialBehavior::SequentialBehavior	game	ai	SequentialBehavior	rtti	200
0041cfc0	cube::SequentialBehavior::SequentialBehavior	game	ai	SequentialBehavior	rtti	44
0041cff0	cube::SequentialBehavior::~SequentialBehavior	game	ai	SequentialBehavior	rtti	96
0041d050	cube::SequentialBehavior::scalar_deleting_destructor	game	ai	SequentialBehavior	rtti	33
0041d080	cube::SequentialBehavior::vfunction1	game	ai	SequentialBehavior	rtti	109
0041d0f0	cube::SequentialBehavior::clone	game	ai	SequentialBehavior	rtti	104
0041d160	FUN_0041d160	gamemisc	game_misc	Unsorted_001	none	38
0041d190	FUN_0041d190	gamemisc	game_misc	Unsorted_001	none	174
0041d240	FUN_0041d240	gamemisc	game_misc	Unsorted_001	none	44
0041d270	FUN_0041d270	gamemisc	game_misc	Unsorted_001	none	197
0041d340	FUN_0041d340	gamemisc	game_misc	Unsorted_001	none	65
0041d390	FUN_0041d390	gamemisc	game_misc	_helpers_dtor-like	role:dtor-like	118
0041d410	FUN_0041d410	gamemisc	game_misc	Unsorted_001	none	69
0041d460	FUN_0041d460	gamemisc	game_misc	Unsorted_001	none	122
0041d4c6	Catch_All@0041d4c6	lib	_library	eh_funclets	eh	35
0041d500	FUN_0041d500	gamemisc	game_misc	Unsorted_001	none	71
0041d550	FUN_0041d550	gamemisc	game_misc	Unsorted_001	none	114
0041d5d0	FUN_0041d5d0	gamemisc	game_misc	Unsorted_001	none	48
0041d600	FUN_0041d600	gamemisc	game_misc	Unsorted_001	none	114
0041d680	FUN_0041d680	gamemisc	game_misc	Unsorted_001	none	61
0041d6c0	FUN_0041d6c0	gamemisc	game_misc	Unsorted_001	none	96
0041d720	FUN_0041d720	gamemisc	game_misc	_helpers_ctor-like	role:ctor-like	159
0041d7bf	Catch_All@0041d7bf	lib	_library	eh_funclets	eh	17
0041d7e0	mutator_41d7e0	gamemisc	game_misc	_helpers_mutator	role:mutator	17
0041d800	FUN_0041d800	gamemisc	world	Helpers	caller-vote	28
0041d820	FUN_0041d820	gamemisc	world	Unsorted	logic:caller-vote	168
0041d8d0	FUN_0041d8d0	gamemisc	game_misc	_helpers_wrapper	role:wrapper	121
0041d950	FUN_0041d950	gamemisc	game_misc	Unsorted_001	none	368
0041dac0	Catch_All@0041dac0	lib	_library	eh_funclets	eh	17
0041dae0	FUN_0041dae0	gamemisc	game_misc	Unsorted_001	none	355
0041dc43	Catch_All@0041dc43	lib	_library	eh_funclets	eh	17
0041dc60	FUN_0041dc60	gamemisc	game_misc	Unsorted_001	none	435
0041de13	Catch_All@0041de13	lib	_library	eh_funclets	eh	17
0041de30	FUN_0041de30	gamemisc	game_misc	Unsorted_001	none	240
0041df20	FUN_0041df20	gamemisc	game_misc	_helpers_wrapper	role:wrapper	66
0041df70	FUN_0041df70	gamemisc	game_misc	Unsorted_001	none	876
0041e2e0	compute_41e2e0	gamemisc	game_misc	_helpers_computed	role:computed	18
0041e300	FUN_0041e300	gamemisc	game_misc	Unsorted_001	none	22
0041e320	FUN_0041e320	gamemisc	game_misc	Unsorted_001	none	104
0041e390	FUN_0041e390	gamemisc	game_misc	Unsorted_001	none	104
0041e400	FUN_0041e400	gamemisc	game_misc	Unsorted_001	none	75
0041e450	FUN_0041e450	gamemisc	game_misc	_helpers_dtor-like	role:dtor-like	208
0041e520	Catch_All@0041e520	lib	_library	eh_funclets	eh	20
0041e540	FUN_0041e540	gamemisc	game_misc	_helpers_dtor-like	role:dtor-like	222
0041e61e	Catch_All@0041e61e	lib	_library	eh_funclets	eh	20
0041e640	FUN_0041e640	gamemisc	game_misc	_helpers_dtor-like	role:dtor-like	220
0041e71c	Catch_All@0041e71c	lib	_library	eh_funclets	eh	20
0041e740	FUN_0041e740	gamemisc	game_misc	_helpers_dtor-like	role:dtor-like	224
0041e820	Catch_All@0041e820	lib	_library	eh_funclets	eh	20
0041e840	FUN_0041e840	gamemisc	game_misc	Unsorted_001	none	162
0041e8f0	FUN_0041e8f0	gamemisc	game_misc	Unsorted_001	none	111
0041e960	FUN_0041e960	gamemisc	world	Helpers	caller-vote	162
0041ea10	FUN_0041ea10	gamemisc	game_misc	Unsorted_001	none	159
0041eab0	FUN_0041eab0	gamemisc	game_misc	Unsorted_001	none	112
0041eb20	FUN_0041eb20	gamemisc	game_misc	Unsorted_001	none	137
0041ebb0	compute_41ebb0	gamemisc	game_misc	_helpers_computed	role:computed	13
0041ebc0	FUN_0041ebc0	gamemisc	world	Helpers	caller-vote	385
0041ed50	FUN_0041ed50	gamemisc	world	Helpers	caller-vote	202
0041ee20	FUN_0041ee20	gamemisc	game_misc	Unsorted_001	none	1708
0041f4d0	FUN_0041f4d0	gamemisc	game_misc	Unsorted_001	none	216
0041f5b0	FUN_0041f5b0	gamemisc	world	Helpers	caller-vote	130
0041f640	FUN_0041f640	gamemisc	game_misc	Unsorted_001	none	285
0041f75d	Catch_All@0041f75d	lib	_library	eh_funclets	eh	17
0041f770	FUN_0041f770	gamemisc	game_misc	Unsorted_001	none	240
0041f860	Catch_All@0041f860	lib	_library	eh_funclets	eh	17
0041f880	FUN_0041f880	gamemisc	world	Helpers	caller-vote	338
0041f9e0	FUN_0041f9e0	gamemisc	world	Helpers	caller-vote	178
0041faa0	FUN_0041faa0	gamemisc	game_misc	Unsorted_001	none	953
0041fe60	VoxelColumn_setBlock	gamemisc	world	Proven	ledger	151
0041ff00	writeVoxel	gamemisc	world	Proven	ledger	154
0041ff9a	FUN_0041ff9a	gamemisc	game_misc	_artifacts	role:artifact	80
0041fff0	compute_41fff0	gamemisc	game_misc	_helpers_computed	role:computed	9
00420000	compute_420000	gamemisc	game_misc	_helpers_computed	role:computed	23
00420020	compute_420020	gamemisc	game_misc	_helpers_computed	role:computed	22
00420040	FUN_00420040	gamemisc	game_misc	_helpers_wrapper	role:wrapper	58
00420080	FUN_00420080	gamemisc	ai	Helpers	caller-vote	76
004200d0	FUN_004200d0	gamemisc	world	Helpers	caller-vote	39
00420100	FUN_00420100	gamemisc	world	Helpers	caller-vote	86
00420160	FUN_00420160	gamemisc	world	Helpers	caller-vote	130
004201e2	Catch_All@004201e2	lib	_library	eh_funclets	eh	20
00420200	FUN_00420200	gamemisc	game_misc	Unsorted_001	none	153
00420299	Catch_All@00420299	lib	_library	eh_funclets	eh	20
004202b0	FUN_004202b0	gamemisc	world	Helpers	caller-vote	39
004202e0	FUN_004202e0	gamemisc	world	Helpers	caller-vote	130
00420362	Catch_All@00420362	lib	_library	eh_funclets	eh	20
00420380	FUN_00420380	gamemisc	world	Helpers	caller-vote	57
004203c0	FUN_004203c0	gamemisc	ai	Helpers	caller-vote	56
00420400	FUN_00420400	gamemisc	world	Helpers	caller-vote	39
00420430	FUN_00420430	gamemisc	world	Helpers	caller-vote	64
00420470	FUN_00420470	gamemisc	world	Helpers	caller-vote	39
004204a0	FUN_004204a0	gamemisc	world	Helpers	caller-vote	39
004204d0	FUN_004204d0	gamemisc	world	Helpers	caller-vote	92
0042052c	Catch_All@0042052c	lib	_library	eh_funclets	eh	17
00420540	FUN_00420540	gamemisc	game_misc	Unsorted_001	none	159
004205df	Catch_All@004205df	lib	_library	eh_funclets	eh	20
00420600	FUN_00420600	gamemisc	game_misc	Unsorted_001	none	518
00420810	FUN_00420810	gamemisc	game_misc	Unsorted_001	none	565
00420a0f	Catch_All@00420a0f	lib	_library	eh_funclets	eh	20
00420a60	FUN_00420a60	gamemisc	game_misc	Unsorted_001	none	316
00420b74	Catch_All@00420b74	lib	_library	eh_funclets	eh	20
00420bb0	FUN_00420bb0	gamemisc	world	Helpers	caller-vote	157
00420c39	Catch_All@00420c39	lib	_library	eh_funclets	eh	40
00420c80	FUN_00420c80	gamemisc	world	Unsorted	logic:caller-vote	157
00420d09	Catch_All@00420d09	lib	_library	eh_funclets	eh	40
00420d50	FUN_00420d50	gamemisc	world	Helpers	caller-vote	157
00420dd9	Catch_All@00420dd9	lib	_library	eh_funclets	eh	40
00420e20	FUN_00420e20	gamemisc	world	Helpers	caller-vote	157
00420ea9	Catch_All@00420ea9	lib	_library	eh_funclets	eh	40
00420ef0	FUN_00420ef0	gamemisc	world	Helpers	caller-vote	157
00420f79	Catch_All@00420f79	lib	_library	eh_funclets	eh	40
00420fc0	FUN_00420fc0	gamemisc	world	Helpers	caller-vote	157
00421049	Catch_All@00421049	lib	_library	eh_funclets	eh	40
00421090	FUN_00421090	gamemisc	world	Helpers	caller-vote	157
00421119	Catch_All@00421119	lib	_library	eh_funclets	eh	40
00421160	FUN_00421160	gamemisc	world	Helpers	caller-vote	157
004211e9	Catch_All@004211e9	lib	_library	eh_funclets	eh	40
00421230	FUN_00421230	gamemisc	world	Helpers	caller-vote	157
004212b9	Catch_All@004212b9	lib	_library	eh_funclets	eh	40
00421300	FUN_00421300	gamemisc	world	Helpers	caller-vote	157
00421389	Catch_All@00421389	lib	_library	eh_funclets	eh	40
004213d0	FUN_004213d0	gamemisc	game_misc	Unsorted_001	none	157
00421459	Catch_All@00421459	lib	_library	eh_funclets	eh	40
004214a0	FUN_004214a0	gamemisc	game_misc	Unsorted_001	none	157
00421529	Catch_All@00421529	lib	_library	eh_funclets	eh	40
00421570	FUN_00421570	gamemisc	world	Helpers	caller-vote	157
004215f9	Catch_All@004215f9	lib	_library	eh_funclets	eh	40
00421640	FUN_00421640	gamemisc	world	Helpers	caller-vote	157
004216c9	Catch_All@004216c9	lib	_library	eh_funclets	eh	40
00421710	FUN_00421710	gamemisc	world	Helpers	caller-vote	157
00421799	Catch_All@00421799	lib	_library	eh_funclets	eh	40
004217e0	FUN_004217e0	gamemisc	world	Helpers	caller-vote	155
00421867	Catch_All@00421867	lib	_library	eh_funclets	eh	41
004218b0	FUN_004218b0	gamemisc	world	Helpers	caller-vote	157
00421939	Catch_All@00421939	lib	_library	eh_funclets	eh	44
00421980	FUN_00421980	gamemisc	game_misc	Unsorted_001	none	55
004219c0	FUN_004219c0	gamemisc	game_misc	Unsorted_001	none	101
00421a30	FUN_00421a30	gamemisc	game_misc	Unsorted_001	none	105
00421aa0	FUN_00421aa0	gamemisc	game_misc	Unsorted_001	none	101
00421b10	FUN_00421b10	gamemisc	game_misc	Unsorted_001	none	111
00421b80	FUN_00421b80	gamemisc	game_misc	Unsorted_001	none	101
00421bf0	FUN_00421bf0	gamemisc	game_misc	Unsorted_001	none	109
00421c60	FUN_00421c60	gamemisc	game_misc	Unsorted_001	none	115
00421ce0	FUN_00421ce0	gamemisc	game_misc	Unsorted_001	none	101
00421d50	FUN_00421d50	gamemisc	game_misc	Unsorted_001	none	101
00421dc0	FUN_00421dc0	gamemisc	game_misc	Unsorted_001	none	109
00421e30	FUN_00421e30	gamemisc	world	Helpers	caller-vote	20
00421e50	FUN_00421e50	gamemisc	game_misc	_helpers_wrapper	role:wrapper	43
00421e80	FUN_00421e80	gamemisc	game_misc	_helpers_wrapper	role:wrapper	127
00421eff	Catch_All@00421eff	lib	_library	eh_funclets	eh	17
00421f20	FUN_00421f20	gamemisc	world	Helpers	caller-vote	127
00421f9f	Catch_All@00421f9f	lib	_library	eh_funclets	eh	17
00421fc0	FUN_00421fc0	gamemisc	game_misc	_helpers_wrapper	role:wrapper	127
0042203f	Catch_All@0042203f	lib	_library	eh_funclets	eh	17
00422060	FUN_00422060	gamemisc	game_misc	_helpers_wrapper	role:wrapper	127
004220df	Catch_All@004220df	lib	_library	eh_funclets	eh	17
00422100	FUN_00422100	gamemisc	game_misc	_helpers_wrapper	role:wrapper	127
0042217f	Catch_All@0042217f	lib	_library	eh_funclets	eh	17
004221a0	FUN_004221a0	gamemisc	game_misc	_helpers_wrapper	role:wrapper	127
0042221f	Catch_All@0042221f	lib	_library	eh_funclets	eh	17
00422240	FUN_00422240	gamemisc	game_misc	_helpers_wrapper	role:wrapper	127
004222bf	Catch_All@004222bf	lib	_library	eh_funclets	eh	17
004222e0	FUN_004222e0	gamemisc	game_misc	_helpers_wrapper	role:wrapper	127
0042235f	Catch_All@0042235f	lib	_library	eh_funclets	eh	17
00422380	FUN_00422380	gamemisc	game_misc	_helpers_wrapper	role:wrapper	127
004223ff	Catch_All@004223ff	lib	_library	eh_funclets	eh	17
00422420	FUN_00422420	gamemisc	game_misc	_helpers_wrapper	role:wrapper	127
0042249f	Catch_All@0042249f	lib	_library	eh_funclets	eh	17
004224c0	FUN_004224c0	gamemisc	game_misc	_helpers_wrapper	role:wrapper	127
0042253f	Catch_All@0042253f	lib	_library	eh_funclets	eh	17
00422560	FUN_00422560	gamemisc	game_misc	_helpers_wrapper	role:wrapper	127
004225df	Catch_All@004225df	lib	_library	eh_funclets	eh	17
00422600	FUN_00422600	gamemisc	game_misc	_helpers_wrapper	role:wrapper	127
0042267f	Catch_All@0042267f	lib	_library	eh_funclets	eh	17
004226a0	FUN_004226a0	gamemisc	world	Helpers	caller-vote	127
0042271f	Catch_All@0042271f	lib	_library	eh_funclets	eh	17
00422740	FUN_00422740	gamemisc	world	Helpers	caller-vote	127
004227bf	Catch_All@004227bf	lib	_library	eh_funclets	eh	17
004227e0	FUN_004227e0	gamemisc	world	Helpers	caller-vote	174
00422890	FUN_00422890	gamemisc	game_misc	_helpers_ctor-like	role:ctor-like	115
00422910	cube::Connection::Connection	game	net	Connection	rtti	231
00422a00	FUN_00422a00	gamemisc	world	Helpers	caller-vote	134
00422a90	FUN_00422a90	gamemisc	game_misc	_helpers_ctor-like	role:ctor-like	94
00422af0	FUN_00422af0	gamemisc	game_misc	_helpers_ctor-like	role:ctor-like	30
00422b10	FUN_00422b10	gamemisc	game_misc	Unsorted_001	none	240
00422c00	FUN_00422c00	gamemisc	game_misc	Unsorted_001	none	132
00422c90	FUN_00422c90	gamemisc	world	Helpers	caller-vote	102
00422d00	FUN_00422d00	gamemisc	game_misc	_helpers_ctor-like	role:ctor-like	99
00422d70	FUN_00422d70	gamemisc	game_misc	_helpers_wrapper	role:wrapper	43
00422da0	FUN_00422da0	gamemisc	world	Helpers	caller-vote	106
00422e10	FUN_00422e10	gamemisc	world	Helpers	caller-vote	112
00422e80	cube::Server::Server	game	net	Server	rtti	262
00422f90	FUN_00422f90	gamemisc	game_misc	Unsorted_001	none	950
00423350	FUN_00423350	gamemisc	game_misc	Unsorted_001	none	174
00423400	FUN_00423400	gamemisc	game_misc	Unsorted_001	none	267
00423510	FUN_00423510	gamemisc	game_misc	_helpers_ctor-like	role:ctor-like	484
00423700	fwd_0054a7bc_423700	gamemisc	game_misc	_helpers_thunk	role:thunk	9
00423710	FUN_00423710	gamemisc	world	_helpers_dtor-like	role:dtor-like	62
00423750	FUN_00423750	gamemisc	game_misc	_helpers_wrapper	role:wrapper	20
00423770	FUN_00423770	gamemisc	game_misc	_helpers_dtor-like	role:dtor-like	64
004237b0	cube::Connection::~Connection	game	net	Connection	rtti	205
00423880	cube::Server::~Server	game	net	Server	rtti	364
004239f0	FUN_004239f0	gamemisc	game_misc	Unsorted_001	none	670
00423c90	FUN_00423c90	gamemisc	game_misc	Unsorted_001	none	78
00423ce0	FUN_00423ce0	gamemisc	game_misc	Unsorted_001	none	235
00423dd0	FUN_00423dd0	gamemisc	game_misc	Unsorted_001	none	794
004240ea	FUN_004240ea	gamemisc	game_misc	_artifacts	role:artifact	5015
004254a0	FUN_004254a0	gamemisc	game_misc	Unsorted_001	none	2935
00426020	FUN_00426020	gamemisc	game_misc	Unsorted_001	none	1774
00426750	cube::Connection::scalar_deleting_destructor	game	net	Connection	rtti	33
00426780	cube::Server::scalar_deleting_destructor	game	net	Server	rtti	33
004267b0	FUN_004267b0	gamemisc	game_misc	Unsorted_001	none	50
004267f0	FUN_004267f0	gamemisc	world	Unsorted	logic:caller-vote	54
00426830	FUN_00426830	gamemisc	net	Helpers	caller-vote	54
00426870	FUN_00426870	gamemisc	world	Helpers	caller-vote	54
004268b0	FUN_004268b0	gamemisc	net	Helpers	caller-vote	54
004268f0	FUN_004268f0	gamemisc	world	Helpers	caller-vote	54
00426930	FUN_00426930	gamemisc	world	Helpers	caller-vote	57
00426970	FUN_00426970	gamemisc	world	Helpers	caller-vote	54
004269b0	FUN_004269b0	gamemisc	world	Helpers	caller-vote	54
004269f0	FUN_004269f0	gamemisc	world	Helpers	caller-vote	57
00426a30	FUN_00426a30	gamemisc	world	Unsorted	logic:caller-vote	54
00426a70	FUN_00426a70	gamemisc	game_misc	Unsorted_001	none	58
00426ab0	std::_Func_impl<std::_Callable_obj<<lambda_ab9fa502c78db4b4288c2bfaac953e1a>,0>,std::allocator<std::_Func_class<void,std::_Nil,std::_Nil,std::_Nil,std::_Nil,std::_Nil,std::_Nil,std::_Nil>_>,void,std::_Nil,std::_Nil,std::_Nil,std::_Nil,std::_Nil,std::_Nil,std::_Nil>::vfunction1	lib	_library	stl	stl-ns	104
00426b20	std::_Func_impl<std::_Callable_obj<<lambda_8ac7a930af6f0ab005bd27e10d1330ab>,0>,std::allocator<std::_Func_class<void,std::_Nil,std::_Nil,std::_Nil,std::_Nil,std::_Nil,std::_Nil,std::_Nil>_>,void,std::_Nil,std::_Nil,std::_Nil,std::_Nil,std::_Nil,std::_Nil,std::_Nil>::vfunction5	lib	_library	stl	stl-ns	33
00426b50	std::_Func_impl<std::_Callable_obj<<lambda_38361316b522edf94308fdf9d1a2954a>,0>,std::allocator<std::_Func_class<void,std::_Nil,std::_Nil,std::_Nil,std::_Nil,std::_Nil,std::_Nil,std::_Nil>_>,void,std::_Nil,std::_Nil,std::_Nil,std::_Nil,std::_Nil,std::_Nil,std::_Nil>::vfunction3	lib	_library	stl	stl-ns	8
00426b60	std::_Func_impl<std::_Callable_obj<<lambda_8ac7a930af6f0ab005bd27e10d1330ab>,0>,std::allocator<std::_Func_class<void,std::_Nil,std::_Nil,std::_Nil,std::_Nil,std::_Nil,std::_Nil,std::_Nil>_>,void,std::_Nil,std::_Nil,std::_Nil,std::_Nil,std::_Nil,std::_Nil,std::_Nil>::vfunction3	lib	_library	stl	stl-ns	8
00426b70	std::_Func_impl<std::_Callable_obj<<lambda_ab9fa502c78db4b4288c2bfaac953e1a>,0>,std::allocator<std::_Func_class<void,std::_Nil,std::_Nil,std::_Nil,std::_Nil,std::_Nil,std::_Nil,std::_Nil>_>,void,std::_Nil,std::_Nil,std::_Nil,std::_Nil,std::_Nil,std::_Nil,std::_Nil>::vfunction3	lib	_library	stl	stl-ns	8
00426b80	FUN_00426b80	gamemisc	game_misc	Unsorted_001	none	155
00426c20	FUN_00426c20	gamemisc	game_misc	_helpers_dtor-like	role:dtor-like	74
00426c70	std::_Func_impl<std::_Callable_obj<<lambda_8ac7a930af6f0ab005bd27e10d1330ab>,0>,std::allocator<std::_Func_class<void,std::_Nil,std::_Nil,std::_Nil,std::_Nil,std::_Nil,std::_Nil,std::_Nil>_>,void,std::_Nil,std::_Nil,std::_Nil,std::_Nil,std::_Nil,std::_Nil,std::_Nil>::vfunction7	lib	_library	stl	stl-ns	4
00426c80	std::_Func_impl<std::_Callable_obj<<lambda_ab9fa502c78db4b4288c2bfaac953e1a>,0>,std::allocator<std::_Func_class<void,std::_Nil,std::_Nil,std::_Nil,std::_Nil,std::_Nil,std::_Nil,std::_Nil>_>,void,std::_Nil,std::_Nil,std::_Nil,std::_Nil,std::_Nil,std::_Nil,std::_Nil>::vfunction7	lib	_library	stl	stl-ns	4
00426c90	std::_Func_impl<std::_Callable_obj<<lambda_38361316b522edf94308fdf9d1a2954a>,0>,std::allocator<std::_Func_class<void,std::_Nil,std::_Nil,std::_Nil,std::_Nil,std::_Nil,std::_Nil,std::_Nil>_>,void,std::_Nil,std::_Nil,std::_Nil,std::_Nil,std::_Nil,std::_Nil,std::_Nil>::vfunction1	lib	_library	stl	stl-ns	94
00426cf0	std::_Func_impl<std::_Callable_obj<<lambda_8ac7a930af6f0ab005bd27e10d1330ab>,0>,std::allocator<std::_Func_class<void,std::_Nil,std::_Nil,std::_Nil,std::_Nil,std::_Nil,std::_Nil,std::_Nil>_>,void,std::_Nil,std::_Nil,std::_Nil,std::_Nil,std::_Nil,std::_Nil,std::_Nil>::vfunction1	lib	_library	stl	stl-ns	50
00426d30	FUN_00426d30	gamemisc	world	Helpers	caller-vote	125
00426db0	FUN_00426db0	gamemisc	game_misc	_helpers_dtor-like	role:dtor-like	222
00426e8e	Catch_All@00426e8e	lib	_library	eh_funclets	eh	20
00426eb0	FUN_00426eb0	gamemisc	world	Helpers	caller-vote	115
00426f30	std::_Func_impl<std::_Callable_obj<<lambda_38361316b522edf94308fdf9d1a2954a>,0>,std::allocator<std::_Func_class<void,std::_Nil,std::_Nil,std::_Nil,std::_Nil,std::_Nil,std::_Nil,std::_Nil>_>,void,std::_Nil,std::_Nil,std::_Nil,std::_Nil,std::_Nil,std::_Nil,std::_Nil>::vfunction4	lib	_library	stl	stl-ns	6
00426f40	std::_Func_impl<std::_Callable_obj<<lambda_8ac7a930af6f0ab005bd27e10d1330ab>,0>,std::allocator<std::_Func_class<void,std::_Nil,std::_Nil,std::_Nil,std::_Nil,std::_Nil,std::_Nil,std::_Nil>_>,void,std::_Nil,std::_Nil,std::_Nil,std::_Nil,std::_Nil,std::_Nil,std::_Nil>::vfunction4	lib	_library	stl	stl-ns	6
00426f50	std::_Func_impl<std::_Callable_obj<<lambda_ab9fa502c78db4b4288c2bfaac953e1a>,0>,std::allocator<std::_Func_class<void,std::_Nil,std::_Nil,std::_Nil,std::_Nil,std::_Nil,std::_Nil,std::_Nil>_>,void,std::_Nil,std::_Nil,std::_Nil,std::_Nil,std::_Nil,std::_Nil,std::_Nil>::vfunction4	lib	_library	stl	stl-ns	6
00426f60	FUN_00426f60	gamemisc	game_misc	_helpers_dtor-like	role:dtor-like	52
00426fa0	FUN_00426fa0	gamemisc	game_misc	_helpers_wrapper	role:wrapper	47
00426fd0	FUN_00426fd0	gamemisc	game_misc	_helpers_wrapper	role:wrapper	46
00427000	game_inventoryAccumulateCount	lib	_library	cw_lib	ledger	717
004272d0	FUN_004272d0	gamemisc	world	Helpers	caller-vote	3290
00427fd0	FUN_00427fd0	gamemisc	game_misc	_helpers_ctor-like	role:ctor-like	159
00428070	FUN_00428070	gamemisc	world	Helpers	caller-vote	16
00428080	FUN_00428080	gamemisc	game_misc	_helpers_dtor-like	role:dtor-like	112
00428100	FUN_00428100	gamemisc	net	Helpers	caller-vote	87
00428160	FUN_00428160	gamemisc	game_misc	Unsorted_001	none	11
00428170	FUN_00428170	gamemisc	world	Helpers	caller-vote	96
004281d0	FUN_004281d0	gamemisc	world	Helpers	caller-vote	96
00428230	FUN_00428230	gamemisc	world	Helpers	caller-vote	96
00428290	FUN_00428290	gamemisc	game_misc	Unsorted_001	none	50
004282d0	FUN_004282d0	gamemisc	game_misc	Unsorted_001	none	32
004282f0	FUN_004282f0	gamemisc	game_misc	Unsorted_001	none	64
00428360	FUN_00428360	gamemisc	game_misc	_helpers_wrapper	role:wrapper	67
004283b0	FUN_004283b0	gamemisc	game_misc	_helpers_wrapper	role:wrapper	67
00428400	FUN_00428400	gamemisc	game_misc	_helpers_wrapper	role:wrapper	67
00428450	FUN_00428450	gamemisc	game_misc	_helpers_wrapper	role:wrapper	67
004284a0	FUN_004284a0	gamemisc	game_misc	_helpers_wrapper	role:wrapper	67
004284f0	FUN_004284f0	gamemisc	game_misc	_helpers_wrapper	role:wrapper	67
00428540	FUN_00428540	gamemisc	game_misc	_helpers_wrapper	role:wrapper	67
00428590	std_list_push_back (role: conn edge)	lib	_library	cw_lib	ledger	67
004285e0	FUN_004285e0	gamemisc	game_misc	_helpers_wrapper	role:wrapper	67
00428630	FUN_00428630	gamemisc	game_misc	Unsorted_001	none	118
004286b0	FUN_004286b0	gamemisc	game_misc	Unsorted_001	none	55
004286f0	World_getTileAtCoords	gamemisc	world	Proven	ledger	133
00428780	get_4_428780	gamemisc	game_misc	_helpers_accessor	role:accessor	4
00428790	std::_Func_impl<std::_Callable_obj<<lambda_8ac7a930af6f0ab005bd27e10d1330ab>,0>,std::allocator<std::_Func_class<void,std::_Nil,std::_Nil,std::_Nil,std::_Nil,std::_Nil,std::_Nil,std::_Nil>_>,void,std::_Nil,std::_Nil,std::_Nil,std::_Nil,std::_Nil,std::_Nil,std::_Nil>::_Func_impl<std::_Callable_obj<<lambda_8ac7a930af6f0ab005bd27e10d1330ab>,0>,std::allocator<std::_Func_class<void,std::_Nil,std::_Nil,std::_Nil,std::_Nil,std::_Nil,std::_Nil,std::_Nil>_>,void,std::_Nil,std::_Nil,std::_Nil,std::_Nil,std::_Nil,std::_Nil,std::_Nil>_Constructor_or_Destructor	lib	_library	stl	stl-ns	386
00428920	cube::SpawnLocationBehavior::SpawnLocationBehavior	game	world	SpawnLocationBehavior	rtti	9
00428930	compute_428930	gamemisc	game_misc	_helpers_computed	role:computed	15
00428940	cube::SpawnLocationBehavior::vfunction1	game	world	SpawnLocationBehavior	rtti	1097
00428aca	FUN_00428aca	gamemisc	game_misc	_artifacts	role:artifact	288
00428ec0	cube::SpawnLocationBehavior::vfunction2	game	world	SpawnLocationBehavior	rtti	24
00428ee0	compute_428ee0	gamemisc	game_misc	_helpers_computed	role:computed	9
00428ef0	FUN_00428ef0	gamemisc	game_misc	_helpers_ctor-like	role:ctor-like	336
00429040	Catch_All@00429040	lib	_library	eh_funclets	eh	26
00429060	FUN_00429060	gamemisc	game_misc	Unsorted_001	none	101
004290d0	FUN_004290d0	gamemisc	game_misc	Unsorted_001	none	176
00429180	Catch_All@00429180	lib	_library	eh_funclets	eh	20
004291a0	FUN_004291a0	gamemisc	game_misc	Unsorted_001	none	135
00429227	Catch_All@00429227	lib	_library	eh_funclets	eh	20
00429240	FUN_00429240	gamemisc	world	Helpers	caller-vote	51
00429280	FUN_00429280	gamemisc	game_misc	Unsorted_001	none	157
0042931d	Catch_All@0042931d	lib	_library	eh_funclets	eh	20
00429340	FUN_00429340	gamemisc	game_misc	_helpers_wrapper	role:wrapper	58
00429380	FUN_00429380	gamemisc	game_misc	Unsorted_001	none	149
00429415	Catch_All@00429415	lib	_library	eh_funclets	eh	20
00429430	FUN_00429430	gamemisc	game_misc	Unsorted_001	none	116
004294b0	FUN_004294b0	gamemisc	game_misc	Unsorted_001	none	159
0042954f	Catch_All@0042954f	lib	_library	eh_funclets	eh	20
00429570	FUN_00429570	gamemisc	world	Helpers	caller-vote	559
004297a0	FUN_004297a0	gamemisc	game_misc	Unsorted_001	none	527
004299b0	FUN_004299b0	gamemisc	game_misc	Unsorted_001	none	515
00429bc0	FUN_00429bc0	gamemisc	game_misc	Unsorted_001	none	626
00429e40	FUN_00429e40	gamemisc	world	Helpers	caller-vote	525
0042a018	Catch_All@0042a018	lib	_library	eh_funclets	eh	20
0042a070	FUN_0042a070	gamemisc	world	Helpers	caller-vote	468
0042a244	Catch_All@0042a244	lib	_library	eh_funclets	eh	20
0042a260	FUN_0042a260	gamemisc	game_misc	Unsorted_001	none	468
0042a434	Catch_All@0042a434	lib	_library	eh_funclets	eh	20
0042a450	FUN_0042a450	gamemisc	game_misc	Unsorted_001	none	468
0042a624	Catch_All@0042a624	lib	_library	eh_funclets	eh	20
0042a640	FUN_0042a640	gamemisc	game_misc	Unsorted_001	none	468
0042a814	Catch_All@0042a814	lib	_library	eh_funclets	eh	20
0042a830	FUN_0042a830	gamemisc	world	Helpers	caller-vote	294
0042a908	Catch_All@0042a908	lib	_library	eh_funclets	eh	20
0042a970	FUN_0042a970	gamemisc	game_misc	Unsorted_001	none	336
0042aac0	Catch_All@0042aac0	lib	_library	eh_funclets	eh	20
0042aae0	FUN_0042aae0	gamemisc	game_misc	Unsorted_001	none	324
0042ac24	Catch_All@0042ac24	lib	_library	eh_funclets	eh	20
0042ac40	FUN_0042ac40	gamemisc	game_misc	Unsorted_001	none	324
0042ad84	Catch_All@0042ad84	lib	_library	eh_funclets	eh	20
0042ada0	FUN_0042ada0	gamemisc	game_misc	Unsorted_001	none	157
0042ae29	Catch_All@0042ae29	lib	_library	eh_funclets	eh	40
0042ae70	FUN_0042ae70	gamemisc	game_misc	Unsorted_001	none	207
0042af1d	Catch_All@0042af1d	lib	_library	eh_funclets	eh	17
0042af50	FUN_0042af50	gamemisc	game_misc	_helpers_dtor-like	role:dtor-like	239
0042b040	FUN_0042b040	gamemisc	game_misc	_helpers_wrapper	role:wrapper	118
0042b0b6	Catch_All@0042b0b6	lib	_library	eh_funclets	eh	26
0042b0e0	FUN_0042b0e0	gamemisc	game_misc	_helpers_wrapper	role:wrapper	118
0042b156	Catch_All@0042b156	lib	_library	eh_funclets	eh	26
0042b180	FUN_0042b180	gamemisc	game_misc	_helpers_wrapper	role:wrapper	127
0042b1ff	Catch_All@0042b1ff	lib	_library	eh_funclets	eh	17
0042b220	std::basic_stringstream<wchar_t,std::char_traits<wchar_t>,std::allocator<wchar_t>_>::basic_stringstream<wchar_t,std::char_traits<wchar_t>,std::allocator<wchar_t>_>	lib	_library	stl	stl-ns	4112
0042c250	FUN_0042c250	gamemisc	game_misc	_helpers_wrapper	role:wrapper	36
0042c280	FUN_0042c280	gamemisc	game_misc	_helpers_wrapper	role:wrapper	36
0042c2b0	FUN_0042c2b0	gamemisc	game_misc	_helpers_wrapper	role:wrapper	42
0042c2e0	FUN_0042c2e0	gamemisc	game_misc	_helpers_dtor-like	role:dtor-like	99
0042c350	FUN_0042c350	gamemisc	game_misc	_helpers_dtor-like	role:dtor-like	77
0042c3a0	FUN_0042c3a0	gamemisc	game_misc	_helpers_wrapper	role:wrapper	107
0042c410	FUN_0042c410	gamemisc	game_misc	_helpers_dtor-like	role:dtor-like	59
0042c450	cube::Speech::~Speech	game	entity	Speech	rtti	632
0042c6d0	vdispatch_42c6d0	gamemisc	game_misc	_helpers_dispatch	role:dispatch	24
0042c6f0	FUN_0042c6f0	gamemisc	world	Helpers	caller-vote	19
0042c710	FUN_0042c710	gamemisc	world	Helpers	caller-vote	261
0042c820	FUN_0042c820	gamemisc	game_misc	Unsorted_001	none	369
0042c9a0	FUN_0042c9a0	gamemisc	game_misc	Unsorted_001	none	299
0042cad0	FUN_0042cad0	gamemisc	game_misc	Unsorted_001	none	316
0042cc10	std::basic_stringstream<wchar_t,std::char_traits<wchar_t>,std::allocator<wchar_t>_>::basic_stringstream<wchar_t,std::char_traits<wchar_t>,std::allocator<wchar_t>_>	lib	_library	stl	stl-ns	292
0042cd40	std::basic_stringstream<wchar_t,std::char_traits<wchar_t>,std::allocator<wchar_t>_>::basic_stringstream<wchar_t,std::char_traits<wchar_t>,std::allocator<wchar_t>_>_Constructor_or_Destructor	lib	_library	stl	stl-ns	91
0042cd9b	std::basic_stringstream<wchar_t,std::char_traits<wchar_t>,std::allocator<wchar_t>_>::vfunction1	lib	_library	stl	stl-ns	8
0042cdb0	std::basic_stringbuf<wchar_t,std::char_traits<wchar_t>,std::allocator<wchar_t>_>::scalar_deleting_destructor	lib	_library	stl	stl-ns	47
0042cde0	std::basic_stringstream<wchar_t,std::char_traits<wchar_t>,std::allocator<wchar_t>_>::basic_stringstream<wchar_t,std::char_traits<wchar_t>,std::allocator<wchar_t>_>_Constructor_or_Destructor	lib	_library	stl	stl-ns	119
0042ce60	cube::Speech::scalar_deleting_destructor	game	entity	Speech	rtti	33
0042ce81	std::basic_stringstream<wchar_t,std::char_traits<wchar_t>,std::allocator<wchar_t>_>::vfunction2	lib	_library	stl	stl-ns	12
0042ce8d	std::basic_stringstream<wchar_t,std::char_traits<wchar_t>,std::allocator<wchar_t>_>::vfunction3	lib	_library	stl	stl-ns	12
0042cea0	FUN_0042cea0	gamemisc	world	Helpers	caller-vote	47
0042ced0	FUN_0042ced0	gamemisc	game_misc	Unsorted_001	none	47
0042cf00	FUN_0042cf00	gamemisc	world	Helpers	caller-vote	55
0042cf40	FUN_0042cf40	gamemisc	game_misc	Unsorted_001	none	55
0042cf80	FUN_0042cf80	gamemisc	game_misc	Unsorted_001	none	55
0042cfc0	FUN_0042cfc0	gamemisc	game_misc	_helpers_wrapper	role:wrapper	58
0042d000	FUN_0042d000	gamemisc	game_misc	_helpers_wrapper	role:wrapper	58
0042d040	FUN_0042d040	gamemisc	game_misc	_helpers_wrapper	role:wrapper	29
0042d060	FUN_0042d060	gamemisc	game_misc	_helpers_dtor-like	role:dtor-like	95
0042d0c0	FUN_0042d0c0	gamemisc	game_misc	_helpers_wrapper	role:wrapper	123
0042d140	FUN_0042d140	gamemisc	entity	Helpers	caller-vote	92
0042d1a0	FUN_0042d1a0	gamemisc	entity	Helpers	caller-vote	164
0042d250	FUN_0042d250	gamemisc	entity	Helpers	caller-vote	169
0042d300	FUN_0042d300	gamemisc	game_misc	Unsorted_001	none	197
0042d3d0	FUN_0042d3d0	gamemisc	world	Helpers	caller-vote	77
0042d420	FUN_0042d420	gamemisc	game_misc	Unsorted_001	none	31
0042d440	FUN_0042d440	gamemisc	game_misc	Unsorted_001	none	30
0042d460	FUN_0042d460	gamemisc	game_misc	Unsorted_001	none	88
0042d4c0	FUN_0042d4c0	gamemisc	game_misc	_helpers_dtor-like	role:dtor-like	84
0042d520	FUN_0042d520	gamemisc	entity	Helpers	caller-vote	87
0042d580	FUN_0042d580	gamemisc	entity	Helpers	caller-vote	189
0042d640	FUN_0042d640	gamemisc	entity	Helpers	caller-vote	680
0042d8f0	FUN_0042d8f0	gamemisc	entity	Helpers	caller-vote	189
0042d9b0	FUN_0042d9b0	gamemisc	entity	Helpers	caller-vote	708
0042dc80	FUN_0042dc80	gamemisc	entity	Helpers	caller-vote	189
0042dd40	FUN_0042dd40	gamemisc	entity	Helpers	caller-vote	702
0042e000	FUN_0042e000	gamemisc	game_misc	_helpers_dtor-like	role:dtor-like	142
0042e090	World_findNearestEntityInRegion	gamemisc	world	Proven	ledger	380
0042e220	FUN_0042e220	gamemisc	game_misc	Unsorted_001	none	54
0042e260	std::basic_stringbuf<wchar_t,std::char_traits<wchar_t>,std::allocator<wchar_t>_>::vfunction4	lib	_library	stl	stl-ns	517
0042e470	std::basic_stringbuf<wchar_t,std::char_traits<wchar_t>,std::allocator<wchar_t>_>::vfunction5	lib	_library	stl	stl-ns	97
0042e4e0	std::basic_stringbuf<wchar_t,std::char_traits<wchar_t>,std::allocator<wchar_t>_>::vfunction11	lib	_library	stl	stl-ns	489
0042e6d0	std::basic_stringbuf<wchar_t,std::char_traits<wchar_t>,std::allocator<wchar_t>_>::vfunction12	lib	_library	stl	stl-ns	317
0042e810	std::basic_stringbuf<wchar_t,std::char_traits<wchar_t>,std::allocator<wchar_t>_>::vfunction7	lib	_library	stl	stl-ns	103
0042e880	FUN_0042e880	gamemisc	game_misc	Unsorted_001	none	121
0042e900	mutator_42e900	gamemisc	game_misc	_helpers_mutator	role:mutator	30
0042e920	FUN_0042e920	gamemisc	world	Helpers	caller-vote	56
0042e960	FUN_0042e960	gamemisc	world	Unsorted	logic:caller-vote	62
0042e9a0	FUN_0042e9a0	gamemisc	world	Helpers	caller-vote	239
0042ea90	FUN_0042ea90	gamemisc	world	Helpers	caller-vote	273
0042ebb0	cube::Sprite::Sprite	game	entity	Sprite	rtti	199
0042ec80	std::basic_filebuf<char,std::char_traits<char>_>::~basic_filebuf<char,std::char_traits<char>_>	lib	_library	stl	stl-ns	67
0042ecd0	FUN_0042ecd0	gamemisc	world	Helpers	caller-vote	108
0042ed40	FUN_0042ed40	gamemisc	world	Helpers	caller-vote	108
0042edb0	FUN_0042edb0	gamemisc	world	Helpers	caller-vote	41
0042ede0	FUN_0042ede0	gamemisc	world	Helpers	caller-vote	44
0042ee10	FUN_0042ee10	gamemisc	game_misc	_helpers_wrapper	role:wrapper	37
0042ee40	FUN_0042ee40	gamemisc	game_misc	_helpers_wrapper	role:wrapper	37
0042ee65	std::basic_ifstream<char,std::char_traits<char>_>::vfunction1	lib	_library	stl	stl-ns	8
0042ee6d	std::basic_ofstream<char,std::char_traits<char>_>::vfunction1	lib	_library	stl	stl-ns	8
0042ee80	std::basic_filebuf<char,std::char_traits<char>_>::scalar_deleting_destructor	lib	_library	stl	stl-ns	91
0042eee0	FUN_0042eee0	gamemisc	game_misc	_helpers_dtor-like	role:dtor-like	65
0042ef30	FUN_0042ef30	gamemisc	game_misc	_helpers_dtor-like	role:dtor-like	65
0042ef80	cube::Sprite::scalar_deleting_destructor	game	entity	Sprite	rtti	163
0042f023	std::basic_ifstream<char,std::char_traits<char>_>::vfunction2	lib	_library	stl	stl-ns	12
0042f02f	std::basic_ofstream<char,std::char_traits<char>_>::vfunction3	lib	_library	stl	stl-ns	12
0042f040	FUN_0042f040	gamemisc	entity	Unsorted	logic:caller-vote	47
0042f070	FUN_0042f070	gamemisc	world	Helpers	caller-vote	331
0042f1c0	FUN_0042f1c0	gamemisc	entity	Helpers	caller-vote	117
0042f240	std::basic_filebuf<char,std::char_traits<char>_>::vfunction2	lib	_library	stl	stl-ns	16
0042f250	FUN_0042f250	gamemisc	world	Helpers	caller-vote	200
0042f318	Catch_All@0042f318	lib	_library	eh_funclets	eh	20
0042f330	FUN_0042f330	gamemisc	world	Helpers	caller-vote	153
0042f3d0	std::basic_filebuf<char,std::char_traits<char>_>::_Reset_back	lib	_library	stl	stl-ns	33
0042f400	std::basic_filebuf<char,std::char_traits<char>_>::_Set_back	lib	_library	stl	stl-ns	54
0042f440	std_vector_free	lib	_library	cw_lib	ledger	40
0042f470	std::basic_filebuf<char,std::char_traits<char>_>::vfunction3	lib	_library	stl	stl-ns	16
0042f480	FUN_0042f480	gamemisc	world	Helpers	caller-vote	91
0042f4e0	FUN_0042f4e0	gamemisc	entity	Helpers	caller-vote	189
0042f5a0	FUN_0042f5a0	gamemisc	entity	Helpers	caller-vote	674
0042f850	std::basic_filebuf<char,std::char_traits<char>_>::vfunction15	lib	_library	stl	stl-ns	62
0042f890	FUN_0042f890	gamemisc	world	Helpers	caller-vote	269
0042f9a0	World_loadVoxelModel	game	world	Proven	ledger	656
0042fc30	std::basic_filebuf<char,std::char_traits<char>_>::vfunction4	lib	_library	stl	stl-ns	483
0042fe20	std::basic_filebuf<char,std::char_traits<char>_>::vfunction5	lib	_library	stl	stl-ns	136
0042feb0	FUN_0042feb0	gamemisc	game_misc	Unsorted_001	none	143
0042ff40	FUN_0042ff40	gamemisc	world	Helpers	caller-vote	243
00430033	Catch_All@00430033	lib	_library	eh_funclets	eh	17
00430050	std::basic_filebuf<char,std::char_traits<char>_>::vfunction11	lib	_library	stl	stl-ns	242
00430150	std::basic_filebuf<char,std::char_traits<char>_>::vfunction12	lib	_library	stl	stl-ns	219
00430230	World_buildVoxelMesh	game	world	Proven	ledger	501
00430440	std::basic_filebuf<char,std::char_traits<char>_>::vfunction13	lib	_library	stl	stl-ns	137
004304d0	std::basic_filebuf<char,std::char_traits<char>_>::vfunction14	lib	_library	stl	stl-ns	46
00430500	std::basic_filebuf<char,std::char_traits<char>_>::vfunction8	lib	_library	stl	stl-ns	492
004306f0	std::basic_filebuf<char,std::char_traits<char>_>::vfunction7	lib	_library	stl	stl-ns	61
00430730	FUN_00430730	gamemisc	world	Helpers	caller-vote	77
00430780	FUN_00430780	gamemisc	world	Helpers	caller-vote	227
00430870	FUN_00430870	gamemisc	world	Helpers	caller-vote	161
00430911	Catch_All@00430911	lib	_library	eh_funclets	eh	20
00430930	FUN_00430930	gamemisc	world	Helpers	caller-vote	515
00430b40	FUN_00430b40	gamemisc	world	Helpers	caller-vote	525
00430d18	Catch_All@00430d18	lib	_library	eh_funclets	eh	20
00430d70	FUN_00430d70	gamemisc	world	Helpers	caller-vote	257
00430e4d	Catch_All@00430e4d	lib	_library	eh_funclets	eh	20
00430e90	cube::SpriteManager::SpriteManager	game	entity	SpriteManager	rtti	42
00430ec0	FUN_00430ec0	gamemisc	game_misc	_helpers_dtor-like	role:dtor-like	64
00430f00	cube::SpriteManager::~SpriteManager	game	entity	SpriteManager	rtti	154
00430fa0	FUN_00430fa0	gamemisc	world	Helpers	caller-vote	61
00430fe0	FUN_00430fe0	gamemisc	world	Helpers	caller-vote	54
00431020	FUN_00431020	gamemisc	world	Helpers	caller-vote	318
00431170	cube::SpriteManager::scalar_deleting_destructor	game	entity	SpriteManager	rtti	33
004311a0	FUN_004311a0	gamemisc	world	Helpers	caller-vote	74
004311f0	FUN_004311f0	gamemisc	world	Helpers	caller-vote	237
004312e0	FUN_004312e0	gamemisc	world	Helpers	caller-vote	287
00431400	loadVoxelModels	gamemisc	world	Proven	ledger	187427
0045f030	FUN_0045f030	gamemisc	world	Helpers	caller-vote	67
0045f080	FUN_0045f080	gamemisc	world	Helpers	caller-vote	146
0045f120	FUN_0045f120	gamemisc	game_misc	_indirect_vfunc	role:vfunc-indirect	51
0045f160	FUN_0045f160	gamemisc	game_misc	Unsorted_001	none	97
0045f1d0	FUN_0045f1d0	gamemisc	game_misc	Unsorted_001	none	122
0045f250	FUN_0045f250	lib	_library	sqlite	lib-island	101
0045f310	FUN_0045f310	gamemisc	game_misc	_indirect_vfunc	role:vfunc-indirect	18
0045f330	FUN_0045f330	gamemisc	game_misc	_indirect_vfunc	role:vfunc-indirect	18
0045f350	FUN_0045f350	gamemisc	game_misc	_indirect_vfunc	role:vfunc-indirect	18
0045f370	FUN_0045f370	gamemisc	game_misc	_indirect_vfunc	role:vfunc-indirect	12
0045f380	FUN_0045f380	gamemisc	game_misc	_indirect_vfunc	role:vfunc-indirect	89
0045f3e0	FUN_0045f3e0	gamemisc	game_misc	_indirect_callback	role:callback	449
0045f5b0	FUN_0045f5b0	gamemisc	game_misc	_indirect_vfunc	role:vfunc-indirect	532
0045f7d0	FUN_0045f7d0	gamemisc	game_misc	_indirect_dispatch-target	role:dispatch-target	123
0045f850	FUN_0045f850	gamemisc	game_misc	_indirect_vfunc	role:vfunc-indirect	13
0045f860	FUN_0045f860	gamemisc	game_misc	_indirect_vfunc	role:vfunc-indirect	11
0045f870	FUN_0045f870	gamemisc	game_misc	_indirect_vfunc	role:vfunc-indirect	35
0045f8a0	FUN_0045f8a0	gamemisc	game_misc	_indirect_vfunc	role:vfunc-indirect	173
0045f950	FUN_0045f950	gamemisc	game_misc	_helpers_wrapper	role:wrapper	49
0045f990	FUN_0045f990	gamemisc	game_misc	_indirect_vfunc	role:vfunc-indirect	63
0045f9d0	FUN_0045f9d0	gamemisc	game_misc	_indirect_vfunc	role:vfunc-indirect	33
0045fa00	FUN_0045fa00	gamemisc	game_misc	_indirect_vfunc	role:vfunc-indirect	37
0045fa30	FUN_0045fa30	gamemisc	game_misc	_helpers_wrapper	role:wrapper	63
0045fa70	FUN_0045fa70	gamemisc	game_misc	_indirect_vfunc	role:vfunc-indirect	37
0045faa0	FUN_0045faa0	gamemisc	game_misc	_helpers_wrapper	role:wrapper	38
0045fad0	FUN_0045fad0	gamemisc	game_misc	Unsorted_001	none	91
0045fb30	FUN_0045fb30	lib	_library	sqlite	lib-string	81
0045fb90	FUN_0045fb90	gamemisc	game_misc	_helpers_wrapper	role:wrapper	63
0045fbd0	FUN_0045fbd0	gamemisc	game_misc	_helpers_wrapper	role:wrapper	90
0045fc30	FUN_0045fc30	lib	_library	sqlite	lib-island	92
0045fc90	FUN_0045fc90	lib	_library	sqlite	lib-island	77
0045fce0	FUN_0045fce0	gamemisc	game_misc	_artifacts	role:artifact	48
0045fd10	FUN_0045fd10	gamemisc	game_misc	_indirect_vfunc	role:vfunc-indirect	63
0045fd50	FUN_0045fd50	gamemisc	game_misc	_indirect_vfunc	role:vfunc-indirect	63
0045fd90	FUN_0045fd90	gamemisc	game_misc	_artifacts	role:artifact	42
0045fdc0	FUN_0045fdc0	gamemisc	game_misc	_indirect_dispatch-target	role:dispatch-target	198
0045fe90	FUN_0045fe90	gamemisc	game_misc	_indirect_vfunc	role:vfunc-indirect	63
0045fed0	FUN_0045fed0	gamemisc	game_misc	_indirect_vfunc	role:vfunc-indirect	13
0045fee0	FUN_0045fee0	gamemisc	game_misc	_artifacts	role:artifact	88
0045ff40	FUN_0045ff40	gamemisc	game_misc	Unsorted_001	none	96
0045ffa0	FUN_0045ffa0	gamemisc	game_misc	_indirect_dispatch-target	role:dispatch-target	99
00460010	FUN_00460010	gamemisc	game_misc	_artifacts	role:artifact	855
00460380	FUN_00460380	gamemisc	game_misc	_indirect_vfunc	role:vfunc-indirect	111
004603f0	FUN_004603f0	gamemisc	game_misc	_indirect_dispatch-target	role:dispatch-target	135
00460480	FUN_00460480	gamemisc	game_misc	_indirect_vfunc	role:vfunc-indirect	112
004604f0	FUN_004604f0	gamemisc	game_misc	_indirect_vfunc	role:vfunc-indirect	145
00460590	FUN_00460590	gamemisc	game_misc	_indirect_vfunc	role:vfunc-indirect	74
004605e0	FUN_004605e0	gamemisc	game_misc	_indirect_vfunc	role:vfunc-indirect	74
00460630	FUN_00460630	gamemisc	game_misc	_artifacts	role:artifact	354
004607a0	FUN_004607a0	gamemisc	game_misc	_indirect_vfunc	role:vfunc-indirect	61
004607e0	FUN_004607e0	gamemisc	game_misc	_indirect_vfunc	role:vfunc-indirect	12
004607f0	FUN_004607f0	gamemisc	game_misc	_indirect_vfunc	role:vfunc-indirect	18
00460810	FUN_00460810	gamemisc	game_misc	_artifacts	role:artifact	182
004608d0	FUN_004608d0	gamemisc	game_misc	_indirect_vfunc	role:vfunc-indirect	63
00460910	FUN_00460910	gamemisc	game_misc	_indirect_vfunc	role:vfunc-indirect	72
00460960	FUN_00460960	gamemisc	game_misc	_indirect_vfunc	role:vfunc-indirect	72
004609b0	FUN_004609b0	gamemisc	game_misc	_artifacts	role:artifact	637
00460c30	FUN_00460c30	gamemisc	game_misc	_indirect_vfunc	role:vfunc-indirect	208
00460d00	FUN_00460d00	gamemisc	game_misc	_indirect_vfunc	role:vfunc-indirect	72
00460d50	FUN_00460d50	lib	_library	sqlite	lib-string	1468
00461310	FUN_00461310	gamemisc	game_misc	_indirect_vfunc	role:vfunc-indirect	15
00461320	FUN_00461320	gamemisc	game_misc	Unsorted_001	none	212
00461400	FUN_00461400	gamemisc	game_misc	_indirect_vfunc	role:vfunc-indirect	26
00461420	FUN_00461420	gamemisc	game_misc	_indirect_vfunc	role:vfunc-indirect	262
00461530	FUN_00461530	gamemisc	game_misc	_artifacts	role:artifact	111
00461610	FUN_00461610	gamemisc	game_misc	_artifacts	role:artifact	378
0046178a	FUN_0046178a	gamemisc	game_misc	_artifacts	role:artifact	1018
00461bb0	FUN_00461bb0	gamemisc	game_misc	Unsorted_001	none	283
00461cd0	FUN_00461cd0	gamemisc	game_misc	_indirect_vfunc	role:vfunc-indirect	176
00461d80	FUN_00461d80	gamemisc	game_misc	Unsorted_001	none	251
00461e80	FUN_00461e80	gamemisc	game_misc	_artifacts	role:artifact	478
00462070	FUN_00462070	gamemisc	game_misc	Unsorted_001	none	216
00462150	FUN_00462150	gamemisc	game_misc	Unsorted_001	none	254
00462250	FUN_00462250	gamemisc	game_misc	_indirect_vfunc	role:vfunc-indirect	103
004622c0	FUN_004622c0	gamemisc	game_misc	_indirect_vfunc	role:vfunc-indirect	22
004622e0	FUN_004622e0	gamemisc	game_misc	_indirect_vfunc	role:vfunc-indirect	75
00462330	FUN_00462330	gamemisc	game_misc	_artifacts	role:artifact	1221
004628d0	FUN_004628d0	gamemisc	game_misc	_indirect_vfunc	role:vfunc-indirect	53
00462910	FUN_00462910	gamemisc	game_misc	_indirect_vfunc	role:vfunc-indirect	24
00462930	FUN_00462930	gamemisc	game_misc	_indirect_vfunc	role:vfunc-indirect	528
00462b60	FUN_00462b60	gamemisc	game_misc	_indirect_dispatch-target	role:dispatch-target	505
00462d70	FUN_00462d70	lib	_library	sqlite	lib-string	266
00462e80	FUN_00462e80	lib	_library	sqlite	lib-island	24
00462eb0	FUN_00462eb0	gamemisc	game_misc	_artifacts	role:artifact	300
00462fe0	FUN_00462fe0	gamemisc	db	Helpers	caller-vote	18
00463000	FUN_00463000	gamemisc	game_misc	_indirect_dispatch-target	role:dispatch-target	286
00463120	FUN_00463120	lib	_library	sqlite	lib-island	1284
00463630	FUN_00463630	gamemisc	game_misc	_indirect_vfunc	role:vfunc-indirect	178
004636f0	FUN_004636f0	lib	_library	sqlite	lib-island	232
004637e0	FUN_004637e0	gamemisc	game_misc	_indirect_dispatch-target	role:dispatch-target	126
00463860	FUN_00463860	gamemisc	game_misc	_indirect_dispatch-target	role:dispatch-target	764
00463b60	fwd_00461d80_463b60	gamemisc	game_misc	_helpers_thunk	role:thunk	23
00463b80	FUN_00463b80	gamemisc	game_misc	_indirect_dispatch-target	role:dispatch-target	87
00463be0	FUN_00463be0	gamemisc	game_misc	_indirect_vfunc	role:vfunc-indirect	120
00463c60	fwd_00462150_463c60	gamemisc	game_misc	_helpers_thunk	role:thunk	23
00463c80	FUN_00463c80	gamemisc	game_misc	_indirect_dispatch-target	role:dispatch-target	95
00463ce0	fwd_00461bb0_463ce0	gamemisc	game_misc	_helpers_thunk	role:thunk	23
00463d00	FUN_00463d00	gamemisc	game_misc	_indirect_vfunc	role:vfunc-indirect	72
00463d50	FUN_00463d50	gamemisc	game_misc	_indirect_dispatch-target	role:dispatch-target	168
00463e00	FUN_00463e00	gamemisc	game_misc	_indirect_vfunc	role:vfunc-indirect	27
00463e20	FUN_00463e20	gamemisc	game_misc	_indirect_vfunc	role:vfunc-indirect	104
00463e90	FUN_00463e90	gamemisc	game_misc	_indirect_dispatch-target	role:dispatch-target	215
00463f70	FUN_00463f70	gamemisc	game_misc	_indirect_vfunc	role:vfunc-indirect	9
00463f80	FUN_00463f80	gamemisc	game_misc	_indirect_vfunc	role:vfunc-indirect	425
00464130	FUN_00464130	gamemisc	game_misc	Unsorted_001	none	168
004641e0	FUN_004641e0	gamemisc	game_misc	_indirect_dispatch-target	role:dispatch-target	132
00464270	FUN_00464270	gamemisc	game_misc	_indirect_dispatch-target	role:dispatch-target	153
00464310	FUN_00464310	gamemisc	game_misc	_indirect_dispatch-target	role:dispatch-target	270
00464420	FUN_00464420	lib	_library	sqlite	lib-string	2001
00464c00	FUN_00464c00	gamemisc	game_misc	_indirect_vfunc	role:vfunc-indirect	201
00464cd0	FUN_00464cd0	gamemisc	game_misc	_indirect_vfunc	role:vfunc-indirect	82
00464d30	FUN_00464d30	gamemisc	game_misc	_indirect_vfunc	role:vfunc-indirect	25
00464d50	FUN_00464d50	gamemisc	game_misc	_helpers_wrapper	role:wrapper	26
00464d70	FUN_00464d70	gamemisc	game_misc	_indirect_vfunc	role:vfunc-indirect	30
00464d90	FUN_00464d90	gamemisc	game_misc	_indirect_dispatch-target	role:dispatch-target	173
00464e40	FUN_00464e40	gamemisc	game_misc	_indirect_vfunc	role:vfunc-indirect	30
00464e60	fwd_0054a5e4_464e60	gamemisc	game_misc	_helpers_thunk	role:thunk	17
00464e80	FUN_00464e80	lib	_library	sqlite	lib-island	150
00464f20	FUN_00464f20	gamemisc	game_misc	_indirect_vfunc	role:vfunc-indirect	121
00464fa0	FUN_00464fa0	gamemisc	game_misc	_indirect_vfunc	role:vfunc-indirect	126
00465020	FUN_00465020	gamemisc	game_misc	_indirect_vfunc	role:vfunc-indirect	23
00465040	FUN_00465040	gamemisc	game_misc	_indirect_vfunc	role:vfunc-indirect	22
00465060	fwd_0054a68c_465060	gamemisc	game_misc	_helpers_thunk	role:thunk	14
00465070	FUN_00465070	gamemisc	game_misc	Unsorted_001	none	110
004650e0	FUN_004650e0	lib	_library	sqlite	lib-island	22
00465100	FUN_00465100	gamemisc	game_misc	_indirect_vfunc	role:vfunc-indirect	24
00465120	FUN_00465120	lib	_library	sqlite	lib-island	22
00465140	FUN_00465140	gamemisc	game_misc	_indirect_dispatch-target	role:dispatch-target	177
00465200	FUN_00465200	gamemisc	game_misc	_indirect_vfunc	role:vfunc-indirect	11
00465210	FUN_00465210	gamemisc	game_misc	_indirect_vfunc	role:vfunc-indirect	260
00465320	FUN_00465320	lib	_library	sqlite	lib-island	170
004653d0	FUN_004653d0	gamemisc	game_misc	_indirect_vfunc	role:vfunc-indirect	393
004655a0	vdispatch_4655a0	gamemisc	game_misc	_helpers_dispatch	role:dispatch	48
004655d0	FUN_004655d0	gamemisc	game_misc	_indirect_vfunc	role:vfunc-indirect	86
00465630	FUN_00465630	gamemisc	game_misc	_helpers_wrapper	role:wrapper	66
00465680	FUN_00465680	gamemisc	game_misc	_indirect_vfunc	role:vfunc-indirect	156
00465720	FUN_00465720	gamemisc	game_misc	_indirect_vfunc	role:vfunc-indirect	737
00465a30	FUN_00465a30	gamemisc	game_misc	_indirect_vfunc	role:vfunc-indirect	30
00465a50	FUN_00465a50	gamemisc	game_misc	_indirect_vfunc	role:vfunc-indirect	332
00465ba0	FUN_00465ba0	gamemisc	game_misc	_helpers_wrapper	role:wrapper	96
00465c00	FUN_00465c00	gamemisc	game_misc	_indirect_vfunc	role:vfunc-indirect	64
00465c40	FUN_00465c40	gamemisc	game_misc	_indirect_vfunc	role:vfunc-indirect	14
00465c50	FUN_00465c50	gamemisc	game_misc	_indirect_vfunc	role:vfunc-indirect	11
00465c60	FUN_00465c60	gamemisc	game_misc	_indirect_vfunc	role:vfunc-indirect	11
00465c70	FUN_00465c70	gamemisc	game_misc	_indirect_vfunc	role:vfunc-indirect	18
00465c90	FUN_00465c90	gamemisc	game_misc	Unsorted_001	none	904
004660e0	FUN_004660e0	gamemisc	game_misc	_indirect_vfunc	role:vfunc-indirect	204
004661b0	FUN_004661b0	gamemisc	game_misc	_indirect_vfunc	role:vfunc-indirect	84
00466210	FUN_00466210	lib	_library	sqlite	lib-island	174
004662c0	FUN_004662c0	gamemisc	game_misc	_artifacts	role:artifact	203
00466390	FUN_00466390	gamemisc	game_misc	Unsorted_001	none	169
00466440	FUN_00466440	gamemisc	game_misc	_indirect_vfunc	role:vfunc-indirect	420
004665f0	FUN_004665f0	gamemisc	game_misc	Unsorted_001	none	217
004666d0	FUN_004666d0	lib	_library	sqlite	lib-island	33
00466700	FUN_00466700	lib	_library	sqlite	lib-island	139
00466790	vdispatch_466790	gamemisc	game_misc	_helpers_dispatch	role:dispatch	74
004667da	FUN_004667da	gamemisc	game_misc	_artifacts	role:artifact	676
00466a80	FUN_00466a80	lib	_library	sqlite	lib-island	90
00466ae0	FUN_00466ae0	gamemisc	game_misc	_indirect_vfunc	role:vfunc-indirect	64
00466b20	FUN_00466b20	gamemisc	game_misc	_indirect_vfunc	role:vfunc-indirect	22
00466b40	FUN_00466b40	gamemisc	game_misc	_indirect_vfunc	role:vfunc-indirect	22
00466b60	FUN_00466b60	gamemisc	game_misc	_artifacts	role:artifact	620
00466dd0	FUN_00466dd0	lib	_library	sqlite	lib-island	152
00466e80	FUN_00466e80	gamemisc	game_misc	_indirect_vfunc	role:vfunc-indirect	30
00466ea0	FUN_00466ea0	gamemisc	game_misc	_helpers_wrapper	role:wrapper	114
00466f30	FUN_00466f30	gamemisc	game_misc	Unsorted_001	none	101
00466fa0	FUN_00466fa0	lib	_library	sqlite	lib-island	88
00467000	FUN_00467000	gamemisc	game_misc	_indirect_vfunc	role:vfunc-indirect	82
00467060	FUN_00467060	gamemisc	game_misc	_artifacts	role:artifact	251
00467170	FUN_00467170	gamemisc	game_misc	_indirect_vfunc	role:vfunc-indirect	72
004671c0	FUN_004671c0	gamemisc	game_misc	_indirect_vfunc	role:vfunc-indirect	264
004672d0	FUN_004672d0	gamemisc	game_misc	_artifacts	role:artifact	238
004673c0	FUN_004673c0	lib	_library	sqlite	lib-island	2478
00467d70	FUN_00467d70	gamemisc	game_misc	_indirect_vfunc	role:vfunc-indirect	72
00467dc0	FUN_00467dc0	lib	_library	sqlite	lib-island	246
00467ec0	FUN_00467ec0	gamemisc	game_misc	_indirect_vfunc	role:vfunc-indirect	11
00467ed0	FUN_00467ed0	gamemisc	game_misc	_indirect_vfunc	role:vfunc-indirect	107
00467f40	FUN_00467f40	gamemisc	game_misc	_indirect_vfunc	role:vfunc-indirect	11
00467f50	fwd_004834d0_467f50	gamemisc	game_misc	_helpers_thunk	role:thunk	23
00467f70	FUN_00467f70	gamemisc	game_misc	_indirect_vfunc	role:vfunc-indirect	242
00468070	FUN_00468070	lib	_library	sqlite	lib-island	329
004681c0	FUN_004681c0	gamemisc	game_misc	_indirect_vfunc	role:vfunc-indirect	441
00468380	FUN_00468380	lib	_library	sqlite	lib-island	88
004683e0	FUN_004683e0	gamemisc	game_misc	_indirect_vfunc	role:vfunc-indirect	9
004683f0	FUN_004683f0	lib	_library	sqlite	lib-island	32
00468410	FUN_00468410	gamemisc	game_misc	_indirect_vfunc	role:vfunc-indirect	72
00468460	FUN_00468460	gamemisc	game_misc	_artifacts	role:artifact	405
00468600	FUN_00468600	lib	_library	sqlite	lib-island	107
00468670	FUN_00468670	lib	_library	sqlite	lib-island	104
004686e0	FUN_004686e0	gamemisc	game_misc	_indirect_vfunc	role:vfunc-indirect	104
00468750	FUN_00468750	gamemisc	game_misc	Unsorted_001	none	145
004687f0	FUN_004687f0	lib	_library	sqlite	lib-string	214
004688d0	FUN_004688d0	gamemisc	game_misc	_indirect_vfunc	role:vfunc-indirect	205
004689a0	FUN_004689a0	gamemisc	game_misc	_indirect_vfunc	role:vfunc-indirect	51
004689e0	FUN_004689e0	gamemisc	game_misc	_indirect_vfunc	role:vfunc-indirect	130
00468a70	compute_468a70	gamemisc	game_misc	_helpers_computed	role:computed	19
00468a90	FUN_00468a90	gamemisc	game_misc	_artifacts	role:artifact	811
00468dc0	FUN_00468dc0	gamemisc	game_misc	_indirect_vfunc	role:vfunc-indirect	101
00468e30	fwd_004a0180_468e30	gamemisc	game_misc	_helpers_thunk	role:thunk	32
00468e50	FUN_00468e50	gamemisc	game_misc	_indirect_vfunc	role:vfunc-indirect	32
00468e70	FUN_00468e70	gamemisc	game_misc	_indirect_vfunc	role:vfunc-indirect	204
00468f40	FUN_00468f40	gamemisc	game_misc	_indirect_vfunc	role:vfunc-indirect	30
00468f60	FUN_00468f60	gamemisc	game_misc	_indirect_vfunc	role:vfunc-indirect	30
00468f80	FUN_00468f80	gamemisc	game_misc	_indirect_vfunc	role:vfunc-indirect	31
00468fa0	FUN_00468fa0	gamemisc	game_misc	_indirect_vfunc	role:vfunc-indirect	356
00469150	FUN_00469150	gamemisc	world	Helpers	caller-vote	30
00469170	FUN_00469170	gamemisc	game_misc	_helpers_wrapper	role:wrapper	70
004691c0	FUN_004691c0	gamemisc	game_misc	_helpers_wrapper	role:wrapper	88
00469220	FUN_00469220	gamemisc	game_misc	_indirect_vfunc	role:vfunc-indirect	81
00469280	FUN_00469280	gamemisc	game_misc	_indirect_vfunc	role:vfunc-indirect	14
00469290	FUN_00469290	gamemisc	game_misc	Unsorted_001	none	81
004692f0	FUN_004692f0	gamemisc	game_misc	_artifacts	role:artifact	437
004694b0	FUN_004694b0	gamemisc	game_misc	_indirect_vfunc	role:vfunc-indirect	51
004694f0	FUN_004694f0	gamemisc	game_misc	_indirect_vfunc	role:vfunc-indirect	17
00469510	fwd_004709e0_469510	gamemisc	game_misc	_helpers_thunk	role:thunk	30
00469530	FUN_00469530	gamemisc	game_misc	_indirect_vfunc	role:vfunc-indirect	86
00469590	FUN_00469590	gamemisc	game_misc	_indirect_vfunc	role:vfunc-indirect	30
004695b0	FUN_004695b0	gamemisc	game_misc	_indirect_vfunc	role:vfunc-indirect	324
00469710	FUN_00469710	gamemisc	game_misc	Unsorted_001	none	78
00469760	FUN_00469760	gamemisc	game_misc	_indirect_vfunc	role:vfunc-indirect	14
00469770	FUN_00469770	gamemisc	game_misc	_indirect_vfunc	role:vfunc-indirect	20
004697a0	FUN_004697a0	gamemisc	game_misc	_indirect_vfunc	role:vfunc-indirect	39
004697d0	FUN_004697d0	gamemisc	game_misc	_indirect_vfunc	role:vfunc-indirect	21
004697f0	FUN_004697f0	gamemisc	game_misc	_indirect_vfunc	role:vfunc-indirect	60
00469830	FUN_00469830	gamemisc	game_misc	_indirect_vfunc	role:vfunc-indirect	271
00469940	FUN_00469940	gamemisc	game_misc	_indirect_vfunc	role:vfunc-indirect	20
00469960	FUN_00469960	gamemisc	game_misc	_helpers_dtor-like	role:dtor-like	198
00469a30	FUN_00469a30	lib	_library	sqlite	lib-island	108
00469aa0	FUN_00469aa0	gamemisc	game_misc	_indirect_vfunc	role:vfunc-indirect	108
00469b10	FUN_00469b10	gamemisc	game_misc	_artifacts	role:artifact	191
00469bd0	FUN_00469bd0	gamemisc	game_misc	_indirect_vfunc	role:vfunc-indirect	110
00469c40	FUN_00469c40	gamemisc	game_misc	_indirect_vfunc	role:vfunc-indirect	110
00469cb0	FUN_00469cb0	lib	_library	sqlite	lib-island	618
00469f20	FUN_00469f20	gamemisc	game_misc	_indirect_vfunc	role:vfunc-indirect	26
00469f40	FUN_00469f40	gamemisc	entity	Helpers	caller-vote	127
00469fc0	FUN_00469fc0	gamemisc	entity	Helpers	caller-vote	95
0046a030	FUN_0046a030	gamemisc	game_misc	_artifacts	role:artifact	206
0046a100	FUN_0046a100	gamemisc	game_misc	Unsorted_001	none	955
0046a4c0	FUN_0046a4c0	gamemisc	game_misc	_indirect_vfunc	role:vfunc-indirect	95
0046a520	FUN_0046a520	gamemisc	game_misc	Unsorted_001	none	473
0046a710	FUN_0046a710	gamemisc	game_misc	_indirect_vfunc	role:vfunc-indirect	128
0046a790	FUN_0046a790	gamemisc	game_misc	_indirect_vfunc	role:vfunc-indirect	39
0046a7c0	FUN_0046a7c0	gamemisc	game_misc	_artifacts	role:artifact	155
0046a860	FUN_0046a860	gamemisc	game_misc	_indirect_vfunc	role:vfunc-indirect	133
0046a8f0	FUN_0046a8f0	gamemisc	game_misc	_indirect_vfunc	role:vfunc-indirect	41
0046a920	FUN_0046a920	gamemisc	game_misc	_indirect_vfunc	role:vfunc-indirect	41
0046a950	FUN_0046a950	gamemisc	game_misc	_indirect_vfunc	role:vfunc-indirect	35
0046a980	FUN_0046a980	gamemisc	game_misc	_helpers_wrapper	role:wrapper	98
0046a9f0	FUN_0046a9f0	gamemisc	game_misc	_indirect_vfunc	role:vfunc-indirect	64
0046aa30	FUN_0046aa30	lib	_library	sqlite	lib-island	115
0046aab0	FUN_0046aab0	lib	_library	sqlite	lib-island	191
0046ab70	FUN_0046ab70	gamemisc	game_misc	_helpers_wrapper	role:wrapper	96
0046ac30	FUN_0046ac30	gamemisc	game_misc	_helpers_wrapper	role:wrapper	96
0046ace0	FUN_0046ace0	gamemisc	game_misc	_indirect_vfunc	role:vfunc-indirect	39
0046ad10	FUN_0046ad10	gamemisc	game_misc	_indirect_dispatch-target	role:dispatch-target	85
0046ad70	FUN_0046ad70	gamemisc	game_misc	_indirect_vfunc	role:vfunc-indirect	188
0046ae30	FUN_0046ae30	gamemisc	game_misc	_helpers_wrapper	role:wrapper	18
0046ae50	FUN_0046ae50	gamemisc	game_misc	_indirect_vfunc	role:vfunc-indirect	145
0046aef0	compute_46aef0	gamemisc	game_misc	_helpers_computed	role:computed	14
0046af10	FUN_0046af10	gamemisc	game_misc	_indirect_vfunc	role:vfunc-indirect	445
0046b0d0	compute_46b0d0	gamemisc	game_misc	_helpers_computed	role:computed	14
0046b0e0	FUN_0046b0e0	gamemisc	game_misc	Unsorted_001	none	218
0046b1c0	compute_46b1c0	gamemisc	game_misc	_helpers_computed	role:computed	14
0046b1d0	FUN_0046b1d0	gamemisc	game_misc	_indirect_vfunc	role:vfunc-indirect	27
0046b1f0	FUN_0046b1f0	gamemisc	game_misc	_indirect_vfunc	role:vfunc-indirect	88
0046b250	FUN_0046b250	gamemisc	world	Helpers	caller-vote	1
0046b260	FUN_0046b260	gamemisc	game_misc	Unsorted_001	none	73
0046b2b0	FUN_0046b2b0	gamemisc	game_misc	Unsorted_001	none	51
0046b2f0	FUN_0046b2f0	lib	_library	sqlite	lib-island	829
0046b630	FUN_0046b630	lib	_library	sqlite	lib-island	57
0046b680	FUN_0046b680	lib	_library	sqlite	lib-island	105
0046b6f0	FUN_0046b6f0	lib	_library	sqlite	lib-island	140
0046b780	FUN_0046b780	lib	_library	sqlite	lib-island	594
0046b9f0	FUN_0046b9f0	lib	_library	sqlite	lib-island	186
0046bab0	FUN_0046bab0	gamemisc	game_misc	Unsorted_001	none	37
0046bae0	FUN_0046bae0	lib	_library	sqlite	lib-island	1907
0046c260	FUN_0046c260	lib	_library	sqlite	lib-island	210
0046c340	FUN_0046c340	lib	_library	sqlite	lib-string	363
0046c4b0	FUN_0046c4b0	lib	_library	sqlite	lib-island	482
0046c6a0	FUN_0046c6a0	lib	_library	sqlite	lib-island	30
0046c6c0	FUN_0046c6c0	gamemisc	game_misc	_indirect_callback	role:callback	235
0046c7b0	FUN_0046c7b0	gamemisc	game_misc	_indirect_callback	role:callback	721
0046ca90	FUN_0046ca90	lib	_library	sqlite	lib-island	388
0046cc20	FUN_0046cc20	lib	_library	sqlite	lib-island	4762
0046dec0	FUN_0046dec0	lib	_library	sqlite	lib-island	220
0046dfa0	FUN_0046dfa0	lib	_library	sqlite	lib-island	122
0046e020	FUN_0046e020	lib	_library	sqlite	lib-island	157
0046e0c0	FUN_0046e0c0	lib	_library	sqlite	lib-island	122
0046e140	FUN_0046e140	lib	_library	sqlite	lib-island	32
0046e160	FUN_0046e160	lib	_library	sqlite	lib-island	553
0046e390	FUN_0046e390	lib	_library	sqlite	lib-island	386
0046e520	FUN_0046e520	lib	_library	sqlite	lib-island	388
0046e6b0	FUN_0046e6b0	lib	_library	sqlite	lib-island	301
0046e7e0	FUN_0046e7e0	lib	_library	sqlite	lib-island	755
0046eada	FUN_0046eada	gamemisc	game_misc	_artifacts	role:artifact	278
0046f5da	FUN_0046f5da	gamemisc	game_misc	_artifacts	role:artifact	277
0046f6f0	FUN_0046f6f0	lib	_library	sqlite	lib-island	398
0046f880	FUN_0046f880	gamemisc	game_misc	Unsorted_001	none	267
0046f990	FUN_0046f990	gamemisc	game_misc	Unsorted_001	none	1866
004700da	FUN_004700da	gamemisc	game_misc	_artifacts	role:artifact	537
00470300	FUN_00470300	gamemisc	game_misc	Unsorted_002	none	91
00470360	FUN_00470360	gamemisc	game_misc	Unsorted_002	none	858
004706c0	FUN_004706c0	gamemisc	game_misc	Unsorted_002	none	543
004708e0	FUN_004708e0	gamemisc	game_misc	_indirect_callback	role:callback	191
004709a0	FUN_004709a0	lib	_library	sqlite	lib-island	53
004709e0	FUN_004709e0	gamemisc	world	Helpers	caller-vote	182
00470aa0	FUN_00470aa0	gamemisc	game_misc	Unsorted_002	none	256
00470ba0	FUN_00470ba0	lib	_library	sqlite	lib-island	374
00470d20	FUN_00470d20	lib	_library	sqlite	lib-island	595
00470f80	FUN_00470f80	lib	_library	sqlite	lib-island	116
00471000	FUN_00471000	lib	_library	sqlite	lib-island	501
00471200	FUN_00471200	lib	_library	sqlite	lib-island	189
004712c0	FUN_004712c0	lib	_library	sqlite	lib-island	81
00471320	FUN_00471320	lib	_library	sqlite	lib-island	547
00471550	FUN_00471550	gamemisc	game_misc	_indirect_callback	role:callback	65
004715a0	FUN_004715a0	lib	_library	sqlite	lib-island	262
004716b0	FUN_004716b0	lib	_library	sqlite	lib-island	95
00471710	FUN_00471710	lib	_library	sqlite	lib-island	310
00471850	FUN_00471850	lib	_library	sqlite	lib-island	74
004718a0	FUN_004718a0	lib	_library	sqlite	lib-island	100
00471910	FUN_00471910	lib	_library	sqlite	lib-island	215
004719f0	FUN_004719f0	gamemisc	db	Helpers	caller-vote	163
00471aa0	FUN_00471aa0	lib	_library	sqlite	lib-island	200
00471b70	FUN_00471b70	lib	_library	sqlite	lib-island	167
00471c20	FUN_00471c20	lib	_library	sqlite	lib-island	105
00471c90	FUN_00471c90	lib	_library	sqlite	lib-island	230
00471d80	FUN_00471d80	lib	_library	sqlite	lib-island	511
00471f80	FUN_00471f80	lib	_library	sqlite	lib-island	136
00472010	FUN_00472010	lib	_library	sqlite	lib-island	121
00472090	FUN_00472090	lib	_library	sqlite	lib-island	320
004721aa	FUN_004721aa	gamemisc	game_misc	_artifacts	role:artifact	1690
00472880	FUN_00472880	lib	_library	sqlite	lib-island	251
00472980	FUN_00472980	lib	_library	sqlite	lib-island	484
00472b70	FUN_00472b70	lib	_library	sqlite	lib-island	407
00472d10	FUN_00472d10	lib	_library	sqlite	lib-island	118
00472d90	FUN_00472d90	lib	_library	sqlite	lib-island	341
00472ef0	FUN_00472ef0	gamemisc	game_misc	Unsorted_002	none	718
004731c0	FUN_004731c0	gamemisc	game_misc	Unsorted_002	none	109
00473230	FUN_00473230	lib	_library	sqlite	lib-island	432
004733e0	FUN_004733e0	lib	_library	sqlite	lib-island	361
00473550	FUN_00473550	lib	_library	sqlite	lib-island	264
00473660	FUN_00473660	gamemisc	game_misc	Unsorted_002	none	302
00473790	FUN_00473790	lib	_library	sqlite	lib-island	224
00473870	FUN_00473870	lib	_library	sqlite	lib-island	89
004738d0	FUN_004738d0	gamemisc	game_misc	Unsorted_002	none	4528
00474a90	FUN_00474a90	lib	_library	sqlite	lib-island	303
00474bc0	FUN_00474bc0	lib	_library	sqlite	lib-island	306
00474d00	FUN_00474d00	lib	_library	sqlite	lib-island	477
00474ee0	FUN_00474ee0	lib	_library	sqlite	lib-island	116
00474f60	FUN_00474f60	lib	_library	sqlite	lib-island	124
00474fe0	FUN_00474fe0	lib	_library	sqlite	lib-island	96
00475040	FUN_00475040	lib	_library	sqlite	lib-island	111
004750b0	FUN_004750b0	lib	_library	sqlite	lib-island	410
00475250	FUN_00475250	lib	_library	sqlite	lib-island	155
004752f0	FUN_004752f0	gamemisc	game_misc	Unsorted_002	none	181
004753b0	FUN_004753b0	gamemisc	game_misc	Unsorted_002	none	319
004754f0	FUN_004754f0	lib	_library	sqlite	lib-island	387
00475680	FUN_00475680	gamemisc	game_misc	Unsorted_002	none	279
004757a0	FUN_004757a0	lib	_library	sqlite	lib-island	68
004757f0	FUN_004757f0	gamemisc	game_misc	Unsorted_002	none	2074
00476020	FUN_00476020	gamemisc	game_misc	Unsorted_002	none	95
00476080	FUN_00476080	gamemisc	game_misc	Unsorted_002	none	169
00476130	FUN_00476130	lib	_library	sqlite	lib-island	188
004761f0	FUN_004761f0	lib	_library	sqlite	lib-island	66
00476240	FUN_00476240	lib	_library	sqlite	lib-string	143
004762d0	FUN_004762d0	gamemisc	game_misc	Unsorted_002	none	413
00476470	FUN_00476470	gamemisc	game_misc	Unsorted_002	none	331
004765c0	FUN_004765c0	lib	_library	sqlite	lib-string	580
00476810	FUN_00476810	lib	_library	sqlite	lib-island	152
004768b0	FUN_004768b0	lib	_library	sqlite	lib-island	138
0047693a	FUN_0047693a	gamemisc	game_misc	_artifacts	role:artifact	304
00476a70	FUN_00476a70	lib	_library	sqlite	lib-string	270
00476b80	FUN_00476b80	lib	_library	sqlite	lib-island	134
00476c10	FUN_00476c10	gamemisc	game_misc	Unsorted_002	none	72
00476c60	FUN_00476c60	gamemisc	db	Helpers	caller-vote	42
00476c8a	FUN_00476c8a	gamemisc	game_misc	_artifacts	role:artifact	149
00476d20	FUN_00476d20	lib	_library	sqlite	lib-island	649
00476ff0	FUN_00476ff0	lib	_library	sqlite	lib-island	26
0047700a	FUN_0047700a	gamemisc	game_misc	_artifacts	role:artifact	111
00477080	FUN_00477080	lib	_library	sqlite	lib-island	104
004770f0	FUN_004770f0	lib	_library	sqlite	lib-island	222
004771d0	FUN_004771d0	lib	_library	sqlite	lib-island	105
00477240	FUN_00477240	lib	_library	sqlite	lib-island	72
00477290	FUN_00477290	gamemisc	game_misc	Unsorted_002	none	74
004772e0	FUN_004772e0	gamemisc	game_misc	_indirect_callback	role:callback	138
004773d0	FUN_004773d0	lib	_library	sqlite	lib-island	346
00477530	FUN_00477530	lib	_library	sqlite	lib-island	126
004775b0	FUN_004775b0	lib	_library	sqlite	lib-island	293
004776e0	FUN_004776e0	gamemisc	game_misc	Unsorted_002	none	487
004778d0	FUN_004778d0	gamemisc	game_misc	Unsorted_002	none	581
00477b20	FUN_00477b20	lib	_library	sqlite	lib-island	269
00477c30	FUN_00477c30	lib	_library	sqlite	lib-island	231
00477d20	FUN_00477d20	lib	_library	sqlite	lib-island	55
00477d60	FUN_00477d60	lib	_library	sqlite	lib-island	1777
00478460	FUN_00478460	lib	_library	sqlite	lib-island	1422
004789f0	FUN_004789f0	lib	_library	sqlite	lib-island	312
00478b30	FUN_00478b30	lib	_library	sqlite	lib-island	121
00478bb0	FUN_00478bb0	lib	_library	sqlite	lib-island	554
00478de0	FUN_00478de0	lib	_library	sqlite	lib-island	119
00478e60	FUN_00478e60	gamemisc	game_misc	_indirect_callback	role:callback	73
00478f40	FUN_00478f40	lib	_library	sqlite	lib-island	349
004790b0	FUN_004790b0	lib	_library	sqlite	lib-island	146
00479150	FUN_00479150	gamemisc	game_misc	_indirect_callback	role:callback	82
004791b0	FUN_004791b0	lib	_library	sqlite	lib-island	134
00479240	FUN_00479240	lib	_library	sqlite	lib-island	136
004792d0	FUN_004792d0	lib	_library	sqlite	lib-island	140
00479360	FUN_00479360	lib	_library	sqlite	lib-island	133
004793f0	FUN_004793f0	lib	_library	sqlite	lib-island	191
004794b0	FUN_004794b0	lib	_library	sqlite	lib-island	838
00479800	FUN_00479800	lib	_library	sqlite	lib-island	272
00479910	FUN_00479910	lib	_library	sqlite	lib-string	218
004799f0	FUN_004799f0	lib	_library	sqlite	lib-island	249
00479af0	FUN_00479af0	lib	_library	sqlite	lib-island	156
00479b90	FUN_00479b90	lib	_library	sqlite	lib-island	180
00479c50	FUN_00479c50	lib	_library	sqlite	lib-island	351
00479db0	FUN_00479db0	lib	_library	sqlite	lib-string	2539
0047a7a0	FUN_0047a7a0	lib	_library	sqlite	lib-string	2072
0047afc0	FUN_0047afc0	gamemisc	game_misc	Unsorted_002	none	1397
0047b540	FUN_0047b540	lib	_library	sqlite	lib-island	88
0047b5a0	FUN_0047b5a0	lib	_library	sqlite	lib-island	399
0047b730	FUN_0047b730	lib	_library	sqlite	lib-island	1350
0047bc80	FUN_0047bc80	lib	_library	sqlite	lib-island	228
0047bd90	FUN_0047bd90	lib	_library	sqlite	lib-island	35
0047bdc0	FUN_0047bdc0	lib	_library	sqlite	lib-island	786
0047c0e0	FUN_0047c0e0	lib	_library	sqlite	lib-island	593
0047c340	FUN_0047c340	lib	_library	sqlite	lib-island	28
0047c360	FUN_0047c360	lib	_library	sqlite	lib-island	41
0047c390	FUN_0047c390	lib	_library	sqlite	lib-island	132
0047c420	FUN_0047c420	lib	_library	sqlite	lib-island	420
0047c5d0	FUN_0047c5d0	lib	_library	sqlite	lib-island	297
0047c700	FUN_0047c700	gamemisc	game_misc	Unsorted_002	none	823
0047ca50	FUN_0047ca50	lib	_library	sqlite	lib-island	1439
0047d000	FUN_0047d000	lib	_library	sqlite	lib-island	141
0047d090	FUN_0047d090	lib	_library	sqlite	lib-island	171
0047d150	FUN_0047d150	lib	_library	sqlite	lib-island	81
0047d1b0	FUN_0047d1b0	gamemisc	game_misc	Unsorted_002	none	148
0047d250	FUN_0047d250	gamemisc	game_misc	Unsorted_002	none	374
0047d3d0	FUN_0047d3d0	lib	_library	sqlite	lib-island	64
0047d410	FUN_0047d410	lib	_library	sqlite	lib-island	66
0047d460	FUN_0047d460	lib	_library	sqlite	lib-island	356
0047d5d0	FUN_0047d5d0	gamemisc	game_misc	Unsorted_002	none	286
0047d6f0	FUN_0047d6f0	lib	_library	sqlite	lib-island	887
0047da70	FUN_0047da70	lib	_library	sqlite	lib-island	151
0047db10	FUN_0047db10	gamemisc	game_misc	Unsorted_002	none	754
0047de10	FUN_0047de10	lib	_library	sqlite	lib-island	125
0047de90	FUN_0047de90	lib	_library	sqlite	lib-island	104
0047df00	FUN_0047df00	lib	_library	sqlite	lib-island	391
0047e090	FUN_0047e090	lib	_library	sqlite	lib-island	54
0047e0d0	FUN_0047e0d0	lib	_library	sqlite	lib-island	120
0047e150	FUN_0047e150	lib	_library	sqlite	lib-island	166
0047e200	FUN_0047e200	lib	_library	sqlite	lib-island	123
0047e280	mutator_47e280	gamemisc	game_misc	_helpers_mutator	role:mutator	24
0047e2a0	FUN_0047e2a0	lib	_library	sqlite	lib-island	62
0047e2e0	FUN_0047e2e0	lib	_library	sqlite	lib-island	1030
0047e6f0	FUN_0047e6f0	lib	_library	sqlite	lib-island	419
0047e8a0	FUN_0047e8a0	lib	_library	sqlite	lib-island	103
0047e910	FUN_0047e910	lib	_library	sqlite	lib-island	83
0047e970	FUN_0047e970	gamemisc	game_misc	Unsorted_002	none	129
0047ea40	FUN_0047ea40	lib	_library	sqlite	lib-island	88
0047eaa0	FUN_0047eaa0	gamemisc	game_misc	Unsorted_002	none	289
0047ebd0	FUN_0047ebd0	gamemisc	game_misc	Unsorted_002	none	369
0047ed50	FUN_0047ed50	lib	_library	sqlite	lib-island	235
0047ee40	FUN_0047ee40	lib	_library	sqlite	lib-island	492
0047f030	FUN_0047f030	gamemisc	game_misc	_helpers_wrapper	role:wrapper	93
0047f090	FUN_0047f090	gamemisc	game_misc	Unsorted_002	none	167
0047f140	FUN_0047f140	lib	_library	sqlite	lib-island	94
0047f1a0	FUN_0047f1a0	gamemisc	game_misc	Unsorted_002	none	848
0047f4f0	FUN_0047f4f0	lib	_library	sqlite	lib-string	146
0047f590	FUN_0047f590	lib	_library	sqlite	lib-island	81
0047f5f0	FUN_0047f5f0	lib	_library	sqlite	lib-island	174
0047f6a0	FUN_0047f6a0	lib	_library	sqlite	lib-island	216
0047f780	FUN_0047f780	gamemisc	game_misc	Unsorted_002	none	543
0047f9a0	FUN_0047f9a0	lib	_library	sqlite	lib-island	250
0047fa9a	FUN_0047fa9a	lib	_library	sqlite	lib-string	344
0047fc00	FUN_0047fc00	lib	_library	sqlite	lib-island	891
0047ff80	FUN_0047ff80	lib	_library	sqlite	lib-string	1731
00480650	FUN_00480650	lib	_library	sqlite	lib-island	228
00480740	FUN_00480740	gamemisc	game_misc	Unsorted_002	none	129
004807d0	FUN_004807d0	lib	_library	sqlite	lib-island	112
00480840	FUN_00480840	lib	_library	sqlite	lib-island	552
00480a70	FUN_00480a70	lib	_library	sqlite	lib-island	145
00480b10	FUN_00480b10	lib	_library	sqlite	lib-island	116
00480b90	FUN_00480b90	lib	_library	sqlite	lib-island	80
00480be0	FUN_00480be0	lib	_library	sqlite	lib-island	133
00480c70	FUN_00480c70	lib	_library	sqlite	lib-island	408
00480e10	FUN_00480e10	lib	_library	sqlite	lib-island	1990
004815e0	FUN_004815e0	lib	_library	sqlite	lib-island	71
00481630	FUN_00481630	lib	_library	sqlite	lib-island	154
004816ca	FUN_004816ca	gamemisc	game_misc	_artifacts	role:artifact	7194
004832f0	FUN_004832f0	lib	_library	sqlite	lib-island	123
00483380	FUN_00483380	lib	_library	sqlite	lib-island	219
00483460	fwd_00468380_483460	gamemisc	game_misc	_helpers_thunk	role:thunk	45
00483490	FUN_00483490	lib	_library	sqlite	lib-island	60
004834d0	FUN_004834d0	gamemisc	game_misc	Unsorted_002	none	1140
00483950	FUN_00483950	lib	_library	sqlite	lib-string	440
00483b10	FUN_00483b10	lib	_library	sqlite	lib-island	86
00483b70	FUN_00483b70	lib	_library	sqlite	lib-island	42
00483ba0	FUN_00483ba0	gamemisc	game_misc	_helpers_wrapper	role:wrapper	35
00483bd0	FUN_00483bd0	lib	_library	sqlite	lib-island	102
00483c40	FUN_00483c40	lib	_library	sqlite	lib-island	93
00483ca0	FUN_00483ca0	lib	_library	sqlite	lib-island	69
00483cf0	FUN_00483cf0	lib	_library	sqlite	lib-island	72
00483d40	FUN_00483d40	lib	_library	sqlite	lib-island	134
00483dd0	FUN_00483dd0	lib	_library	sqlite	lib-island	133
00483e60	FUN_00483e60	lib	_library	sqlite	lib-island	698
00484120	FUN_00484120	lib	_library	sqlite	lib-island	92
00484180	FUN_00484180	gamemisc	game_misc	_indirect_callback	role:callback	224
00484260	FUN_00484260	lib	_library	sqlite	lib-island	54
004842a0	FUN_004842a0	lib	_library	sqlite	lib-island	199
00484370	FUN_00484370	lib	_library	sqlite	lib-island	94
004843d0	FUN_004843d0	lib	_library	sqlite	lib-island	49
00484410	FUN_00484410	lib	_library	sqlite	lib-island	156
004844b0	FUN_004844b0	lib	_library	sqlite	lib-island	121
00484530	FUN_00484530	lib	_library	sqlite	lib-island	547
00484760	FUN_00484760	lib	_library	sqlite	lib-island	460
00484930	FUN_00484930	lib	_library	sqlite	lib-island	33
00484960	FUN_00484960	lib	_library	sqlite	lib-island	373
00484ae0	FUN_00484ae0	lib	_library	sqlite	lib-island	37
00484b10	FUN_00484b10	lib	_library	sqlite	lib-island	272
00484c20	FUN_00484c20	lib	_library	sqlite	lib-island	828
00484f60	FUN_00484f60	lib	_library	sqlite	lib-island	749
00485250	FUN_00485250	lib	_library	sqlite	lib-island	48
00485280	FUN_00485280	lib	_library	sqlite	lib-island	246
00485380	FUN_00485380	lib	_library	sqlite	lib-island	274
004854a0	FUN_004854a0	lib	_library	sqlite	lib-island	113
00485520	FUN_00485520	lib	_library	sqlite	lib-island	425
004856d0	FUN_004856d0	lib	_library	sqlite	lib-island	119
00485750	FUN_00485750	lib	_library	sqlite	lib-island	311
00485890	FUN_00485890	gamemisc	game_misc	Unsorted_002	none	192
00485950	FUN_00485950	gamemisc	game_misc	Unsorted_002	none	303
00485a80	FUN_00485a80	gamemisc	game_misc	Unsorted_002	none	1322
00485faa	FUN_00485faa	gamemisc	game_misc	_artifacts	role:artifact	868
00486380	FUN_00486380	gamemisc	game_misc	Unsorted_002	none	206
00486460	FUN_00486460	gamemisc	game_misc	Unsorted_002	none	213
00486540	FUN_00486540	gamemisc	game_misc	Unsorted_002	none	856
004868a0	FUN_004868a0	lib	_library	sqlite	lib-island	263
004869b0	FUN_004869b0	gamemisc	game_misc	Unsorted_002	none	109
00486a20	FUN_00486a20	gamemisc	game_misc	Unsorted_002	none	195
00486af0	FUN_00486af0	lib	_library	sqlite	lib-island	246
00486bf0	FUN_00486bf0	gamemisc	game_misc	Unsorted_002	none	38
00486c20	FUN_00486c20	gamemisc	game_misc	Unsorted_002	none	96
00486c80	FUN_00486c80	gamemisc	game_misc	Unsorted_002	none	55
00486cc0	FUN_00486cc0	gamemisc	game_misc	Unsorted_002	none	259
00486dd0	FUN_00486dd0	gamemisc	game_misc	Unsorted_002	none	205
00486ea0	FUN_00486ea0	gamemisc	game_misc	Unsorted_002	none	41
00486ed0	FUN_00486ed0	lib	_library	sqlite	lib-island	105
00486f40	FUN_00486f40	lib	_library	sqlite	lib-island	301
00487070	FUN_00487070	lib	_library	sqlite	lib-island	72
004870c0	FUN_004870c0	lib	_library	sqlite	lib-island	261
004871d0	FUN_004871d0	lib	_library	sqlite	lib-island	104
00487240	FUN_00487240	lib	_library	sqlite	lib-island	709
00487510	FUN_00487510	lib	_library	sqlite	lib-island	98
00487580	FUN_00487580	lib	_library	sqlite	lib-island	264
00487690	FUN_00487690	lib	_library	sqlite	lib-island	78
004876e0	FUN_004876e0	lib	_library	sqlite	lib-island	245
004877e0	FUN_004877e0	lib	_library	sqlite	lib-island	530
00487a00	FUN_00487a00	lib	_library	sqlite	lib-island	318
00487b40	FUN_00487b40	lib	_library	sqlite	lib-island	232
00487c30	FUN_00487c30	lib	_library	sqlite	lib-island	330
00487d80	FUN_00487d80	lib	_library	sqlite	lib-island	254
00487e80	FUN_00487e80	lib	_library	sqlite	lib-island	163
00487f30	FUN_00487f30	lib	_library	sqlite	lib-island	120
00487fb0	FUN_00487fb0	lib	_library	sqlite	lib-island	229
004880a0	FUN_004880a0	lib	_library	sqlite	lib-island	54
004880e0	FUN_004880e0	lib	_library	sqlite	lib-island	667
00488380	FUN_00488380	lib	_library	sqlite	lib-island	293
004884b0	FUN_004884b0	lib	_library	sqlite	lib-island	90
00488510	FUN_00488510	lib	_library	sqlite	lib-island	144
004885a0	FUN_004885a0	lib	_library	sqlite	lib-island	160
00488640	FUN_00488640	lib	_library	sqlite	lib-island	42
0048866a	FUN_0048866a	gamemisc	game_misc	_artifacts	role:artifact	128
004886ea	FUN_004886ea	gamemisc	game_misc	_artifacts	role:artifact	362
00488860	FUN_00488860	lib	_library	sqlite	lib-island	393
004889f0	FUN_004889f0	lib	_library	sqlite	lib-island	150
00488a90	FUN_00488a90	lib	_library	sqlite	lib-island	121
00488b10	FUN_00488b10	lib	_library	sqlite	lib-island	691
00488dd0	FUN_00488dd0	lib	_library	sqlite	lib-string	711
00489140	FUN_00489140	lib	_library	sqlite	lib-island	165
004891f0	FUN_004891f0	gamemisc	game_misc	Unsorted_002	none	311
00489330	FUN_00489330	lib	_library	sqlite	lib-island	42
0048935a	FUN_0048935a	gamemisc	game_misc	_artifacts	role:artifact	209
00489430	FUN_00489430	gamemisc	game_misc	_indirect_callback	role:callback	234
0048951a	FUN_0048951a	gamemisc	game_misc	_artifacts	role:artifact	559
00489750	FUN_00489750	lib	_library	sqlite	lib-island	369
004898d0	FUN_004898d0	lib	_library	sqlite	lib-island	108
00489940	FUN_00489940	lib	_library	sqlite	lib-island	242
00489a0a	FUN_00489a0a	gamemisc	game_misc	_artifacts	role:artifact	33
00489a60	FUN_00489a60	lib	_library	sqlite	lib-island	166
00489b10	FUN_00489b10	lib	_library	sqlite	lib-island	95
00489b70	FUN_00489b70	lib	_library	sqlite	lib-island	69
00489bc0	FUN_00489bc0	lib	_library	sqlite	lib-island	68
00489c10	FUN_00489c10	lib	_library	sqlite	lib-island	273
00489d30	FUN_00489d30	lib	_library	sqlite	lib-island	724
0048a010	FUN_0048a010	gamemisc	game_misc	Unsorted_002	none	105
0048a080	FUN_0048a080	lib	_library	sqlite	lib-island	313
0048a1c0	FUN_0048a1c0	gamemisc	game_misc	_indirect_callback	role:callback	127
0048a240	FUN_0048a240	lib	_library	sqlite	lib-island	378
0048a3ba	FUN_0048a3ba	gamemisc	game_misc	_artifacts	role:artifact	263
0048a4d0	FUN_0048a4d0	lib	_library	sqlite	lib-string	1799
0048abe0	FUN_0048abe0	lib	_library	sqlite	lib-island	1718
0048b2c0	set_0x10_48b2c0	gamemisc	game_misc	_helpers_mutator	role:mutator	20
0048b2e0	FUN_0048b2e0	lib	_library	sqlite	lib-island	45
0048b310	FUN_0048b310	lib	_library	sqlite	lib-island	355
0048b480	FUN_0048b480	gamemisc	game_misc	Unsorted_002	none	118
0048b500	FUN_0048b500	lib	_library	sqlite	lib-island	48
0048b530	FUN_0048b530	lib	_library	sqlite	lib-island	105
0048b5a0	FUN_0048b5a0	lib	_library	sqlite	lib-island	177
0048b660	FUN_0048b660	gamemisc	game_misc	Unsorted_002	none	277
0048b780	FUN_0048b780	lib	_library	sqlite	lib-island	52
0048b7c0	FUN_0048b7c0	lib	_library	sqlite	lib-island	94
0048b820	FUN_0048b820	lib	_library	sqlite	lib-island	139
0048b8b0	FUN_0048b8b0	lib	_library	sqlite	lib-island	136
0048b940	FUN_0048b940	lib	_library	sqlite	lib-island	28
0048b960	FUN_0048b960	lib	_library	sqlite	lib-island	94
0048b9c0	FUN_0048b9c0	lib	_library	sqlite	lib-island	135
0048ba50	FUN_0048ba50	lib	_library	sqlite	lib-island	317
0048bb90	FUN_0048bb90	lib	_library	sqlite	lib-island	67
0048bbe0	FUN_0048bbe0	lib	_library	sqlite	lib-island	249
0048bce0	FUN_0048bce0	lib	_library	sqlite	lib-island	155
0048bd80	FUN_0048bd80	lib	_library	sqlite	lib-island	138
0048be0a	FUN_0048be0a	gamemisc	game_misc	_artifacts	role:artifact	48
0048be3a	FUN_0048be3a	gamemisc	game_misc	_artifacts	role:artifact	303
0048bf70	FUN_0048bf70	lib	_library	sqlite	lib-island	188
0048c030	FUN_0048c030	lib	_library	sqlite	lib-string	517
0048c240	FUN_0048c240	lib	_library	sqlite	lib-string	542
0048c460	FUN_0048c460	lib	_library	sqlite	lib-string	140
0048c4f0	FUN_0048c4f0	lib	_library	sqlite	lib-string	828
0048c830	FUN_0048c830	lib	_library	sqlite	lib-island	42
0048c85a	FUN_0048c85a	lib	_library	sqlite	lib-string	213
0048c930	FUN_0048c930	lib	_library	sqlite	lib-island	319
0048ca70	FUN_0048ca70	lib	_library	sqlite	lib-island	70
0048cac0	FUN_0048cac0	lib	_library	sqlite	lib-island	325
0048cc10	FUN_0048cc10	lib	_library	sqlite	lib-island	115
0048cc90	FUN_0048cc90	lib	_library	sqlite	lib-island	1578
0048d2d0	FUN_0048d2d0	lib	_library	sqlite	lib-island	44
0048d300	FUN_0048d300	lib	_library	sqlite	lib-island	423
0048d4b0	FUN_0048d4b0	lib	_library	sqlite	lib-island	135
0048d540	FUN_0048d540	lib	_library	sqlite	lib-island	222
0048d620	FUN_0048d620	lib	_library	sqlite	lib-island	196
0048d6f0	FUN_0048d6f0	gamemisc	game_misc	Unsorted_002	none	196
0048d7c0	FUN_0048d7c0	lib	_library	sqlite	lib-island	1018
0048dbc0	FUN_0048dbc0	lib	_library	sqlite	lib-island	1148
0048e040	FUN_0048e040	lib	_library	sqlite	lib-island	110
0048e0b0	FUN_0048e0b0	lib	_library	sqlite	lib-string	315
0048e1f0	FUN_0048e1f0	lib	_library	sqlite	lib-string	998
0048e5e0	FUN_0048e5e0	lib	_library	sqlite	lib-island	57
0048e620	FUN_0048e620	lib	_library	sqlite	lib-island	76
0048e670	FUN_0048e670	gamemisc	game_misc	Unsorted_002	none	584
0048e8c0	FUN_0048e8c0	lib	_library	sqlite	lib-island	209
0048e9a0	FUN_0048e9a0	lib	_library	sqlite	lib-island	187
0048ea60	FUN_0048ea60	lib	_library	sqlite	lib-island	468
0048ec40	FUN_0048ec40	lib	_library	sqlite	lib-island	185
0048ed00	FUN_0048ed00	lib	_library	sqlite	lib-island	73
0048ed50	FUN_0048ed50	lib	_library	sqlite	lib-island	640
0048efd0	FUN_0048efd0	lib	_library	sqlite	lib-island	32
0048eff0	FUN_0048eff0	lib	_library	sqlite	lib-island	126
0048f070	FUN_0048f070	lib	_library	sqlite	lib-island	223
0048f150	FUN_0048f150	lib	_library	sqlite	lib-island	307
0048f290	FUN_0048f290	lib	_library	sqlite	lib-island	84
0048f2f0	FUN_0048f2f0	lib	_library	sqlite	lib-island	151
0048f390	FUN_0048f390	lib	_library	sqlite	lib-island	131
0048f420	FUN_0048f420	lib	_library	sqlite	lib-island	270
0048f530	FUN_0048f530	lib	_library	sqlite	lib-island	519
0048f740	FUN_0048f740	lib	_library	sqlite	lib-island	72
0048f790	FUN_0048f790	lib	_library	sqlite	lib-island	78
0048f7e0	FUN_0048f7e0	lib	_library	sqlite	lib-island	137
0048f870	FUN_0048f870	lib	_library	sqlite	lib-island	62
0048f8b0	FUN_0048f8b0	lib	_library	sqlite	lib-island	32
0048f8d0	FUN_0048f8d0	lib	_library	sqlite	lib-island	91
0048f930	FUN_0048f930	lib	_library	sqlite	lib-island	485
0048fb0a	FUN_0048fb0a	gamemisc	game_misc	_artifacts	role:artifact	77
0048fb70	FUN_0048fb70	lib	_library	sqlite	lib-island	72
0048fbc0	FUN_0048fbc0	lib	_library	sqlite	lib-island	210
0048fca0	FUN_0048fca0	lib	_library	sqlite	lib-island	283
0048fdc0	FUN_0048fdc0	lib	_library	sqlite	lib-island	58
0048fe00	FUN_0048fe00	lib	_library	sqlite	lib-island	72
0048fe50	FUN_0048fe50	lib	_library	sqlite	lib-island	32
0048fe70	FUN_0048fe70	lib	_library	sqlite	lib-island	108
0048fee0	FUN_0048fee0	lib	_library	sqlite	lib-island	64
0048ff20	FUN_0048ff20	lib	_library	sqlite	lib-island	187
0048ffe0	FUN_0048ffe0	lib	_library	sqlite	lib-island	509
004901e0	FUN_004901e0	lib	_library	sqlite	lib-island	1117
00490640	FUN_00490640	lib	_library	sqlite	lib-island	106
004906b0	FUN_004906b0	lib	_library	sqlite	lib-island	62
004906f0	FUN_004906f0	lib	_library	sqlite	lib-island	89
00490750	FUN_00490750	lib	_library	sqlite	lib-island	45
00490780	FUN_00490780	lib	_library	sqlite	lib-island	81
004907e0	FUN_004907e0	gamemisc	game_misc	Unsorted_002	none	47
00490810	FUN_00490810	lib	_library	sqlite	lib-island	112
00490880	FUN_00490880	lib	_library	sqlite	lib-island	82
004908e0	FUN_004908e0	lib	_library	sqlite	lib-island	941
00490c90	FUN_00490c90	lib	_library	sqlite	lib-island	360
00490e00	FUN_00490e00	lib	_library	sqlite	lib-island	1602
00491450	FUN_00491450	lib	_library	sqlite	lib-island	454
00491620	FUN_00491620	gamemisc	game_misc	_indirect_callback	role:callback	140
004916b0	FUN_004916b0	lib	_library	sqlite	lib-island	594
00491910	FUN_00491910	lib	_library	sqlite	lib-island	170
004919c0	FUN_004919c0	lib	_library	sqlite	lib-island	113
00491a40	FUN_00491a40	lib	_library	sqlite	lib-island	108
00491ab0	FUN_00491ab0	lib	_library	sqlite	lib-island	113
00491b30	FUN_00491b30	lib	_library	sqlite	lib-island	144
00491bc0	FUN_00491bc0	lib	_library	sqlite	lib-island	49
00491c00	FUN_00491c00	lib	_library	sqlite	lib-island	217
00491ce0	FUN_00491ce0	lib	_library	sqlite	lib-island	77
00491d30	FUN_00491d30	lib	_library	sqlite	lib-island	475
00491f10	FUN_00491f10	gamemisc	game_misc	Unsorted_002	none	67
00491f60	FUN_00491f60	lib	_library	sqlite	lib-island	218
00492040	FUN_00492040	lib	_library	sqlite	lib-island	146
004920e0	FUN_004920e0	lib	_library	sqlite	lib-island	33
00492110	FUN_00492110	lib	_library	sqlite	lib-island	266
00492220	FUN_00492220	lib	_library	sqlite	lib-string	85
00492280	FUN_00492280	lib	_library	sqlite	lib-island	278
004923a0	FUN_004923a0	lib	_library	sqlite	lib-string	471
00492580	FUN_00492580	gamemisc	db	Helpers	caller-vote	204
00492650	FUN_00492650	gamemisc	game_misc	Unsorted_002	none	178
00492710	FUN_00492710	lib	_library	sqlite	lib-island	186
004927e0	FUN_004927e0	lib	_library	sqlite	lib-island	555
00492a10	FUN_00492a10	lib	_library	sqlite	lib-string	708
00492ce0	FUN_00492ce0	lib	_library	sqlite	lib-island	144
00492d70	FUN_00492d70	lib	_library	sqlite	lib-island	87
00492dd0	FUN_00492dd0	lib	_library	sqlite	lib-island	297
00492f00	FUN_00492f00	lib	_library	sqlite	lib-island	1120
00493360	FUN_00493360	lib	_library	sqlite	lib-island	155
00493400	FUN_00493400	lib	_library	sqlite	lib-island	181
004934c0	FUN_004934c0	lib	_library	sqlite	lib-island	359
00493630	FUN_00493630	lib	_library	sqlite	lib-island	184
004936f0	FUN_004936f0	lib	_library	sqlite	lib-string	91
00493750	FUN_00493750	lib	_library	sqlite	lib-island	56
00493790	FUN_00493790	lib	_library	sqlite	lib-island	854
00493af0	FUN_00493af0	lib	_library	sqlite	lib-island	33
00493b20	FUN_00493b20	lib	_library	sqlite	lib-island	167
00493bd0	FUN_00493bd0	lib	_library	sqlite	lib-string	837
00493f20	FUN_00493f20	lib	_library	sqlite	lib-island	461
004940f0	FUN_004940f0	lib	_library	sqlite	lib-string	2153
00494960	FUN_00494960	lib	_library	sqlite	lib-island	411
00494b00	FUN_00494b00	lib	_library	sqlite	lib-island	139
00494b90	FUN_00494b90	lib	_library	sqlite	lib-island	138
00494c20	FUN_00494c20	lib	_library	sqlite	lib-island	43
00494c50	FUN_00494c50	lib	_library	sqlite	lib-island	146
00494cf0	FUN_00494cf0	lib	_library	sqlite	lib-island	180
00494db0	FUN_00494db0	lib	_library	sqlite	lib-island	77
00494e00	FUN_00494e00	lib	_library	sqlite	lib-island	62
00494e40	FUN_00494e40	lib	_library	sqlite	lib-island	80
00494ea0	FUN_00494ea0	lib	_library	sqlite	lib-island	31
00494ec0	FUN_00494ec0	lib	_library	sqlite	lib-island	1084
00495300	FUN_00495300	lib	_library	sqlite	lib-island	375
00495480	FUN_00495480	lib	_library	sqlite	lib-island	184
00495540	FUN_00495540	lib	_library	sqlite	lib-island	107
00495600	FUN_00495600	lib	_library	sqlite	lib-string	493
004957f0	FUN_004957f0	lib	_library	sqlite	lib-string	578
00495a40	FUN_00495a40	lib	_library	sqlite	lib-island	376
00495bc0	FUN_00495bc0	lib	_library	sqlite	lib-string	548
00495df0	FUN_00495df0	lib	_library	sqlite	lib-string	972
004961c0	FUN_004961c0	lib	_library	sqlite	lib-string	48
004961f0	FUN_004961f0	lib	_library	sqlite	lib-island	186
004962b0	FUN_004962b0	lib	_library	sqlite	lib-island	183
00496370	FUN_00496370	lib	_library	sqlite	lib-island	29
00496390	FUN_00496390	lib	_library	sqlite	lib-island	67
004963e0	FUN_004963e0	lib	_library	sqlite	lib-island	96
00496440	FUN_00496440	lib	_library	sqlite	lib-island	56
00496480	FUN_00496480	lib	_library	sqlite	lib-island	133
00496510	FUN_00496510	lib	_library	sqlite	lib-island	254
00496610	FUN_00496610	lib	_library	sqlite	lib-island	101
00496680	FUN_00496680	lib	_library	sqlite	lib-island	65
004966d0	FUN_004966d0	lib	_library	sqlite	lib-island	199
004967a0	FUN_004967a0	lib	_library	sqlite	lib-island	655
00496a30	FUN_00496a30	lib	_library	sqlite	lib-island	95
00496a90	FUN_00496a90	lib	_library	sqlite	lib-island	526
00496ca0	FUN_00496ca0	lib	_library	sqlite	lib-island	155
00496d40	FUN_00496d40	lib	_library	sqlite	lib-island	80
00496d90	FUN_00496d90	lib	_library	sqlite	lib-island	90
00496df0	FUN_00496df0	lib	_library	sqlite	lib-island	26
00496e0a	FUN_00496e0a	gamemisc	game_misc	_artifacts	role:artifact	286
00496f30	FUN_00496f30	lib	_library	sqlite	lib-island	92
00496f90	FUN_00496f90	lib	_library	sqlite	lib-island	122
00497010	FUN_00497010	lib	_library	sqlite	lib-island	170
004970c0	FUN_004970c0	lib	_library	sqlite	lib-island	166
00497170	FUN_00497170	lib	_library	sqlite	lib-island	165
00497220	FUN_00497220	lib	_library	sqlite	lib-island	918
004975c0	FUN_004975c0	gamemisc	game_misc	Unsorted_002	none	63
00497600	FUN_00497600	lib	_library	sqlite	lib-island	371
00497780	FUN_00497780	lib	_library	sqlite	lib-string	3065
00498470	FUN_00498470	lib	_library	sqlite	lib-island	91
004984d0	FUN_004984d0	lib	_library	sqlite	lib-island	316
00498610	FUN_00498610	lib	_library	sqlite	lib-island	381
00498790	FUN_00498790	lib	_library	sqlite	lib-island	156
00498830	FUN_00498830	lib	_library	sqlite	lib-island	102
004988a0	FUN_004988a0	lib	_library	sqlite	lib-island	525
00498b60	FUN_00498b60	lib	_library	sqlite	lib-island	521
00498e10	FUN_00498e10	lib	_library	sqlite	lib-island	49
00498e50	FUN_00498e50	lib	_library	sqlite	lib-island	49
00498e90	FUN_00498e90	lib	_library	sqlite	lib-island	108
00498f00	FUN_00498f00	lib	_library	sqlite	lib-island	174
00498fb0	FUN_00498fb0	lib	_library	sqlite	lib-island	40
00498fe0	FUN_00498fe0	lib	_library	sqlite	lib-island	114
00499060	FUN_00499060	lib	_library	sqlite	lib-island	221
00499140	FUN_00499140	lib	_library	sqlite	lib-island	405
004992e0	FUN_004992e0	lib	_library	sqlite	lib-island	115
00499360	FUN_00499360	lib	_library	sqlite	lib-island	120
004993e0	FUN_004993e0	gamemisc	game_misc	Unsorted_002	none	106
004994a0	FUN_004994a0	lib	_library	sqlite	lib-island	47
004994d0	FUN_004994d0	lib	_library	sqlite	lib-island	37
00499500	FUN_00499500	lib	_library	sqlite	lib-island	58
00499540	FUN_00499540	lib	_library	sqlite	lib-island	118
004995c0	FUN_004995c0	lib	_library	sqlite	lib-island	491
004997b0	FUN_004997b0	lib	_library	sqlite	lib-island	822
00499af0	FUN_00499af0	lib	_library	sqlite	lib-island	119
00499b6a	FUN_00499b6a	gamemisc	game_misc	_artifacts	role:artifact	197
00499c30	FUN_00499c30	lib	_library	sqlite	lib-island	103
00499c9a	FUN_00499c9a	gamemisc	game_misc	_artifacts	role:artifact	214
00499d70	FUN_00499d70	lib	_library	sqlite	lib-island	730
0049a050	FUN_0049a050	lib	_library	sqlite	lib-string	602
0049a2b0	FUN_0049a2b0	lib	_library	sqlite	lib-island	147
0049a350	FUN_0049a350	lib	_library	sqlite	lib-island	72
0049a3a0	FUN_0049a3a0	lib	_library	sqlite	lib-island	142
0049a430	FUN_0049a430	lib	_library	sqlite	lib-island	248
0049a530	FUN_0049a530	lib	_library	sqlite	lib-island	122
0049a5b0	FUN_0049a5b0	lib	_library	sqlite	lib-island	86
0049a610	FUN_0049a610	lib	_library	sqlite	lib-island	922
0049a9aa	FUN_0049a9aa	gamemisc	game_misc	_artifacts	role:artifact	337
0049ab00	FUN_0049ab00	lib	_library	sqlite	lib-island	317
0049ac40	FUN_0049ac40	lib	_library	sqlite	lib-string	230
0049ad30	FUN_0049ad30	lib	_library	sqlite	lib-island	310
0049ae70	FUN_0049ae70	lib	_library	sqlite	lib-island	94
0049aed0	FUN_0049aed0	lib	_library	sqlite	lib-island	529
0049b0f0	FUN_0049b0f0	lib	_library	sqlite	lib-island	113
0049b170	FUN_0049b170	lib	_library	sqlite	lib-island	104
0049b1e0	FUN_0049b1e0	lib	_library	sqlite	lib-island	4187
0049c270	FUN_0049c270	lib	_library	sqlite	lib-island	660
0049c510	FUN_0049c510	lib	_library	sqlite	lib-island	844
0049c860	FUN_0049c860	lib	_library	sqlite	lib-island	187
0049c920	FUN_0049c920	lib	_library	sqlite	lib-island	38
0049c950	FUN_0049c950	lib	_library	sqlite	lib-island	30
0049c970	FUN_0049c970	lib	_library	sqlite	lib-string	178
0049ca30	FUN_0049ca30	lib	_library	sqlite	lib-island	193
0049cb00	FUN_0049cb00	lib	_library	sqlite	lib-island	51
0049cb40	FUN_0049cb40	lib	_library	sqlite	lib-island	36
0049cb70	FUN_0049cb70	lib	_library	sqlite	lib-island	1481
0049d250	FUN_0049d250	lib	_library	sqlite	lib-island	29
0049d270	FUN_0049d270	lib	_library	sqlite	lib-island	450
0049d440	FUN_0049d440	lib	_library	sqlite	lib-island	137
0049d4d0	FUN_0049d4d0	lib	_library	sqlite	lib-island	54
0049d510	FUN_0049d510	lib	_library	sqlite	lib-island	169
0049d5c0	FUN_0049d5c0	lib	_library	sqlite	lib-island	58
0049d5fa	FUN_0049d5fa	gamemisc	game_misc	_artifacts	role:artifact	162
0049d6a0	FUN_0049d6a0	lib	_library	sqlite	lib-island	65
0049d6f0	FUN_0049d6f0	lib	_library	sqlite	lib-island	272
0049d800	FUN_0049d800	lib	_library	sqlite	lib-island	142
0049d890	FUN_0049d890	lib	_library	sqlite	lib-island	117
0049d910	FUN_0049d910	lib	_library	sqlite	lib-island	191
0049d9d0	FUN_0049d9d0	lib	_library	sqlite	lib-island	221
0049dab0	FUN_0049dab0	lib	_library	sqlite	lib-island	127
0049db30	FUN_0049db30	lib	_library	sqlite	lib-island	54
0049db70	FUN_0049db70	lib	_library	sqlite	lib-island	116
0049dbf0	FUN_0049dbf0	lib	_library	sqlite	lib-island	287
0049dd10	FUN_0049dd10	lib	_library	sqlite	lib-string	155
0049ddb0	FUN_0049ddb0	lib	_library	sqlite	lib-island	217
0049de90	FUN_0049de90	lib	_library	sqlite	lib-string	527
0049e0a0	FUN_0049e0a0	lib	_library	sqlite	lib-string	1226
0049e570	FUN_0049e570	lib	_library	sqlite	lib-island	4386
0049f6a0	FUN_0049f6a0	gamemisc	game_misc	_indirect_callback	role:callback	220
0049f780	FUN_0049f780	lib	_library	sqlite	lib-island	135
0049f810	FUN_0049f810	lib	_library	sqlite	lib-island	57
0049f850	FUN_0049f850	lib	_library	sqlite	lib-island	142
0049f8e0	FUN_0049f8e0	lib	_library	sqlite	lib-island	126
0049f970	FUN_0049f970	lib	_library	sqlite	lib-island	337
0049fad0	FUN_0049fad0	lib	_library	sqlite	lib-island	304
0049fbea	FUN_0049fbea	gamemisc	game_misc	_artifacts	role:artifact	469
0049fde0	FUN_0049fde0	lib	_library	sqlite	lib-string	540
004a0000	FUN_004a0000	lib	_library	sqlite	lib-island	113
004a0080	FUN_004a0080	lib	_library	sqlite	lib-string	150
004a0120	FUN_004a0120	lib	_library	sqlite	lib-island	83
004a0180	FUN_004a0180	lib	_library	sqlite	lib-island	187
004a0240	FUN_004a0240	lib	_library	sqlite	lib-island	138
004a02d0	FUN_004a02d0	lib	_library	sqlite	lib-island	117
004a0350	FUN_004a0350	lib	_library	sqlite	lib-island	101
004a03c0	FUN_004a03c0	lib	_library	sqlite	lib-island	118
004a0440	FUN_004a0440	lib	_library	sqlite	lib-island	293
004a0570	compute_4a0570	gamemisc	game_misc	_helpers_computed	role:computed	10
004a0580	operator_new[]	lib	_library	crt_stl	crt-name	40
004a05b0	FUN_004a05b0	lib	_library	sqlite	lib-island	354
004a0720	FUN_004a0720	lib	_library	sqlite	lib-island	574
004a0960	FUN_004a0960	lib	_library	sqlite	lib-island	41
004a0990	FUN_004a0990	gamemisc	game_misc	Unsorted_002	none	133
004a0a20	FUN_004a0a20	lib	_library	sqlite	lib-island	453
004a0bf0	FUN_004a0bf0	lib	_library	sqlite	lib-island	224
004a0cd0	FUN_004a0cd0	lib	_library	sqlite	lib-island	102
004a0d40	FUN_004a0d40	lib	_library	sqlite	lib-island	96
004a0da0	FUN_004a0da0	lib	_library	sqlite	lib-island	147
004a0e40	FUN_004a0e40	lib	_library	sqlite	lib-string	242
004a0f40	FUN_004a0f40	lib	_library	sqlite	lib-island	232
004a1030	FUN_004a1030	lib	_library	sqlite	lib-island	397
004a11c0	FUN_004a11c0	lib	_library	sqlite	lib-island	137
004a1250	FUN_004a1250	lib	_library	sqlite	lib-island	36
004a1280	FUN_004a1280	lib	_library	sqlite	lib-island	91
004a12e0	FUN_004a12e0	gamemisc	game_misc	Unsorted_002	none	105
004a1350	FUN_004a1350	lib	_library	sqlite	lib-island	31
004a1370	FUN_004a1370	lib	_library	sqlite	lib-island	25
004a1390	FUN_004a1390	lib	_library	sqlite	lib-island	31
004a13b0	FUN_004a13b0	lib	_library	sqlite	lib-island	135
004a1440	FUN_004a1440	lib	_library	sqlite	lib-island	116
004a14c0	FUN_004a14c0	lib	_library	sqlite	lib-island	422
004a1670	FUN_004a1670	lib	_library	sqlite	lib-island	232
004a1760	FUN_004a1760	lib	_library	sqlite	lib-island	64
004a17a0	FUN_004a17a0	lib	_library	sqlite	lib-island	309
004a18e0	FUN_004a18e0	lib	_library	sqlite	lib-island	178
004a19a0	FUN_004a19a0	lib	_library	sqlite	lib-island	514
004a1bb0	FUN_004a1bb0	lib	_library	sqlite	lib-island	75
004a1c00	FUN_004a1c00	lib	_library	sqlite	lib-island	96
004a1c60	FUN_004a1c60	lib	_library	sqlite	lib-island	44
004a1c90	FUN_004a1c90	gamemisc	game_misc	Unsorted_002	none	77
004a1ce0	FUN_004a1ce0	lib	_library	sqlite	lib-island	435
004a1ea0	FUN_004a1ea0	lib	_library	sqlite	lib-island	1124
004a2310	FUN_004a2310	lib	_library	sqlite	lib-island	303
004a2440	FUN_004a2440	lib	_library	sqlite	lib-island	115
004a24c0	FUN_004a24c0	lib	_library	sqlite	lib-island	67
004a2510	FUN_004a2510	lib	_library	sqlite	lib-island	170
004a25c0	FUN_004a25c0	lib	_library	sqlite	lib-island	235
004a26b0	FUN_004a26b0	lib	_library	sqlite	lib-island	57
004a26f0	FUN_004a26f0	lib	_library	sqlite	lib-island	223
004a27d0	FUN_004a27d0	lib	_library	sqlite	lib-island	291
004a2900	FUN_004a2900	lib	_library	sqlite	lib-island	123
004a2980	FUN_004a2980	lib	_library	sqlite	lib-island	589
004a2bd0	FUN_004a2bd0	lib	_library	sqlite	lib-island	70
004a2c20	FUN_004a2c20	lib	_library	sqlite	lib-island	47
004a2c50	FUN_004a2c50	lib	_library	sqlite	lib-island	39
004a2c80	FUN_004a2c80	lib	_library	sqlite	lib-island	137
004a2cfa	FUN_004a2cfa	gamemisc	game_misc	_artifacts	role:artifact	381
004a2e90	FUN_004a2e90	lib	_library	sqlite	lib-island	138
004a2f1a	FUN_004a2f1a	gamemisc	game_misc	_artifacts	role:artifact	1249
004a3440	FUN_004a3440	lib	_library	sqlite	lib-island	310
004a3580	FUN_004a3580	lib	_library	sqlite	lib-island	63
004a35c0	FUN_004a35c0	lib	_library	sqlite	lib-island	95
004a3620	FUN_004a3620	lib	_library	sqlite	lib-island	378
004a37a0	FUN_004a37a0	lib	_library	sqlite	lib-island	60
004a37e0	FUN_004a37e0	lib	_library	sqlite	lib-island	366
004a3950	FUN_004a3950	lib	_library	sqlite	lib-island	79
004a39a0	FUN_004a39a0	lib	_library	sqlite	lib-island	74
004a39f0	FUN_004a39f0	lib	_library	sqlite	lib-island	101
004a3a60	FUN_004a3a60	lib	_library	sqlite	lib-island	27
004a3a80	FUN_004a3a80	lib	_library	sqlite	lib-island	119
004a3b00	FUN_004a3b00	lib	_library	sqlite	lib-island	170
004a3bb0	FUN_004a3bb0	lib	_library	sqlite	lib-island	7930
004a5af0	FUN_004a5af0	lib	_library	sqlite	lib-island	917
004a5e90	FUN_004a5e90	gamemisc	game_misc	Unsorted_002	none	256
004a5f90	FUN_004a5f90	lib	_library	sqlite	lib-island	37
004a5fc0	FUN_004a5fc0	lib	_library	sqlite	lib-island	253
004a60c0	FUN_004a60c0	lib	_library	sqlite	lib-island	55
004a6100	FUN_004a6100	lib	_library	sqlite	lib-island	49
004a6140	FUN_004a6140	lib	_library	sqlite	lib-island	325
004a6290	FUN_004a6290	lib	_library	sqlite	lib-island	670
004a6530	FUN_004a6530	lib	_library	sqlite	lib-island	140
004a65c0	FUN_004a65c0	lib	_library	sqlite	lib-island	149
004a6660	FUN_004a6660	lib	_library	sqlite	lib-island	240
004a6750	FUN_004a6750	lib	_library	sqlite	lib-island	356
004a68c0	FUN_004a68c0	lib	_library	sqlite	lib-island	42
004a68f0	FUN_004a68f0	lib	_library	sqlite	lib-island	68
004a6940	FUN_004a6940	lib	_library	sqlite	lib-island	88
004a69a0	FUN_004a69a0	lib	_library	sqlite	lib-island	50
004a69e0	FUN_004a69e0	lib	_library	sqlite	lib-island	215
004a6ac0	FUN_004a6ac0	lib	_library	sqlite	lib-island	172
004a6b70	FUN_004a6b70	lib	_library	sqlite	lib-island	51
004a6bb0	FUN_004a6bb0	lib	_library	sqlite	lib-island	205
004a6c80	FUN_004a6c80	lib	_library	sqlite	lib-island	42
004a6caa	FUN_004a6caa	gamemisc	game_misc	_artifacts	role:artifact	181
004a6d60	FUN_004a6d60	lib	_library	sqlite	lib-string	91
004a6dc0	FUN_004a6dc0	lib	_library	sqlite	lib-island	85
004a6e20	FUN_004a6e20	lib	_library	sqlite	lib-island	173
004a6ed0	FUN_004a6ed0	lib	_library	sqlite	lib-island	151
004a6f70	FUN_004a6f70	lib	_library	sqlite	lib-island	91
004a6fd0	FUN_004a6fd0	lib	_library	sqlite	lib-island	353
004a7140	FUN_004a7140	lib	_library	sqlite	lib-island	938
004a74f0	FUN_004a74f0	lib	_library	sqlite	lib-string	858
004a7850	FUN_004a7850	lib	_library	sqlite	lib-island	113
004a78d0	FUN_004a78d0	lib	_library	sqlite	lib-island	136
004a7960	FUN_004a7960	lib	_library	sqlite	lib-island	287
004a7a80	FUN_004a7a80	lib	_library	sqlite	lib-island	284
004a7ba0	FUN_004a7ba0	lib	_library	sqlite	lib-island	54
004a7be0	FUN_004a7be0	lib	_library	sqlite	lib-island	297
004a7d10	FUN_004a7d10	lib	_library	sqlite	lib-island	280
004a7e30	FUN_004a7e30	lib	_library	sqlite	lib-island	6161
004a9650	FUN_004a9650	lib	_library	sqlite	lib-island	35
004a9680	FUN_004a9680	lib	_library	sqlite	lib-island	278
004a97a0	FUN_004a97a0	lib	_library	sqlite	lib-island	33
004a97d0	FUN_004a97d0	lib	_library	sqlite	lib-island	455
004a99a0	FUN_004a99a0	lib	_library	sqlite	lib-island	131
004a9a30	FUN_004a9a30	lib	_library	sqlite	lib-island	139
004a9ac0	FUN_004a9ac0	lib	_library	sqlite	lib-island	181
004a9b80	FUN_004a9b80	lib	_library	sqlite	lib-island	199
004a9c50	FUN_004a9c50	lib	_library	sqlite	lib-island	84
004a9cb0	FUN_004a9cb0	lib	_library	sqlite	lib-island	170
004a9d60	FUN_004a9d60	lib	_library	sqlite	lib-island	599
004a9fc0	FUN_004a9fc0	lib	_library	sqlite	lib-island	277
004aa0e0	FUN_004aa0e0	lib	_library	sqlite	lib-island	66
004aa130	FUN_004aa130	lib	_library	sqlite	lib-island	74
004aa180	FUN_004aa180	lib	_library	sqlite	lib-island	52
004aa1c0	FUN_004aa1c0	lib	_library	sqlite	lib-string	947
004aa580	FUN_004aa580	lib	_library	sqlite	lib-island	41
004aa5b0	FUN_004aa5b0	lib	_library	sqlite	lib-island	34
004aa5e0	FUN_004aa5e0	lib	_library	sqlite	lib-island	457
004aa7b0	FUN_004aa7b0	lib	_library	sqlite	lib-island	313
004aa8f0	FUN_004aa8f0	lib	_library	sqlite	lib-island	127
004aa970	FUN_004aa970	lib	_library	sqlite	lib-island	60
004aa9b0	FUN_004aa9b0	lib	_library	sqlite	lib-island	34
004aa9e0	FUN_004aa9e0	lib	_library	sqlite	lib-island	85
004aaa40	FUN_004aaa40	lib	_library	sqlite	lib-island	217
004aab20	FUN_004aab20	lib	_library	sqlite	lib-island	238
004aac10	FUN_004aac10	lib	_library	sqlite	lib-island	58
004aac4a	FUN_004aac4a	gamemisc	game_misc	_artifacts	role:artifact	277
004aad60	FUN_004aad60	lib	_library	sqlite	lib-island	186
004aae20	FUN_004aae20	lib	_library	sqlite	lib-island	117
004aaea0	FUN_004aaea0	lib	_library	sqlite	lib-island	184
004aaf60	FUN_004aaf60	lib	_library	sqlite	lib-island	112
004aafd0	FUN_004aafd0	lib	_library	sqlite	lib-island	98
004ab040	FUN_004ab040	lib	_library	sqlite	lib-island	146
004ab0e0	FUN_004ab0e0	lib	_library	sqlite	lib-island	109
004ab150	FUN_004ab150	lib	_library	sqlite	lib-island	147
004ab1f0	FUN_004ab1f0	lib	_library	sqlite	lib-island	210
004ab2d0	FUN_004ab2d0	lib	_library	sqlite	lib-island	168
004ab380	FUN_004ab380	lib	_library	sqlite	lib-island	244
004ab480	FUN_004ab480	lib	_library	sqlite	lib-string	7341
004ad150	FUN_004ad150	gamemisc	game_misc	Unsorted_002	none	57
004ad190	FUN_004ad190	gamemisc	game_misc	Unsorted_002	none	145
004ad230	FUN_004ad230	lib	_library	sqlite	lib-island	77
004ad280	FUN_004ad280	gamemisc	game_misc	Unsorted_002	none	109
004ad2f0	FUN_004ad2f0	lib	_library	sqlite	lib-island	118
004ad370	FUN_004ad370	lib	_library	sqlite	lib-island	3513
004ae1b0	FUN_004ae1b0	lib	_library	sqlite	lib-island	147
004ae250	FUN_004ae250	lib	_library	sqlite	lib-island	86
004ae2b0	FUN_004ae2b0	lib	_library	sqlite	lib-island	76
004ae300	FUN_004ae300	lib	_library	sqlite	lib-island	801
004ae630	FUN_004ae630	lib	_library	sqlite	lib-island	67
004ae680	FUN_004ae680	lib	_library	sqlite	lib-island	169
004ae730	FUN_004ae730	lib	_library	sqlite	lib-island	38
004ae760	FUN_004ae760	lib	_library	sqlite	lib-island	97
004ae7d0	FUN_004ae7d0	lib	_library	sqlite	lib-island	96
004ae830	FUN_004ae830	lib	_library	sqlite	lib-island	95
004ae890	FUN_004ae890	lib	_library	sqlite	lib-island	94
004ae8f0	FUN_004ae8f0	lib	_library	sqlite	lib-island	108
004ae960	FUN_004ae960	lib	_library	sqlite	lib-island	171
004aea10	FUN_004aea10	lib	_library	sqlite	lib-island	168
004aeac0	FUN_004aeac0	lib	_library	sqlite	lib-island	241
004aebc0	FUN_004aebc0	lib	_library	sqlite	lib-island	102
004aec30	FUN_004aec30	lib	_library	sqlite	lib-island	39
004aec60	FUN_004aec60	lib	_library	sqlite	lib-island	29
004aec80	FUN_004aec80	lib	_library	sqlite	lib-island	29
004aeca0	FUN_004aeca0	lib	_library	sqlite	lib-island	29
004aecc0	FUN_004aecc0	lib	_library	sqlite	lib-island	359
004aee30	FUN_004aee30	lib	_library	sqlite	lib-island	28
004aee50	FUN_004aee50	lib	_library	sqlite	lib-island	67
004aeea0	FUN_004aeea0	lib	_library	sqlite	lib-string	94
004aef00	FUN_004aef00	lib	_library	sqlite	lib-island	327
004af050	FUN_004af050	lib	_library	sqlite	lib-island	250
004af150	FUN_004af150	lib	_library	sqlite	lib-island	91
004af1b0	FUN_004af1b0	lib	_library	sqlite	lib-island	152
004af250	FUN_004af250	lib	_library	sqlite	lib-island	82
004af2b0	FUN_004af2b0	lib	_library	sqlite	lib-island	77
004af300	FUN_004af300	lib	_library	sqlite	lib-island	87
004af360	FUN_004af360	lib	_library	sqlite	lib-string	15286
004b2f2a	FUN_004b2f2a	lib	_library	sqlite	lib-string	6713
004b496a	FUN_004b496a	lib	_library	sqlite	lib-string	3862
004b5b10	FUN_004b5b10	lib	_library	sqlite	lib-island	860
004b5e70	FUN_004b5e70	lib	_library	sqlite	lib-island	112
004b5ee0	FUN_004b5ee0	lib	_library	sqlite	lib-island	164
004b5f90	FUN_004b5f90	lib	_library	sqlite	lib-island	93
004b5ff0	FUN_004b5ff0	lib	_library	sqlite	lib-island	95
004b6050	FUN_004b6050	lib	_library	sqlite	lib-island	43
004b6080	FUN_004b6080	lib	_library	sqlite	lib-island	88
004b60e0	FUN_004b60e0	lib	_library	sqlite	lib-string	721
004b63c0	FUN_004b63c0	lib	_library	sqlite	lib-island	191
004b6480	FUN_004b6480	lib	_library	sqlite	lib-island	347
004b65e0	FUN_004b65e0	lib	_library	sqlite	lib-island	109
004b6650	FUN_004b6650	lib	_library	sqlite	lib-island	202
004b6720	FUN_004b6720	lib	_library	sqlite	lib-island	34
004b6750	FUN_004b6750	lib	_library	sqlite	lib-island	128
004b67d0	FUN_004b67d0	lib	_library	sqlite	lib-island	933
004b6b80	FUN_004b6b80	lib	_library	sqlite	lib-island	104
004b6bf0	FUN_004b6bf0	lib	_library	sqlite	lib-island	780
004b6f10	FUN_004b6f10	lib	_library	sqlite	lib-island	138
004b6fa0	FUN_004b6fa0	lib	_library	sqlite	lib-island	97
004b7010	FUN_004b7010	lib	_library	sqlite	lib-island	156
004b70b0	FUN_004b70b0	lib	_library	sqlite	lib-island	420
004b7260	FUN_004b7260	lib	_library	sqlite	lib-island	277
004b7380	FUN_004b7380	lib	_library	sqlite	lib-island	137
004b7410	FUN_004b7410	lib	_library	sqlite	lib-island	127
004b7490	FUN_004b7490	lib	_library	sqlite	lib-island	106
004b7500	FUN_004b7500	lib	_library	sqlite	lib-island	138
004b7590	FUN_004b7590	lib	_library	sqlite	lib-island	87
004b75f0	FUN_004b75f0	lib	_library	sqlite	lib-island	126
004b7670	FUN_004b7670	lib	_library	sqlite	lib-island	109
004b76e0	FUN_004b76e0	lib	_library	sqlite	lib-island	64
004b7720	FUN_004b7720	lib	_library	sqlite	lib-island	105
004b7790	FUN_004b7790	lib	_library	sqlite	lib-island	200
004b7860	FUN_004b7860	lib	_library	sqlite	lib-island	89
004b78c0	FUN_004b78c0	lib	_library	sqlite	lib-island	77
004b7910	FUN_004b7910	lib	_library	sqlite	lib-island	204
004b79e0	FUN_004b79e0	lib	_library	sqlite	lib-island	504
004b7be0	FUN_004b7be0	gamemisc	game_misc	Unsorted_002	none	91
004b7c40	FUN_004b7c40	lib	_library	sqlite	lib-island	109
004b7cb0	FUN_004b7cb0	lib	_library	sqlite	lib-island	53
004b7cf0	FUN_004b7cf0	lib	_library	sqlite	lib-island	160
004b7d90	FUN_004b7d90	lib	_library	sqlite	lib-island	43
004b7dc0	FUN_004b7dc0	lib	_library	sqlite	lib-island	1215
004b8290	FUN_004b8290	lib	_library	sqlite	lib-island	184
004b8350	FUN_004b8350	lib	_library	sqlite	lib-island	89
004b83b0	FUN_004b83b0	lib	_library	sqlite	lib-island	420
004b8560	FUN_004b8560	lib	_library	sqlite	lib-island	213
004b8640	FUN_004b8640	lib	_library	sqlite	lib-island	356
004b87b0	FUN_004b87b0	lib	_library	sqlite	lib-island	32
004b87d0	FUN_004b87d0	lib	_library	sqlite	lib-island	552
004b8a30	FUN_004b8a30	lib	_library	sqlite	lib-island	175
004b8ae0	FUN_004b8ae0	lib	_library	sqlite	lib-island	261
004b8bf0	FUN_004b8bf0	lib	_library	sqlite	lib-island	27
004b8c10	FUN_004b8c10	lib	_library	sqlite	lib-island	62
004b8c50	FUN_004b8c50	lib	_library	sqlite	lib-island	121
004b8cd0	FUN_004b8cd0	lib	_library	sqlite	lib-island	45
004b8d00	FUN_004b8d00	lib	_library	sqlite	lib-island	201
004b8dd0	FUN_004b8dd0	lib	_library	sqlite	lib-island	172
004b8e80	FUN_004b8e80	lib	_library	sqlite	lib-island	184
004b8f40	FUN_004b8f40	lib	_library	sqlite	lib-island	186
004b9000	FUN_004b9000	lib	_library	sqlite	lib-island	724
004b92e0	FUN_004b92e0	lib	_library	sqlite	lib-island	119
004b9360	FUN_004b9360	lib	_library	sqlite	lib-island	183
004b9420	FUN_004b9420	lib	_library	sqlite	lib-island	277
004b9540	FUN_004b9540	lib	_library	sqlite	lib-island	48
004b9570	FUN_004b9570	lib	_library	sqlite	lib-island	320
004b96b0	FUN_004b96b0	lib	_library	sqlite	lib-island	59
004b96f0	FUN_004b96f0	lib	_library	sqlite	lib-island	153
004b9790	FUN_004b9790	lib	_library	sqlite	lib-island	218
004b9870	FUN_004b9870	lib	_library	sqlite	lib-island	257
004b9980	FUN_004b9980	lib	_library	sqlite	lib-island	280
004b9aa0	FUN_004b9aa0	lib	_library	sqlite	lib-island	129
004b9b30	FUN_004b9b30	lib	_library	sqlite	lib-island	92
004b9b90	FUN_004b9b90	lib	_library	sqlite	lib-string	396
004b9d20	FUN_004b9d20	lib	_library	sqlite	lib-island	131
004b9db0	FUN_004b9db0	lib	_library	sqlite	lib-island	320
004b9ef0	FUN_004b9ef0	lib	_library	sqlite	lib-island	128
004b9f70	FUN_004b9f70	lib	_library	sqlite	lib-island	204
004ba040	FUN_004ba040	lib	_library	sqlite	lib-island	47
004ba070	FUN_004ba070	lib	_library	sqlite	lib-island	97
004ba0e0	FUN_004ba0e0	lib	_library	sqlite	lib-island	786
004ba400	FUN_004ba400	lib	_library	sqlite	lib-island	146
004ba4a0	FUN_004ba4a0	lib	_library	sqlite	lib-island	372
004ba620	FUN_004ba620	lib	_library	sqlite	lib-island	262
004ba730	FUN_004ba730	gamemisc	game_misc	_indirect_callback	role:callback	51
004ba770	FUN_004ba770	lib	_library	sqlite	lib-island	95
004ba7d0	FUN_004ba7d0	lib	_library	sqlite	lib-island	1208
004bac90	FUN_004bac90	lib	_library	sqlite	lib-island	266
004bada0	FUN_004bada0	lib	_library	sqlite	lib-island	411
004baf40	FUN_004baf40	lib	_library	sqlite	lib-island	212
004bb020	FUN_004bb020	lib	_library	sqlite	lib-island	133
004bb0b0	FUN_004bb0b0	lib	_library	sqlite	lib-island	72
004bb100	FUN_004bb100	lib	_library	sqlite	lib-island	161
004bb1b0	FUN_004bb1b0	lib	_library	sqlite	lib-island	138
004bb240	FUN_004bb240	lib	_library	sqlite	lib-island	922
004bb5da	FUN_004bb5da	gamemisc	game_misc	_artifacts	role:artifact	2138
004bbe40	FUN_004bbe40	lib	_library	sqlite	lib-island	1502
004bc420	FUN_004bc420	lib	_library	sqlite	lib-island	25
004bc440	FUN_004bc440	lib	_library	sqlite	lib-island	651
004bc720	FUN_004bc720	lib	_library	sqlite	lib-island	129
004bc7b0	FUN_004bc7b0	lib	_library	sqlite	lib-string	357
004bc920	FUN_004bc920	lib	_library	sqlite	lib-island	548
004bcb50	FUN_004bcb50	gamemisc	game_misc	Unsorted_002	none	106
004bcbc0	FUN_004bcbc0	lib	_library	sqlite	lib-island	159
004bcc60	FUN_004bcc60	lib	_library	sqlite	lib-island	70
004bccb0	FUN_004bccb0	gamemisc	game_misc	Unsorted_002	none	162
004bcd60	FUN_004bcd60	gamemisc	game_misc	Unsorted_002	none	48
004bcd90	FUN_004bcd90	lib	_library	sqlite	lib-island	31
004bcdb0	FUN_004bcdb0	gamemisc	game_misc	_indirect_callback	role:callback	99
004bce20	FUN_004bce20	lib	_library	sqlite	lib-island	249
004bcf20	FUN_004bcf20	lib	_library	sqlite	lib-island	515
004bd130	FUN_004bd130	lib	_library	sqlite	lib-island	213
004bd210	FUN_004bd210	lib	_library	sqlite	lib-island	54
004bd250	FUN_004bd250	lib	_library	sqlite	lib-island	253
004bd350	FUN_004bd350	lib	_library	sqlite	lib-island	199
004bd420	FUN_004bd420	lib	_library	sqlite	lib-island	184
004bd4e0	FUN_004bd4e0	lib	_library	sqlite	lib-island	63
004bd520	FUN_004bd520	lib	_library	sqlite	lib-island	174
004bd5d0	FUN_004bd5d0	lib	_library	sqlite	lib-island	494
004bd7c0	FUN_004bd7c0	lib	_library	sqlite	lib-island	276
004bd8f0	FUN_004bd8f0	lib	_library	sqlite	lib-island	193
004bd9c0	FUN_004bd9c0	lib	_library	sqlite	lib-island	95
004bda20	FUN_004bda20	lib	_library	sqlite	lib-island	241
004bdb20	FUN_004bdb20	gamemisc	game_misc	_helpers_wrapper	role:wrapper	83
004bdb80	FUN_004bdb80	gamemisc	game_misc	Unsorted_002	none	129
004bdc10	FUN_004bdc10	gamemisc	game_misc	Unsorted_002	none	122
004bdc90	FUN_004bdc90	gamemisc	game_misc	Unsorted_002	none	189
004bdd50	FUN_004bdd50	lib	_library	sqlite	lib-island	1586
004be390	FUN_004be390	lib	_library	sqlite	lib-island	2095
004bebc0	FUN_004bebc0	gamemisc	game_misc	Unsorted_002	none	120
004bec40	FUN_004bec40	lib	_library	sqlite	lib-island	58
004bec7a	FUN_004bec7a	gamemisc	game_misc	_artifacts	role:artifact	384
004bedfa	FUN_004bedfa	gamemisc	game_misc	_artifacts	role:artifact	768
004bf0fa	FUN_004bf0fa	gamemisc	game_misc	_artifacts	role:artifact	254
004bf360	FUN_004bf360	lib	_library	sqlite	lib-island	186
004bf420	FUN_004bf420	lib	_library	sqlite	lib-island	158
004bf4c0	FUN_004bf4c0	lib	_library	sqlite	lib-island	268
004bf5d0	FUN_004bf5d0	lib	_library	sqlite	lib-island	126
004bf650	FUN_004bf650	lib	_library	sqlite	lib-island	347
004bf7b0	FUN_004bf7b0	lib	_library	sqlite	lib-island	185
004bf870	FUN_004bf870	lib	_library	sqlite	lib-island	294
004bf9a0	FUN_004bf9a0	lib	_library	sqlite	lib-island	158
004bfa40	FUN_004bfa40	lib	_library	sqlite	lib-island	103
004bfab0	FUN_004bfab0	lib	_library	sqlite	lib-island	145
004bfb50	FUN_004bfb50	lib	_library	sqlite	lib-island	211
004bfc30	FUN_004bfc30	lib	_library	sqlite	lib-island	349
004bfd90	FUN_004bfd90	lib	_library	sqlite	lib-island	68
004bfde0	FUN_004bfde0	lib	_library	sqlite	lib-string	227
004bfed0	FUN_004bfed0	lib	_library	sqlite	lib-island	759
004c01d0	FUN_004c01d0	lib	_library	sqlite	lib-island	73
004c0220	FUN_004c0220	lib	_library	sqlite	lib-island	78
004c0270	FUN_004c0270	lib	_library	sqlite	lib-island	851
004c05d0	FUN_004c05d0	lib	_library	sqlite	lib-island	185
004c0690	FUN_004c0690	lib	_library	sqlite	lib-island	165
004c0740	FUN_004c0740	lib	_library	sqlite	lib-island	263
004c0850	FUN_004c0850	lib	_library	sqlite	lib-island	189
004c0910	FUN_004c0910	lib	_library	sqlite	lib-island	235
004c0a00	FUN_004c0a00	lib	_library	sqlite	lib-island	219
004c0ae0	FUN_004c0ae0	lib	_library	sqlite	lib-island	275
004c0c00	FUN_004c0c00	lib	_library	sqlite	lib-island	319
004c0d40	FUN_004c0d40	lib	_library	sqlite	lib-island	872
004c10b0	FUN_004c10b0	lib	_library	sqlite	lib-island	496
004c12b0	FUN_004c12b0	lib	_library	sqlite	lib-island	215
004c1390	FUN_004c1390	lib	_library	sqlite	lib-island	397
004c1520	FUN_004c1520	lib	_library	sqlite	lib-island	155
004c15c0	FUN_004c15c0	lib	_library	sqlite	lib-island	122
004c1640	FUN_004c1640	lib	_library	sqlite	lib-island	42
004c166a	FUN_004c166a	gamemisc	game_misc	_artifacts	role:artifact	178
004c1720	FUN_004c1720	lib	_library	sqlite	lib-island	534
004c1940	FUN_004c1940	lib	_library	sqlite	lib-island	388
004c1ad0	FUN_004c1ad0	lib	_library	sqlite	lib-island	711
004c1da0	FUN_004c1da0	lib	_library	sqlite	lib-island	35
004c1dd0	FUN_004c1dd0	lib	_library	sqlite	lib-island	171
004c1e80	FUN_004c1e80	lib	_library	sqlite	lib-island	120
004c1f00	FUN_004c1f00	lib	_library	sqlite	lib-island	250
004c2000	FUN_004c2000	lib	_library	sqlite	lib-island	108
004c2070	FUN_004c2070	lib	_library	sqlite	lib-island	158
004c2110	FUN_004c2110	lib	_library	sqlite	lib-island	74
004c2160	FUN_004c2160	lib	_library	sqlite	lib-island	191
004c2230	FUN_004c2230	gamemisc	game_misc	Unsorted_002	none	234
004c2320	FUN_004c2320	gamemisc	game_misc	Unsorted_002	none	201
004c23f0	FUN_004c23f0	gamemisc	game_misc	Unsorted_002	none	179
004c24b0	FUN_004c24b0	gamemisc	game_misc	_helpers_dtor-like	role:dtor-like	53
004c24f0	FUN_004c24f0	gamemisc	game_misc	Unsorted_002	none	796
004c2810	FUN_004c2810	gamemisc	game_misc	Unsorted_002	none	200
004c28e0	FUN_004c28e0	gamemisc	game_misc	Unsorted_002	none	198
004c29b0	FUN_004c29b0	lib	_library	sqlite	lib-island	61
004c29f0	FUN_004c29f0	lib	_library	sqlite	lib-island	526
004c2c10	FUN_004c2c10	lib	_library	sqlite	lib-island	422
004c2dc0	FUN_004c2dc0	lib	_library	sqlite	lib-island	46
004c2df0	FUN_004c2df0	lib	_library	sqlite	lib-island	158
004c2e90	FUN_004c2e90	lib	_library	sqlite	lib-island	1393
004c3410	FUN_004c3410	lib	_library	sqlite	lib-island	74
004c3460	FUN_004c3460	lib	_library	sqlite	lib-island	60
004c34a0	FUN_004c34a0	lib	_library	sqlite	lib-island	199
004c35e0	FUN_004c35e0	lib	_library	sqlite	lib-island	141
004c3670	FUN_004c3670	lib	_library	sqlite	lib-island	8156
004c5a60	FUN_004c5a60	lib	_library	sqlite	lib-island	206
004c5b30	FUN_004c5b30	lib	_library	sqlite	lib-island	210
004c5c10	FUN_004c5c10	gamemisc	ai	Helpers	caller-vote	71
004c5c60	FUN_004c5c60	gamemisc	ai	Helpers	caller-vote	157
004c5cfd	Catch_All@004c5cfd	lib	_library	eh_funclets	eh	17
004c5d10	cube::WalkPathBehavior::WalkPathBehavior	game	ai	WalkPathBehavior	rtti	55
004c5d50	cube::WalkPathBehavior::WalkPathBehavior	game	ai	WalkPathBehavior	rtti	53
004c5d90	FUN_004c5d90	gamemisc	ai	Helpers	caller-vote	102
004c5e00	cube::WalkPathBehavior::vfunction1	game	ai	WalkPathBehavior	rtti	1464
004c63e0	cube::WalkPathBehavior::vfunction2	game	ai	WalkPathBehavior	rtti	140
004c6470	FUN_004c6470	gamemisc	game_misc	Unsorted_002	none	58
004c64b0	FUN_004c64b0	gamemisc	game_misc	Unsorted_002	none	49
004c64f0	FUN_004c64f0	gamemisc	game_misc	_helpers_wrapper	role:wrapper	79
004c6540	FUN_004c6540	gamemisc	world	Helpers	caller-vote	24
004c6560	FUN_004c6560	gamemisc	world	Helpers	caller-vote	22
004c6580	FUN_004c6580	gamemisc	game_misc	_helpers_ctor-like	role:ctor-like	363
004c66ee	Catch_All@004c66ee	lib	_library	eh_funclets	eh	26
004c670e	FUN_004c670e	gamemisc	game_misc	Unsorted_002	none	89
004c6770	lib_fn_4c6770	lib	_library	cw_lib	ledger	39
004c67a0	FUN_004c67a0	gamemisc	world	Helpers	caller-vote	58
004c67e0	FUN_004c67e0	gamemisc	world	Helpers	caller-vote	52
004c6820	FUN_004c6820	gamemisc	world	Helpers	caller-vote	58
004c6860	FUN_004c6860	gamemisc	world	Helpers	caller-vote	123
004c68e0	FUN_004c68e0	gamemisc	world	Helpers	caller-vote	518
004c6af0	FUN_004c6af0	gamemisc	world	Helpers	caller-vote	559
004c6d20	FUN_004c6d20	gamemisc	world	Helpers	caller-vote	559
004c6f50	FUN_004c6f50	gamemisc	world	Helpers	caller-vote	559
004c7180	FUN_004c7180	gamemisc	ai	Helpers	caller-vote	511
004c7380	FUN_004c7380	gamemisc	world	Helpers	caller-vote	475
004c7527	Catch_All@004c7527	lib	_library	eh_funclets	eh	20
004c7570	FUN_004c7570	gamemisc	world	Helpers	caller-vote	565
004c776f	Catch_All@004c776f	lib	_library	eh_funclets	eh	20
004c77c0	FUN_004c77c0	gamemisc	world	Helpers	caller-vote	468
004c7994	Catch_All@004c7994	lib	_library	eh_funclets	eh	20
004c79b0	FUN_004c79b0	gamemisc	world	Helpers	caller-vote	255
004c7a8a	Catch_All@004c7a8a	lib	_library	eh_funclets	eh	20
004c7ad0	FUN_004c7ad0	gamemisc	world	Helpers	caller-vote	360
004c7c38	Catch_All@004c7c38	lib	_library	eh_funclets	eh	20
004c7c50	FUN_004c7c50	gamemisc	world	Helpers	caller-vote	365
004c7dbd	Catch_All@004c7dbd	lib	_library	eh_funclets	eh	20
004c7de0	FUN_004c7de0	gamemisc	world	Helpers	caller-vote	365
004c7f4d	Catch_All@004c7f4d	lib	_library	eh_funclets	eh	20
004c7f70	FUN_004c7f70	gamemisc	game_misc	Unsorted_002	none	126
004c7fdd	Catch_All@004c7fdd	lib	_library	eh_funclets	eh	35
004c8020	FUN_004c8020	gamemisc	game_misc	Unsorted_002	none	128
004c808c	Catch_All@004c808c	lib	_library	eh_funclets	eh	38
004c80d0	FUN_004c80d0	gamemisc	game_misc	_helpers_wrapper	role:wrapper	67
004c8120	FUN_004c8120	gamemisc	world	Helpers	caller-vote	8
004c8130	FUN_004c8130	gamemisc	world	Helpers	caller-vote	23
004c8150	FUN_004c8150	gamemisc	game_misc	Unsorted_002	none	21
004c8170	FUN_004c8170	gamemisc	game_misc	Unsorted_002	none	23
004c8190	FUN_004c8190	gamemisc	game_misc	Unsorted_002	none	229
004c8280	fwd_004ce660_4c8280	gamemisc	game_misc	_helpers_thunk	role:thunk	31
004c82a0	FUN_004c82a0	gamemisc	game_misc	_helpers_ctor-like	role:ctor-like	156
004c833c	Catch_All@004c833c	lib	_library	eh_funclets	eh	17
004c8350	FUN_004c8350	gamemisc	game_misc	Unsorted_002	none	94
004c83b0	FUN_004c83b0	gamemisc	world	Helpers	caller-vote	31
004c83d0	FUN_004c83d0	gamemisc	game_misc	_helpers_wrapper	role:wrapper	75
004c8420	lib_fn_4c8420	lib	_library	cw_lib	ledger	133
004c84b0	unproven ctor -- GAME	game	game_misc	Game	ledger	87
004c8510	mutator_4c8510	gamemisc	game_misc	_helpers_mutator	role:mutator	17
004c8530	mutator_4c8530	gamemisc	game_misc	_helpers_mutator	role:mutator	17
004c8570	World_ctor	game	world	Proven	ledger	21206
004cd860	FUN_004cd860	gamemisc	game_misc	_helpers_wrapper	role:wrapper	36
004cd890	FUN_004cd890	gamemisc	game_misc	_helpers_wrapper	role:wrapper	42
004cd8c0	FUN_004cd8c0	gamemisc	game_misc	_helpers_wrapper	role:wrapper	40
004cd8f0	FUN_004cd8f0	gamemisc	game_misc	_helpers_wrapper	role:wrapper	69
004cd940	cube::World::~World	game	world	World	rtti	74
004cd98a	vdispatch_4cd98a	gamemisc	game_misc	_helpers_dispatch	role:dispatch	16
004cd99a	FUN_004cd99a	gamemisc	game_misc	_artifacts	role:artifact	1140
004cde20	FUN_004cde20	gamemisc	world	Helpers	caller-vote	22
004cde40	lib_fn_4cde40	lib	_library	cw_lib	ledger	25
004cde60	FUN_004cde60	gamemisc	world	Helpers	caller-vote	130
004cdef0	FUN_004cdef0	gamemisc	world	Helpers	caller-vote	257
004ce000	FUN_004ce000	gamemisc	world	Helpers	caller-vote	219
004ce0e0	FUN_004ce0e0	gamemisc	world	Helpers	caller-vote	226
004ce1d0	compute_4ce1d0	gamemisc	game_misc	_helpers_computed	role:computed	18
004ce1f0	deref_get_4ce1f0	gamemisc	game_misc	_helpers_accessor	role:accessor	3
004ce200	FUN_004ce200	gamemisc	game_misc	Unsorted_002	none	22
004ce220	FUN_004ce220	gamemisc	world	Helpers	caller-vote	41
004ce250	mutator_4ce250	gamemisc	game_misc	_helpers_mutator	role:mutator	23
004ce270	mutator_4ce270	gamemisc	game_misc	_helpers_mutator	role:mutator	23
004ce290	FUN_004ce290	gamemisc	game_misc	_helpers_wrapper	role:wrapper	56
004ce2d0	FUN_004ce2d0	gamemisc	game_misc	_helpers_wrapper	role:wrapper	64
004ce310	fwd_0054a946_4ce310	gamemisc	game_misc	_helpers_thunk	role:thunk	54
004ce350	FUN_004ce350	gamemisc	ai	Helpers	caller-vote	34
004ce380	FUN_004ce380	gamemisc	ai	Helpers	caller-vote	34
004ce3b0	FUN_004ce3b0	gamemisc	world	Helpers	caller-vote	39
004ce3e0	FUN_004ce3e0	gamemisc	game_misc	_helpers_dtor-like	role:dtor-like	91
004ce43b	std::basic_stringstream<char,std::char_traits<char>,std::allocator<char>_>::vfunction1	lib	_library	stl	stl-ns	8
004ce450	std::basic_stringbuf<char,std::char_traits<char>,std::allocator<char>_>::scalar_deleting_destructor	lib	_library	stl	stl-ns	47
004ce480	FUN_004ce480	gamemisc	game_misc	_helpers_dtor-like	role:dtor-like	119
004ce500	FUN_004ce500	gamemisc	game_misc	_helpers_wrapper	role:wrapper	62
004ce540	cube::World::scalar_deleting_destructor	game	world	World	rtti	33
004ce561	std::basic_stringstream<char,std::char_traits<char>,std::allocator<char>_>::vfunction2	lib	_library	stl	stl-ns	12
004ce56d	std::basic_stringstream<char,std::char_traits<char>,std::allocator<char>_>::vfunction3	lib	_library	stl	stl-ns	12
004ce580	FUN_004ce580	gamemisc	game_misc	Unsorted_002	none	102
004ce5f0	FUN_004ce5f0	gamemisc	world	Helpers	caller-vote	47
004ce620	FUN_004ce620	gamemisc	world	Helpers	caller-vote	54
004ce660	FUN_004ce660	gamemisc	ai	Unsorted	logic:caller-vote	54
004ce6a0	FUN_004ce6a0	gamemisc	world	Helpers	caller-vote	55
004ce6e0	FUN_004ce6e0	gamemisc	game_misc	_helpers_wrapper	role:wrapper	58
004ce720	FUN_004ce720	gamemisc	game_misc	_helpers_dtor-like	role:dtor-like	92
004ce780	FUN_004ce780	gamemisc	game_misc	Unsorted_002	none	84
004ce7e0	FUN_004ce7e0	gamemisc	game_misc	_helpers_dtor-like	role:dtor-like	231
004ce8c7	Catch_All@004ce8c7	lib	_library	eh_funclets	eh	20
004ce8e0	FUN_004ce8e0	gamemisc	world	Helpers	caller-vote	162
004ce990	FUN_004ce990	gamemisc	game_misc	_helpers_wrapper	role:wrapper	89
004ce9f0	FUN_004ce9f0	gamemisc	ai	Helpers	caller-vote	139
004cea80	FUN_004cea80	gamemisc	game_misc	Unsorted_002	none	4604
004cfcc0	FUN_004cfcc0	gamemisc	ai	Helpers	caller-vote	141
004cfd50	FUN_004cfd50	gamemisc	game_misc	Unsorted_002	none	6604
004d1860	FUN_004d1860	gamemisc	game_misc	Unsorted_002	none	82
004d18c0	FUN_004d18c0	gamemisc	game_misc	Unsorted_002	none	143
004d1950	VoxelGrid_cellAt3D	gamemisc	world	Proven	ledger	156
004d19f0	World_sampleNoiseAt	gamemisc	world	Proven	ledger	116
004d1a70	FUN_004d1a70	gamemisc	game_misc	Unsorted_002	none	1805
004d2190	FUN_004d2190	gamemisc	game_misc	Unsorted_002	none	431
004d2340	FUN_004d2340	gamemisc	world	Helpers	caller-vote	166
004d23f0	checked cell read -- GAME	game	game_misc	Game	ledger	167
004d24a0	FUN_004d24a0	gamemisc	game_misc	Unsorted_002	none	87
004d2500	lib_fn_4d2500	lib	_library	cw_lib	ledger	762
004d2810	FUN_004d2810	gamemisc	game_misc	Unsorted_002	none	715
004d2ae0	FUN_004d2ae0	gamemisc	game_misc	Unsorted_002	none	4682
004d3de0	mutator_4d3de0	gamemisc	game_misc	_helpers_mutator	role:mutator	15
004d3df0	FUN_004d3df0	gamemisc	world	Helpers	caller-vote	14
004d3e00	compute_4d3e00	gamemisc	game_misc	_helpers_computed	role:computed	14
004d3e10	FUN_004d3e10	gamemisc	game_misc	Unsorted_002	none	189
004d3ed0	FUN_004d3ed0	gamemisc	game_misc	Unsorted_002	none	680
004d4180	FUN_004d4180	gamemisc	entity	Helpers	caller-vote	680
004d4430	FUN_004d4430	gamemisc	game_misc	_helpers_wrapper	role:wrapper	50
004d4470	FUN_004d4470	gamemisc	game_misc	Unsorted_002	none	69
004d44c0	lib_fn_4d44c0	lib	_library	cw_lib	ledger	842
004d4820	lib_fn_4d4820	lib	_library	cw_lib	ledger	1013
004d4c20	FUN_004d4c20	gamemisc	ai	Helpers	caller-vote	345
004d4d80	FUN_004d4d80	gamemisc	ai	Helpers	caller-vote	472
004d4f60	FUN_004d4f60	gamemisc	game_misc	_helpers_wrapper	role:wrapper	47
004d4f90	FUN_004d4f90	gamemisc	ai	Helpers	caller-vote	1952
004d5740	FUN_004d5740	gamemisc	game_misc	Unsorted_002	none	806
004d5a80	World_sampleTerrainGradient	gamemisc	world	Proven	ledger	476
004d5c60	FUN_004d5c60	gamemisc	world	Helpers	caller-vote	14
004d5c70	compute_4d5c70	gamemisc	game_misc	_helpers_computed	role:computed	14
004d5c80	FUN_004d5c80	gamemisc	game_misc	Unsorted_002	none	166
004d5d30	valueNoise2D	gamemisc	world	Proven	ledger	522
004d5f40	FUN_004d5f40	gamemisc	ai	Helpers	caller-vote	617
004d61c0	FUN_004d61c0	gamemisc	game_misc	Unsorted_002	none	395
004d6350	std::basic_stringbuf<char,std::char_traits<char>,std::allocator<char>_>::vfunction4	lib	_library	stl	stl-ns	455
004d6520	std::basic_stringbuf<char,std::char_traits<char>,std::allocator<char>_>::vfunction5	lib	_library	stl	stl-ns	87
004d6580	FUN_004d6580	gamemisc	ai	Helpers	caller-vote	67
004d65d0	FUN_004d65d0	gamemisc	game_misc	_helpers_wrapper	role:wrapper	67
004d6620	FUN_004d6620	gamemisc	game_misc	_helpers_wrapper	role:wrapper	67
004d6670	std_vector_push_back (with EH)	lib	_library	cw_lib	ledger	180
004d6730	FUN_004d6730	gamemisc	ai	Helpers	caller-vote	4391
004d7870	region_tier	game	world	Proven	ledger	112
004d78e0	lib_fn_4d78e0	lib	_library	cw_lib	ledger	125
004d7960	FUN_004d7960	gamemisc	game_misc	Unsorted_002	none	131
004d79f0	FUN_004d79f0	gamemisc	game_misc	Unsorted_002	none	230
004d7ae0	FUN_004d7ae0	gamemisc	game_misc	Unsorted_002	none	364
004d7c50	spawn_registrar	game	world	Proven	ledger	1363
004d81b0	FUN_004d81b0	gamemisc	game_misc	Unsorted_002	none	494
004d83a0	seedInit	game	game_misc	Game	ledger	663
004d863a	FUN_004d863a	gamemisc	game_misc	_artifacts	role:artifact	870
004d89a0	std::basic_stringbuf<char,std::char_traits<char>,std::allocator<char>_>::vfunction11	lib	_library	stl	stl-ns	449
004d8b70	std::basic_stringbuf<char,std::char_traits<char>,std::allocator<char>_>::vfunction12	lib	_library	stl	stl-ns	287
004d8c90	FUN_004d8c90	gamemisc	game_misc	Unsorted_002	none	294
004d8dc0	FUN_004d8dc0	gamemisc	game_misc	Unsorted_002	none	25
004d8de0	FUN_004d8de0	gamemisc	game_misc	Unsorted_002	none	25
004d8e00	get_0x6c_4d8e00	gamemisc	game_misc	_helpers_accessor	role:accessor	4
004d8e10	FUN_004d8e10	gamemisc	game_misc	Unsorted_002	none	29
004d8e30	FUN_004d8e30	gamemisc	game_misc	Unsorted_002	none	39
004d8e60	FUN_004d8e60	gamemisc	world	Helpers	caller-vote	265
004d8f70	FUN_004d8f70	gamemisc	world	Helpers	caller-vote	31
004d8f90	FUN_004d8f90	gamemisc	world	Helpers	caller-vote	115
004d9010	lib_fn_4d9010	lib	_library	cw_lib	ledger	235
004d9100	std::basic_stringbuf<char,std::char_traits<char>,std::allocator<char>_>::vfunction7	lib	_library	stl	stl-ns	89
004d9160	FUN_004d9160	gamemisc	game_misc	Unsorted_002	none	676
004d9410	FUN_004d9410	gamemisc	game_misc	Unsorted_002	none	770
004d9720	FUN_004d9720	gamemisc	game_misc	Unsorted_002	none	571
004d9960	FUN_004d9960	gamemisc	game_misc	_helpers_ctor-like	role:ctor-like	104
004d99d0	FUN_004d99d0	gamemisc	world	Helpers	caller-vote	63
004d9a10	FUN_004d9a10	gamemisc	game_misc	Unsorted_002	none	152
004d9aa8	Catch_All@004d9aa8	lib	_library	eh_funclets	eh	20
004d9ac0	FUN_004d9ac0	gamemisc	game_misc	_helpers_wrapper	role:wrapper	113
004d9b31	Catch_All@004d9b31	lib	_library	eh_funclets	eh	20
004d9b50	FUN_004d9b50	gamemisc	ai	Helpers	caller-vote	32
004d9b70	FUN_004d9b70	gamemisc	game_misc	Unsorted_002	none	50
004d9bb0	FUN_004d9bb0	gamemisc	ai	_helpers_wrapper	role:wrapper	41
004d9be0	FUN_004d9be0	gamemisc	game_misc	Unsorted_002	none	116
004d9c60	FUN_004d9c60	gamemisc	game_misc	Unsorted_002	none	159
004d9cff	Catch_All@004d9cff	lib	_library	eh_funclets	eh	20
004d9d20	FUN_004d9d20	gamemisc	game_misc	Unsorted_002	none	159
004d9dbf	Catch_All@004d9dbf	lib	_library	eh_funclets	eh	20
004d9de0	FUN_004d9de0	gamemisc	ai	Helpers	caller-vote	559
004da010	FUN_004da010	gamemisc	ai	Unsorted	logic:caller-vote	511
004da210	FUN_004da210	gamemisc	ai	Unsorted	logic:caller-vote	627
004da44c	Catch_All@004da44c	lib	_library	eh_funclets	eh	20
004da4a0	FUN_004da4a0	gamemisc	ai	Helpers	caller-vote	447
004da611	Catch_All@004da611	lib	_library	eh_funclets	eh	20
004da680	FUN_004da680	gamemisc	ai	Helpers	caller-vote	254
004da75f	Catch_All@004da75f	lib	_library	eh_funclets	eh	9
004da790	FUN_004da790	gamemisc	ai	Helpers	caller-vote	400
004da906	Catch_All@004da906	lib	_library	eh_funclets	eh	9
004da930	FUN_004da930	gamemisc	ai	Helpers	caller-vote	89
004da990	FUN_004da990	gamemisc	game_misc	_helpers_wrapper	role:wrapper	43
004da9c0	FUN_004da9c0	gamemisc	world	Helpers	caller-vote	41
004da9f0	FUN_004da9f0	gamemisc	game_misc	Unsorted_002	none	138
004daa80	FUN_004daa80	gamemisc	world	Helpers	caller-vote	143
004dab0f	Catch_All@004dab0f	lib	_library	eh_funclets	eh	17
004dab30	fwd_0054a946_4dab30	gamemisc	game_misc	_helpers_thunk	role:thunk	44
004dab60	FUN_004dab60	gamemisc	ai	Helpers	caller-vote	46
004dab90	FUN_004dab90	gamemisc	game_misc	_helpers_dtor-like	role:dtor-like	262
004daca0	FUN_004daca0	gamemisc	ai	Helpers	caller-vote	215
004dad80	FUN_004dad80	gamemisc	world	Unsorted	logic:caller-vote	94
004dade0	FUN_004dade0	gamemisc	game_misc	_helpers_wrapper	role:wrapper	57
004dae20	FUN_004dae20	gamemisc	world	Helpers	caller-vote	103
004dae90	FUN_004dae90	gamemisc	ai	Helpers	caller-vote	55
004daed0	FUN_004daed0	gamemisc	ai	Helpers	caller-vote	55
004daf10	FUN_004daf10	gamemisc	game_misc	_helpers_wrapper	role:wrapper	58
004daf50	FUN_004daf50	gamemisc	ai	Helpers	caller-vote	126
004dafe0	FUN_004dafe0	gamemisc	ai	Unsorted	logic:caller-vote	454
004db1b0	FUN_004db1b0	gamemisc	game_misc	Unsorted_002	none	76
004db200	FUN_004db200	gamemisc	game_misc	Unsorted_002	none	7104
004dcdca	FUN_004dcdca	gamemisc	game_misc	_artifacts	role:artifact	226
004dcff0	FUN_004dcff0	gamemisc	game_misc	_helpers_dtor-like	role:dtor-like	147
004dd090	FUN_004dd090	gamemisc	ai	Helpers	caller-vote	89
004dd0f0	FUN_004dd0f0	gamemisc	game_misc	_helpers_dtor-like	role:dtor-like	171
004dd1a0	FUN_004dd1a0	gamemisc	ai	Helpers	caller-vote	307
004dd2e0	FUN_004dd2e0	gamemisc	ai	Helpers	caller-vote	1779
004dd9da	FUN_004dd9da	gamemisc	game_misc	_artifacts	role:artifact	1061
004dde00	FUN_004dde00	gamemisc	game_misc	Unsorted_002	none	144
004dde90	FUN_004dde90	gamemisc	ai	Unsorted	logic:caller-vote	10330
004e0700	FUN_004e0700	gamemisc	game_misc	_helpers_wrapper	role:wrapper	56
004e0740	lib_fn_4e0740	lib	_library	cw_lib	ledger	2035
004e0f40	spawn_ctor	game	world	Proven	ledger	380
004e10c0	cube::Spawn::~Spawn	game	world	Spawn	rtti	259
004e11d0	cube::Spawn::scalar_deleting_destructor	game	world	Spawn	rtti	33
004e1200	lib_fn_4e1200	lib	_library	cw_lib	ledger	39
004e1230	FUN_004e1230	gamemisc	game_misc	Unsorted_002	none	78
004e1280	FUN_004e1280	gamemisc	game_misc	_helpers_dtor-like	role:dtor-like	208
004e1350	Catch_All@004e1350	lib	_library	eh_funclets	eh	20
004e1370	FUN_004e1370	gamemisc	world	Helpers	caller-vote	162
004e1420	FUN_004e1420	gamemisc	world	Helpers	caller-vote	180
004e14e0	FUN_004e14e0	gamemisc	game_misc	_helpers_wrapper	role:wrapper	58
004e1520	FUN_004e1520	gamemisc	game_misc	Unsorted_002	none	56
004e1560	FUN_004e1560	gamemisc	game_misc	Unsorted_002	none	141
004e15f0	FUN_004e15f0	gamemisc	game_misc	Unsorted_002	none	256
004e16f0	FUN_004e16f0	gamemisc	game_misc	Unsorted_002	none	206
004e17c0	FUN_004e17c0	gamemisc	game_misc	Unsorted_002	none	168
004e1870	FUN_004e1870	gamemisc	game_misc	Unsorted_002	none	159
004e1910	FUN_004e1910	gamemisc	game_misc	Unsorted_002	none	64
004e1950	FUN_004e1950	gamemisc	game_misc	Unsorted_002	none	158
004e19f0	lib_fn_4e19f0	lib	_library	cw_lib	ledger	232
004e1ae0	FUN_004e1ae0	gamemisc	game_misc	Unsorted_002	none	82
004e1b40	FUN_004e1b40	gamemisc	game_misc	Unsorted_002	none	532
004e1d70	FUN_004e1d70	gamemisc	game_misc	Unsorted_002	none	53
004e1db0	FUN_004e1db0	gamemisc	game_misc	Unsorted_002	none	72
004e1e00	FUN_004e1e00	gamemisc	game_misc	Unsorted_002	none	68
004e1e50	FUN_004e1e50	gamemisc	game_misc	Unsorted_002	none	54
004e1e90	FUN_004e1e90	gamemisc	game_misc	Unsorted_002	none	32
004e1eb0	FUN_004e1eb0	gamemisc	entity	Unsorted	logic:caller-vote	23
004e1ed0	FUN_004e1ed0	gamemisc	game_misc	_helpers_ctor-like	role:ctor-like	156
004e1f6c	Catch_All@004e1f6c	lib	_library	eh_funclets	eh	17
004e1f80	house_ctor	game	world	Proven	ledger	329
004e20d0	lib_fn_4e20d0	lib	_library	cw_lib	ledger	52
004e2110	FUN_004e2110	gamemisc	game_misc	_helpers_wrapper	role:wrapper	119
004e2190	FUN_004e2190	gamemisc	game_misc	_helpers_ctor-like	role:ctor-like	185
004e2250	cube::House::~House	game	world	House	rtti	207
004e2320	compute_4e2320	gamemisc	game_misc	_helpers_computed	role:computed	13
004e2330	compute_4e2330	gamemisc	game_misc	_helpers_computed	role:computed	24
004e2350	compute_4e2350	gamemisc	game_misc	_helpers_computed	role:computed	15
004e2360	FUN_004e2360	gamemisc	game_misc	Unsorted_002	none	32
004e2380	cube::House::scalar_deleting_destructor	game	world	House	rtti	33
004e23b0	FUN_004e23b0	gamemisc	game_misc	Unsorted_002	none	75
004e2400	FUN_004e2400	gamemisc	game_misc	_helpers_dtor-like	role:dtor-like	228
004e24e4	Catch_All@004e24e4	lib	_library	eh_funclets	eh	20
004e2500	FUN_004e2500	gamemisc	game_misc	_helpers_dtor-like	role:dtor-like	188
004e25bc	Catch_All@004e25bc	lib	_library	eh_funclets	eh	20
004e25e0	lib_fn_4e25e0	lib	_library	cw_lib	ledger	189
004e269d	Catch_All@004e269d	lib	_library	eh_funclets	eh	20
004e26c0	FUN_004e26c0	gamemisc	game_misc	Unsorted_002	none	111
004e2730	FUN_004e2730	gamemisc	game_misc	Unsorted_002	none	115
004e27b0	FUN_004e27b0	gamemisc	game_misc	Unsorted_002	none	115
004e2830	compute_4e2830	gamemisc	game_misc	_helpers_computed	role:computed	7
004e2840	lib_fn_4e2840	lib	_library	cw_lib	ledger	134
004e28d0	compute_4e28d0	gamemisc	game_misc	_helpers_computed	role:computed	11
004e28e0	town_builder	game	world	Proven	ledger	2083
004e310a	FUN_004e310a	gamemisc	game_misc	_artifacts	role:artifact	28175
004eaa7a	FUN_004eaa7a	gamemisc	game_misc	_artifacts	role:artifact	14586
004ee3aa	FUN_004ee3aa	gamemisc	game_misc	_artifacts	role:artifact	17215
004f2be0	std_vector_push_back_int	lib	_library	cw_lib	ledger	101
004f2c50	std_vector_push_back (32B elem)	lib	_library	cw_lib	ledger	117
004f2cd0	lib_fn_4f2cd0	lib	_library	cw_lib	ledger	498
004f2ee0	house_furniture_placer	game	world	Proven	ledger	1359
004f3490	lib_fn_4f3490	lib	_library	cw_lib	ledger	397
004f3630	unproven ctor -- GAME	game	game_misc	Game	ledger	186
004f36f0	lib_fn_4f36f0	lib	_library	cw_lib	ledger	275
004f3803	Catch_All@004f3803	lib	_library	eh_funclets	eh	17
004f3820	compute_4f3820	gamemisc	game_misc	_helpers_computed	role:computed	23
004f3840	compute_4f3840	gamemisc	game_misc	_helpers_computed	role:computed	9
004f3850	FUN_004f3850	gamemisc	world	Helpers	caller-vote	45
004f3880	FUN_004f3880	gamemisc	game_misc	Unsorted_002	none	31
004f38a0	FUN_004f38a0	gamemisc	game_misc	Unsorted_003	none	147
004f3940	FUN_004f3940	gamemisc	game_misc	Unsorted_003	none	149
004f39e0	FUN_004f39e0	gamemisc	world	Helpers	caller-vote	147
004f3a80	FUN_004f3a80	gamemisc	game_misc	Unsorted_003	none	148
004f3b20	FUN_004f3b20	gamemisc	game_misc	_helpers_wrapper	role:wrapper	52
004f3b60	FUN_004f3b60	gamemisc	game_misc	_helpers_wrapper	role:wrapper	58
004f3ba0	FUN_004f3ba0	gamemisc	world	Helpers	caller-vote	70
004f3bf0	FUN_004f3bf0	gamemisc	world	_helpers_dtor-like	role:dtor-like	104
004f3c60	FUN_004f3c60	gamemisc	game_misc	Unsorted_003	none	518
004f3e70	FUN_004f3e70	gamemisc	ai	Helpers	caller-vote	518
004f4080	FUN_004f4080	gamemisc	game_misc	Unsorted_003	none	565
004f427f	Catch_All@004f427f	lib	_library	eh_funclets	eh	20
004f42d0	FUN_004f42d0	gamemisc	game_misc	Unsorted_003	none	622
004f4505	Catch_All@004f4505	lib	_library	eh_funclets	eh	20
004f4560	FUN_004f4560	gamemisc	game_misc	Unsorted_003	none	318
004f469e	Catch_All@004f469e	lib	_library	eh_funclets	eh	20
004f46c0	FUN_004f46c0	gamemisc	game_misc	Unsorted_003	none	382
004f483e	Catch_All@004f483e	lib	_library	eh_funclets	eh	20
004f4860	FUN_004f4860	gamemisc	game_misc	Unsorted_003	none	217
004f4940	FUN_004f4940	gamemisc	game_misc	Unsorted_003	none	144
004f49d0	FUN_004f49d0	gamemisc	world	Helpers	caller-vote	138
004f4a5a	FUN_004f4a5a	gamemisc	game_misc	_artifacts	role:artifact	79
004f4ab0	FUN_004f4ab0	gamemisc	game_misc	Unsorted_003	none	58
004f4aea	FUN_004f4aea	gamemisc	game_misc	_artifacts	role:artifact	102
004f4b50	FUN_004f4b50	gamemisc	game_misc	Unsorted_003	none	345
004f4cb0	FUN_004f4cb0	gamemisc	game_misc	Unsorted_003	none	273
004f4dd0	FUN_004f4dd0	gamemisc	world	Helpers	caller-vote	345
004f4f30	FUN_004f4f30	gamemisc	game_misc	Unsorted_003	none	279
004f5050	FUN_004f5050	gamemisc	game_misc	Unsorted_003	none	143
004f50e0	FUN_004f50e0	gamemisc	game_misc	Unsorted_003	none	141
004f5170	FUN_004f5170	gamemisc	game_misc	Unsorted_003	none	899
004f5500	FUN_004f5500	gamemisc	game_misc	Unsorted_003	none	167
004f55b0	FUN_004f55b0	gamemisc	world	Helpers	caller-vote	899
004f5940	FUN_004f5940	gamemisc	game_misc	Unsorted_003	none	167
004f59f0	FUN_004f59f0	gamemisc	game_misc	Unsorted_003	none	202
004f5ac0	FUN_004f5ac0	gamemisc	game_misc	Unsorted_003	none	117
004f5b40	FUN_004f5b40	gamemisc	game_misc	Unsorted_003	none	114
004f5bc0	FUN_004f5bc0	gamemisc	world	Helpers	caller-vote	113
004f5c40	FUN_004f5c40	gamemisc	game_misc	Unsorted_003	none	116
004f5cc0	sort_routine_4f5cc0	gamemisc	game_misc	Game	ledger	310
004f5e00	FUN_004f5e00	gamemisc	game_misc	Unsorted_003	none	310
004f5f40	FUN_004f5f40	gamemisc	world	Helpers	caller-vote	310
004f6080	FUN_004f6080	gamemisc	game_misc	Unsorted_003	none	310
004f61c0	FUN_004f61c0	gamemisc	game_misc	Unsorted_003	none	192
004f6280	FUN_004f6280	gamemisc	game_misc	Unsorted_003	none	163
004f6330	FUN_004f6330	gamemisc	world	Helpers	caller-vote	192
004f63f0	FUN_004f63f0	gamemisc	game_misc	Unsorted_003	none	167
004f64a0	FUN_004f64a0	gamemisc	game_misc	Unsorted_003	none	170
004f654a	FUN_004f654a	gamemisc	game_misc	_artifacts	role:artifact	669
004f67f0	FUN_004f67f0	gamemisc	game_misc	Unsorted_003	none	616
004f6a60	FUN_004f6a60	gamemisc	world	Helpers	caller-vote	170
004f6b0a	FUN_004f6b0a	gamemisc	game_misc	_artifacts	role:artifact	669
004f6db0	FUN_004f6db0	gamemisc	game_misc	Unsorted_003	none	802
004f70f0	FUN_004f70f0	gamemisc	game_misc	Unsorted_003	none	61
004f7130	FUN_004f7130	gamemisc	world	Unsorted	logic:caller-vote	138
004f71a6	Catch_All@004f71a6	lib	_library	eh_funclets	eh	35
004f71e0	FUN_004f71e0	gamemisc	game_misc	Unsorted_003	none	66
004f7230	FUN_004f7230	gamemisc	game_misc	Unsorted_003	none	60
004f7270	FUN_004f7270	gamemisc	game_misc	_helpers_dtor-like	role:dtor-like	84
004f72d0	FUN_004f72d0	gamemisc	game_misc	Unsorted_003	none	23
004f72f0	FUN_004f72f0	gamemisc	game_misc	Unsorted_003	none	31
004f7310	fwd_0042f040_4f7310	gamemisc	game_misc	_helpers_thunk	role:thunk	27
004f7330	fwd_00407b00_4f7330	gamemisc	game_misc	_helpers_thunk	role:thunk	27
004f7350	FUN_004f7350	gamemisc	game_misc	Unsorted_003	none	32
004f7370	dungeon_grid_init	game	world	Proven	ledger	105
004f73ca	FUN_004f73ca	gamemisc	game_misc	_artifacts	role:artifact	28
004f7400	FUN_004f7400	gamemisc	world	Helpers	caller-vote	130
004f7490	FUN_004f7490	gamemisc	game_misc	_helpers_ctor-like	role:ctor-like	161
004f7540	FUN_004f7540	gamemisc	world	_helpers_ctor-like	role:ctor-like	44
004f7570	cube::Region::Region	game	world	Region	rtti	174
004f7620	FUN_004f7620	gamemisc	world	Helpers	caller-vote	52
004f7660	FUN_004f7660	gamemisc	world	Helpers	caller-vote	166
004f7710	FUN_004f7710	gamemisc	game_misc	_helpers_wrapper	role:wrapper	36
004f7740	FUN_004f7740	gamemisc	game_misc	_helpers_wrapper	role:wrapper	66
004f7790	cube::Dungeon::~Dungeon	game	world	Dungeon	rtti	16
004f77a0	FUN_004f77a0	gamemisc	world	Helpers	caller-vote	77
004f77f0	cube::Region::~Region	game	world	Region	rtti	159
004f7890	FUN_004f7890	gamemisc	game_misc	Unsorted_003	none	120
004f7910	FUN_004f7910	gamemisc	game_misc	Unsorted_003	none	146
004f79b0	compute_4f79b0	gamemisc	game_misc	_helpers_computed	role:computed	18
004f79d0	FUN_004f79d0	gamemisc	game_misc	Unsorted_003	none	19
004f79f0	int128_sub	lib	_library	cw_lib	ledger	61
004f7a30	FUN_004f7a30	gamemisc	game_misc	_helpers_wrapper	role:wrapper	51
004f7a70	FUN_004f7a70	gamemisc	game_misc	Unsorted_003	none	55
004f7ab0	FUN_004f7ab0	gamemisc	game_misc	Unsorted_003	none	67
004f7b00	cube::Dungeon::scalar_deleting_destructor	game	world	Dungeon	rtti	45
004f7b30	cube::Region::scalar_deleting_destructor	game	world	Region	rtti	33
004f7b60	FUN_004f7b60	gamemisc	game_misc	Unsorted_003	none	54
004f7ba0	FUN_004f7ba0	gamemisc	world	Helpers	caller-vote	55
004f7be0	FUN_004f7be0	gamemisc	ai	Helpers	caller-vote	55
004f7c20	FUN_004f7c20	gamemisc	ai	Helpers	caller-vote	55
004f7c60	FUN_004f7c60	gamemisc	world	Helpers	caller-vote	63
004f7ca0	FUN_004f7ca0	gamemisc	game_misc	Unsorted_003	none	85
004f7d00	FUN_004f7d00	gamemisc	game_misc	_helpers_dtor-like	role:dtor-like	212
004f7dd4	Catch_All@004f7dd4	lib	_library	eh_funclets	eh	20
004f7df0	FUN_004f7df0	gamemisc	world	Helpers	caller-vote	225
004f7ed1	Catch_All@004f7ed1	lib	_library	eh_funclets	eh	20
004f7ef0	lib_fn_4f7ef0	lib	_library	cw_lib	ledger	207
004f7fbf	Catch_All@004f7fbf	lib	_library	eh_funclets	eh	20
004f7fe0	FUN_004f7fe0	gamemisc	game_misc	_helpers_dtor-like	role:dtor-like	207
004f80af	Catch_All@004f80af	lib	_library	eh_funclets	eh	20
004f80d0	FUN_004f80d0	gamemisc	world	Helpers	caller-vote	162
004f8180	FUN_004f8180	gamemisc	world	Helpers	caller-vote	162
004f8230	FUN_004f8230	gamemisc	game_misc	Unsorted_003	none	159
004f82d0	lib_fn_4f82d0	lib	_library	cw_lib	ledger	456
004f84a0	grid_cell_accessor -- GAME	game	game_misc	Game	ledger	127
004f8520	FUN_004f8520	gamemisc	game_misc	Unsorted_003	none	72
004f8570	lib_fn_4f8570	lib	_library	cw_lib	ledger	1482
004f8b40	lib_fn_4f8b40	lib	_library	cw_lib	ledger	1228
004f9010	corridor_connect	game	world	Proven	ledger	1085
004f9450	lib_fn_4f9450	lib	_library	cw_lib	ledger	1822
004f9b70	World_generateBiomeSample	game	world	Proven	ledger	4874
004fae90	lib_fn_4fae90	lib	_library	cw_lib	ledger	1509
004fb480	lib_fn_4fb480	lib	_library	cw_lib	ledger	2867
004fc060	FUN_004fc060	gamemisc	world	Unsorted	logic:caller-vote	155
004fc100	FUN_004fc100	gamemisc	game_misc	_helpers_wrapper	role:wrapper	50
004fc140	lib_fn_4fc140	lib	_library	cw_lib	ledger	50
004fc180	lib_fn_4fc180	lib	_library	cw_lib	ledger	6033
004fd920	lib_fn_4fd920	lib	_library	cw_lib	ledger	1083
004fdd80	lib_fn_4fdd80	lib	_library	cw_lib	ledger	249
004fde90	lib_fn_4fde90	lib	_library	cw_lib	ledger	3381
004febd0	World_findNearestFeatureCell	gamemisc	world	Proven	ledger	749
004feec0	FUN_004feec0	gamemisc	game_misc	Unsorted_003	none	721
004ff1a0	FUN_004ff1a0	gamemisc	world	Helpers	caller-vote	409
004ff340	fill_box	game	world	Proven	ledger	160
004ff3f0	lib_fn_4ff3f0	lib	_library	cw_lib	ledger	426
004ff59a	FUN_004ff59a	gamemisc	game_misc	_artifacts	role:artifact	1600
004ffbf0	lib_fn_4ffbf0	lib	_library	cw_lib	ledger	1802
00500300	dungeon_assembler	game	world	Proven	ledger	6267
00501e0a	FUN_00501e0a	gamemisc	game_misc	_artifacts	role:artifact	2715
00502a7a	FUN_00502a7a	gamemisc	game_misc	_artifacts	role:artifact	840
00502dca	FUN_00502dca	gamemisc	game_misc	_artifacts	role:artifact	9401
0050529a	FUN_0050529a	gamemisc	game_misc	_artifacts	role:artifact	304
005053ca	FUN_005053ca	gamemisc	game_misc	_artifacts	role:artifact	304
005054fa	FUN_005054fa	gamemisc	game_misc	_artifacts	role:artifact	6960
0050702a	dungeon_mob_populator	game	world	Proven	ledger	8946
0050998a	FUN_0050998a	gamemisc	game_misc	_artifacts	role:artifact	1013
00509e40	stl_fn_509e40	lib	_library	cw_lib	ledger	6696
0050b870	lib_fn_50b870	lib	_library	cw_lib	ledger	1252
0050bd60	lib_fn_50bd60	lib	_library	cw_lib	ledger	2010
0050c550	FUN_0050c550	gamemisc	game_misc	Unsorted_003	none	3330
0050d260	FUN_0050d260	gamemisc	game_misc	Unsorted_003	none	1642
0050d8d0	FUN_0050d8d0	gamemisc	game_misc	Unsorted_003	none	419
0050da73	FUN_0050da73	gamemisc	game_misc	_artifacts	role:artifact	1541
0050e080	featureGrid	game	world	Proven	ledger	9264
005104e0	lib_fn_5104e0	lib	_library	cw_lib	ledger	7192
0051210a	FUN_0051210a	gamemisc	game_misc	_artifacts	role:artifact	4767
00513400	lib_fn_513400	lib	_library	cw_lib	ledger	864
00513760	lib_fn_513760	lib	_library	cw_lib	ledger	7494
005154aa	FUN_005154aa	gamemisc	game_misc	_artifacts	role:artifact	2225
00515d6a	FUN_00515d6a	gamemisc	game_misc	_artifacts	role:artifact	9225
0051819a	FUN_0051819a	gamemisc	game_misc	_artifacts	role:artifact	1161
00518630	zone_builder	game	world	Proven	ledger	474
0051880a	FUN_0051880a	gamemisc	game_misc	_artifacts	role:artifact	8528
0051ae9a	FUN_0051ae9a	gamemisc	game_misc	_artifacts	role:artifact	656
0051b12a	FUN_0051b12a	gamemisc	game_misc	_artifacts	role:artifact	320
0051b26a	FUN_0051b26a	gamemisc	game_misc	_artifacts	role:artifact	5776
0051c90a	FUN_0051c90a	gamemisc	game_misc	_artifacts	role:artifact	9278
0051ed6a	FUN_0051ed6a	gamemisc	game_misc	_artifacts	role:artifact	12564
00521ed0	FUN_00521ed0	gamemisc	world	Helpers	caller-vote	952
00522290	feature_count_range	game	world	Proven	ledger	137
00522320	lib_fn_522320	lib	_library	cw_lib	ledger	593
00522580	FUN_00522580	gamemisc	game_misc	Unsorted_003	none	659
00522820	FUN_00522820	gamemisc	game_misc	Unsorted_003	none	20
00522840	biome_border	game	world	Proven	ledger	1137
00522cc0	dist2_16_16	game	game_misc	Game	ledger	180
00522d80	World_terrainOffset2D	gamemisc	world	Proven	ledger	159
00522e20	World_waterProximityInfluence	gamemisc	world	Proven	ledger	1376
00523380	pointSegmentDistanceSq	gamemisc	game_misc	Game	ledger	292
005234b0	seg_carve	game	world	Proven	ledger	538
005236d0	room_carve	game	world	Proven	ledger	1212
00523b90	lib_fn_523b90	lib	_library	cw_lib	ledger	493
00523d80	lib_fn_523d80	lib	_library	cw_lib	ledger	1920
00524500	FUN_00524500	gamemisc	game_misc	Unsorted_003	none	58
00524540	creature_spawn_builder	game	world	Proven	ledger	15842
005283b0	FUN_005283b0	gamemisc	game_misc	_helpers_wrapper	role:wrapper	67
00528400	FUN_00528400	gamemisc	game_misc	_helpers_wrapper	role:wrapper	67
00528450	std_list_push_back	lib	_library	cw_lib	ledger	67
005284a0	FUN_005284a0	gamemisc	world	Helpers	caller-vote	130
00528530	loot_append	game	entity	Proven	ledger	132
005285c0	FUN_005285c0	gamemisc	world	Helpers	caller-vote	213
005286a0	UNRESOLVED_5286a0	gamemisc	game_misc	Game	ledger	143
00528730	FUN_00528730	gamemisc	game_misc	Unsorted_003	none	115
005287b0	lib_fn_5287b0	lib	_library	cw_lib	ledger	1077
00528bf0	lib_fn_528bf0	lib	_library	cw_lib	ledger	1240
005290d0	FUN_005290d0	gamemisc	game_misc	Unsorted_003	none	5775
0052a760	lib_fn_52a760	lib	_library	cw_lib	ledger	194
0052a830	dungeon_scatter_emitter	game	world	Proven	ledger	1448
0052ae10	FUN_0052ae10	gamemisc	game_misc	Unsorted_003	none	934
0052b1c0	lib_fn_52b1c0	lib	_library	cw_lib	ledger	100
0052b230	FUN_0052b230	gamemisc	game_misc	Unsorted_003	none	448
0052b3f0	FUN_0052b3f0	gamemisc	game_misc	_helpers_wrapper	role:wrapper	126
0052b470	lib_fn_52b470	lib	_library	cw_lib	ledger	2765
0052bf40	rarityRoll	game	game_misc	Game	ledger	94
0052bfa0	FUN_0052bfa0	gamemisc	game_misc	Unsorted_003	none	311
0052c160	lib_fn_52c160	lib	_library	cw_lib	ledger	502
0052c370	lib_fn_52c370	lib	_library	cw_lib	ledger	341
0052c4e0	lib_fn_52c4e0	lib	_library	cw_lib	ledger	820
0052c820	World_objectFalloffWeight	game	world	Proven	ledger	1325
0052cd50	World_sampleTerrainHeight	game	world	Proven	ledger	731
0052d030	lib_fn_52d030	lib	_library	cw_lib	ledger	1426
0052d5d0	lib_fn_52d5d0	lib	_library	cw_lib	ledger	581
0052d820	FUN_0052d820	gamemisc	game_misc	Unsorted_003	none	25
0052d840	FUN_0052d840	gamemisc	world	Helpers	caller-vote	25
0052d860	get_0x14_52d860	gamemisc	game_misc	_helpers_accessor	role:accessor	4
0052d870	lib_fn_52d870	lib	_library	cw_lib	ledger	276
0052d990	World_computeClimateColor	game	world	Proven	ledger	498
0052db90	lib_fn_52db90	lib	_library	cw_lib	ledger	584
0052dde0	grid_orient_transform	game	game_misc	Game	ledger	115
0052de60	FUN_0052de60	gamemisc	world	Helpers	caller-vote	123
0052dee0	World_falloffSquared	gamemisc	world	Proven	ledger	60
0052df20	compute_52df20	gamemisc	game_misc	_helpers_computed	role:computed	20
0052df40	FUN_0052df40	gamemisc	game_misc	_helpers_wrapper	role:wrapper	58
0052df80	FUN_0052df80	gamemisc	world	Helpers	caller-vote	44
0052dfb0	FUN_0052dfb0	gamemisc	ai	Helpers	caller-vote	32
0052dfd0	FUN_0052dfd0	gamemisc	game_misc	_helpers_wrapper	role:wrapper	92
0052e02c	Catch_All@0052e02c	lib	_library	eh_funclets	eh	17
0052e040	FUN_0052e040	gamemisc	game_misc	Unsorted_003	none	116
0052e0c0	FUN_0052e0c0	gamemisc	game_misc	Unsorted_003	none	86
0052e120	FUN_0052e120	gamemisc	game_misc	Unsorted_003	none	159
0052e1bf	Catch_All@0052e1bf	lib	_library	eh_funclets	eh	20
0052e1e0	FUN_0052e1e0	gamemisc	game_misc	Unsorted_003	none	101
0052e250	FUN_0052e250	gamemisc	game_misc	Unsorted_003	none	511
0052e450	FUN_0052e450	gamemisc	game_misc	Unsorted_003	none	310
0052e567	Catch_All@0052e567	lib	_library	eh_funclets	eh	9
0052e590	FUN_0052e590	gamemisc	game_misc	Unsorted_003	none	155
0052e617	Catch_All@0052e617	lib	_library	eh_funclets	eh	41
0052e660	FUN_0052e660	gamemisc	game_misc	Unsorted_003	none	80
0052e6b0	FUN_0052e6b0	gamemisc	game_misc	Unsorted_003	none	92
0052e710	FUN_0052e710	gamemisc	game_misc	Unsorted_003	none	42
0052e73a	FUN_0052e73a	gamemisc	game_misc	_artifacts	role:artifact	128
0052e7c0	FUN_0052e7c0	gamemisc	game_misc	Unsorted_003	none	197
0052e890	FUN_0052e890	gamemisc	game_misc	_helpers_wrapper	role:wrapper	118
0052e906	Catch_All@0052e906	lib	_library	eh_funclets	eh	26
0052e930	fwd_0052ed30_52e930	gamemisc	game_misc	_helpers_thunk	role:thunk	27
0052e950	FUN_0052e950	gamemisc	game_misc	Unsorted_003	none	132
0052e9e0	FUN_0052e9e0	gamemisc	game_misc	Unsorted_003	none	136
0052ea70	FUN_0052ea70	gamemisc	game_misc	_helpers_dtor-like	role:dtor-like	265
0052eb79	Catch_All@0052eb79	lib	_library	eh_funclets	eh	17
0052eb90	compute_52eb90	gamemisc	game_misc	_helpers_computed	role:computed	6
0052eba0	compute_52eba0	gamemisc	game_misc	_helpers_computed	role:computed	9
0052ebb0	fwd_0054a946_52ebb0	gamemisc	game_misc	_helpers_thunk	role:thunk	54
0052ebf0	FUN_0052ebf0	gamemisc	game_misc	Unsorted_003	none	18
0052ec10	FUN_0052ec10	gamemisc	game_misc	Unsorted_003	none	19
0052ec30	FUN_0052ec30	gamemisc	game_misc	Unsorted_003	none	76
0052ec80	FUN_0052ec80	gamemisc	game_misc	_helpers_wrapper	role:wrapper	57
0052ecc0	FUN_0052ecc0	gamemisc	game_misc	Unsorted_003	none	101
0052ed30	FUN_0052ed30	gamemisc	entity	Helpers	caller-vote	47
0052ed60	FUN_0052ed60	gamemisc	world	Helpers	caller-vote	55
0052eda0	FUN_0052eda0	gamemisc	game_misc	_helpers_dtor-like	role:dtor-like	188
0052ee5c	Catch_All@0052ee5c	lib	_library	eh_funclets	eh	20
0052ee80	FUN_0052ee80	gamemisc	game_misc	Unsorted_003	none	115
0052ef00	FUN_0052ef00	gamemisc	ai	Helpers	caller-vote	2032
0052f6fa	FUN_0052f6fa	gamemisc	game_misc	_artifacts	role:artifact	1344
0052fc3a	FUN_0052fc3a	gamemisc	game_misc	_artifacts	role:artifact	2080
00530470	FUN_00530470	gamemisc	game_misc	Unsorted_003	none	203
00530540	compute_530540	gamemisc	game_misc	_helpers_computed	role:computed	9
00530550	FUN_00530550	gamemisc	world	Helpers	caller-vote	14
00530560	FUN_00530560	gamemisc	game_misc	Unsorted_003	none	77
005305b0	FUN_005305b0	gamemisc	game_misc	_helpers_wrapper	role:wrapper	68
00530600	FUN_00530600	gamemisc	ai	Unsorted	logic:caller-vote	115
00530680	compute_530680	gamemisc	game_misc	_helpers_computed	role:computed	8
00530690	FUN_00530690	gamemisc	game_misc	_helpers_wrapper	role:wrapper	47
005306c0	compute_5306c0	gamemisc	game_misc	_helpers_computed	role:computed	11
005306d0	FUN_005306d0	gamemisc	game_misc	Unsorted_003	none	282
005307f0	FUN_005307f0	gamemisc	game_misc	_helpers_wrapper	role:wrapper	67
00530840	FUN_00530840	gamemisc	game_misc	Unsorted_003	none	99
005308b0	FUN_005308b0	gamemisc	game_misc	Unsorted_003	none	458
00530a7a	FUN_00530a7a	gamemisc	game_misc	_artifacts	role:artifact	4589
00531c6a	FUN_00531c6a	gamemisc	game_misc	_artifacts	role:artifact	1561
005322d0	lib_fn_5322d0	lib	_library	cw_lib	ledger	419
00532473	FUN_00532473	gamemisc	game_misc	_artifacts	role:artifact	2175
00532cfa	FUN_00532cfa	gamemisc	game_misc	_artifacts	role:artifact	3472
00533e0a	FUN_00533e0a	gamemisc	game_misc	_artifacts	role:artifact	128
00533e8a	FUN_00533e8a	gamemisc	game_misc	_artifacts	role:artifact	1392
005343fa	FUN_005343fa	gamemisc	game_misc	_artifacts	role:artifact	7810
00536290	FUN_00536290	gamemisc	game_misc	Unsorted_003	none	125
0053630d	FUN_0053630d	gamemisc	game_misc	_indirect_dispatch-target	role:dispatch-target	332
00536459	FUN_00536459	gamemisc	game_misc	_indirect_dispatch-target	role:dispatch-target	173
00536506	FUN_00536506	gamemisc	game_misc	_indirect_dispatch-target	role:dispatch-target	516
0053670a	FUN_0053670a	gamemisc	game_misc	_indirect_dispatch-target	role:dispatch-target	1882
00536e64	FUN_00536e64	gamemisc	game_misc	_indirect_dispatch-target	role:dispatch-target	595
005370b7	FUN_005370b7	gamemisc	game_misc	_indirect_dispatch-target	role:dispatch-target	1742
0053778c	FUN_0053778c	gamemisc	game_misc	_indirect_dispatch-target	role:dispatch-target	1110
00537cef	FUN_00537cef	gamemisc	game_misc	_indirect_dispatch-target	role:dispatch-target	569
00537f28	FUN_00537f28	gamemisc	game_misc	_indirect_dispatch-target	role:dispatch-target	140
00537fb4	FUN_00537fb4	gamemisc	game_misc	_indirect_dispatch-target	role:dispatch-target	355
0053ad3c	FUN_0053ad3c	gamemisc	game_misc	_indirect_dispatch-target	role:dispatch-target	300
0053ae68	FUN_0053ae68	gamemisc	game_misc	_indirect_dispatch-target	role:dispatch-target	337
0053afb9	FUN_0053afb9	gamemisc	game_misc	_indirect_dispatch-target	role:dispatch-target	662
0053b973	FUN_0053b973	gamemisc	game_misc	_indirect_dispatch-target	role:dispatch-target	192
0053caf5	FUN_0053caf5	gamemisc	game_misc	_indirect_dispatch-target	role:dispatch-target	172
0053cba1	FUN_0053cba1	gamemisc	game_misc	_indirect_dispatch-target	role:dispatch-target	13776
0054140a	FUN_0054140a	gamemisc	game_misc	_artifacts	role:artifact	1693
00541aaa	FUN_00541aaa	gamemisc	game_misc	_artifacts	role:artifact	752
00541d9a	FUN_00541d9a	gamemisc	game_misc	_artifacts	role:artifact	19159
0054687a	FUN_0054687a	gamemisc	game_misc	_artifacts	role:artifact	8010
0054709a	FUN_0054709a	gamemisc	game_misc	_artifacts	role:artifact	395
00548b00	FUN_00548b00	gamemisc	game_misc	_helpers_wrapper	role:wrapper	30
00548b20	FUN_00548b20	gamemisc	game_misc	_helpers_wrapper	role:wrapper	30
00548b40	fwd_004268f0_548b40	gamemisc	game_misc	_helpers_thunk	role:thunk	31
00548b60	cube::Zone::Zone	game	world	Zone	rtti	591
00548db0	FUN_00548db0	gamemisc	game_misc	_helpers_wrapper	role:wrapper	66
00548e00	cube::Zone::~Zone	game	world	Zone	rtti	869
00549170	cube::Field::scalar_deleting_destructor	game	world	Field	rtti	85
005491d0	cube::Zone::scalar_deleting_destructor	game	world	Zone	rtti	33
00549200	FUN_00549200	gamemisc	game_misc	Unsorted_003	none	141
0054928d	Catch_All@0054928d	lib	_library	eh_funclets	eh	26
005492ad	vdispatch_5492ad	gamemisc	game_misc	_helpers_dispatch	role:dispatch	68
00549300	FUN_00549300	gamemisc	world	Helpers	caller-vote	40
00549330	FUN_00549330	gamemisc	world	Helpers	caller-vote	264
00549440	FUN_00549440	gamemisc	world	Helpers	caller-vote	264
00549550	lib_fn_549550	lib	_library	cw_lib	ledger	1479
00549b20	std::_Func_impl<std::_Callable_obj<<lambda_00ca7a589ff1e281ef3a7159f4e6a134>,0>,std::allocator<std::_Func_class<void,std::_Nil,std::_Nil,std::_Nil,std::_Nil,std::_Nil,std::_Nil,std::_Nil>_>,void,std::_Nil,std::_Nil,std::_Nil,std::_Nil,std::_Nil,std::_Nil,std::_Nil>::scalar_deleting_destructor	lib	_library	stl	stl-ns	34
00549b50	std::_Func_impl<std::_Callable_obj<<lambda_00ca7a589ff1e281ef3a7159f4e6a134>,0>,std::allocator<std::_Func_class<void,std::_Nil,std::_Nil,std::_Nil,std::_Nil,std::_Nil,std::_Nil,std::_Nil>_>,void,std::_Nil,std::_Nil,std::_Nil,std::_Nil,std::_Nil,std::_Nil,std::_Nil>::vfunction3	lib	_library	stl	stl-ns	59
00549b90	std::_Func_impl<std::_Callable_obj<<lambda_90aea85a8928b722e251ae835df30be1>,0>,std::allocator<std::_Func_class<void,std::_Nil,std::_Nil,std::_Nil,std::_Nil,std::_Nil,std::_Nil,std::_Nil>_>,void,std::_Nil,std::_Nil,std::_Nil,std::_Nil,std::_Nil,std::_Nil,std::_Nil>::vfunction3	lib	_library	stl	stl-ns	8
00549ba0	std::_Func_impl<std::_Callable_obj<<lambda_00ca7a589ff1e281ef3a7159f4e6a134>,0>,std::allocator<std::_Func_class<void,std::_Nil,std::_Nil,std::_Nil,std::_Nil,std::_Nil,std::_Nil,std::_Nil>_>,void,std::_Nil,std::_Nil,std::_Nil,std::_Nil,std::_Nil,std::_Nil,std::_Nil>::vfunction1	lib	_library	stl	stl-ns	50
00549be0	std::_Func_impl<std::_Callable_obj<<lambda_90aea85a8928b722e251ae835df30be1>,0>,std::allocator<std::_Func_class<void,std::_Nil,std::_Nil,std::_Nil,std::_Nil,std::_Nil,std::_Nil,std::_Nil>_>,void,std::_Nil,std::_Nil,std::_Nil,std::_Nil,std::_Nil,std::_Nil,std::_Nil>::vfunction1	lib	_library	stl	stl-ns	70
00549c30	std::_Func_impl<std::_Callable_obj<<lambda_00ca7a589ff1e281ef3a7159f4e6a134>,0>,std::allocator<std::_Func_class<void,std::_Nil,std::_Nil,std::_Nil,std::_Nil,std::_Nil,std::_Nil,std::_Nil>_>,void,std::_Nil,std::_Nil,std::_Nil,std::_Nil,std::_Nil,std::_Nil,std::_Nil>::vfunction4	lib	_library	stl	stl-ns	6
00549c40	std::_Func_impl<std::_Callable_obj<<lambda_90aea85a8928b722e251ae835df30be1>,0>,std::allocator<std::_Func_class<void,std::_Nil,std::_Nil,std::_Nil,std::_Nil,std::_Nil,std::_Nil,std::_Nil>_>,void,std::_Nil,std::_Nil,std::_Nil,std::_Nil,std::_Nil,std::_Nil,std::_Nil>::vfunction4	lib	_library	stl	stl-ns	6
00549c50	world_create	game	world	Proven	ledger	2242
0054a512	ZLIB1.DLL::inflate	lib	_library	imports	import-ns	6
0054a518	ZLIB1.DLL::inflateEnd	lib	_library	imports	import-ns	6
0054a51e	ZLIB1.DLL::compress	lib	_library	imports	import-ns	6
0054a524	ZLIB1.DLL::inflateInit_	lib	_library	imports	import-ns	6
0054a52a	WS2_32.DLL::recv	lib	_library	imports	import-ns	6
0054a530	WS2_32.DLL::send	lib	_library	imports	import-ns	6
0054a536	WS2_32.DLL::accept	lib	_library	imports	import-ns	6
0054a53c	WS2_32.DLL::bind	lib	_library	imports	import-ns	6
0054a542	WS2_32.DLL::closesocket	lib	_library	imports	import-ns	6
0054a548	WS2_32.DLL::htons	lib	_library	imports	import-ns	6
0054a54e	WS2_32.DLL::listen	lib	_library	imports	import-ns	6
0054a554	WS2_32.DLL::socket	lib	_library	imports	import-ns	6
0054a55a	WS2_32.DLL::WSAStartup	lib	_library	imports	import-ns	6
0054a560	WS2_32.DLL::WSACleanup	lib	_library	imports	import-ns	6
0054a56c	KERNEL32.DLL::Sleep	lib	_library	imports	import-ns	6
0054a572	KERNEL32.DLL::DeleteFileA	lib	_library	imports	import-ns	6
0054a578	KERNEL32.DLL::AreFileApisANSI	lib	_library	imports	import-ns	6
0054a57e	KERNEL32.DLL::GetSystemTime	lib	_library	imports	import-ns	6
0054a584	KERNEL32.DLL::LocalFree	lib	_library	imports	import-ns	6
0054a58a	KERNEL32.DLL::GetTempPathA	lib	_library	imports	import-ns	6
0054a590	KERNEL32.DLL::GetCurrentProcessId	lib	_library	imports	import-ns	6
0054a596	KERNEL32.DLL::DeleteFileW	lib	_library	imports	import-ns	6
0054a59c	KERNEL32.DLL::CloseHandle	lib	_library	imports	import-ns	6
0054a5a2	KERNEL32.DLL::GetVersionExA	lib	_library	imports	import-ns	6
0054a5ae	KERNEL32.DLL::GetFileAttributesExW	lib	_library	imports	import-ns	6
0054a5b4	KERNEL32.DLL::GetSystemInfo	lib	_library	imports	import-ns	6
0054a5c0	KERNEL32.DLL::CreateFileMappingW	lib	_library	imports	import-ns	6
0054a5cc	KERNEL32.DLL::LoadLibraryA	lib	_library	imports	import-ns	6
0054a5d8	KERNEL32.DLL::LockFileEx	lib	_library	imports	import-ns	6
0054a5e4	KERNEL32.DLL::GetProcAddress	lib	_library	imports	import-ns	6
0054a5ea	KERNEL32.DLL::GetLastError	lib	_library	imports	import-ns	6
0054a5f0	KERNEL32.DLL::GetTempPathW	lib	_library	imports	import-ns	6
0054a5f6	KERNEL32.DLL::FlushFileBuffers	lib	_library	imports	import-ns	6
0054a5fc	KERNEL32.DLL::MultiByteToWideChar	lib	_library	imports	import-ns	6
0054a602	KERNEL32.DLL::CreateFileW	lib	_library	imports	import-ns	6
0054a608	KERNEL32.DLL::ReadFile	lib	_library	imports	import-ns	6
0054a60e	KERNEL32.DLL::GetFileAttributesW	lib	_library	imports	import-ns	6
0054a620	KERNEL32.DLL::GetFileAttributesA	lib	_library	imports	import-ns	6
0054a62c	KERNEL32.DLL::FormatMessageW	lib	_library	imports	import-ns	6
0054a632	KERNEL32.DLL::LoadLibraryW	lib	_library	imports	import-ns	6
0054a638	KERNEL32.DLL::WideCharToMultiByte	lib	_library	imports	import-ns	6
0054a63e	KERNEL32.DLL::WriteFile	lib	_library	imports	import-ns	6
0054a644	KERNEL32.DLL::FormatMessageA	lib	_library	imports	import-ns	6
0054a64a	KERNEL32.DLL::GetSystemTimeAsFileTime	lib	_library	imports	import-ns	6
0054a656	KERNEL32.DLL::UnlockFileEx	lib	_library	imports	import-ns	6
0054a65c	KERNEL32.DLL::GetTickCount	lib	_library	imports	import-ns	6
0054a668	KERNEL32.DLL::LockFile	lib	_library	imports	import-ns	6
0054a66e	KERNEL32.DLL::UnlockFile	lib	_library	imports	import-ns	6
0054a67a	KERNEL32.DLL::QueryPerformanceCounter	lib	_library	imports	import-ns	6
0054a68c	KERNEL32.DLL::FreeLibrary	lib	_library	imports	import-ns	6
0054a692	KERNEL32.DLL::SetEndOfFile	lib	_library	imports	import-ns	6
0054a698	KERNEL32.DLL::UnmapViewOfFile	lib	_library	imports	import-ns	6
0054a69e	KERNEL32.DLL::MapViewOfFile	lib	_library	imports	import-ns	6
0054a6a4	KERNEL32.DLL::SetFilePointer	lib	_library	imports	import-ns	6
0054a6b0	KERNEL32.DLL::GetFileSize	lib	_library	imports	import-ns	6
0054a6b6	KERNEL32.DLL::CreateFileA	lib	_library	imports	import-ns	6
0054a6c2	KERNEL32.DLL::GetFullPathNameA	lib	_library	imports	import-ns	6
0054a6c8	KERNEL32.DLL::GetFullPathNameW	lib	_library	imports	import-ns	6
0054a6ce	fwd_0054a7b6_54a6ce	gamemisc	game_misc	_helpers_thunk	role:thunk	9
0054a6d7	vdispatch_54a6d7	gamemisc	game_misc	_helpers_dispatch	role:dispatch	21
0054a6ec	FUN_0054a6ec	gamemisc	game_misc	_helpers_dtor-like	role:dtor-like	36
0054a710	Facet_Register	gamemisc	world	Helpers	caller-vote	40
0054a738	MSVCP110.DLL::std::basic_streambuf<wchar_t,std::char_traits<wchar_t>_>::_Lock	lib	_library	stl	stl-ns	6
0054a73e	MSVCP110.DLL::std::basic_streambuf<wchar_t,std::char_traits<wchar_t>_>::_Unlock	lib	_library	stl	stl-ns	6
0054a744	MSVCP110.DLL::std::basic_streambuf<wchar_t,std::char_traits<wchar_t>_>::imbue	lib	_library	stl	stl-ns	6
0054a74a	MSVCP110.DLL::std::basic_streambuf<wchar_t,std::char_traits<wchar_t>_>::setbuf	lib	_library	stl	stl-ns	6
0054a750	MSVCP110.DLL::std::basic_streambuf<wchar_t,std::char_traits<wchar_t>_>::showmanyc	lib	_library	stl	stl-ns	6
0054a756	MSVCP110.DLL::std::basic_streambuf<wchar_t,std::char_traits<wchar_t>_>::sync	lib	_library	stl	stl-ns	6
0054a75c	MSVCP110.DLL::std::basic_streambuf<wchar_t,std::char_traits<wchar_t>_>::uflow	lib	_library	stl	stl-ns	6
0054a762	MSVCP110.DLL::std::basic_streambuf<wchar_t,std::char_traits<wchar_t>_>::xsgetn	lib	_library	stl	stl-ns	6
0054a768	MSVCP110.DLL::std::basic_streambuf<wchar_t,std::char_traits<wchar_t>_>::xsputn	lib	_library	stl	stl-ns	6
0054a76e	MSVCP110.DLL::std::basic_ios<char,std::char_traits<char>_>::_Add_vtordisp1	lib	_library	stl	stl-ns	6
0054a774	MSVCP110.DLL::std::basic_ios<char,std::char_traits<char>_>::_Add_vtordisp2	lib	_library	stl	stl-ns	6
0054a77a	MSVCP110.DLL::std::basic_streambuf<char,std::char_traits<char>_>::showmanyc	lib	_library	stl	stl-ns	6
0054a780	MSVCP110.DLL::std::basic_streambuf<char,std::char_traits<char>_>::xsgetn	lib	_library	stl	stl-ns	6
0054a786	MSVCP110.DLL::std::basic_streambuf<char,std::char_traits<char>_>::xsputn	lib	_library	stl	stl-ns	6
0054a78c	MSVCP110.DLL::std::basic_streambuf<char,std::char_traits<char>_>::_Lock	lib	_library	stl	stl-ns	6
0054a792	MSVCP110.DLL::std::basic_streambuf<char,std::char_traits<char>_>::_Unlock	lib	_library	stl	stl-ns	6
0054a798	MSVCP110.DLL::std::basic_streambuf<char,std::char_traits<char>_>::imbue	lib	_library	stl	stl-ns	6
0054a79e	MSVCP110.DLL::std::basic_streambuf<char,std::char_traits<char>_>::setbuf	lib	_library	stl	stl-ns	6
0054a7a4	MSVCP110.DLL::std::basic_streambuf<char,std::char_traits<char>_>::sync	lib	_library	stl	stl-ns	6
0054a7aa	MSVCP110.DLL::std::basic_streambuf<char,std::char_traits<char>_>::uflow	lib	_library	stl	stl-ns	6
0054a7b0	MSVCR110.DLL::purecall	lib	_library	imports	import-ns	6
0054a7b6	MSVCR110.DLL::operator_new	lib	_library	imports	import-ns	6
0054a7bc	MSVCR110.DLL::operator_delete	lib	_library	imports	import-ns	6
0054a7fe	__onexit	lib	_library	crt_stl	crt-name	153
0054a89a	compute_54a89a	gamemisc	game_misc	_helpers_computed	role:computed	9
0054a8a3	_atexit	gamemisc	game_misc	_helpers_mutator	role:mutator	21
0054a8b8	__security_check_cookie	lib	_library	crt_stl	crt-name	15
0054a8c8	MSVCR110.DLL::_CxxThrowException	lib	_library	imports	import-ns	6
0054a8ce	MSVCR110.DLL::__CxxFrameHandler3	lib	_library	imports	import-ns	6
0054a8e0	__alloca_probe	lib	_library	crt_stl	crt-name	43
0054a910	ftol_helper	game	game_misc	Game	ledger	28
0054a946	ftol2_round	gamemisc	game_misc	Game	ledger	117
0054a9bc	MSVCR110.DLL::libm_sse2_asin_precise	lib	_library	imports	import-ns	6
0054a9c2	MSVCR110.DLL::libm_sse2_cos_precise	lib	_library	imports	import-ns	6
0054a9c8	MSVCR110.DLL::libm_sse2_sin_precise	lib	_library	imports	import-ns	6
0054a9ce	MSVCR110.DLL::libm_sse2_sqrt_precise	lib	_library	imports	import-ns	6
0054a9d4	MSVCR110.DLL::memcpy	lib	_library	imports	import-ns	6
0054a9da	FID_conflict:`vector_deleting_destructor'	lib	_library	crt_stl	crt-name	74
0054aa30	__alldiv	gamemisc	ai	Unsorted	logic:caller-vote	170
0054aae0	__allmul	gamemisc	ai	Helpers	caller-vote	52
0054ab14	MSVCR110.DLL::libm_sse2_pow_precise	lib	_library	imports	import-ns	6
0054ab1a	MSVCR110.DLL::memset	lib	_library	imports	import-ns	6
0054ab20	MSVCR110.DLL::setjmp3	lib	_library	imports	import-ns	6
0054ab26	___raise_securityfailure	gamemisc	game_misc	Unsorted_003	none	61
0054ab63	___report_gsfailure	lib	_library	crt_stl	crt-name	249
0054ac5c	___report_rangecheckfailure	gamemisc	game_misc	_helpers_computed	role:computed	12
0054ac68	___report_securityfailure	gamemisc	game_misc	Unsorted_003	none	206
0054ad3c	MSVCR110.DLL::operator_delete[]	lib	_library	imports	import-ns	6
0054ad4e	`eh_vector_constructor_iterator'	gamemisc	game_misc	Unsorted_003	none	76
0054ada6	FUN_0054ada6	gamemisc	game_misc	_helpers_wrapper	role:wrapper	16
0054adb6	`eh_vector_destructor_iterator'	gamemisc	world	Unsorted	logic:caller-vote	83
0054ae15	FUN_0054ae15	gamemisc	game_misc	_helpers_wrapper	role:wrapper	16
0054ae25	__ArrayUnwind	gamemisc	game_misc	Unsorted_003	none	50
0054ae90	__alldvrm	gamemisc	game_misc	Unsorted_003	none	223
0054af70	__allrem	gamemisc	game_misc	Unsorted_003	none	178
0054b030	__allshl	gamemisc	game_misc	Unsorted_003	none	31
0054b050	__aulldiv	gamemisc	game_misc	Unsorted_003	none	104
0054b0c0	__aulldvrm	gamemisc	game_misc	Unsorted_003	none	149
0054b160	__aullrem	gamemisc	game_misc	Unsorted_003	none	117
0054b1d6	MSVCR110.DLL::libm_sse2_acos_precise	lib	_library	imports	import-ns	6
0054b1dc	MSVCR110.DLL::libm_sse2_exp_precise	lib	_library	imports	import-ns	6
0054b29b	FUN_0054b29b	gamemisc	game_misc	_indirect_dispatch-target	role:dispatch-target	75
0054b2e6	___tmainCRTStartup	gamemisc	game_misc	Unsorted_003	none	330
0054b44b	entry	gamemisc	game_misc	_helpers_wrapper	role:wrapper	10
0054b456	MSVCR110.DLL::_lock	lib	_library	imports	import-ns	6
0054b45c	MSVCR110.DLL::_unlock	lib	_library	imports	import-ns	6
0054b462	MSVCR110.DLL::__dllonexit	lib	_library	imports	import-ns	6
0054b470	__SEH_prolog4	lib	_library	crt_stl	crt-name	69
0054b4b5	__SEH_epilog4	lib	_library	crt_stl	crt-name	20
0054b4c9	fwd_0054b8fe_54b4c9	gamemisc	game_misc	_helpers_thunk	role:thunk	35
0054b4ec	___isa_available_init	gamemisc	game_misc	_indirect_dispatch-target	role:dispatch-target	313
0054b626	MSVCR110.DLL::type_info::~type_info	lib	_library	imports	import-ns	6
0054b62c	MSVCR110.DLL::_crt_debugger_hook	lib	_library	imports	import-ns	6
0054b632	MSVCR110.DLL::__crtUnhandledException	lib	_library	imports	import-ns	6
0054b638	MSVCR110.DLL::__crtTerminateProcess	lib	_library	imports	import-ns	6
0054b63e	MSVCR110.DLL::terminate	lib	_library	imports	import-ns	6
0054b644	FUN_0054b644	gamemisc	game_misc	_helpers_wrapper	role:wrapper	64
0054b694	MSVCR110.DLL::_XcptFilter	lib	_library	imports	import-ns	6
0054b69a	MSVCR110.DLL::_amsg_exit	lib	_library	imports	import-ns	6
0054b6a0	ret_const_54b6a0	gamemisc	game_misc	_helpers_stub	role:stub	3
0054b6b0	__FindPESection	gamemisc	game_misc	Unsorted_003	none	67
0054b700	__IsNonwritableInCurrentImage	gamemisc	game_misc	_helpers_dtor-like	role:dtor-like	164
0054b7c0	__ValidateImageBase	gamemisc	game_misc	Unsorted_003	none	49
0054b7f1	___security_init_cookie	lib	_library	crt_stl	crt-name	154
0054b88b	vdispatch_54b88b	gamemisc	game_misc	_helpers_dispatch	role:dispatch	32
0054b8ab	vdispatch_54b8ab	gamemisc	game_misc	_helpers_dispatch	role:dispatch	32
0054b8cb	FUN_0054b8cb	gamemisc	game_misc	_helpers_wrapper	role:wrapper	38
0054b8f2	MSVCR110.DLL::initterm_e	lib	_library	imports	import-ns	6
0054b8f8	MSVCR110.DLL::initterm	lib	_library	imports	import-ns	6
0054b8fe	MSVCR110.DLL::except_handler4_common	lib	_library	imports	import-ns	6
0054b904	MSVCR110.DLL::__crtSetUnhandledExceptionFilter	lib	_library	imports	import-ns	6
0054b90a	MSVCR110.DLL::_invoke_watson	lib	_library	imports	import-ns	6
0054b910	MSVCR110.DLL::_controlfp_s	lib	_library	imports	import-ns	6
0054b916	KERNEL32.DLL::IsProcessorFeaturePresent	lib	_library	imports	import-ns	6
0054b980	Unwind@0054b980	lib	_library	eh_funclets	eh	11
0054b98b	Unwind@0054b98b	lib	_library	eh_funclets	eh	11
0054b996	Unwind@0054b996	lib	_library	eh_funclets	eh	11
0054b9a1	Unwind@0054b9a1	lib	_library	eh_funclets	eh	11
0054b9e0	Unwind@0054b9e0	lib	_library	eh_funclets	eh	14
0054b9ee	Unwind@0054b9ee	lib	_library	eh_funclets	eh	14
0054b9fc	Unwind@0054b9fc	lib	_library	eh_funclets	eh	14
0054ba0a	Unwind@0054ba0a	lib	_library	eh_funclets	eh	14
0054ba18	Unwind@0054ba18	lib	_library	eh_funclets	eh	14
0054ba26	Unwind@0054ba26	lib	_library	eh_funclets	eh	14
0054ba34	Unwind@0054ba34	lib	_library	eh_funclets	eh	14
0054ba42	Unwind@0054ba42	lib	_library	eh_funclets	eh	14
0054ba50	Unwind@0054ba50	lib	_library	eh_funclets	eh	14
0054ba5e	Unwind@0054ba5e	lib	_library	eh_funclets	eh	14
0054ba6c	Unwind@0054ba6c	lib	_library	eh_funclets	eh	14
0054ba7a	Unwind@0054ba7a	lib	_library	eh_funclets	eh	14
0054ba88	Unwind@0054ba88	lib	_library	eh_funclets	eh	14
0054ba96	Unwind@0054ba96	lib	_library	eh_funclets	eh	14
0054baa4	Unwind@0054baa4	lib	_library	eh_funclets	eh	14
0054bab2	Unwind@0054bab2	lib	_library	eh_funclets	eh	14
0054bae0	Unwind@0054bae0	lib	_library	eh_funclets	eh	8
0054bb10	Unwind@0054bb10	lib	_library	eh_funclets	eh	8
0054bb18	Unwind@0054bb18	lib	_library	eh_funclets	eh	8
0054bb40	Unwind@0054bb40	lib	_library	eh_funclets	eh	8
0054bb70	Unwind@0054bb70	lib	_library	eh_funclets	eh	11
0054bb7b	Unwind@0054bb7b	lib	_library	eh_funclets	eh	8
0054bbc0	Unwind@0054bbc0	lib	_library	eh_funclets	eh	8
0054bc10	Unwind@0054bc10	lib	_library	eh_funclets	eh	17
0054bc80	Unwind@0054bc80	lib	_library	eh_funclets	eh	11
0054bc8b	Unwind@0054bc8b	lib	_library	eh_funclets	eh	11
0054bc96	Unwind@0054bc96	lib	_library	eh_funclets	eh	11
0054bca1	Unwind@0054bca1	lib	_library	eh_funclets	eh	11
0054bcd0	Unwind@0054bcd0	lib	_library	eh_funclets	eh	11
0054bd00	Unwind@0054bd00	lib	_library	eh_funclets	eh	11
0054bd0b	Unwind@0054bd0b	lib	_library	eh_funclets	eh	11
0054bd16	Unwind@0054bd16	lib	_library	eh_funclets	eh	11
0054bd21	Unwind@0054bd21	lib	_library	eh_funclets	eh	11
0054bd2c	Unwind@0054bd2c	lib	_library	eh_funclets	eh	11
0054bd60	Unwind@0054bd60	lib	_library	eh_funclets	eh	11
0054bd90	Unwind@0054bd90	lib	_library	eh_funclets	eh	8
0054bd98	Unwind@0054bd98	lib	_library	eh_funclets	eh	11
0054bda3	Unwind@0054bda3	lib	_library	eh_funclets	eh	8
0054bdab	Unwind@0054bdab	lib	_library	eh_funclets	eh	11
0054bdb6	Unwind@0054bdb6	lib	_library	eh_funclets	eh	11
0054bdc1	Unwind@0054bdc1	lib	_library	eh_funclets	eh	11
0054bdcc	Unwind@0054bdcc	lib	_library	eh_funclets	eh	8
0054bdd4	Unwind@0054bdd4	lib	_library	eh_funclets	eh	11
0054bddf	Unwind@0054bddf	lib	_library	eh_funclets	eh	11
0054bdea	Unwind@0054bdea	lib	_library	eh_funclets	eh	11
0054be40	Unwind@0054be40	lib	_library	eh_funclets	eh	11
0054be80	Unwind@0054be80	lib	_library	eh_funclets	eh	11
0054beb0	Unwind@0054beb0	lib	_library	eh_funclets	eh	11
0054bee0	Unwind@0054bee0	lib	_library	eh_funclets	eh	17
0054c010	Unwind@0054c010	lib	_library	eh_funclets	eh	11
0054c01b	Unwind@0054c01b	lib	_library	eh_funclets	eh	11
0054c090	Unwind@0054c090	lib	_library	eh_funclets	eh	17
0054c0c0	Unwind@0054c0c0	lib	_library	eh_funclets	eh	17
0054c0f0	Unwind@0054c0f0	lib	_library	eh_funclets	eh	17
0054c3c0	Unwind@0054c3c0	lib	_library	eh_funclets	eh	8
0054c3f0	Unwind@0054c3f0	lib	_library	eh_funclets	eh	8
0054c420	Unwind@0054c420	lib	_library	eh_funclets	eh	8
0054c450	Unwind@0054c450	lib	_library	eh_funclets	eh	8
0054c480	Unwind@0054c480	lib	_library	eh_funclets	eh	8
0054c4b0	Unwind@0054c4b0	lib	_library	eh_funclets	eh	8
0054c4e0	Unwind@0054c4e0	lib	_library	eh_funclets	eh	8
0054c510	Unwind@0054c510	lib	_library	eh_funclets	eh	8
0054c540	Unwind@0054c540	lib	_library	eh_funclets	eh	8
0054c570	Unwind@0054c570	lib	_library	eh_funclets	eh	8
0054c5a0	Unwind@0054c5a0	lib	_library	eh_funclets	eh	8
0054c5d0	Unwind@0054c5d0	lib	_library	eh_funclets	eh	8
0054c600	Unwind@0054c600	lib	_library	eh_funclets	eh	8
0054c630	Unwind@0054c630	lib	_library	eh_funclets	eh	8
0054c660	Unwind@0054c660	lib	_library	eh_funclets	eh	8
0054c690	Unwind@0054c690	lib	_library	eh_funclets	eh	11
0054c69b	Unwind@0054c69b	lib	_library	eh_funclets	eh	14
0054c6a9	Unwind@0054c6a9	lib	_library	eh_funclets	eh	14
0054c6e0	Unwind@0054c6e0	lib	_library	eh_funclets	eh	11
0054c6eb	Unwind@0054c6eb	lib	_library	eh_funclets	eh	11
0054c6f6	Unwind@0054c6f6	lib	_library	eh_funclets	eh	11
0054c701	Unwind@0054c701	lib	_library	eh_funclets	eh	11
0054c70c	Unwind@0054c70c	lib	_library	eh_funclets	eh	11
0054c740	Unwind@0054c740	lib	_library	eh_funclets	eh	8
0054c748	Unwind@0054c748	lib	_library	eh_funclets	eh	11
0054c753	Unwind@0054c753	lib	_library	eh_funclets	eh	11
0054c75e	Unwind@0054c75e	lib	_library	eh_funclets	eh	11
0054c769	Unwind@0054c769	lib	_library	eh_funclets	eh	11
0054c774	Unwind@0054c774	lib	_library	eh_funclets	eh	11
0054c77f	Unwind@0054c77f	lib	_library	eh_funclets	eh	11
0054c78a	Unwind@0054c78a	lib	_library	eh_funclets	eh	11
0054c795	Unwind@0054c795	lib	_library	eh_funclets	eh	11
0054c7a0	Unwind@0054c7a0	lib	_library	eh_funclets	eh	11
0054c7ab	Unwind@0054c7ab	lib	_library	eh_funclets	eh	11
0054c7b6	Unwind@0054c7b6	lib	_library	eh_funclets	eh	11
0054c7e0	Unwind@0054c7e0	lib	_library	eh_funclets	eh	11
0054c7eb	Unwind@0054c7eb	lib	_library	eh_funclets	eh	11
0054c7f6	Unwind@0054c7f6	lib	_library	eh_funclets	eh	11
0054c801	Unwind@0054c801	lib	_library	eh_funclets	eh	11
0054c80c	Unwind@0054c80c	lib	_library	eh_funclets	eh	11
0054c840	Unwind@0054c840	lib	_library	eh_funclets	eh	11
0054c84b	Unwind@0054c84b	lib	_library	eh_funclets	eh	11
0054c856	Unwind@0054c856	lib	_library	eh_funclets	eh	11
0054c861	Unwind@0054c861	lib	_library	eh_funclets	eh	11
0054c86c	Unwind@0054c86c	lib	_library	eh_funclets	eh	11
0054c877	Unwind@0054c877	lib	_library	eh_funclets	eh	11
0054c882	Unwind@0054c882	lib	_library	eh_funclets	eh	8
0054c88a	Unwind@0054c88a	lib	_library	eh_funclets	eh	11
0054c8c0	Unwind@0054c8c0	lib	_library	eh_funclets	eh	14
0054c8ce	Unwind@0054c8ce	lib	_library	eh_funclets	eh	14
0054c8dc	Unwind@0054c8dc	lib	_library	eh_funclets	eh	14
0054c8ea	Unwind@0054c8ea	lib	_library	eh_funclets	eh	8
0054c8f2	Unwind@0054c8f2	lib	_library	eh_funclets	eh	8
0054c8fa	Unwind@0054c8fa	lib	_library	eh_funclets	eh	8
0054c902	Unwind@0054c902	lib	_library	eh_funclets	eh	8
0054c940	Unwind@0054c940	lib	_library	eh_funclets	eh	11
0054c94b	Unwind@0054c94b	lib	_library	eh_funclets	eh	8
0054c953	Unwind@0054c953	lib	_library	eh_funclets	eh	8
0054c9b0	Unwind@0054c9b0	lib	_library	eh_funclets	eh	11
0054c9bb	Unwind@0054c9bb	lib	_library	eh_funclets	eh	11
0054c9c6	Unwind@0054c9c6	lib	_library	eh_funclets	eh	11
0054c9d1	Unwind@0054c9d1	lib	_library	eh_funclets	eh	8
0054ca10	Unwind@0054ca10	lib	_library	eh_funclets	eh	8
0054ca18	Unwind@0054ca18	lib	_library	eh_funclets	eh	8
0054ca50	Unwind@0054ca50	lib	_library	eh_funclets	eh	8
0054ca58	Unwind@0054ca58	lib	_library	eh_funclets	eh	8
0054ca60	Unwind@0054ca60	lib	_library	eh_funclets	eh	8
0054ca90	Unwind@0054ca90	lib	_library	eh_funclets	eh	17
0054caa1	Unwind@0054caa1	lib	_library	eh_funclets	eh	8
0054cad0	Unwind@0054cad0	lib	_library	eh_funclets	eh	17
0054cb00	Unwind@0054cb00	lib	_library	eh_funclets	eh	17
0054cb11	Unwind@0054cb11	lib	_library	eh_funclets	eh	8
0054cb19	Unwind@0054cb19	lib	_library	eh_funclets	eh	8
0054cb40	Unwind@0054cb40	lib	_library	eh_funclets	eh	17
0054cb51	Unwind@0054cb51	lib	_library	eh_funclets	eh	8
0054cba0	Unwind@0054cba0	lib	_library	eh_funclets	eh	8
0054cd30	Unwind@0054cd30	lib	_library	eh_funclets	eh	9
0054cd60	Unwind@0054cd60	lib	_library	eh_funclets	eh	8
0054cd90	Unwind@0054cd90	lib	_library	eh_funclets	eh	8
0054cdc0	Unwind@0054cdc0	lib	_library	eh_funclets	eh	8
0054cdf0	Unwind@0054cdf0	lib	_library	eh_funclets	eh	14
0054cdfe	Unwind@0054cdfe	lib	_library	eh_funclets	eh	14
0054ce0c	Unwind@0054ce0c	lib	_library	eh_funclets	eh	14
0054ce1a	Unwind@0054ce1a	lib	_library	eh_funclets	eh	14
0054ce28	Unwind@0054ce28	lib	_library	eh_funclets	eh	14
0054ce36	Unwind@0054ce36	lib	_library	eh_funclets	eh	14
0054ce44	Unwind@0054ce44	lib	_library	eh_funclets	eh	14
0054ce52	Unwind@0054ce52	lib	_library	eh_funclets	eh	14
0054ce60	Unwind@0054ce60	lib	_library	eh_funclets	eh	14
0054ce6e	Unwind@0054ce6e	lib	_library	eh_funclets	eh	14
0054ce7c	Unwind@0054ce7c	lib	_library	eh_funclets	eh	11
0054ce87	Unwind@0054ce87	lib	_library	eh_funclets	eh	11
0054ce92	Unwind@0054ce92	lib	_library	eh_funclets	eh	8
0054ce9a	Unwind@0054ce9a	lib	_library	eh_funclets	eh	11
0054cea5	Unwind@0054cea5	lib	_library	eh_funclets	eh	8
0054cead	Unwind@0054cead	lib	_library	eh_funclets	eh	8
0054ceb5	Unwind@0054ceb5	lib	_library	eh_funclets	eh	8
0054cebd	Unwind@0054cebd	lib	_library	eh_funclets	eh	11
0054cec8	Unwind@0054cec8	lib	_library	eh_funclets	eh	11
0054ced3	Unwind@0054ced3	lib	_library	eh_funclets	eh	8
0054cedb	Unwind@0054cedb	lib	_library	eh_funclets	eh	8
0054cee3	Unwind@0054cee3	lib	_library	eh_funclets	eh	35
0054cf06	Unwind@0054cf06	lib	_library	eh_funclets	eh	12
0054cf12	Unwind@0054cf12	lib	_library	eh_funclets	eh	12
0054cf1e	Unwind@0054cf1e	lib	_library	eh_funclets	eh	11
0054cf29	Unwind@0054cf29	lib	_library	eh_funclets	eh	8
0054cf31	Unwind@0054cf31	lib	_library	eh_funclets	eh	14
0054cf3f	Unwind@0054cf3f	lib	_library	eh_funclets	eh	8
0054cf47	Unwind@0054cf47	lib	_library	eh_funclets	eh	11
0054cf52	Unwind@0054cf52	lib	_library	eh_funclets	eh	14
0054cf60	Unwind@0054cf60	lib	_library	eh_funclets	eh	11
0054cfa0	Unwind@0054cfa0	lib	_library	eh_funclets	eh	8
0054cfd0	Unwind@0054cfd0	lib	_library	eh_funclets	eh	11
0054cfdb	Unwind@0054cfdb	lib	_library	eh_funclets	eh	11
0054cfe6	Unwind@0054cfe6	lib	_library	eh_funclets	eh	11
0054cff1	Unwind@0054cff1	lib	_library	eh_funclets	eh	11
0054cffc	Unwind@0054cffc	lib	_library	eh_funclets	eh	11
0054d007	Unwind@0054d007	lib	_library	eh_funclets	eh	11
0054d012	Unwind@0054d012	lib	_library	eh_funclets	eh	11
0054d01d	Unwind@0054d01d	lib	_library	eh_funclets	eh	11
0054d028	Unwind@0054d028	lib	_library	eh_funclets	eh	11
0054d033	Unwind@0054d033	lib	_library	eh_funclets	eh	11
0054d060	Unwind@0054d060	lib	_library	eh_funclets	eh	8
0054d068	Unwind@0054d068	lib	_library	eh_funclets	eh	8
0054d0a0	Unwind@0054d0a0	lib	_library	eh_funclets	eh	8
0054d0a8	Unwind@0054d0a8	lib	_library	eh_funclets	eh	8
0054d0b0	Unwind@0054d0b0	lib	_library	eh_funclets	eh	8
0054d0b8	Unwind@0054d0b8	lib	_library	eh_funclets	eh	8
0054d0c0	Unwind@0054d0c0	lib	_library	eh_funclets	eh	8
0054d0f0	Unwind@0054d0f0	lib	_library	eh_funclets	eh	8
0054d0f8	Unwind@0054d0f8	lib	_library	eh_funclets	eh	8
0054d130	Unwind@0054d130	lib	_library	eh_funclets	eh	8
0054d138	Unwind@0054d138	lib	_library	eh_funclets	eh	8
0054d140	Unwind@0054d140	lib	_library	eh_funclets	eh	8
0054d148	Unwind@0054d148	lib	_library	eh_funclets	eh	8
0054d180	Unwind@0054d180	lib	_library	eh_funclets	eh	8
0054d1b0	Unwind@0054d1b0	lib	_library	eh_funclets	eh	8
0054d1e0	Unwind@0054d1e0	lib	_library	eh_funclets	eh	8
0054d210	Unwind@0054d210	lib	_library	eh_funclets	eh	22
0054d250	Unwind@0054d250	lib	_library	eh_funclets	eh	22
0054d290	Unwind@0054d290	lib	_library	eh_funclets	eh	8
0054d2e0	Unwind@0054d2e0	lib	_library	eh_funclets	eh	8
0054d310	Unwind@0054d310	lib	_library	eh_funclets	eh	8
0054d318	Unwind@0054d318	lib	_library	eh_funclets	eh	8
0054d320	Unwind@0054d320	lib	_library	eh_funclets	eh	11
0054d32b	Unwind@0054d32b	lib	_library	eh_funclets	eh	8
0054d380	Unwind@0054d380	lib	_library	eh_funclets	eh	8
0054d3b0	Unwind@0054d3b0	lib	_library	eh_funclets	eh	25
0054d3f0	Unwind@0054d3f0	lib	_library	eh_funclets	eh	17
0054d460	Unwind@0054d460	lib	_library	eh_funclets	eh	11
0054d490	Unwind@0054d490	lib	_library	eh_funclets	eh	8
0054d498	Unwind@0054d498	lib	_library	eh_funclets	eh	8
0054d4c0	Unwind@0054d4c0	lib	_library	eh_funclets	eh	14
0054d4ce	Unwind@0054d4ce	lib	_library	eh_funclets	eh	8
0054d4d6	Unwind@0054d4d6	lib	_library	eh_funclets	eh	14
0054d4e4	Unwind@0054d4e4	lib	_library	eh_funclets	eh	11
0054d4ef	Unwind@0054d4ef	lib	_library	eh_funclets	eh	11
0054d4fa	Unwind@0054d4fa	lib	_library	eh_funclets	eh	11
0054d505	Unwind@0054d505	lib	_library	eh_funclets	eh	11
0054d510	Unwind@0054d510	lib	_library	eh_funclets	eh	11
0054d51b	Unwind@0054d51b	lib	_library	eh_funclets	eh	11
0054d526	Unwind@0054d526	lib	_library	eh_funclets	eh	11
0054d531	Unwind@0054d531	lib	_library	eh_funclets	eh	11
0054d53c	Unwind@0054d53c	lib	_library	eh_funclets	eh	11
0054d547	Unwind@0054d547	lib	_library	eh_funclets	eh	11
0054d552	Unwind@0054d552	lib	_library	eh_funclets	eh	11
0054d55d	Unwind@0054d55d	lib	_library	eh_funclets	eh	11
0054d568	Unwind@0054d568	lib	_library	eh_funclets	eh	11
0054d573	Unwind@0054d573	lib	_library	eh_funclets	eh	11
0054d57e	Unwind@0054d57e	lib	_library	eh_funclets	eh	11
0054d589	Unwind@0054d589	lib	_library	eh_funclets	eh	11
0054d594	Unwind@0054d594	lib	_library	eh_funclets	eh	11
0054d59f	Unwind@0054d59f	lib	_library	eh_funclets	eh	11
0054d5aa	Unwind@0054d5aa	lib	_library	eh_funclets	eh	11
0054d5b5	Unwind@0054d5b5	lib	_library	eh_funclets	eh	11
0054d5c0	Unwind@0054d5c0	lib	_library	eh_funclets	eh	11
0054d5cb	Unwind@0054d5cb	lib	_library	eh_funclets	eh	11
0054d5d6	Unwind@0054d5d6	lib	_library	eh_funclets	eh	11
0054d5e1	Unwind@0054d5e1	lib	_library	eh_funclets	eh	11
0054d5ec	Unwind@0054d5ec	lib	_library	eh_funclets	eh	11
0054d5f7	Unwind@0054d5f7	lib	_library	eh_funclets	eh	11
0054d602	Unwind@0054d602	lib	_library	eh_funclets	eh	11
0054d60d	Unwind@0054d60d	lib	_library	eh_funclets	eh	11
0054d618	Unwind@0054d618	lib	_library	eh_funclets	eh	11
0054d623	Unwind@0054d623	lib	_library	eh_funclets	eh	11
0054d62e	Unwind@0054d62e	lib	_library	eh_funclets	eh	11
0054d639	Unwind@0054d639	lib	_library	eh_funclets	eh	11
0054d644	Unwind@0054d644	lib	_library	eh_funclets	eh	11
0054d64f	Unwind@0054d64f	lib	_library	eh_funclets	eh	11
0054d65a	Unwind@0054d65a	lib	_library	eh_funclets	eh	11
0054d665	Unwind@0054d665	lib	_library	eh_funclets	eh	11
0054d670	Unwind@0054d670	lib	_library	eh_funclets	eh	11
0054d67b	Unwind@0054d67b	lib	_library	eh_funclets	eh	11
0054d686	Unwind@0054d686	lib	_library	eh_funclets	eh	11
0054d691	Unwind@0054d691	lib	_library	eh_funclets	eh	11
0054d69c	Unwind@0054d69c	lib	_library	eh_funclets	eh	11
0054d6a7	Unwind@0054d6a7	lib	_library	eh_funclets	eh	11
0054d6b2	Unwind@0054d6b2	lib	_library	eh_funclets	eh	11
0054d6bd	Unwind@0054d6bd	lib	_library	eh_funclets	eh	11
0054d6c8	Unwind@0054d6c8	lib	_library	eh_funclets	eh	11
0054d6d3	Unwind@0054d6d3	lib	_library	eh_funclets	eh	11
0054d6de	Unwind@0054d6de	lib	_library	eh_funclets	eh	11
0054d6e9	Unwind@0054d6e9	lib	_library	eh_funclets	eh	11
0054d6f4	Unwind@0054d6f4	lib	_library	eh_funclets	eh	11
0054d6ff	Unwind@0054d6ff	lib	_library	eh_funclets	eh	11
0054d70a	Unwind@0054d70a	lib	_library	eh_funclets	eh	11
0054d715	Unwind@0054d715	lib	_library	eh_funclets	eh	11
0054d720	Unwind@0054d720	lib	_library	eh_funclets	eh	11
0054d72b	Unwind@0054d72b	lib	_library	eh_funclets	eh	11
0054d736	Unwind@0054d736	lib	_library	eh_funclets	eh	11
0054d741	Unwind@0054d741	lib	_library	eh_funclets	eh	11
0054d74c	Unwind@0054d74c	lib	_library	eh_funclets	eh	11
0054d757	Unwind@0054d757	lib	_library	eh_funclets	eh	11
0054d762	Unwind@0054d762	lib	_library	eh_funclets	eh	11
0054d76d	Unwind@0054d76d	lib	_library	eh_funclets	eh	11
0054d778	Unwind@0054d778	lib	_library	eh_funclets	eh	11
0054d783	Unwind@0054d783	lib	_library	eh_funclets	eh	11
0054d78e	Unwind@0054d78e	lib	_library	eh_funclets	eh	11
0054d799	Unwind@0054d799	lib	_library	eh_funclets	eh	11
0054d7a4	Unwind@0054d7a4	lib	_library	eh_funclets	eh	11
0054d7af	Unwind@0054d7af	lib	_library	eh_funclets	eh	11
0054d7ba	Unwind@0054d7ba	lib	_library	eh_funclets	eh	11
0054d7c5	Unwind@0054d7c5	lib	_library	eh_funclets	eh	11
0054d7d0	Unwind@0054d7d0	lib	_library	eh_funclets	eh	11
0054d7db	Unwind@0054d7db	lib	_library	eh_funclets	eh	11
0054d7e6	Unwind@0054d7e6	lib	_library	eh_funclets	eh	11
0054d7f1	Unwind@0054d7f1	lib	_library	eh_funclets	eh	11
0054d7fc	Unwind@0054d7fc	lib	_library	eh_funclets	eh	11
0054d807	Unwind@0054d807	lib	_library	eh_funclets	eh	11
0054d812	Unwind@0054d812	lib	_library	eh_funclets	eh	11
0054d81d	Unwind@0054d81d	lib	_library	eh_funclets	eh	11
0054d828	Unwind@0054d828	lib	_library	eh_funclets	eh	11
0054d833	Unwind@0054d833	lib	_library	eh_funclets	eh	11
0054d83e	Unwind@0054d83e	lib	_library	eh_funclets	eh	11
0054d849	Unwind@0054d849	lib	_library	eh_funclets	eh	11
0054d854	Unwind@0054d854	lib	_library	eh_funclets	eh	11
0054d85f	Unwind@0054d85f	lib	_library	eh_funclets	eh	11
0054d86a	Unwind@0054d86a	lib	_library	eh_funclets	eh	11
0054d875	Unwind@0054d875	lib	_library	eh_funclets	eh	11
0054d880	Unwind@0054d880	lib	_library	eh_funclets	eh	11
0054d88b	Unwind@0054d88b	lib	_library	eh_funclets	eh	11
0054d896	Unwind@0054d896	lib	_library	eh_funclets	eh	11
0054d8a1	Unwind@0054d8a1	lib	_library	eh_funclets	eh	11
0054d8ac	Unwind@0054d8ac	lib	_library	eh_funclets	eh	11
0054d8b7	Unwind@0054d8b7	lib	_library	eh_funclets	eh	11
0054d8c2	Unwind@0054d8c2	lib	_library	eh_funclets	eh	11
0054d8cd	Unwind@0054d8cd	lib	_library	eh_funclets	eh	11
0054d8d8	Unwind@0054d8d8	lib	_library	eh_funclets	eh	11
0054d8e3	Unwind@0054d8e3	lib	_library	eh_funclets	eh	11
0054d8ee	Unwind@0054d8ee	lib	_library	eh_funclets	eh	11
0054d8f9	Unwind@0054d8f9	lib	_library	eh_funclets	eh	11
0054d904	Unwind@0054d904	lib	_library	eh_funclets	eh	11
0054d90f	Unwind@0054d90f	lib	_library	eh_funclets	eh	11
0054d91a	Unwind@0054d91a	lib	_library	eh_funclets	eh	11
0054d925	Unwind@0054d925	lib	_library	eh_funclets	eh	11
0054d930	Unwind@0054d930	lib	_library	eh_funclets	eh	11
0054d93b	Unwind@0054d93b	lib	_library	eh_funclets	eh	11
0054d946	Unwind@0054d946	lib	_library	eh_funclets	eh	11
0054d951	Unwind@0054d951	lib	_library	eh_funclets	eh	11
0054d95c	Unwind@0054d95c	lib	_library	eh_funclets	eh	11
0054d967	Unwind@0054d967	lib	_library	eh_funclets	eh	11
0054d972	Unwind@0054d972	lib	_library	eh_funclets	eh	11
0054d97d	Unwind@0054d97d	lib	_library	eh_funclets	eh	11
0054d988	Unwind@0054d988	lib	_library	eh_funclets	eh	11
0054d993	Unwind@0054d993	lib	_library	eh_funclets	eh	11
0054d99e	Unwind@0054d99e	lib	_library	eh_funclets	eh	11
0054d9a9	Unwind@0054d9a9	lib	_library	eh_funclets	eh	11
0054d9b4	Unwind@0054d9b4	lib	_library	eh_funclets	eh	11
0054d9bf	Unwind@0054d9bf	lib	_library	eh_funclets	eh	11
0054d9ca	Unwind@0054d9ca	lib	_library	eh_funclets	eh	11
0054d9d5	Unwind@0054d9d5	lib	_library	eh_funclets	eh	11
0054d9e0	Unwind@0054d9e0	lib	_library	eh_funclets	eh	11
0054d9eb	Unwind@0054d9eb	lib	_library	eh_funclets	eh	11
0054d9f6	Unwind@0054d9f6	lib	_library	eh_funclets	eh	11
0054da01	Unwind@0054da01	lib	_library	eh_funclets	eh	11
0054da0c	Unwind@0054da0c	lib	_library	eh_funclets	eh	11
0054da17	Unwind@0054da17	lib	_library	eh_funclets	eh	11
0054da22	Unwind@0054da22	lib	_library	eh_funclets	eh	11
0054da2d	Unwind@0054da2d	lib	_library	eh_funclets	eh	11
0054da38	Unwind@0054da38	lib	_library	eh_funclets	eh	11
0054da43	Unwind@0054da43	lib	_library	eh_funclets	eh	11
0054da4e	Unwind@0054da4e	lib	_library	eh_funclets	eh	11
0054da59	Unwind@0054da59	lib	_library	eh_funclets	eh	11
0054da64	Unwind@0054da64	lib	_library	eh_funclets	eh	11
0054da6f	Unwind@0054da6f	lib	_library	eh_funclets	eh	11
0054da7a	Unwind@0054da7a	lib	_library	eh_funclets	eh	11
0054da85	Unwind@0054da85	lib	_library	eh_funclets	eh	11
0054da90	Unwind@0054da90	lib	_library	eh_funclets	eh	11
0054da9b	Unwind@0054da9b	lib	_library	eh_funclets	eh	11
0054daa6	Unwind@0054daa6	lib	_library	eh_funclets	eh	11
0054dab1	Unwind@0054dab1	lib	_library	eh_funclets	eh	11
0054dabc	Unwind@0054dabc	lib	_library	eh_funclets	eh	11
0054dac7	Unwind@0054dac7	lib	_library	eh_funclets	eh	11
0054dad2	Unwind@0054dad2	lib	_library	eh_funclets	eh	11
0054dadd	Unwind@0054dadd	lib	_library	eh_funclets	eh	11
0054dae8	Unwind@0054dae8	lib	_library	eh_funclets	eh	11
0054daf3	Unwind@0054daf3	lib	_library	eh_funclets	eh	11
0054dafe	Unwind@0054dafe	lib	_library	eh_funclets	eh	11
0054db09	Unwind@0054db09	lib	_library	eh_funclets	eh	11
0054db14	Unwind@0054db14	lib	_library	eh_funclets	eh	11
0054db1f	Unwind@0054db1f	lib	_library	eh_funclets	eh	11
0054db2a	Unwind@0054db2a	lib	_library	eh_funclets	eh	11
0054db35	Unwind@0054db35	lib	_library	eh_funclets	eh	11
0054db40	Unwind@0054db40	lib	_library	eh_funclets	eh	11
0054db4b	Unwind@0054db4b	lib	_library	eh_funclets	eh	11
0054db56	Unwind@0054db56	lib	_library	eh_funclets	eh	11
0054db61	Unwind@0054db61	lib	_library	eh_funclets	eh	11
0054db6c	Unwind@0054db6c	lib	_library	eh_funclets	eh	11
0054db77	Unwind@0054db77	lib	_library	eh_funclets	eh	11
0054db82	Unwind@0054db82	lib	_library	eh_funclets	eh	11
0054db8d	Unwind@0054db8d	lib	_library	eh_funclets	eh	11
0054db98	Unwind@0054db98	lib	_library	eh_funclets	eh	11
0054dba3	Unwind@0054dba3	lib	_library	eh_funclets	eh	11
0054dbae	Unwind@0054dbae	lib	_library	eh_funclets	eh	11
0054dbb9	Unwind@0054dbb9	lib	_library	eh_funclets	eh	11
0054dbc4	Unwind@0054dbc4	lib	_library	eh_funclets	eh	11
0054dbcf	Unwind@0054dbcf	lib	_library	eh_funclets	eh	11
0054dbda	Unwind@0054dbda	lib	_library	eh_funclets	eh	11
0054dbe5	Unwind@0054dbe5	lib	_library	eh_funclets	eh	11
0054dbf0	Unwind@0054dbf0	lib	_library	eh_funclets	eh	11
0054dbfb	Unwind@0054dbfb	lib	_library	eh_funclets	eh	11
0054dc06	Unwind@0054dc06	lib	_library	eh_funclets	eh	11
0054dc11	Unwind@0054dc11	lib	_library	eh_funclets	eh	11
0054dc1c	Unwind@0054dc1c	lib	_library	eh_funclets	eh	11
0054dc27	Unwind@0054dc27	lib	_library	eh_funclets	eh	11
0054dc32	Unwind@0054dc32	lib	_library	eh_funclets	eh	11
0054dc3d	Unwind@0054dc3d	lib	_library	eh_funclets	eh	11
0054dc48	Unwind@0054dc48	lib	_library	eh_funclets	eh	11
0054dc53	Unwind@0054dc53	lib	_library	eh_funclets	eh	11
0054dc5e	Unwind@0054dc5e	lib	_library	eh_funclets	eh	11
0054dc69	Unwind@0054dc69	lib	_library	eh_funclets	eh	11
0054dc74	Unwind@0054dc74	lib	_library	eh_funclets	eh	11
0054dc7f	Unwind@0054dc7f	lib	_library	eh_funclets	eh	11
0054dc8a	Unwind@0054dc8a	lib	_library	eh_funclets	eh	11
0054dc95	Unwind@0054dc95	lib	_library	eh_funclets	eh	11
0054dca0	Unwind@0054dca0	lib	_library	eh_funclets	eh	11
0054dcab	Unwind@0054dcab	lib	_library	eh_funclets	eh	11
0054dcb6	Unwind@0054dcb6	lib	_library	eh_funclets	eh	11
0054dcc1	Unwind@0054dcc1	lib	_library	eh_funclets	eh	11
0054dccc	Unwind@0054dccc	lib	_library	eh_funclets	eh	11
0054dcd7	Unwind@0054dcd7	lib	_library	eh_funclets	eh	11
0054dce2	Unwind@0054dce2	lib	_library	eh_funclets	eh	11
0054dced	Unwind@0054dced	lib	_library	eh_funclets	eh	11
0054dcf8	Unwind@0054dcf8	lib	_library	eh_funclets	eh	11
0054dd03	Unwind@0054dd03	lib	_library	eh_funclets	eh	11
0054dd0e	Unwind@0054dd0e	lib	_library	eh_funclets	eh	11
0054dd19	Unwind@0054dd19	lib	_library	eh_funclets	eh	11
0054dd24	Unwind@0054dd24	lib	_library	eh_funclets	eh	11
0054dd2f	Unwind@0054dd2f	lib	_library	eh_funclets	eh	11
0054dd3a	Unwind@0054dd3a	lib	_library	eh_funclets	eh	11
0054dd45	Unwind@0054dd45	lib	_library	eh_funclets	eh	11
0054dd50	Unwind@0054dd50	lib	_library	eh_funclets	eh	11
0054dd5b	Unwind@0054dd5b	lib	_library	eh_funclets	eh	11
0054dd66	Unwind@0054dd66	lib	_library	eh_funclets	eh	11
0054dd71	Unwind@0054dd71	lib	_library	eh_funclets	eh	11
0054dd7c	Unwind@0054dd7c	lib	_library	eh_funclets	eh	11
0054dd87	Unwind@0054dd87	lib	_library	eh_funclets	eh	11
0054dd92	Unwind@0054dd92	lib	_library	eh_funclets	eh	11
0054dd9d	Unwind@0054dd9d	lib	_library	eh_funclets	eh	11
0054dda8	Unwind@0054dda8	lib	_library	eh_funclets	eh	11
0054ddb3	Unwind@0054ddb3	lib	_library	eh_funclets	eh	11
0054ddbe	Unwind@0054ddbe	lib	_library	eh_funclets	eh	11
0054ddc9	Unwind@0054ddc9	lib	_library	eh_funclets	eh	11
0054ddd4	Unwind@0054ddd4	lib	_library	eh_funclets	eh	11
0054dddf	Unwind@0054dddf	lib	_library	eh_funclets	eh	11
0054ddea	Unwind@0054ddea	lib	_library	eh_funclets	eh	11
0054ddf5	Unwind@0054ddf5	lib	_library	eh_funclets	eh	11
0054de00	Unwind@0054de00	lib	_library	eh_funclets	eh	11
0054de0b	Unwind@0054de0b	lib	_library	eh_funclets	eh	11
0054de16	Unwind@0054de16	lib	_library	eh_funclets	eh	11
0054de21	Unwind@0054de21	lib	_library	eh_funclets	eh	11
0054de2c	Unwind@0054de2c	lib	_library	eh_funclets	eh	11
0054de37	Unwind@0054de37	lib	_library	eh_funclets	eh	11
0054de42	Unwind@0054de42	lib	_library	eh_funclets	eh	11
0054de4d	Unwind@0054de4d	lib	_library	eh_funclets	eh	11
0054de58	Unwind@0054de58	lib	_library	eh_funclets	eh	11
0054de63	Unwind@0054de63	lib	_library	eh_funclets	eh	11
0054de6e	Unwind@0054de6e	lib	_library	eh_funclets	eh	11
0054de79	Unwind@0054de79	lib	_library	eh_funclets	eh	11
0054de84	Unwind@0054de84	lib	_library	eh_funclets	eh	11
0054de8f	Unwind@0054de8f	lib	_library	eh_funclets	eh	11
0054de9a	Unwind@0054de9a	lib	_library	eh_funclets	eh	11
0054dea5	Unwind@0054dea5	lib	_library	eh_funclets	eh	11
0054deb0	Unwind@0054deb0	lib	_library	eh_funclets	eh	11
0054debb	Unwind@0054debb	lib	_library	eh_funclets	eh	11
0054dec6	Unwind@0054dec6	lib	_library	eh_funclets	eh	11
0054ded1	Unwind@0054ded1	lib	_library	eh_funclets	eh	11
0054dedc	Unwind@0054dedc	lib	_library	eh_funclets	eh	11
0054dee7	Unwind@0054dee7	lib	_library	eh_funclets	eh	11
0054def2	Unwind@0054def2	lib	_library	eh_funclets	eh	11
0054defd	Unwind@0054defd	lib	_library	eh_funclets	eh	11
0054df08	Unwind@0054df08	lib	_library	eh_funclets	eh	11
0054df13	Unwind@0054df13	lib	_library	eh_funclets	eh	11
0054df1e	Unwind@0054df1e	lib	_library	eh_funclets	eh	11
0054df29	Unwind@0054df29	lib	_library	eh_funclets	eh	11
0054df34	Unwind@0054df34	lib	_library	eh_funclets	eh	11
0054df3f	Unwind@0054df3f	lib	_library	eh_funclets	eh	11
0054df4a	Unwind@0054df4a	lib	_library	eh_funclets	eh	11
0054df55	Unwind@0054df55	lib	_library	eh_funclets	eh	11
0054df60	Unwind@0054df60	lib	_library	eh_funclets	eh	11
0054df6b	Unwind@0054df6b	lib	_library	eh_funclets	eh	11
0054df76	Unwind@0054df76	lib	_library	eh_funclets	eh	11
0054df81	Unwind@0054df81	lib	_library	eh_funclets	eh	11
0054df8c	Unwind@0054df8c	lib	_library	eh_funclets	eh	11
0054df97	Unwind@0054df97	lib	_library	eh_funclets	eh	11
0054dfa2	Unwind@0054dfa2	lib	_library	eh_funclets	eh	11
0054dfad	Unwind@0054dfad	lib	_library	eh_funclets	eh	11
0054dfb8	Unwind@0054dfb8	lib	_library	eh_funclets	eh	11
0054dfc3	Unwind@0054dfc3	lib	_library	eh_funclets	eh	11
0054dfce	Unwind@0054dfce	lib	_library	eh_funclets	eh	11
0054dfd9	Unwind@0054dfd9	lib	_library	eh_funclets	eh	11
0054dfe4	Unwind@0054dfe4	lib	_library	eh_funclets	eh	11
0054dfef	Unwind@0054dfef	lib	_library	eh_funclets	eh	11
0054dffa	Unwind@0054dffa	lib	_library	eh_funclets	eh	11
0054e005	Unwind@0054e005	lib	_library	eh_funclets	eh	11
0054e010	Unwind@0054e010	lib	_library	eh_funclets	eh	11
0054e01b	Unwind@0054e01b	lib	_library	eh_funclets	eh	11
0054e026	Unwind@0054e026	lib	_library	eh_funclets	eh	11
0054e031	Unwind@0054e031	lib	_library	eh_funclets	eh	11
0054e03c	Unwind@0054e03c	lib	_library	eh_funclets	eh	11
0054e047	Unwind@0054e047	lib	_library	eh_funclets	eh	11
0054e052	Unwind@0054e052	lib	_library	eh_funclets	eh	11
0054e05d	Unwind@0054e05d	lib	_library	eh_funclets	eh	11
0054e068	Unwind@0054e068	lib	_library	eh_funclets	eh	11
0054e073	Unwind@0054e073	lib	_library	eh_funclets	eh	11
0054e07e	Unwind@0054e07e	lib	_library	eh_funclets	eh	11
0054e089	Unwind@0054e089	lib	_library	eh_funclets	eh	11
0054e094	Unwind@0054e094	lib	_library	eh_funclets	eh	11
0054e09f	Unwind@0054e09f	lib	_library	eh_funclets	eh	11
0054e0aa	Unwind@0054e0aa	lib	_library	eh_funclets	eh	11
0054e0b5	Unwind@0054e0b5	lib	_library	eh_funclets	eh	11
0054e0c0	Unwind@0054e0c0	lib	_library	eh_funclets	eh	11
0054e0cb	Unwind@0054e0cb	lib	_library	eh_funclets	eh	11
0054e0d6	Unwind@0054e0d6	lib	_library	eh_funclets	eh	11
0054e0e1	Unwind@0054e0e1	lib	_library	eh_funclets	eh	11
0054e0ec	Unwind@0054e0ec	lib	_library	eh_funclets	eh	11
0054e0f7	Unwind@0054e0f7	lib	_library	eh_funclets	eh	11
0054e102	Unwind@0054e102	lib	_library	eh_funclets	eh	11
0054e10d	Unwind@0054e10d	lib	_library	eh_funclets	eh	11
0054e118	Unwind@0054e118	lib	_library	eh_funclets	eh	11
0054e123	Unwind@0054e123	lib	_library	eh_funclets	eh	11
0054e12e	Unwind@0054e12e	lib	_library	eh_funclets	eh	11
0054e139	Unwind@0054e139	lib	_library	eh_funclets	eh	11
0054e144	Unwind@0054e144	lib	_library	eh_funclets	eh	11
0054e14f	Unwind@0054e14f	lib	_library	eh_funclets	eh	11
0054e15a	Unwind@0054e15a	lib	_library	eh_funclets	eh	11
0054e165	Unwind@0054e165	lib	_library	eh_funclets	eh	11
0054e170	Unwind@0054e170	lib	_library	eh_funclets	eh	11
0054e17b	Unwind@0054e17b	lib	_library	eh_funclets	eh	11
0054e186	Unwind@0054e186	lib	_library	eh_funclets	eh	11
0054e191	Unwind@0054e191	lib	_library	eh_funclets	eh	11
0054e19c	Unwind@0054e19c	lib	_library	eh_funclets	eh	11
0054e1a7	Unwind@0054e1a7	lib	_library	eh_funclets	eh	11
0054e1b2	Unwind@0054e1b2	lib	_library	eh_funclets	eh	11
0054e1bd	Unwind@0054e1bd	lib	_library	eh_funclets	eh	11
0054e1c8	Unwind@0054e1c8	lib	_library	eh_funclets	eh	11
0054e1d3	Unwind@0054e1d3	lib	_library	eh_funclets	eh	11
0054e1de	Unwind@0054e1de	lib	_library	eh_funclets	eh	11
0054e1e9	Unwind@0054e1e9	lib	_library	eh_funclets	eh	11
0054e1f4	Unwind@0054e1f4	lib	_library	eh_funclets	eh	11
0054e1ff	Unwind@0054e1ff	lib	_library	eh_funclets	eh	11
0054e20a	Unwind@0054e20a	lib	_library	eh_funclets	eh	11
0054e215	Unwind@0054e215	lib	_library	eh_funclets	eh	11
0054e220	Unwind@0054e220	lib	_library	eh_funclets	eh	11
0054e22b	Unwind@0054e22b	lib	_library	eh_funclets	eh	11
0054e236	Unwind@0054e236	lib	_library	eh_funclets	eh	11
0054e241	Unwind@0054e241	lib	_library	eh_funclets	eh	11
0054e24c	Unwind@0054e24c	lib	_library	eh_funclets	eh	11
0054e257	Unwind@0054e257	lib	_library	eh_funclets	eh	11
0054e262	Unwind@0054e262	lib	_library	eh_funclets	eh	11
0054e26d	Unwind@0054e26d	lib	_library	eh_funclets	eh	11
0054e278	Unwind@0054e278	lib	_library	eh_funclets	eh	11
0054e283	Unwind@0054e283	lib	_library	eh_funclets	eh	11
0054e28e	Unwind@0054e28e	lib	_library	eh_funclets	eh	11
0054e299	Unwind@0054e299	lib	_library	eh_funclets	eh	11
0054e2a4	Unwind@0054e2a4	lib	_library	eh_funclets	eh	11
0054e2af	Unwind@0054e2af	lib	_library	eh_funclets	eh	11
0054e2ba	Unwind@0054e2ba	lib	_library	eh_funclets	eh	11
0054e2c5	Unwind@0054e2c5	lib	_library	eh_funclets	eh	11
0054e2d0	Unwind@0054e2d0	lib	_library	eh_funclets	eh	11
0054e2db	Unwind@0054e2db	lib	_library	eh_funclets	eh	11
0054e2e6	Unwind@0054e2e6	lib	_library	eh_funclets	eh	11
0054e2f1	Unwind@0054e2f1	lib	_library	eh_funclets	eh	11
0054e2fc	Unwind@0054e2fc	lib	_library	eh_funclets	eh	11
0054e307	Unwind@0054e307	lib	_library	eh_funclets	eh	11
0054e312	Unwind@0054e312	lib	_library	eh_funclets	eh	11
0054e31d	Unwind@0054e31d	lib	_library	eh_funclets	eh	11
0054e328	Unwind@0054e328	lib	_library	eh_funclets	eh	11
0054e333	Unwind@0054e333	lib	_library	eh_funclets	eh	11
0054e33e	Unwind@0054e33e	lib	_library	eh_funclets	eh	11
0054e349	Unwind@0054e349	lib	_library	eh_funclets	eh	11
0054e354	Unwind@0054e354	lib	_library	eh_funclets	eh	11
0054e35f	Unwind@0054e35f	lib	_library	eh_funclets	eh	11
0054e36a	Unwind@0054e36a	lib	_library	eh_funclets	eh	11
0054e375	Unwind@0054e375	lib	_library	eh_funclets	eh	11
0054e380	Unwind@0054e380	lib	_library	eh_funclets	eh	11
0054e38b	Unwind@0054e38b	lib	_library	eh_funclets	eh	11
0054e396	Unwind@0054e396	lib	_library	eh_funclets	eh	11
0054e3a1	Unwind@0054e3a1	lib	_library	eh_funclets	eh	11
0054e3ac	Unwind@0054e3ac	lib	_library	eh_funclets	eh	11
0054e3b7	Unwind@0054e3b7	lib	_library	eh_funclets	eh	11
0054e3c2	Unwind@0054e3c2	lib	_library	eh_funclets	eh	11
0054e3cd	Unwind@0054e3cd	lib	_library	eh_funclets	eh	11
0054e3d8	Unwind@0054e3d8	lib	_library	eh_funclets	eh	11
0054e3e3	Unwind@0054e3e3	lib	_library	eh_funclets	eh	11
0054e3ee	Unwind@0054e3ee	lib	_library	eh_funclets	eh	11
0054e3f9	Unwind@0054e3f9	lib	_library	eh_funclets	eh	11
0054e404	Unwind@0054e404	lib	_library	eh_funclets	eh	11
0054e40f	Unwind@0054e40f	lib	_library	eh_funclets	eh	11
0054e41a	Unwind@0054e41a	lib	_library	eh_funclets	eh	11
0054e425	Unwind@0054e425	lib	_library	eh_funclets	eh	11
0054e430	Unwind@0054e430	lib	_library	eh_funclets	eh	11
0054e43b	Unwind@0054e43b	lib	_library	eh_funclets	eh	11
0054e446	Unwind@0054e446	lib	_library	eh_funclets	eh	11
0054e451	Unwind@0054e451	lib	_library	eh_funclets	eh	11
0054e45c	Unwind@0054e45c	lib	_library	eh_funclets	eh	11
0054e467	Unwind@0054e467	lib	_library	eh_funclets	eh	11
0054e472	Unwind@0054e472	lib	_library	eh_funclets	eh	11
0054e47d	Unwind@0054e47d	lib	_library	eh_funclets	eh	11
0054e488	Unwind@0054e488	lib	_library	eh_funclets	eh	11
0054e493	Unwind@0054e493	lib	_library	eh_funclets	eh	11
0054e49e	Unwind@0054e49e	lib	_library	eh_funclets	eh	11
0054e4a9	Unwind@0054e4a9	lib	_library	eh_funclets	eh	11
0054e4b4	Unwind@0054e4b4	lib	_library	eh_funclets	eh	11
0054e4bf	Unwind@0054e4bf	lib	_library	eh_funclets	eh	11
0054e4ca	Unwind@0054e4ca	lib	_library	eh_funclets	eh	11
0054e4d5	Unwind@0054e4d5	lib	_library	eh_funclets	eh	11
0054e4e0	Unwind@0054e4e0	lib	_library	eh_funclets	eh	11
0054e4eb	Unwind@0054e4eb	lib	_library	eh_funclets	eh	11
0054e4f6	Unwind@0054e4f6	lib	_library	eh_funclets	eh	11
0054e501	Unwind@0054e501	lib	_library	eh_funclets	eh	11
0054e50c	Unwind@0054e50c	lib	_library	eh_funclets	eh	11
0054e517	Unwind@0054e517	lib	_library	eh_funclets	eh	11
0054e522	Unwind@0054e522	lib	_library	eh_funclets	eh	11
0054e52d	Unwind@0054e52d	lib	_library	eh_funclets	eh	11
0054e538	Unwind@0054e538	lib	_library	eh_funclets	eh	11
0054e543	Unwind@0054e543	lib	_library	eh_funclets	eh	11
0054e54e	Unwind@0054e54e	lib	_library	eh_funclets	eh	11
0054e559	Unwind@0054e559	lib	_library	eh_funclets	eh	11
0054e564	Unwind@0054e564	lib	_library	eh_funclets	eh	11
0054e56f	Unwind@0054e56f	lib	_library	eh_funclets	eh	11
0054e57a	Unwind@0054e57a	lib	_library	eh_funclets	eh	11
0054e585	Unwind@0054e585	lib	_library	eh_funclets	eh	11
0054e590	Unwind@0054e590	lib	_library	eh_funclets	eh	11
0054e59b	Unwind@0054e59b	lib	_library	eh_funclets	eh	11
0054e5a6	Unwind@0054e5a6	lib	_library	eh_funclets	eh	11
0054e5b1	Unwind@0054e5b1	lib	_library	eh_funclets	eh	11
0054e5bc	Unwind@0054e5bc	lib	_library	eh_funclets	eh	11
0054e5c7	Unwind@0054e5c7	lib	_library	eh_funclets	eh	11
0054e5d2	Unwind@0054e5d2	lib	_library	eh_funclets	eh	11
0054e5dd	Unwind@0054e5dd	lib	_library	eh_funclets	eh	11
0054e5e8	Unwind@0054e5e8	lib	_library	eh_funclets	eh	11
0054e5f3	Unwind@0054e5f3	lib	_library	eh_funclets	eh	11
0054e5fe	Unwind@0054e5fe	lib	_library	eh_funclets	eh	11
0054e609	Unwind@0054e609	lib	_library	eh_funclets	eh	11
0054e614	Unwind@0054e614	lib	_library	eh_funclets	eh	11
0054e61f	Unwind@0054e61f	lib	_library	eh_funclets	eh	11
0054e62a	Unwind@0054e62a	lib	_library	eh_funclets	eh	11
0054e635	Unwind@0054e635	lib	_library	eh_funclets	eh	11
0054e640	Unwind@0054e640	lib	_library	eh_funclets	eh	11
0054e64b	Unwind@0054e64b	lib	_library	eh_funclets	eh	11
0054e656	Unwind@0054e656	lib	_library	eh_funclets	eh	11
0054e661	Unwind@0054e661	lib	_library	eh_funclets	eh	11
0054e66c	Unwind@0054e66c	lib	_library	eh_funclets	eh	11
0054e677	Unwind@0054e677	lib	_library	eh_funclets	eh	11
0054e682	Unwind@0054e682	lib	_library	eh_funclets	eh	11
0054e68d	Unwind@0054e68d	lib	_library	eh_funclets	eh	11
0054e698	Unwind@0054e698	lib	_library	eh_funclets	eh	11
0054e6a3	Unwind@0054e6a3	lib	_library	eh_funclets	eh	11
0054e6ae	Unwind@0054e6ae	lib	_library	eh_funclets	eh	11
0054e6b9	Unwind@0054e6b9	lib	_library	eh_funclets	eh	11
0054e6c4	Unwind@0054e6c4	lib	_library	eh_funclets	eh	11
0054e6cf	Unwind@0054e6cf	lib	_library	eh_funclets	eh	11
0054e6da	Unwind@0054e6da	lib	_library	eh_funclets	eh	11
0054e6e5	Unwind@0054e6e5	lib	_library	eh_funclets	eh	11
0054e6f0	Unwind@0054e6f0	lib	_library	eh_funclets	eh	11
0054e6fb	Unwind@0054e6fb	lib	_library	eh_funclets	eh	11
0054e706	Unwind@0054e706	lib	_library	eh_funclets	eh	11
0054e711	Unwind@0054e711	lib	_library	eh_funclets	eh	11
0054e71c	Unwind@0054e71c	lib	_library	eh_funclets	eh	11
0054e727	Unwind@0054e727	lib	_library	eh_funclets	eh	11
0054e732	Unwind@0054e732	lib	_library	eh_funclets	eh	11
0054e73d	Unwind@0054e73d	lib	_library	eh_funclets	eh	11
0054e748	Unwind@0054e748	lib	_library	eh_funclets	eh	11
0054e753	Unwind@0054e753	lib	_library	eh_funclets	eh	11
0054e75e	Unwind@0054e75e	lib	_library	eh_funclets	eh	11
0054e769	Unwind@0054e769	lib	_library	eh_funclets	eh	11
0054e774	Unwind@0054e774	lib	_library	eh_funclets	eh	11
0054e77f	Unwind@0054e77f	lib	_library	eh_funclets	eh	11
0054e78a	Unwind@0054e78a	lib	_library	eh_funclets	eh	11
0054e795	Unwind@0054e795	lib	_library	eh_funclets	eh	11
0054e7a0	Unwind@0054e7a0	lib	_library	eh_funclets	eh	11
0054e7ab	Unwind@0054e7ab	lib	_library	eh_funclets	eh	11
0054e7b6	Unwind@0054e7b6	lib	_library	eh_funclets	eh	11
0054e7c1	Unwind@0054e7c1	lib	_library	eh_funclets	eh	11
0054e7cc	Unwind@0054e7cc	lib	_library	eh_funclets	eh	11
0054e7d7	Unwind@0054e7d7	lib	_library	eh_funclets	eh	11
0054e7e2	Unwind@0054e7e2	lib	_library	eh_funclets	eh	11
0054e7ed	Unwind@0054e7ed	lib	_library	eh_funclets	eh	11
0054e7f8	Unwind@0054e7f8	lib	_library	eh_funclets	eh	11
0054e803	Unwind@0054e803	lib	_library	eh_funclets	eh	11
0054e80e	Unwind@0054e80e	lib	_library	eh_funclets	eh	11
0054e819	Unwind@0054e819	lib	_library	eh_funclets	eh	11
0054e824	Unwind@0054e824	lib	_library	eh_funclets	eh	11
0054e82f	Unwind@0054e82f	lib	_library	eh_funclets	eh	11
0054e83a	Unwind@0054e83a	lib	_library	eh_funclets	eh	11
0054e845	Unwind@0054e845	lib	_library	eh_funclets	eh	11
0054e850	Unwind@0054e850	lib	_library	eh_funclets	eh	11
0054e85b	Unwind@0054e85b	lib	_library	eh_funclets	eh	11
0054e866	Unwind@0054e866	lib	_library	eh_funclets	eh	11
0054e871	Unwind@0054e871	lib	_library	eh_funclets	eh	11
0054e87c	Unwind@0054e87c	lib	_library	eh_funclets	eh	11
0054e887	Unwind@0054e887	lib	_library	eh_funclets	eh	11
0054e892	Unwind@0054e892	lib	_library	eh_funclets	eh	11
0054e89d	Unwind@0054e89d	lib	_library	eh_funclets	eh	11
0054e8a8	Unwind@0054e8a8	lib	_library	eh_funclets	eh	11
0054e8b3	Unwind@0054e8b3	lib	_library	eh_funclets	eh	11
0054e8be	Unwind@0054e8be	lib	_library	eh_funclets	eh	11
0054e8c9	Unwind@0054e8c9	lib	_library	eh_funclets	eh	11
0054e8d4	Unwind@0054e8d4	lib	_library	eh_funclets	eh	11
0054e8df	Unwind@0054e8df	lib	_library	eh_funclets	eh	11
0054e8ea	Unwind@0054e8ea	lib	_library	eh_funclets	eh	11
0054e8f5	Unwind@0054e8f5	lib	_library	eh_funclets	eh	11
0054e900	Unwind@0054e900	lib	_library	eh_funclets	eh	11
0054e90b	Unwind@0054e90b	lib	_library	eh_funclets	eh	11
0054e916	Unwind@0054e916	lib	_library	eh_funclets	eh	11
0054e921	Unwind@0054e921	lib	_library	eh_funclets	eh	11
0054e92c	Unwind@0054e92c	lib	_library	eh_funclets	eh	11
0054e937	Unwind@0054e937	lib	_library	eh_funclets	eh	11
0054e942	Unwind@0054e942	lib	_library	eh_funclets	eh	11
0054e94d	Unwind@0054e94d	lib	_library	eh_funclets	eh	11
0054e958	Unwind@0054e958	lib	_library	eh_funclets	eh	11
0054e963	Unwind@0054e963	lib	_library	eh_funclets	eh	11
0054e96e	Unwind@0054e96e	lib	_library	eh_funclets	eh	11
0054e979	Unwind@0054e979	lib	_library	eh_funclets	eh	11
0054e984	Unwind@0054e984	lib	_library	eh_funclets	eh	11
0054e98f	Unwind@0054e98f	lib	_library	eh_funclets	eh	11
0054e99a	Unwind@0054e99a	lib	_library	eh_funclets	eh	11
0054e9a5	Unwind@0054e9a5	lib	_library	eh_funclets	eh	11
0054e9b0	Unwind@0054e9b0	lib	_library	eh_funclets	eh	11
0054e9bb	Unwind@0054e9bb	lib	_library	eh_funclets	eh	11
0054e9c6	Unwind@0054e9c6	lib	_library	eh_funclets	eh	11
0054e9d1	Unwind@0054e9d1	lib	_library	eh_funclets	eh	11
0054e9dc	Unwind@0054e9dc	lib	_library	eh_funclets	eh	11
0054e9e7	Unwind@0054e9e7	lib	_library	eh_funclets	eh	11
0054e9f2	Unwind@0054e9f2	lib	_library	eh_funclets	eh	11
0054e9fd	Unwind@0054e9fd	lib	_library	eh_funclets	eh	11
0054ea08	Unwind@0054ea08	lib	_library	eh_funclets	eh	11
0054ea13	Unwind@0054ea13	lib	_library	eh_funclets	eh	11
0054ea1e	Unwind@0054ea1e	lib	_library	eh_funclets	eh	11
0054ea29	Unwind@0054ea29	lib	_library	eh_funclets	eh	11
0054ea34	Unwind@0054ea34	lib	_library	eh_funclets	eh	11
0054ea3f	Unwind@0054ea3f	lib	_library	eh_funclets	eh	11
0054ea4a	Unwind@0054ea4a	lib	_library	eh_funclets	eh	11
0054ea55	Unwind@0054ea55	lib	_library	eh_funclets	eh	11
0054ea60	Unwind@0054ea60	lib	_library	eh_funclets	eh	11
0054ea6b	Unwind@0054ea6b	lib	_library	eh_funclets	eh	11
0054ea76	Unwind@0054ea76	lib	_library	eh_funclets	eh	11
0054ea81	Unwind@0054ea81	lib	_library	eh_funclets	eh	11
0054ea8c	Unwind@0054ea8c	lib	_library	eh_funclets	eh	11
0054ea97	Unwind@0054ea97	lib	_library	eh_funclets	eh	11
0054eaa2	Unwind@0054eaa2	lib	_library	eh_funclets	eh	11
0054eaad	Unwind@0054eaad	lib	_library	eh_funclets	eh	11
0054eab8	Unwind@0054eab8	lib	_library	eh_funclets	eh	11
0054eac3	Unwind@0054eac3	lib	_library	eh_funclets	eh	11
0054eace	Unwind@0054eace	lib	_library	eh_funclets	eh	11
0054ead9	Unwind@0054ead9	lib	_library	eh_funclets	eh	11
0054eae4	Unwind@0054eae4	lib	_library	eh_funclets	eh	11
0054eaef	Unwind@0054eaef	lib	_library	eh_funclets	eh	11
0054eafa	Unwind@0054eafa	lib	_library	eh_funclets	eh	11
0054eb05	Unwind@0054eb05	lib	_library	eh_funclets	eh	11
0054eb10	Unwind@0054eb10	lib	_library	eh_funclets	eh	11
0054eb1b	Unwind@0054eb1b	lib	_library	eh_funclets	eh	11
0054eb26	Unwind@0054eb26	lib	_library	eh_funclets	eh	11
0054eb31	Unwind@0054eb31	lib	_library	eh_funclets	eh	11
0054eb3c	Unwind@0054eb3c	lib	_library	eh_funclets	eh	11
0054eb47	Unwind@0054eb47	lib	_library	eh_funclets	eh	11
0054eb52	Unwind@0054eb52	lib	_library	eh_funclets	eh	11
0054eb5d	Unwind@0054eb5d	lib	_library	eh_funclets	eh	11
0054eb68	Unwind@0054eb68	lib	_library	eh_funclets	eh	11
0054eb73	Unwind@0054eb73	lib	_library	eh_funclets	eh	11
0054eb7e	Unwind@0054eb7e	lib	_library	eh_funclets	eh	11
0054eb89	Unwind@0054eb89	lib	_library	eh_funclets	eh	11
0054eb94	Unwind@0054eb94	lib	_library	eh_funclets	eh	11
0054eb9f	Unwind@0054eb9f	lib	_library	eh_funclets	eh	11
0054ebaa	Unwind@0054ebaa	lib	_library	eh_funclets	eh	11
0054ebb5	Unwind@0054ebb5	lib	_library	eh_funclets	eh	11
0054ebc0	Unwind@0054ebc0	lib	_library	eh_funclets	eh	11
0054ebcb	Unwind@0054ebcb	lib	_library	eh_funclets	eh	11
0054ebd6	Unwind@0054ebd6	lib	_library	eh_funclets	eh	11
0054ebe1	Unwind@0054ebe1	lib	_library	eh_funclets	eh	11
0054ebec	Unwind@0054ebec	lib	_library	eh_funclets	eh	11
0054ebf7	Unwind@0054ebf7	lib	_library	eh_funclets	eh	11
0054ec02	Unwind@0054ec02	lib	_library	eh_funclets	eh	11
0054ec0d	Unwind@0054ec0d	lib	_library	eh_funclets	eh	11
0054ec18	Unwind@0054ec18	lib	_library	eh_funclets	eh	11
0054ec23	Unwind@0054ec23	lib	_library	eh_funclets	eh	11
0054ec2e	Unwind@0054ec2e	lib	_library	eh_funclets	eh	11
0054ec39	Unwind@0054ec39	lib	_library	eh_funclets	eh	11
0054ec44	Unwind@0054ec44	lib	_library	eh_funclets	eh	11
0054ec4f	Unwind@0054ec4f	lib	_library	eh_funclets	eh	11
0054ec5a	Unwind@0054ec5a	lib	_library	eh_funclets	eh	11
0054ec65	Unwind@0054ec65	lib	_library	eh_funclets	eh	11
0054ec70	Unwind@0054ec70	lib	_library	eh_funclets	eh	11
0054ec7b	Unwind@0054ec7b	lib	_library	eh_funclets	eh	11
0054ec86	Unwind@0054ec86	lib	_library	eh_funclets	eh	11
0054ec91	Unwind@0054ec91	lib	_library	eh_funclets	eh	11
0054ec9c	Unwind@0054ec9c	lib	_library	eh_funclets	eh	11
0054eca7	Unwind@0054eca7	lib	_library	eh_funclets	eh	11
0054ecb2	Unwind@0054ecb2	lib	_library	eh_funclets	eh	11
0054ecbd	Unwind@0054ecbd	lib	_library	eh_funclets	eh	11
0054ecc8	Unwind@0054ecc8	lib	_library	eh_funclets	eh	11
0054ecd3	Unwind@0054ecd3	lib	_library	eh_funclets	eh	11
0054ecde	Unwind@0054ecde	lib	_library	eh_funclets	eh	11
0054ece9	Unwind@0054ece9	lib	_library	eh_funclets	eh	11
0054ecf4	Unwind@0054ecf4	lib	_library	eh_funclets	eh	11
0054ecff	Unwind@0054ecff	lib	_library	eh_funclets	eh	11
0054ed0a	Unwind@0054ed0a	lib	_library	eh_funclets	eh	11
0054ed15	Unwind@0054ed15	lib	_library	eh_funclets	eh	11
0054ed20	Unwind@0054ed20	lib	_library	eh_funclets	eh	11
0054ed2b	Unwind@0054ed2b	lib	_library	eh_funclets	eh	11
0054ed36	Unwind@0054ed36	lib	_library	eh_funclets	eh	11
0054ed41	Unwind@0054ed41	lib	_library	eh_funclets	eh	11
0054ed4c	Unwind@0054ed4c	lib	_library	eh_funclets	eh	11
0054ed57	Unwind@0054ed57	lib	_library	eh_funclets	eh	11
0054ed62	Unwind@0054ed62	lib	_library	eh_funclets	eh	11
0054ed6d	Unwind@0054ed6d	lib	_library	eh_funclets	eh	11
0054ed78	Unwind@0054ed78	lib	_library	eh_funclets	eh	11
0054ed83	Unwind@0054ed83	lib	_library	eh_funclets	eh	11
0054ed8e	Unwind@0054ed8e	lib	_library	eh_funclets	eh	11
0054ed99	Unwind@0054ed99	lib	_library	eh_funclets	eh	11
0054eda4	Unwind@0054eda4	lib	_library	eh_funclets	eh	11
0054edaf	Unwind@0054edaf	lib	_library	eh_funclets	eh	11
0054edba	Unwind@0054edba	lib	_library	eh_funclets	eh	11
0054edc5	Unwind@0054edc5	lib	_library	eh_funclets	eh	11
0054edd0	Unwind@0054edd0	lib	_library	eh_funclets	eh	11
0054eddb	Unwind@0054eddb	lib	_library	eh_funclets	eh	11
0054ede6	Unwind@0054ede6	lib	_library	eh_funclets	eh	11
0054edf1	Unwind@0054edf1	lib	_library	eh_funclets	eh	11
0054edfc	Unwind@0054edfc	lib	_library	eh_funclets	eh	11
0054ee07	Unwind@0054ee07	lib	_library	eh_funclets	eh	11
0054ee12	Unwind@0054ee12	lib	_library	eh_funclets	eh	11
0054ee1d	Unwind@0054ee1d	lib	_library	eh_funclets	eh	11
0054ee28	Unwind@0054ee28	lib	_library	eh_funclets	eh	11
0054ee33	Unwind@0054ee33	lib	_library	eh_funclets	eh	11
0054ee3e	Unwind@0054ee3e	lib	_library	eh_funclets	eh	11
0054ee49	Unwind@0054ee49	lib	_library	eh_funclets	eh	11
0054ee54	Unwind@0054ee54	lib	_library	eh_funclets	eh	11
0054ee5f	Unwind@0054ee5f	lib	_library	eh_funclets	eh	11
0054ee6a	Unwind@0054ee6a	lib	_library	eh_funclets	eh	11
0054ee75	Unwind@0054ee75	lib	_library	eh_funclets	eh	11
0054ee80	Unwind@0054ee80	lib	_library	eh_funclets	eh	11
0054ee8b	Unwind@0054ee8b	lib	_library	eh_funclets	eh	11
0054ee96	Unwind@0054ee96	lib	_library	eh_funclets	eh	11
0054eea1	Unwind@0054eea1	lib	_library	eh_funclets	eh	11
0054eeac	Unwind@0054eeac	lib	_library	eh_funclets	eh	11
0054eeb7	Unwind@0054eeb7	lib	_library	eh_funclets	eh	11
0054eec2	Unwind@0054eec2	lib	_library	eh_funclets	eh	11
0054eecd	Unwind@0054eecd	lib	_library	eh_funclets	eh	11
0054eed8	Unwind@0054eed8	lib	_library	eh_funclets	eh	11
0054eee3	Unwind@0054eee3	lib	_library	eh_funclets	eh	11
0054eeee	Unwind@0054eeee	lib	_library	eh_funclets	eh	11
0054eef9	Unwind@0054eef9	lib	_library	eh_funclets	eh	11
0054ef04	Unwind@0054ef04	lib	_library	eh_funclets	eh	11
0054ef0f	Unwind@0054ef0f	lib	_library	eh_funclets	eh	11
0054ef1a	Unwind@0054ef1a	lib	_library	eh_funclets	eh	11
0054ef25	Unwind@0054ef25	lib	_library	eh_funclets	eh	11
0054ef30	Unwind@0054ef30	lib	_library	eh_funclets	eh	11
0054ef3b	Unwind@0054ef3b	lib	_library	eh_funclets	eh	11
0054ef46	Unwind@0054ef46	lib	_library	eh_funclets	eh	11
0054ef51	Unwind@0054ef51	lib	_library	eh_funclets	eh	11
0054ef5c	Unwind@0054ef5c	lib	_library	eh_funclets	eh	11
0054ef67	Unwind@0054ef67	lib	_library	eh_funclets	eh	11
0054ef72	Unwind@0054ef72	lib	_library	eh_funclets	eh	11
0054ef7d	Unwind@0054ef7d	lib	_library	eh_funclets	eh	11
0054ef88	Unwind@0054ef88	lib	_library	eh_funclets	eh	11
0054ef93	Unwind@0054ef93	lib	_library	eh_funclets	eh	11
0054ef9e	Unwind@0054ef9e	lib	_library	eh_funclets	eh	11
0054efa9	Unwind@0054efa9	lib	_library	eh_funclets	eh	11
0054efb4	Unwind@0054efb4	lib	_library	eh_funclets	eh	11
0054efbf	Unwind@0054efbf	lib	_library	eh_funclets	eh	11
0054efca	Unwind@0054efca	lib	_library	eh_funclets	eh	11
0054efd5	Unwind@0054efd5	lib	_library	eh_funclets	eh	11
0054efe0	Unwind@0054efe0	lib	_library	eh_funclets	eh	11
0054efeb	Unwind@0054efeb	lib	_library	eh_funclets	eh	11
0054eff6	Unwind@0054eff6	lib	_library	eh_funclets	eh	11
0054f001	Unwind@0054f001	lib	_library	eh_funclets	eh	11
0054f00c	Unwind@0054f00c	lib	_library	eh_funclets	eh	11
0054f017	Unwind@0054f017	lib	_library	eh_funclets	eh	11
0054f022	Unwind@0054f022	lib	_library	eh_funclets	eh	11
0054f02d	Unwind@0054f02d	lib	_library	eh_funclets	eh	11
0054f038	Unwind@0054f038	lib	_library	eh_funclets	eh	11
0054f043	Unwind@0054f043	lib	_library	eh_funclets	eh	11
0054f04e	Unwind@0054f04e	lib	_library	eh_funclets	eh	11
0054f059	Unwind@0054f059	lib	_library	eh_funclets	eh	11
0054f064	Unwind@0054f064	lib	_library	eh_funclets	eh	11
0054f06f	Unwind@0054f06f	lib	_library	eh_funclets	eh	11
0054f07a	Unwind@0054f07a	lib	_library	eh_funclets	eh	11
0054f085	Unwind@0054f085	lib	_library	eh_funclets	eh	11
0054f090	Unwind@0054f090	lib	_library	eh_funclets	eh	11
0054f09b	Unwind@0054f09b	lib	_library	eh_funclets	eh	11
0054f0a6	Unwind@0054f0a6	lib	_library	eh_funclets	eh	11
0054f0b1	Unwind@0054f0b1	lib	_library	eh_funclets	eh	11
0054f0bc	Unwind@0054f0bc	lib	_library	eh_funclets	eh	11
0054f0c7	Unwind@0054f0c7	lib	_library	eh_funclets	eh	11
0054f0d2	Unwind@0054f0d2	lib	_library	eh_funclets	eh	11
0054f0dd	Unwind@0054f0dd	lib	_library	eh_funclets	eh	11
0054f0e8	Unwind@0054f0e8	lib	_library	eh_funclets	eh	11
0054f0f3	Unwind@0054f0f3	lib	_library	eh_funclets	eh	11
0054f0fe	Unwind@0054f0fe	lib	_library	eh_funclets	eh	11
0054f109	Unwind@0054f109	lib	_library	eh_funclets	eh	11
0054f114	Unwind@0054f114	lib	_library	eh_funclets	eh	11
0054f11f	Unwind@0054f11f	lib	_library	eh_funclets	eh	11
0054f12a	Unwind@0054f12a	lib	_library	eh_funclets	eh	11
0054f135	Unwind@0054f135	lib	_library	eh_funclets	eh	11
0054f140	Unwind@0054f140	lib	_library	eh_funclets	eh	11
0054f14b	Unwind@0054f14b	lib	_library	eh_funclets	eh	11
0054f156	Unwind@0054f156	lib	_library	eh_funclets	eh	11
0054f161	Unwind@0054f161	lib	_library	eh_funclets	eh	11
0054f16c	Unwind@0054f16c	lib	_library	eh_funclets	eh	11
0054f177	Unwind@0054f177	lib	_library	eh_funclets	eh	11
0054f182	Unwind@0054f182	lib	_library	eh_funclets	eh	11
0054f18d	Unwind@0054f18d	lib	_library	eh_funclets	eh	11
0054f198	Unwind@0054f198	lib	_library	eh_funclets	eh	11
0054f1a3	Unwind@0054f1a3	lib	_library	eh_funclets	eh	11
0054f1ae	Unwind@0054f1ae	lib	_library	eh_funclets	eh	11
0054f1b9	Unwind@0054f1b9	lib	_library	eh_funclets	eh	11
0054f1c4	Unwind@0054f1c4	lib	_library	eh_funclets	eh	11
0054f1cf	Unwind@0054f1cf	lib	_library	eh_funclets	eh	11
0054f1da	Unwind@0054f1da	lib	_library	eh_funclets	eh	11
0054f1e5	Unwind@0054f1e5	lib	_library	eh_funclets	eh	11
0054f1f0	Unwind@0054f1f0	lib	_library	eh_funclets	eh	11
0054f1fb	Unwind@0054f1fb	lib	_library	eh_funclets	eh	11
0054f206	Unwind@0054f206	lib	_library	eh_funclets	eh	11
0054f211	Unwind@0054f211	lib	_library	eh_funclets	eh	11
0054f21c	Unwind@0054f21c	lib	_library	eh_funclets	eh	11
0054f227	Unwind@0054f227	lib	_library	eh_funclets	eh	11
0054f232	Unwind@0054f232	lib	_library	eh_funclets	eh	11
0054f23d	Unwind@0054f23d	lib	_library	eh_funclets	eh	11
0054f248	Unwind@0054f248	lib	_library	eh_funclets	eh	11
0054f253	Unwind@0054f253	lib	_library	eh_funclets	eh	11
0054f25e	Unwind@0054f25e	lib	_library	eh_funclets	eh	11
0054f269	Unwind@0054f269	lib	_library	eh_funclets	eh	11
0054f274	Unwind@0054f274	lib	_library	eh_funclets	eh	11
0054f27f	Unwind@0054f27f	lib	_library	eh_funclets	eh	11
0054f28a	Unwind@0054f28a	lib	_library	eh_funclets	eh	11
0054f295	Unwind@0054f295	lib	_library	eh_funclets	eh	11
0054f2a0	Unwind@0054f2a0	lib	_library	eh_funclets	eh	11
0054f2ab	Unwind@0054f2ab	lib	_library	eh_funclets	eh	11
0054f2b6	Unwind@0054f2b6	lib	_library	eh_funclets	eh	11
0054f2c1	Unwind@0054f2c1	lib	_library	eh_funclets	eh	11
0054f2cc	Unwind@0054f2cc	lib	_library	eh_funclets	eh	11
0054f2d7	Unwind@0054f2d7	lib	_library	eh_funclets	eh	11
0054f2e2	Unwind@0054f2e2	lib	_library	eh_funclets	eh	11
0054f2ed	Unwind@0054f2ed	lib	_library	eh_funclets	eh	11
0054f2f8	Unwind@0054f2f8	lib	_library	eh_funclets	eh	11
0054f303	Unwind@0054f303	lib	_library	eh_funclets	eh	11
0054f30e	Unwind@0054f30e	lib	_library	eh_funclets	eh	11
0054f319	Unwind@0054f319	lib	_library	eh_funclets	eh	11
0054f324	Unwind@0054f324	lib	_library	eh_funclets	eh	11
0054f32f	Unwind@0054f32f	lib	_library	eh_funclets	eh	11
0054f33a	Unwind@0054f33a	lib	_library	eh_funclets	eh	11
0054f345	Unwind@0054f345	lib	_library	eh_funclets	eh	11
0054f350	Unwind@0054f350	lib	_library	eh_funclets	eh	11
0054f35b	Unwind@0054f35b	lib	_library	eh_funclets	eh	11
0054f366	Unwind@0054f366	lib	_library	eh_funclets	eh	11
0054f371	Unwind@0054f371	lib	_library	eh_funclets	eh	11
0054f37c	Unwind@0054f37c	lib	_library	eh_funclets	eh	11
0054f387	Unwind@0054f387	lib	_library	eh_funclets	eh	11
0054f392	Unwind@0054f392	lib	_library	eh_funclets	eh	11
0054f39d	Unwind@0054f39d	lib	_library	eh_funclets	eh	11
0054f3a8	Unwind@0054f3a8	lib	_library	eh_funclets	eh	11
0054f3b3	Unwind@0054f3b3	lib	_library	eh_funclets	eh	11
0054f3be	Unwind@0054f3be	lib	_library	eh_funclets	eh	11
0054f3c9	Unwind@0054f3c9	lib	_library	eh_funclets	eh	11
0054f3d4	Unwind@0054f3d4	lib	_library	eh_funclets	eh	11
0054f3df	Unwind@0054f3df	lib	_library	eh_funclets	eh	11
0054f3ea	Unwind@0054f3ea	lib	_library	eh_funclets	eh	11
0054f3f5	Unwind@0054f3f5	lib	_library	eh_funclets	eh	11
0054f400	Unwind@0054f400	lib	_library	eh_funclets	eh	11
0054f40b	Unwind@0054f40b	lib	_library	eh_funclets	eh	11
0054f416	Unwind@0054f416	lib	_library	eh_funclets	eh	11
0054f421	Unwind@0054f421	lib	_library	eh_funclets	eh	11
0054f42c	Unwind@0054f42c	lib	_library	eh_funclets	eh	11
0054f437	Unwind@0054f437	lib	_library	eh_funclets	eh	11
0054f442	Unwind@0054f442	lib	_library	eh_funclets	eh	11
0054f44d	Unwind@0054f44d	lib	_library	eh_funclets	eh	11
0054f458	Unwind@0054f458	lib	_library	eh_funclets	eh	11
0054f463	Unwind@0054f463	lib	_library	eh_funclets	eh	11
0054f46e	Unwind@0054f46e	lib	_library	eh_funclets	eh	11
0054f479	Unwind@0054f479	lib	_library	eh_funclets	eh	11
0054f484	Unwind@0054f484	lib	_library	eh_funclets	eh	11
0054f48f	Unwind@0054f48f	lib	_library	eh_funclets	eh	11
0054f49a	Unwind@0054f49a	lib	_library	eh_funclets	eh	11
0054f4a5	Unwind@0054f4a5	lib	_library	eh_funclets	eh	11
0054f4b0	Unwind@0054f4b0	lib	_library	eh_funclets	eh	11
0054f4bb	Unwind@0054f4bb	lib	_library	eh_funclets	eh	11
0054f4c6	Unwind@0054f4c6	lib	_library	eh_funclets	eh	11
0054f4d1	Unwind@0054f4d1	lib	_library	eh_funclets	eh	11
0054f4dc	Unwind@0054f4dc	lib	_library	eh_funclets	eh	11
0054f4e7	Unwind@0054f4e7	lib	_library	eh_funclets	eh	11
0054f4f2	Unwind@0054f4f2	lib	_library	eh_funclets	eh	11
0054f4fd	Unwind@0054f4fd	lib	_library	eh_funclets	eh	11
0054f508	Unwind@0054f508	lib	_library	eh_funclets	eh	11
0054f513	Unwind@0054f513	lib	_library	eh_funclets	eh	11
0054f51e	Unwind@0054f51e	lib	_library	eh_funclets	eh	11
0054f529	Unwind@0054f529	lib	_library	eh_funclets	eh	11
0054f534	Unwind@0054f534	lib	_library	eh_funclets	eh	11
0054f53f	Unwind@0054f53f	lib	_library	eh_funclets	eh	11
0054f54a	Unwind@0054f54a	lib	_library	eh_funclets	eh	11
0054f555	Unwind@0054f555	lib	_library	eh_funclets	eh	11
0054f560	Unwind@0054f560	lib	_library	eh_funclets	eh	11
0054f56b	Unwind@0054f56b	lib	_library	eh_funclets	eh	11
0054f576	Unwind@0054f576	lib	_library	eh_funclets	eh	11
0054f581	Unwind@0054f581	lib	_library	eh_funclets	eh	11
0054f58c	Unwind@0054f58c	lib	_library	eh_funclets	eh	11
0054f597	Unwind@0054f597	lib	_library	eh_funclets	eh	11
0054f5a2	Unwind@0054f5a2	lib	_library	eh_funclets	eh	11
0054f5ad	Unwind@0054f5ad	lib	_library	eh_funclets	eh	11
0054f5b8	Unwind@0054f5b8	lib	_library	eh_funclets	eh	11
0054f5c3	Unwind@0054f5c3	lib	_library	eh_funclets	eh	11
0054f5ce	Unwind@0054f5ce	lib	_library	eh_funclets	eh	11
0054f5d9	Unwind@0054f5d9	lib	_library	eh_funclets	eh	11
0054f5e4	Unwind@0054f5e4	lib	_library	eh_funclets	eh	11
0054f5ef	Unwind@0054f5ef	lib	_library	eh_funclets	eh	11
0054f5fa	Unwind@0054f5fa	lib	_library	eh_funclets	eh	11
0054f605	Unwind@0054f605	lib	_library	eh_funclets	eh	11
0054f610	Unwind@0054f610	lib	_library	eh_funclets	eh	11
0054f61b	Unwind@0054f61b	lib	_library	eh_funclets	eh	11
0054f626	Unwind@0054f626	lib	_library	eh_funclets	eh	11
0054f631	Unwind@0054f631	lib	_library	eh_funclets	eh	11
0054f63c	Unwind@0054f63c	lib	_library	eh_funclets	eh	11
0054f647	Unwind@0054f647	lib	_library	eh_funclets	eh	11
0054f652	Unwind@0054f652	lib	_library	eh_funclets	eh	11
0054f65d	Unwind@0054f65d	lib	_library	eh_funclets	eh	11
0054f668	Unwind@0054f668	lib	_library	eh_funclets	eh	11
0054f673	Unwind@0054f673	lib	_library	eh_funclets	eh	11
0054f67e	Unwind@0054f67e	lib	_library	eh_funclets	eh	11
0054f689	Unwind@0054f689	lib	_library	eh_funclets	eh	11
0054f694	Unwind@0054f694	lib	_library	eh_funclets	eh	11
0054f69f	Unwind@0054f69f	lib	_library	eh_funclets	eh	11
0054f6aa	Unwind@0054f6aa	lib	_library	eh_funclets	eh	11
0054f6b5	Unwind@0054f6b5	lib	_library	eh_funclets	eh	11
0054f6c0	Unwind@0054f6c0	lib	_library	eh_funclets	eh	11
0054f6cb	Unwind@0054f6cb	lib	_library	eh_funclets	eh	11
0054f6d6	Unwind@0054f6d6	lib	_library	eh_funclets	eh	11
0054f6e1	Unwind@0054f6e1	lib	_library	eh_funclets	eh	11
0054f6ec	Unwind@0054f6ec	lib	_library	eh_funclets	eh	11
0054f6f7	Unwind@0054f6f7	lib	_library	eh_funclets	eh	11
0054f702	Unwind@0054f702	lib	_library	eh_funclets	eh	11
0054f70d	Unwind@0054f70d	lib	_library	eh_funclets	eh	11
0054f718	Unwind@0054f718	lib	_library	eh_funclets	eh	11
0054f723	Unwind@0054f723	lib	_library	eh_funclets	eh	11
0054f72e	Unwind@0054f72e	lib	_library	eh_funclets	eh	11
0054f739	Unwind@0054f739	lib	_library	eh_funclets	eh	11
0054f744	Unwind@0054f744	lib	_library	eh_funclets	eh	11
0054f74f	Unwind@0054f74f	lib	_library	eh_funclets	eh	11
0054f75a	Unwind@0054f75a	lib	_library	eh_funclets	eh	11
0054f765	Unwind@0054f765	lib	_library	eh_funclets	eh	11
0054f770	Unwind@0054f770	lib	_library	eh_funclets	eh	11
0054f77b	Unwind@0054f77b	lib	_library	eh_funclets	eh	11
0054f786	Unwind@0054f786	lib	_library	eh_funclets	eh	11
0054f791	Unwind@0054f791	lib	_library	eh_funclets	eh	11
0054f79c	Unwind@0054f79c	lib	_library	eh_funclets	eh	11
0054f7a7	Unwind@0054f7a7	lib	_library	eh_funclets	eh	11
0054f7b2	Unwind@0054f7b2	lib	_library	eh_funclets	eh	11
0054f7bd	Unwind@0054f7bd	lib	_library	eh_funclets	eh	11
0054f7c8	Unwind@0054f7c8	lib	_library	eh_funclets	eh	11
0054f7d3	Unwind@0054f7d3	lib	_library	eh_funclets	eh	11
0054f7de	Unwind@0054f7de	lib	_library	eh_funclets	eh	11
0054f7e9	Unwind@0054f7e9	lib	_library	eh_funclets	eh	11
0054f7f4	Unwind@0054f7f4	lib	_library	eh_funclets	eh	11
0054f7ff	Unwind@0054f7ff	lib	_library	eh_funclets	eh	11
0054f80a	Unwind@0054f80a	lib	_library	eh_funclets	eh	11
0054f815	Unwind@0054f815	lib	_library	eh_funclets	eh	11
0054f820	Unwind@0054f820	lib	_library	eh_funclets	eh	11
0054f82b	Unwind@0054f82b	lib	_library	eh_funclets	eh	11
0054f836	Unwind@0054f836	lib	_library	eh_funclets	eh	11
0054f841	Unwind@0054f841	lib	_library	eh_funclets	eh	11
0054f84c	Unwind@0054f84c	lib	_library	eh_funclets	eh	11
0054f857	Unwind@0054f857	lib	_library	eh_funclets	eh	11
0054f862	Unwind@0054f862	lib	_library	eh_funclets	eh	11
0054f86d	Unwind@0054f86d	lib	_library	eh_funclets	eh	11
0054f878	Unwind@0054f878	lib	_library	eh_funclets	eh	11
0054f883	Unwind@0054f883	lib	_library	eh_funclets	eh	11
0054f88e	Unwind@0054f88e	lib	_library	eh_funclets	eh	11
0054f899	Unwind@0054f899	lib	_library	eh_funclets	eh	11
0054f8a4	Unwind@0054f8a4	lib	_library	eh_funclets	eh	11
0054f8af	Unwind@0054f8af	lib	_library	eh_funclets	eh	11
0054f8ba	Unwind@0054f8ba	lib	_library	eh_funclets	eh	11
0054f8c5	Unwind@0054f8c5	lib	_library	eh_funclets	eh	11
0054f8d0	Unwind@0054f8d0	lib	_library	eh_funclets	eh	11
0054f8db	Unwind@0054f8db	lib	_library	eh_funclets	eh	11
0054f8e6	Unwind@0054f8e6	lib	_library	eh_funclets	eh	11
0054f8f1	Unwind@0054f8f1	lib	_library	eh_funclets	eh	11
0054f8fc	Unwind@0054f8fc	lib	_library	eh_funclets	eh	11
0054f907	Unwind@0054f907	lib	_library	eh_funclets	eh	11
0054f912	Unwind@0054f912	lib	_library	eh_funclets	eh	11
0054f91d	Unwind@0054f91d	lib	_library	eh_funclets	eh	11
0054f928	Unwind@0054f928	lib	_library	eh_funclets	eh	11
0054f933	Unwind@0054f933	lib	_library	eh_funclets	eh	11
0054f93e	Unwind@0054f93e	lib	_library	eh_funclets	eh	11
0054f949	Unwind@0054f949	lib	_library	eh_funclets	eh	11
0054f954	Unwind@0054f954	lib	_library	eh_funclets	eh	11
0054f95f	Unwind@0054f95f	lib	_library	eh_funclets	eh	11
0054f96a	Unwind@0054f96a	lib	_library	eh_funclets	eh	11
0054f975	Unwind@0054f975	lib	_library	eh_funclets	eh	11
0054f980	Unwind@0054f980	lib	_library	eh_funclets	eh	11
0054f98b	Unwind@0054f98b	lib	_library	eh_funclets	eh	11
0054f996	Unwind@0054f996	lib	_library	eh_funclets	eh	11
0054f9a1	Unwind@0054f9a1	lib	_library	eh_funclets	eh	11
0054f9ac	Unwind@0054f9ac	lib	_library	eh_funclets	eh	11
0054f9b7	Unwind@0054f9b7	lib	_library	eh_funclets	eh	11
0054f9c2	Unwind@0054f9c2	lib	_library	eh_funclets	eh	11
0054f9cd	Unwind@0054f9cd	lib	_library	eh_funclets	eh	11
0054f9d8	Unwind@0054f9d8	lib	_library	eh_funclets	eh	11
0054f9e3	Unwind@0054f9e3	lib	_library	eh_funclets	eh	11
0054f9ee	Unwind@0054f9ee	lib	_library	eh_funclets	eh	11
0054f9f9	Unwind@0054f9f9	lib	_library	eh_funclets	eh	11
0054fa04	Unwind@0054fa04	lib	_library	eh_funclets	eh	11
0054fa0f	Unwind@0054fa0f	lib	_library	eh_funclets	eh	11
0054fa1a	Unwind@0054fa1a	lib	_library	eh_funclets	eh	11
0054fa25	Unwind@0054fa25	lib	_library	eh_funclets	eh	11
0054fa30	Unwind@0054fa30	lib	_library	eh_funclets	eh	11
0054fa3b	Unwind@0054fa3b	lib	_library	eh_funclets	eh	11
0054fa46	Unwind@0054fa46	lib	_library	eh_funclets	eh	11
0054fa51	Unwind@0054fa51	lib	_library	eh_funclets	eh	11
0054fa5c	Unwind@0054fa5c	lib	_library	eh_funclets	eh	11
0054fa67	Unwind@0054fa67	lib	_library	eh_funclets	eh	11
0054fa72	Unwind@0054fa72	lib	_library	eh_funclets	eh	11
0054fa7d	Unwind@0054fa7d	lib	_library	eh_funclets	eh	11
0054fa88	Unwind@0054fa88	lib	_library	eh_funclets	eh	11
0054fa93	Unwind@0054fa93	lib	_library	eh_funclets	eh	11
0054fa9e	Unwind@0054fa9e	lib	_library	eh_funclets	eh	11
0054faa9	Unwind@0054faa9	lib	_library	eh_funclets	eh	11
0054fab4	Unwind@0054fab4	lib	_library	eh_funclets	eh	11
0054fabf	Unwind@0054fabf	lib	_library	eh_funclets	eh	11
0054faca	Unwind@0054faca	lib	_library	eh_funclets	eh	11
0054fad5	Unwind@0054fad5	lib	_library	eh_funclets	eh	11
0054fae0	Unwind@0054fae0	lib	_library	eh_funclets	eh	11
0054faeb	Unwind@0054faeb	lib	_library	eh_funclets	eh	11
0054faf6	Unwind@0054faf6	lib	_library	eh_funclets	eh	11
0054fb01	Unwind@0054fb01	lib	_library	eh_funclets	eh	11
0054fb0c	Unwind@0054fb0c	lib	_library	eh_funclets	eh	11
0054fb17	Unwind@0054fb17	lib	_library	eh_funclets	eh	11
0054fb22	Unwind@0054fb22	lib	_library	eh_funclets	eh	11
0054fb2d	Unwind@0054fb2d	lib	_library	eh_funclets	eh	11
0054fb38	Unwind@0054fb38	lib	_library	eh_funclets	eh	11
0054fb43	Unwind@0054fb43	lib	_library	eh_funclets	eh	11
0054fb4e	Unwind@0054fb4e	lib	_library	eh_funclets	eh	11
0054fb59	Unwind@0054fb59	lib	_library	eh_funclets	eh	11
0054fb64	Unwind@0054fb64	lib	_library	eh_funclets	eh	11
0054fb6f	Unwind@0054fb6f	lib	_library	eh_funclets	eh	11
0054fb7a	Unwind@0054fb7a	lib	_library	eh_funclets	eh	11
0054fb85	Unwind@0054fb85	lib	_library	eh_funclets	eh	11
0054fb90	Unwind@0054fb90	lib	_library	eh_funclets	eh	11
0054fb9b	Unwind@0054fb9b	lib	_library	eh_funclets	eh	11
0054fba6	Unwind@0054fba6	lib	_library	eh_funclets	eh	11
0054fbb1	Unwind@0054fbb1	lib	_library	eh_funclets	eh	11
0054fbbc	Unwind@0054fbbc	lib	_library	eh_funclets	eh	11
0054fbc7	Unwind@0054fbc7	lib	_library	eh_funclets	eh	11
0054fbd2	Unwind@0054fbd2	lib	_library	eh_funclets	eh	11
0054fbdd	Unwind@0054fbdd	lib	_library	eh_funclets	eh	11
0054fbe8	Unwind@0054fbe8	lib	_library	eh_funclets	eh	11
0054fbf3	Unwind@0054fbf3	lib	_library	eh_funclets	eh	11
0054fbfe	Unwind@0054fbfe	lib	_library	eh_funclets	eh	11
0054fc09	Unwind@0054fc09	lib	_library	eh_funclets	eh	11
0054fc14	Unwind@0054fc14	lib	_library	eh_funclets	eh	11
0054fc1f	Unwind@0054fc1f	lib	_library	eh_funclets	eh	11
0054fc2a	Unwind@0054fc2a	lib	_library	eh_funclets	eh	11
0054fc35	Unwind@0054fc35	lib	_library	eh_funclets	eh	11
0054fc40	Unwind@0054fc40	lib	_library	eh_funclets	eh	11
0054fc4b	Unwind@0054fc4b	lib	_library	eh_funclets	eh	11
0054fc56	Unwind@0054fc56	lib	_library	eh_funclets	eh	11
0054fc61	Unwind@0054fc61	lib	_library	eh_funclets	eh	11
0054fc6c	Unwind@0054fc6c	lib	_library	eh_funclets	eh	11
0054fc77	Unwind@0054fc77	lib	_library	eh_funclets	eh	11
0054fc82	Unwind@0054fc82	lib	_library	eh_funclets	eh	11
0054fc8d	Unwind@0054fc8d	lib	_library	eh_funclets	eh	11
0054fc98	Unwind@0054fc98	lib	_library	eh_funclets	eh	11
0054fca3	Unwind@0054fca3	lib	_library	eh_funclets	eh	11
0054fcae	Unwind@0054fcae	lib	_library	eh_funclets	eh	11
0054fcb9	Unwind@0054fcb9	lib	_library	eh_funclets	eh	11
0054fcc4	Unwind@0054fcc4	lib	_library	eh_funclets	eh	11
0054fccf	Unwind@0054fccf	lib	_library	eh_funclets	eh	11
0054fcda	Unwind@0054fcda	lib	_library	eh_funclets	eh	11
0054fce5	Unwind@0054fce5	lib	_library	eh_funclets	eh	11
0054fcf0	Unwind@0054fcf0	lib	_library	eh_funclets	eh	11
0054fcfb	Unwind@0054fcfb	lib	_library	eh_funclets	eh	11
0054fd06	Unwind@0054fd06	lib	_library	eh_funclets	eh	11
0054fd11	Unwind@0054fd11	lib	_library	eh_funclets	eh	11
0054fd1c	Unwind@0054fd1c	lib	_library	eh_funclets	eh	11
0054fd27	Unwind@0054fd27	lib	_library	eh_funclets	eh	11
0054fd32	Unwind@0054fd32	lib	_library	eh_funclets	eh	11
0054fd3d	Unwind@0054fd3d	lib	_library	eh_funclets	eh	11
0054fd48	Unwind@0054fd48	lib	_library	eh_funclets	eh	11
0054fd53	Unwind@0054fd53	lib	_library	eh_funclets	eh	11
0054fd5e	Unwind@0054fd5e	lib	_library	eh_funclets	eh	11
0054fd69	Unwind@0054fd69	lib	_library	eh_funclets	eh	11
0054fd74	Unwind@0054fd74	lib	_library	eh_funclets	eh	11
0054fd7f	Unwind@0054fd7f	lib	_library	eh_funclets	eh	11
0054fd8a	Unwind@0054fd8a	lib	_library	eh_funclets	eh	11
0054fd95	Unwind@0054fd95	lib	_library	eh_funclets	eh	11
0054fda0	Unwind@0054fda0	lib	_library	eh_funclets	eh	11
0054fdab	Unwind@0054fdab	lib	_library	eh_funclets	eh	11
0054fdb6	Unwind@0054fdb6	lib	_library	eh_funclets	eh	11
0054fdc1	Unwind@0054fdc1	lib	_library	eh_funclets	eh	11
0054fdcc	Unwind@0054fdcc	lib	_library	eh_funclets	eh	11
0054fdd7	Unwind@0054fdd7	lib	_library	eh_funclets	eh	11
0054fde2	Unwind@0054fde2	lib	_library	eh_funclets	eh	11
0054fded	Unwind@0054fded	lib	_library	eh_funclets	eh	11
0054fdf8	Unwind@0054fdf8	lib	_library	eh_funclets	eh	11
0054fe03	Unwind@0054fe03	lib	_library	eh_funclets	eh	11
0054fe0e	Unwind@0054fe0e	lib	_library	eh_funclets	eh	11
0054fe19	Unwind@0054fe19	lib	_library	eh_funclets	eh	11
0054fe24	Unwind@0054fe24	lib	_library	eh_funclets	eh	11
0054fe2f	Unwind@0054fe2f	lib	_library	eh_funclets	eh	11
0054fe3a	Unwind@0054fe3a	lib	_library	eh_funclets	eh	11
0054fe45	Unwind@0054fe45	lib	_library	eh_funclets	eh	11
0054fe50	Unwind@0054fe50	lib	_library	eh_funclets	eh	11
0054fe5b	Unwind@0054fe5b	lib	_library	eh_funclets	eh	11
0054fe66	Unwind@0054fe66	lib	_library	eh_funclets	eh	11
0054fe71	Unwind@0054fe71	lib	_library	eh_funclets	eh	11
0054fe7c	Unwind@0054fe7c	lib	_library	eh_funclets	eh	11
0054fe87	Unwind@0054fe87	lib	_library	eh_funclets	eh	11
0054fe92	Unwind@0054fe92	lib	_library	eh_funclets	eh	11
0054fe9d	Unwind@0054fe9d	lib	_library	eh_funclets	eh	11
0054fea8	Unwind@0054fea8	lib	_library	eh_funclets	eh	11
0054feb3	Unwind@0054feb3	lib	_library	eh_funclets	eh	11
0054febe	Unwind@0054febe	lib	_library	eh_funclets	eh	11
0054fec9	Unwind@0054fec9	lib	_library	eh_funclets	eh	11
0054fed4	Unwind@0054fed4	lib	_library	eh_funclets	eh	11
0054fedf	Unwind@0054fedf	lib	_library	eh_funclets	eh	11
0054feea	Unwind@0054feea	lib	_library	eh_funclets	eh	11
0054fef5	Unwind@0054fef5	lib	_library	eh_funclets	eh	11
0054ff00	Unwind@0054ff00	lib	_library	eh_funclets	eh	11
0054ff0b	Unwind@0054ff0b	lib	_library	eh_funclets	eh	11
0054ff16	Unwind@0054ff16	lib	_library	eh_funclets	eh	11
0054ff21	Unwind@0054ff21	lib	_library	eh_funclets	eh	11
0054ff2c	Unwind@0054ff2c	lib	_library	eh_funclets	eh	11
0054ff37	Unwind@0054ff37	lib	_library	eh_funclets	eh	11
0054ff42	Unwind@0054ff42	lib	_library	eh_funclets	eh	11
0054ff4d	Unwind@0054ff4d	lib	_library	eh_funclets	eh	11
0054ff58	Unwind@0054ff58	lib	_library	eh_funclets	eh	11
0054ff63	Unwind@0054ff63	lib	_library	eh_funclets	eh	11
0054ff6e	Unwind@0054ff6e	lib	_library	eh_funclets	eh	11
0054ff79	Unwind@0054ff79	lib	_library	eh_funclets	eh	11
0054ff84	Unwind@0054ff84	lib	_library	eh_funclets	eh	11
0054ff8f	Unwind@0054ff8f	lib	_library	eh_funclets	eh	11
0054ff9a	Unwind@0054ff9a	lib	_library	eh_funclets	eh	11
0054ffa5	Unwind@0054ffa5	lib	_library	eh_funclets	eh	11
0054ffb0	Unwind@0054ffb0	lib	_library	eh_funclets	eh	11
0054ffbb	Unwind@0054ffbb	lib	_library	eh_funclets	eh	11
0054ffc6	Unwind@0054ffc6	lib	_library	eh_funclets	eh	11
0054ffd1	Unwind@0054ffd1	lib	_library	eh_funclets	eh	11
0054ffdc	Unwind@0054ffdc	lib	_library	eh_funclets	eh	11
0054ffe7	Unwind@0054ffe7	lib	_library	eh_funclets	eh	11
0054fff2	Unwind@0054fff2	lib	_library	eh_funclets	eh	11
0054fffd	Unwind@0054fffd	lib	_library	eh_funclets	eh	11
00550008	Unwind@00550008	lib	_library	eh_funclets	eh	11
00550013	Unwind@00550013	lib	_library	eh_funclets	eh	11
0055001e	Unwind@0055001e	lib	_library	eh_funclets	eh	11
00550029	Unwind@00550029	lib	_library	eh_funclets	eh	11
00550034	Unwind@00550034	lib	_library	eh_funclets	eh	11
0055003f	Unwind@0055003f	lib	_library	eh_funclets	eh	11
0055004a	Unwind@0055004a	lib	_library	eh_funclets	eh	11
00550055	Unwind@00550055	lib	_library	eh_funclets	eh	11
00550060	Unwind@00550060	lib	_library	eh_funclets	eh	11
0055006b	Unwind@0055006b	lib	_library	eh_funclets	eh	11
00550076	Unwind@00550076	lib	_library	eh_funclets	eh	11
00550081	Unwind@00550081	lib	_library	eh_funclets	eh	11
0055008c	Unwind@0055008c	lib	_library	eh_funclets	eh	11
00550097	Unwind@00550097	lib	_library	eh_funclets	eh	11
005500a2	Unwind@005500a2	lib	_library	eh_funclets	eh	11
005500ad	Unwind@005500ad	lib	_library	eh_funclets	eh	11
005500b8	Unwind@005500b8	lib	_library	eh_funclets	eh	11
005500c3	Unwind@005500c3	lib	_library	eh_funclets	eh	11
005500ce	Unwind@005500ce	lib	_library	eh_funclets	eh	11
005500d9	Unwind@005500d9	lib	_library	eh_funclets	eh	11
005500e4	Unwind@005500e4	lib	_library	eh_funclets	eh	11
005500ef	Unwind@005500ef	lib	_library	eh_funclets	eh	11
005500fa	Unwind@005500fa	lib	_library	eh_funclets	eh	11
00550105	Unwind@00550105	lib	_library	eh_funclets	eh	11
00550110	Unwind@00550110	lib	_library	eh_funclets	eh	11
0055011b	Unwind@0055011b	lib	_library	eh_funclets	eh	11
00550126	Unwind@00550126	lib	_library	eh_funclets	eh	11
00550131	Unwind@00550131	lib	_library	eh_funclets	eh	11
0055013c	Unwind@0055013c	lib	_library	eh_funclets	eh	11
00550147	Unwind@00550147	lib	_library	eh_funclets	eh	11
00550152	Unwind@00550152	lib	_library	eh_funclets	eh	11
0055015d	Unwind@0055015d	lib	_library	eh_funclets	eh	11
00550168	Unwind@00550168	lib	_library	eh_funclets	eh	11
00550173	Unwind@00550173	lib	_library	eh_funclets	eh	11
0055017e	Unwind@0055017e	lib	_library	eh_funclets	eh	11
00550189	Unwind@00550189	lib	_library	eh_funclets	eh	11
00550194	Unwind@00550194	lib	_library	eh_funclets	eh	11
0055019f	Unwind@0055019f	lib	_library	eh_funclets	eh	11
005501aa	Unwind@005501aa	lib	_library	eh_funclets	eh	11
005501b5	Unwind@005501b5	lib	_library	eh_funclets	eh	11
005501c0	Unwind@005501c0	lib	_library	eh_funclets	eh	11
005501cb	Unwind@005501cb	lib	_library	eh_funclets	eh	11
005501d6	Unwind@005501d6	lib	_library	eh_funclets	eh	11
005501e1	Unwind@005501e1	lib	_library	eh_funclets	eh	11
005501ec	Unwind@005501ec	lib	_library	eh_funclets	eh	11
005501f7	Unwind@005501f7	lib	_library	eh_funclets	eh	11
00550202	Unwind@00550202	lib	_library	eh_funclets	eh	11
0055020d	Unwind@0055020d	lib	_library	eh_funclets	eh	11
00550218	Unwind@00550218	lib	_library	eh_funclets	eh	11
00550223	Unwind@00550223	lib	_library	eh_funclets	eh	11
0055022e	Unwind@0055022e	lib	_library	eh_funclets	eh	11
00550239	Unwind@00550239	lib	_library	eh_funclets	eh	11
00550244	Unwind@00550244	lib	_library	eh_funclets	eh	11
0055024f	Unwind@0055024f	lib	_library	eh_funclets	eh	11
0055025a	Unwind@0055025a	lib	_library	eh_funclets	eh	11
00550265	Unwind@00550265	lib	_library	eh_funclets	eh	11
00550270	Unwind@00550270	lib	_library	eh_funclets	eh	11
0055027b	Unwind@0055027b	lib	_library	eh_funclets	eh	11
00550286	Unwind@00550286	lib	_library	eh_funclets	eh	11
00550291	Unwind@00550291	lib	_library	eh_funclets	eh	11
0055029c	Unwind@0055029c	lib	_library	eh_funclets	eh	11
005502a7	Unwind@005502a7	lib	_library	eh_funclets	eh	11
005502b2	Unwind@005502b2	lib	_library	eh_funclets	eh	11
005502bd	Unwind@005502bd	lib	_library	eh_funclets	eh	11
005502c8	Unwind@005502c8	lib	_library	eh_funclets	eh	11
005502d3	Unwind@005502d3	lib	_library	eh_funclets	eh	11
005502de	Unwind@005502de	lib	_library	eh_funclets	eh	11
005502e9	Unwind@005502e9	lib	_library	eh_funclets	eh	11
005502f4	Unwind@005502f4	lib	_library	eh_funclets	eh	11
005502ff	Unwind@005502ff	lib	_library	eh_funclets	eh	11
0055030a	Unwind@0055030a	lib	_library	eh_funclets	eh	11
00550315	Unwind@00550315	lib	_library	eh_funclets	eh	11
00550320	Unwind@00550320	lib	_library	eh_funclets	eh	11
0055032b	Unwind@0055032b	lib	_library	eh_funclets	eh	11
00550336	Unwind@00550336	lib	_library	eh_funclets	eh	11
00550341	Unwind@00550341	lib	_library	eh_funclets	eh	11
0055034c	Unwind@0055034c	lib	_library	eh_funclets	eh	11
00550357	Unwind@00550357	lib	_library	eh_funclets	eh	11
00550362	Unwind@00550362	lib	_library	eh_funclets	eh	11
0055036d	Unwind@0055036d	lib	_library	eh_funclets	eh	11
00550378	Unwind@00550378	lib	_library	eh_funclets	eh	11
00550383	Unwind@00550383	lib	_library	eh_funclets	eh	11
0055038e	Unwind@0055038e	lib	_library	eh_funclets	eh	11
00550399	Unwind@00550399	lib	_library	eh_funclets	eh	11
005503a4	Unwind@005503a4	lib	_library	eh_funclets	eh	11
005503af	Unwind@005503af	lib	_library	eh_funclets	eh	11
005503ba	Unwind@005503ba	lib	_library	eh_funclets	eh	11
005503c5	Unwind@005503c5	lib	_library	eh_funclets	eh	11
005503d0	Unwind@005503d0	lib	_library	eh_funclets	eh	11
005503db	Unwind@005503db	lib	_library	eh_funclets	eh	11
005503e6	Unwind@005503e6	lib	_library	eh_funclets	eh	11
005503f1	Unwind@005503f1	lib	_library	eh_funclets	eh	11
005503fc	Unwind@005503fc	lib	_library	eh_funclets	eh	11
00550407	Unwind@00550407	lib	_library	eh_funclets	eh	11
00550412	Unwind@00550412	lib	_library	eh_funclets	eh	11
0055041d	Unwind@0055041d	lib	_library	eh_funclets	eh	11
00550428	Unwind@00550428	lib	_library	eh_funclets	eh	11
00550433	Unwind@00550433	lib	_library	eh_funclets	eh	11
0055043e	Unwind@0055043e	lib	_library	eh_funclets	eh	11
00550449	Unwind@00550449	lib	_library	eh_funclets	eh	11
00550454	Unwind@00550454	lib	_library	eh_funclets	eh	11
0055045f	Unwind@0055045f	lib	_library	eh_funclets	eh	11
0055046a	Unwind@0055046a	lib	_library	eh_funclets	eh	11
00550475	Unwind@00550475	lib	_library	eh_funclets	eh	11
00550480	Unwind@00550480	lib	_library	eh_funclets	eh	11
0055048b	Unwind@0055048b	lib	_library	eh_funclets	eh	11
00550496	Unwind@00550496	lib	_library	eh_funclets	eh	11
005504a1	Unwind@005504a1	lib	_library	eh_funclets	eh	11
005504ac	Unwind@005504ac	lib	_library	eh_funclets	eh	11
005504b7	Unwind@005504b7	lib	_library	eh_funclets	eh	11
005504c2	Unwind@005504c2	lib	_library	eh_funclets	eh	11
005504cd	Unwind@005504cd	lib	_library	eh_funclets	eh	11
005504d8	Unwind@005504d8	lib	_library	eh_funclets	eh	11
005504e3	Unwind@005504e3	lib	_library	eh_funclets	eh	11
005504ee	Unwind@005504ee	lib	_library	eh_funclets	eh	11
005504f9	Unwind@005504f9	lib	_library	eh_funclets	eh	11
00550504	Unwind@00550504	lib	_library	eh_funclets	eh	11
0055050f	Unwind@0055050f	lib	_library	eh_funclets	eh	11
0055051a	Unwind@0055051a	lib	_library	eh_funclets	eh	11
00550525	Unwind@00550525	lib	_library	eh_funclets	eh	11
00550530	Unwind@00550530	lib	_library	eh_funclets	eh	11
0055053b	Unwind@0055053b	lib	_library	eh_funclets	eh	11
00550546	Unwind@00550546	lib	_library	eh_funclets	eh	11
00550551	Unwind@00550551	lib	_library	eh_funclets	eh	11
0055055c	Unwind@0055055c	lib	_library	eh_funclets	eh	11
00550567	Unwind@00550567	lib	_library	eh_funclets	eh	11
00550572	Unwind@00550572	lib	_library	eh_funclets	eh	11
0055057d	Unwind@0055057d	lib	_library	eh_funclets	eh	11
00550588	Unwind@00550588	lib	_library	eh_funclets	eh	11
00550593	Unwind@00550593	lib	_library	eh_funclets	eh	11
0055059e	Unwind@0055059e	lib	_library	eh_funclets	eh	11
005505a9	Unwind@005505a9	lib	_library	eh_funclets	eh	11
005505b4	Unwind@005505b4	lib	_library	eh_funclets	eh	11
005505bf	Unwind@005505bf	lib	_library	eh_funclets	eh	11
005505ca	Unwind@005505ca	lib	_library	eh_funclets	eh	11
005505d5	Unwind@005505d5	lib	_library	eh_funclets	eh	11
005505e0	Unwind@005505e0	lib	_library	eh_funclets	eh	11
005505eb	Unwind@005505eb	lib	_library	eh_funclets	eh	11
005505f6	Unwind@005505f6	lib	_library	eh_funclets	eh	11
00550601	Unwind@00550601	lib	_library	eh_funclets	eh	11
0055060c	Unwind@0055060c	lib	_library	eh_funclets	eh	11
00550617	Unwind@00550617	lib	_library	eh_funclets	eh	11
00550622	Unwind@00550622	lib	_library	eh_funclets	eh	11
0055062d	Unwind@0055062d	lib	_library	eh_funclets	eh	11
00550638	Unwind@00550638	lib	_library	eh_funclets	eh	11
00550643	Unwind@00550643	lib	_library	eh_funclets	eh	11
0055064e	Unwind@0055064e	lib	_library	eh_funclets	eh	11
00550659	Unwind@00550659	lib	_library	eh_funclets	eh	11
00550664	Unwind@00550664	lib	_library	eh_funclets	eh	11
0055066f	Unwind@0055066f	lib	_library	eh_funclets	eh	11
0055067a	Unwind@0055067a	lib	_library	eh_funclets	eh	11
00550685	Unwind@00550685	lib	_library	eh_funclets	eh	11
00550690	Unwind@00550690	lib	_library	eh_funclets	eh	11
0055069b	Unwind@0055069b	lib	_library	eh_funclets	eh	11
005506a6	Unwind@005506a6	lib	_library	eh_funclets	eh	11
005506b1	Unwind@005506b1	lib	_library	eh_funclets	eh	11
005506bc	Unwind@005506bc	lib	_library	eh_funclets	eh	11
005506c7	Unwind@005506c7	lib	_library	eh_funclets	eh	11
005506d2	Unwind@005506d2	lib	_library	eh_funclets	eh	11
005506dd	Unwind@005506dd	lib	_library	eh_funclets	eh	11
005506e8	Unwind@005506e8	lib	_library	eh_funclets	eh	11
005506f3	Unwind@005506f3	lib	_library	eh_funclets	eh	11
005506fe	Unwind@005506fe	lib	_library	eh_funclets	eh	11
00550709	Unwind@00550709	lib	_library	eh_funclets	eh	11
00550714	Unwind@00550714	lib	_library	eh_funclets	eh	11
0055071f	Unwind@0055071f	lib	_library	eh_funclets	eh	11
0055072a	Unwind@0055072a	lib	_library	eh_funclets	eh	11
00550735	Unwind@00550735	lib	_library	eh_funclets	eh	11
00550740	Unwind@00550740	lib	_library	eh_funclets	eh	11
0055074b	Unwind@0055074b	lib	_library	eh_funclets	eh	11
00550756	Unwind@00550756	lib	_library	eh_funclets	eh	11
00550761	Unwind@00550761	lib	_library	eh_funclets	eh	11
0055076c	Unwind@0055076c	lib	_library	eh_funclets	eh	11
00550777	Unwind@00550777	lib	_library	eh_funclets	eh	11
00550782	Unwind@00550782	lib	_library	eh_funclets	eh	11
0055078d	Unwind@0055078d	lib	_library	eh_funclets	eh	11
00550798	Unwind@00550798	lib	_library	eh_funclets	eh	11
005507a3	Unwind@005507a3	lib	_library	eh_funclets	eh	11
005507ae	Unwind@005507ae	lib	_library	eh_funclets	eh	11
005507b9	Unwind@005507b9	lib	_library	eh_funclets	eh	11
005507c4	Unwind@005507c4	lib	_library	eh_funclets	eh	11
005507cf	Unwind@005507cf	lib	_library	eh_funclets	eh	11
005507da	Unwind@005507da	lib	_library	eh_funclets	eh	11
005507e5	Unwind@005507e5	lib	_library	eh_funclets	eh	11
005507f0	Unwind@005507f0	lib	_library	eh_funclets	eh	11
005507fb	Unwind@005507fb	lib	_library	eh_funclets	eh	11
00550806	Unwind@00550806	lib	_library	eh_funclets	eh	11
00550811	Unwind@00550811	lib	_library	eh_funclets	eh	11
0055081c	Unwind@0055081c	lib	_library	eh_funclets	eh	11
00550827	Unwind@00550827	lib	_library	eh_funclets	eh	11
00550832	Unwind@00550832	lib	_library	eh_funclets	eh	11
0055083d	Unwind@0055083d	lib	_library	eh_funclets	eh	11
00550848	Unwind@00550848	lib	_library	eh_funclets	eh	11
00550853	Unwind@00550853	lib	_library	eh_funclets	eh	11
0055085e	Unwind@0055085e	lib	_library	eh_funclets	eh	11
00550869	Unwind@00550869	lib	_library	eh_funclets	eh	11
00550874	Unwind@00550874	lib	_library	eh_funclets	eh	11
0055087f	Unwind@0055087f	lib	_library	eh_funclets	eh	11
0055088a	Unwind@0055088a	lib	_library	eh_funclets	eh	11
00550895	Unwind@00550895	lib	_library	eh_funclets	eh	11
005508a0	Unwind@005508a0	lib	_library	eh_funclets	eh	11
005508ab	Unwind@005508ab	lib	_library	eh_funclets	eh	11
005508b6	Unwind@005508b6	lib	_library	eh_funclets	eh	11
005508c1	Unwind@005508c1	lib	_library	eh_funclets	eh	11
005508cc	Unwind@005508cc	lib	_library	eh_funclets	eh	11
005508d7	Unwind@005508d7	lib	_library	eh_funclets	eh	11
005508e2	Unwind@005508e2	lib	_library	eh_funclets	eh	11
005508ed	Unwind@005508ed	lib	_library	eh_funclets	eh	11
005508f8	Unwind@005508f8	lib	_library	eh_funclets	eh	11
00550903	Unwind@00550903	lib	_library	eh_funclets	eh	11
0055090e	Unwind@0055090e	lib	_library	eh_funclets	eh	11
00550919	Unwind@00550919	lib	_library	eh_funclets	eh	11
00550924	Unwind@00550924	lib	_library	eh_funclets	eh	11
0055092f	Unwind@0055092f	lib	_library	eh_funclets	eh	11
0055093a	Unwind@0055093a	lib	_library	eh_funclets	eh	11
00550945	Unwind@00550945	lib	_library	eh_funclets	eh	11
00550950	Unwind@00550950	lib	_library	eh_funclets	eh	11
0055095b	Unwind@0055095b	lib	_library	eh_funclets	eh	11
00550966	Unwind@00550966	lib	_library	eh_funclets	eh	11
00550971	Unwind@00550971	lib	_library	eh_funclets	eh	11
0055097c	Unwind@0055097c	lib	_library	eh_funclets	eh	11
00550987	Unwind@00550987	lib	_library	eh_funclets	eh	11
00550992	Unwind@00550992	lib	_library	eh_funclets	eh	11
0055099d	Unwind@0055099d	lib	_library	eh_funclets	eh	11
005509a8	Unwind@005509a8	lib	_library	eh_funclets	eh	11
005509b3	Unwind@005509b3	lib	_library	eh_funclets	eh	11
005509be	Unwind@005509be	lib	_library	eh_funclets	eh	11
005509c9	Unwind@005509c9	lib	_library	eh_funclets	eh	11
005509d4	Unwind@005509d4	lib	_library	eh_funclets	eh	11
005509df	Unwind@005509df	lib	_library	eh_funclets	eh	11
005509ea	Unwind@005509ea	lib	_library	eh_funclets	eh	11
005509f5	Unwind@005509f5	lib	_library	eh_funclets	eh	11
00550a00	Unwind@00550a00	lib	_library	eh_funclets	eh	11
00550a0b	Unwind@00550a0b	lib	_library	eh_funclets	eh	11
00550a16	Unwind@00550a16	lib	_library	eh_funclets	eh	11
00550a21	Unwind@00550a21	lib	_library	eh_funclets	eh	11
00550a2c	Unwind@00550a2c	lib	_library	eh_funclets	eh	11
00550a37	Unwind@00550a37	lib	_library	eh_funclets	eh	11
00550a42	Unwind@00550a42	lib	_library	eh_funclets	eh	11
00550a4d	Unwind@00550a4d	lib	_library	eh_funclets	eh	11
00550a58	Unwind@00550a58	lib	_library	eh_funclets	eh	11
00550a63	Unwind@00550a63	lib	_library	eh_funclets	eh	11
00550a6e	Unwind@00550a6e	lib	_library	eh_funclets	eh	11
00550a79	Unwind@00550a79	lib	_library	eh_funclets	eh	11
00550a84	Unwind@00550a84	lib	_library	eh_funclets	eh	11
00550a8f	Unwind@00550a8f	lib	_library	eh_funclets	eh	11
00550a9a	Unwind@00550a9a	lib	_library	eh_funclets	eh	11
00550aa5	Unwind@00550aa5	lib	_library	eh_funclets	eh	11
00550ab0	Unwind@00550ab0	lib	_library	eh_funclets	eh	11
00550abb	Unwind@00550abb	lib	_library	eh_funclets	eh	11
00550ac6	Unwind@00550ac6	lib	_library	eh_funclets	eh	11
00550ad1	Unwind@00550ad1	lib	_library	eh_funclets	eh	11
00550adc	Unwind@00550adc	lib	_library	eh_funclets	eh	11
00550ae7	Unwind@00550ae7	lib	_library	eh_funclets	eh	11
00550af2	Unwind@00550af2	lib	_library	eh_funclets	eh	11
00550afd	Unwind@00550afd	lib	_library	eh_funclets	eh	11
00550b08	Unwind@00550b08	lib	_library	eh_funclets	eh	11
00550b13	Unwind@00550b13	lib	_library	eh_funclets	eh	11
00550b1e	Unwind@00550b1e	lib	_library	eh_funclets	eh	11
00550b29	Unwind@00550b29	lib	_library	eh_funclets	eh	11
00550b34	Unwind@00550b34	lib	_library	eh_funclets	eh	11
00550b3f	Unwind@00550b3f	lib	_library	eh_funclets	eh	11
00550b4a	Unwind@00550b4a	lib	_library	eh_funclets	eh	11
00550b55	Unwind@00550b55	lib	_library	eh_funclets	eh	11
00550b60	Unwind@00550b60	lib	_library	eh_funclets	eh	11
00550b6b	Unwind@00550b6b	lib	_library	eh_funclets	eh	11
00550b76	Unwind@00550b76	lib	_library	eh_funclets	eh	11
00550b81	Unwind@00550b81	lib	_library	eh_funclets	eh	11
00550b8c	Unwind@00550b8c	lib	_library	eh_funclets	eh	11
00550b97	Unwind@00550b97	lib	_library	eh_funclets	eh	11
00550ba2	Unwind@00550ba2	lib	_library	eh_funclets	eh	8
00550baa	Unwind@00550baa	lib	_library	eh_funclets	eh	8
00550bb2	Unwind@00550bb2	lib	_library	eh_funclets	eh	11
00550bbd	Unwind@00550bbd	lib	_library	eh_funclets	eh	8
00550bc5	Unwind@00550bc5	lib	_library	eh_funclets	eh	11
00550bd0	Unwind@00550bd0	lib	_library	eh_funclets	eh	11
00550bdb	Unwind@00550bdb	lib	_library	eh_funclets	eh	11
00550be6	Unwind@00550be6	lib	_library	eh_funclets	eh	11
00550bf1	Unwind@00550bf1	lib	_library	eh_funclets	eh	11
00550bfc	Unwind@00550bfc	lib	_library	eh_funclets	eh	11
00550c07	Unwind@00550c07	lib	_library	eh_funclets	eh	11
00550c12	Unwind@00550c12	lib	_library	eh_funclets	eh	11
00550c1d	Unwind@00550c1d	lib	_library	eh_funclets	eh	11
00550c28	Unwind@00550c28	lib	_library	eh_funclets	eh	11
00550c33	Unwind@00550c33	lib	_library	eh_funclets	eh	11
00550c3e	Unwind@00550c3e	lib	_library	eh_funclets	eh	11
00550c49	Unwind@00550c49	lib	_library	eh_funclets	eh	11
00550c54	Unwind@00550c54	lib	_library	eh_funclets	eh	11
00550c5f	Unwind@00550c5f	lib	_library	eh_funclets	eh	11
00550c6a	Unwind@00550c6a	lib	_library	eh_funclets	eh	11
00550c75	Unwind@00550c75	lib	_library	eh_funclets	eh	11
00550c80	Unwind@00550c80	lib	_library	eh_funclets	eh	11
00550c8b	Unwind@00550c8b	lib	_library	eh_funclets	eh	11
00550c96	Unwind@00550c96	lib	_library	eh_funclets	eh	11
00550ca1	Unwind@00550ca1	lib	_library	eh_funclets	eh	11
00550cac	Unwind@00550cac	lib	_library	eh_funclets	eh	11
00550cb7	Unwind@00550cb7	lib	_library	eh_funclets	eh	11
00550cc2	Unwind@00550cc2	lib	_library	eh_funclets	eh	11
00550ccd	Unwind@00550ccd	lib	_library	eh_funclets	eh	11
00550cd8	Unwind@00550cd8	lib	_library	eh_funclets	eh	11
00550ce3	Unwind@00550ce3	lib	_library	eh_funclets	eh	11
00550cee	Unwind@00550cee	lib	_library	eh_funclets	eh	11
00550cf9	Unwind@00550cf9	lib	_library	eh_funclets	eh	11
00550d04	Unwind@00550d04	lib	_library	eh_funclets	eh	11
00550d0f	Unwind@00550d0f	lib	_library	eh_funclets	eh	11
00550d1a	Unwind@00550d1a	lib	_library	eh_funclets	eh	11
00550d25	Unwind@00550d25	lib	_library	eh_funclets	eh	11
00550d30	Unwind@00550d30	lib	_library	eh_funclets	eh	11
00550d3b	Unwind@00550d3b	lib	_library	eh_funclets	eh	11
00550d46	Unwind@00550d46	lib	_library	eh_funclets	eh	11
00550d51	Unwind@00550d51	lib	_library	eh_funclets	eh	11
00550d5c	Unwind@00550d5c	lib	_library	eh_funclets	eh	11
00550d67	Unwind@00550d67	lib	_library	eh_funclets	eh	11
00550d72	Unwind@00550d72	lib	_library	eh_funclets	eh	11
00550d7d	Unwind@00550d7d	lib	_library	eh_funclets	eh	11
00550d88	Unwind@00550d88	lib	_library	eh_funclets	eh	11
00550d93	Unwind@00550d93	lib	_library	eh_funclets	eh	11
00550d9e	Unwind@00550d9e	lib	_library	eh_funclets	eh	11
00550da9	Unwind@00550da9	lib	_library	eh_funclets	eh	11
00550db4	Unwind@00550db4	lib	_library	eh_funclets	eh	11
00550dbf	Unwind@00550dbf	lib	_library	eh_funclets	eh	11
00550dca	Unwind@00550dca	lib	_library	eh_funclets	eh	11
00550dd5	Unwind@00550dd5	lib	_library	eh_funclets	eh	11
00550de0	Unwind@00550de0	lib	_library	eh_funclets	eh	11
00550deb	Unwind@00550deb	lib	_library	eh_funclets	eh	11
00550df6	Unwind@00550df6	lib	_library	eh_funclets	eh	11
00550e01	Unwind@00550e01	lib	_library	eh_funclets	eh	11
00550e0c	Unwind@00550e0c	lib	_library	eh_funclets	eh	11
00550e17	Unwind@00550e17	lib	_library	eh_funclets	eh	11
00550e22	Unwind@00550e22	lib	_library	eh_funclets	eh	11
00550e2d	Unwind@00550e2d	lib	_library	eh_funclets	eh	11
00550e38	Unwind@00550e38	lib	_library	eh_funclets	eh	11
00550e43	Unwind@00550e43	lib	_library	eh_funclets	eh	11
00550e4e	Unwind@00550e4e	lib	_library	eh_funclets	eh	11
00550e59	Unwind@00550e59	lib	_library	eh_funclets	eh	11
00550e64	Unwind@00550e64	lib	_library	eh_funclets	eh	11
00550e6f	Unwind@00550e6f	lib	_library	eh_funclets	eh	11
00550e7a	Unwind@00550e7a	lib	_library	eh_funclets	eh	11
00550e85	Unwind@00550e85	lib	_library	eh_funclets	eh	11
00550e90	Unwind@00550e90	lib	_library	eh_funclets	eh	11
00550e9b	Unwind@00550e9b	lib	_library	eh_funclets	eh	11
00550ea6	Unwind@00550ea6	lib	_library	eh_funclets	eh	11
00550eb1	Unwind@00550eb1	lib	_library	eh_funclets	eh	11
00550ebc	Unwind@00550ebc	lib	_library	eh_funclets	eh	11
00550ec7	Unwind@00550ec7	lib	_library	eh_funclets	eh	11
00550ed2	Unwind@00550ed2	lib	_library	eh_funclets	eh	11
00550edd	Unwind@00550edd	lib	_library	eh_funclets	eh	11
00550ee8	Unwind@00550ee8	lib	_library	eh_funclets	eh	11
00550ef3	Unwind@00550ef3	lib	_library	eh_funclets	eh	11
00550efe	Unwind@00550efe	lib	_library	eh_funclets	eh	11
00550f09	Unwind@00550f09	lib	_library	eh_funclets	eh	11
00550f14	Unwind@00550f14	lib	_library	eh_funclets	eh	11
00550f1f	Unwind@00550f1f	lib	_library	eh_funclets	eh	11
00550f2a	Unwind@00550f2a	lib	_library	eh_funclets	eh	11
00550f35	Unwind@00550f35	lib	_library	eh_funclets	eh	11
00550f40	Unwind@00550f40	lib	_library	eh_funclets	eh	11
00550f4b	Unwind@00550f4b	lib	_library	eh_funclets	eh	11
00550f56	Unwind@00550f56	lib	_library	eh_funclets	eh	11
00550f61	Unwind@00550f61	lib	_library	eh_funclets	eh	11
00550f6c	Unwind@00550f6c	lib	_library	eh_funclets	eh	11
00550f77	Unwind@00550f77	lib	_library	eh_funclets	eh	11
00550f82	Unwind@00550f82	lib	_library	eh_funclets	eh	11
00550f8d	Unwind@00550f8d	lib	_library	eh_funclets	eh	11
00550f98	Unwind@00550f98	lib	_library	eh_funclets	eh	11
00550fa3	Unwind@00550fa3	lib	_library	eh_funclets	eh	11
00550fae	Unwind@00550fae	lib	_library	eh_funclets	eh	11
00550fb9	Unwind@00550fb9	lib	_library	eh_funclets	eh	11
00550fc4	Unwind@00550fc4	lib	_library	eh_funclets	eh	11
00550fcf	Unwind@00550fcf	lib	_library	eh_funclets	eh	11
00550fda	Unwind@00550fda	lib	_library	eh_funclets	eh	11
00550fe5	Unwind@00550fe5	lib	_library	eh_funclets	eh	11
00550ff0	Unwind@00550ff0	lib	_library	eh_funclets	eh	11
00550ffb	Unwind@00550ffb	lib	_library	eh_funclets	eh	11
00551006	Unwind@00551006	lib	_library	eh_funclets	eh	11
00551011	Unwind@00551011	lib	_library	eh_funclets	eh	11
0055101c	Unwind@0055101c	lib	_library	eh_funclets	eh	11
00551027	Unwind@00551027	lib	_library	eh_funclets	eh	11
00551032	Unwind@00551032	lib	_library	eh_funclets	eh	11
0055103d	Unwind@0055103d	lib	_library	eh_funclets	eh	11
00551048	Unwind@00551048	lib	_library	eh_funclets	eh	11
00551053	Unwind@00551053	lib	_library	eh_funclets	eh	11
0055105e	Unwind@0055105e	lib	_library	eh_funclets	eh	11
00551069	Unwind@00551069	lib	_library	eh_funclets	eh	11
00551074	Unwind@00551074	lib	_library	eh_funclets	eh	11
0055107f	Unwind@0055107f	lib	_library	eh_funclets	eh	11
0055108a	Unwind@0055108a	lib	_library	eh_funclets	eh	11
00551095	Unwind@00551095	lib	_library	eh_funclets	eh	11
005510a0	Unwind@005510a0	lib	_library	eh_funclets	eh	11
005510ab	Unwind@005510ab	lib	_library	eh_funclets	eh	11
005510b6	Unwind@005510b6	lib	_library	eh_funclets	eh	11
005510c1	Unwind@005510c1	lib	_library	eh_funclets	eh	11
005510cc	Unwind@005510cc	lib	_library	eh_funclets	eh	11
005510d7	Unwind@005510d7	lib	_library	eh_funclets	eh	11
005510e2	Unwind@005510e2	lib	_library	eh_funclets	eh	11
005510ed	Unwind@005510ed	lib	_library	eh_funclets	eh	11
005510f8	Unwind@005510f8	lib	_library	eh_funclets	eh	11
00551103	Unwind@00551103	lib	_library	eh_funclets	eh	11
0055110e	Unwind@0055110e	lib	_library	eh_funclets	eh	11
00551119	Unwind@00551119	lib	_library	eh_funclets	eh	11
00551124	Unwind@00551124	lib	_library	eh_funclets	eh	11
0055112f	Unwind@0055112f	lib	_library	eh_funclets	eh	11
0055113a	Unwind@0055113a	lib	_library	eh_funclets	eh	11
00551145	Unwind@00551145	lib	_library	eh_funclets	eh	11
00551150	Unwind@00551150	lib	_library	eh_funclets	eh	11
0055115b	Unwind@0055115b	lib	_library	eh_funclets	eh	11
00551166	Unwind@00551166	lib	_library	eh_funclets	eh	11
00551171	Unwind@00551171	lib	_library	eh_funclets	eh	11
0055117c	Unwind@0055117c	lib	_library	eh_funclets	eh	11
00551187	Unwind@00551187	lib	_library	eh_funclets	eh	11
00551192	Unwind@00551192	lib	_library	eh_funclets	eh	11
0055119d	Unwind@0055119d	lib	_library	eh_funclets	eh	11
005511a8	Unwind@005511a8	lib	_library	eh_funclets	eh	11
005511b3	Unwind@005511b3	lib	_library	eh_funclets	eh	11
005511be	Unwind@005511be	lib	_library	eh_funclets	eh	11
005511c9	Unwind@005511c9	lib	_library	eh_funclets	eh	11
005511d4	Unwind@005511d4	lib	_library	eh_funclets	eh	11
005511df	Unwind@005511df	lib	_library	eh_funclets	eh	11
005511ea	Unwind@005511ea	lib	_library	eh_funclets	eh	11
005511f5	Unwind@005511f5	lib	_library	eh_funclets	eh	11
00551200	Unwind@00551200	lib	_library	eh_funclets	eh	11
0055120b	Unwind@0055120b	lib	_library	eh_funclets	eh	11
00551216	Unwind@00551216	lib	_library	eh_funclets	eh	11
00551221	Unwind@00551221	lib	_library	eh_funclets	eh	11
0055122c	Unwind@0055122c	lib	_library	eh_funclets	eh	11
00551237	Unwind@00551237	lib	_library	eh_funclets	eh	11
00551242	Unwind@00551242	lib	_library	eh_funclets	eh	11
0055124d	Unwind@0055124d	lib	_library	eh_funclets	eh	11
00551258	Unwind@00551258	lib	_library	eh_funclets	eh	11
00551263	Unwind@00551263	lib	_library	eh_funclets	eh	11
0055126e	Unwind@0055126e	lib	_library	eh_funclets	eh	11
00551279	Unwind@00551279	lib	_library	eh_funclets	eh	11
00551284	Unwind@00551284	lib	_library	eh_funclets	eh	11
0055128f	Unwind@0055128f	lib	_library	eh_funclets	eh	11
0055129a	Unwind@0055129a	lib	_library	eh_funclets	eh	11
005512a5	Unwind@005512a5	lib	_library	eh_funclets	eh	11
005512b0	Unwind@005512b0	lib	_library	eh_funclets	eh	11
005512bb	Unwind@005512bb	lib	_library	eh_funclets	eh	11
005512c6	Unwind@005512c6	lib	_library	eh_funclets	eh	11
005512d1	Unwind@005512d1	lib	_library	eh_funclets	eh	11
005512dc	Unwind@005512dc	lib	_library	eh_funclets	eh	11
005512e7	Unwind@005512e7	lib	_library	eh_funclets	eh	11
005512f2	Unwind@005512f2	lib	_library	eh_funclets	eh	11
005512fd	Unwind@005512fd	lib	_library	eh_funclets	eh	11
00551308	Unwind@00551308	lib	_library	eh_funclets	eh	11
00551313	Unwind@00551313	lib	_library	eh_funclets	eh	11
0055131e	Unwind@0055131e	lib	_library	eh_funclets	eh	11
00551329	Unwind@00551329	lib	_library	eh_funclets	eh	11
00551334	Unwind@00551334	lib	_library	eh_funclets	eh	11
0055133f	Unwind@0055133f	lib	_library	eh_funclets	eh	11
0055134a	Unwind@0055134a	lib	_library	eh_funclets	eh	11
00551355	Unwind@00551355	lib	_library	eh_funclets	eh	11
00551360	Unwind@00551360	lib	_library	eh_funclets	eh	11
0055136b	Unwind@0055136b	lib	_library	eh_funclets	eh	11
00551376	Unwind@00551376	lib	_library	eh_funclets	eh	11
00551381	Unwind@00551381	lib	_library	eh_funclets	eh	11
0055138c	Unwind@0055138c	lib	_library	eh_funclets	eh	11
00551397	Unwind@00551397	lib	_library	eh_funclets	eh	11
005513a2	Unwind@005513a2	lib	_library	eh_funclets	eh	11
005513ad	Unwind@005513ad	lib	_library	eh_funclets	eh	11
005513b8	Unwind@005513b8	lib	_library	eh_funclets	eh	11
005513c3	Unwind@005513c3	lib	_library	eh_funclets	eh	11
005513ce	Unwind@005513ce	lib	_library	eh_funclets	eh	11
005513d9	Unwind@005513d9	lib	_library	eh_funclets	eh	11
005513e4	Unwind@005513e4	lib	_library	eh_funclets	eh	11
005513ef	Unwind@005513ef	lib	_library	eh_funclets	eh	11
005513fa	Unwind@005513fa	lib	_library	eh_funclets	eh	11
00551405	Unwind@00551405	lib	_library	eh_funclets	eh	11
00551410	Unwind@00551410	lib	_library	eh_funclets	eh	11
0055141b	Unwind@0055141b	lib	_library	eh_funclets	eh	11
00551426	Unwind@00551426	lib	_library	eh_funclets	eh	11
00551431	Unwind@00551431	lib	_library	eh_funclets	eh	11
0055143c	Unwind@0055143c	lib	_library	eh_funclets	eh	11
00551447	Unwind@00551447	lib	_library	eh_funclets	eh	11
00551452	Unwind@00551452	lib	_library	eh_funclets	eh	11
0055145d	Unwind@0055145d	lib	_library	eh_funclets	eh	11
00551468	Unwind@00551468	lib	_library	eh_funclets	eh	11
00551473	Unwind@00551473	lib	_library	eh_funclets	eh	11
0055147e	Unwind@0055147e	lib	_library	eh_funclets	eh	11
00551489	Unwind@00551489	lib	_library	eh_funclets	eh	11
00551494	Unwind@00551494	lib	_library	eh_funclets	eh	11
0055149f	Unwind@0055149f	lib	_library	eh_funclets	eh	11
005514aa	Unwind@005514aa	lib	_library	eh_funclets	eh	11
005514b5	Unwind@005514b5	lib	_library	eh_funclets	eh	11
005514c0	Unwind@005514c0	lib	_library	eh_funclets	eh	11
005514cb	Unwind@005514cb	lib	_library	eh_funclets	eh	11
005514d6	Unwind@005514d6	lib	_library	eh_funclets	eh	11
005514e1	Unwind@005514e1	lib	_library	eh_funclets	eh	11
005514ec	Unwind@005514ec	lib	_library	eh_funclets	eh	11
005514f7	Unwind@005514f7	lib	_library	eh_funclets	eh	11
00551502	Unwind@00551502	lib	_library	eh_funclets	eh	11
0055150d	Unwind@0055150d	lib	_library	eh_funclets	eh	11
00551518	Unwind@00551518	lib	_library	eh_funclets	eh	11
00551523	Unwind@00551523	lib	_library	eh_funclets	eh	11
0055152e	Unwind@0055152e	lib	_library	eh_funclets	eh	11
00551539	Unwind@00551539	lib	_library	eh_funclets	eh	11
00551544	Unwind@00551544	lib	_library	eh_funclets	eh	11
0055154f	Unwind@0055154f	lib	_library	eh_funclets	eh	11
0055155a	Unwind@0055155a	lib	_library	eh_funclets	eh	11
00551565	Unwind@00551565	lib	_library	eh_funclets	eh	11
00551570	Unwind@00551570	lib	_library	eh_funclets	eh	11
0055157b	Unwind@0055157b	lib	_library	eh_funclets	eh	11
00551586	Unwind@00551586	lib	_library	eh_funclets	eh	11
00551591	Unwind@00551591	lib	_library	eh_funclets	eh	11
0055159c	Unwind@0055159c	lib	_library	eh_funclets	eh	11
005515a7	Unwind@005515a7	lib	_library	eh_funclets	eh	11
005515b2	Unwind@005515b2	lib	_library	eh_funclets	eh	11
005515bd	Unwind@005515bd	lib	_library	eh_funclets	eh	11
005515c8	Unwind@005515c8	lib	_library	eh_funclets	eh	11
005515d3	Unwind@005515d3	lib	_library	eh_funclets	eh	11
005515de	Unwind@005515de	lib	_library	eh_funclets	eh	11
005515e9	Unwind@005515e9	lib	_library	eh_funclets	eh	11
005515f4	Unwind@005515f4	lib	_library	eh_funclets	eh	11
005515ff	Unwind@005515ff	lib	_library	eh_funclets	eh	11
0055160a	Unwind@0055160a	lib	_library	eh_funclets	eh	11
00551615	Unwind@00551615	lib	_library	eh_funclets	eh	11
00551620	Unwind@00551620	lib	_library	eh_funclets	eh	11
0055162b	Unwind@0055162b	lib	_library	eh_funclets	eh	11
00551636	Unwind@00551636	lib	_library	eh_funclets	eh	11
00551641	Unwind@00551641	lib	_library	eh_funclets	eh	11
0055164c	Unwind@0055164c	lib	_library	eh_funclets	eh	11
00551657	Unwind@00551657	lib	_library	eh_funclets	eh	11
00551662	Unwind@00551662	lib	_library	eh_funclets	eh	11
0055166d	Unwind@0055166d	lib	_library	eh_funclets	eh	11
00551678	Unwind@00551678	lib	_library	eh_funclets	eh	11
00551683	Unwind@00551683	lib	_library	eh_funclets	eh	11
0055168e	Unwind@0055168e	lib	_library	eh_funclets	eh	11
00551699	Unwind@00551699	lib	_library	eh_funclets	eh	11
005516a4	Unwind@005516a4	lib	_library	eh_funclets	eh	11
005516af	Unwind@005516af	lib	_library	eh_funclets	eh	11
005516ba	Unwind@005516ba	lib	_library	eh_funclets	eh	11
005516c5	Unwind@005516c5	lib	_library	eh_funclets	eh	11
005516d0	Unwind@005516d0	lib	_library	eh_funclets	eh	11
005516db	Unwind@005516db	lib	_library	eh_funclets	eh	11
005516e6	Unwind@005516e6	lib	_library	eh_funclets	eh	11
005516f1	Unwind@005516f1	lib	_library	eh_funclets	eh	11
005516fc	Unwind@005516fc	lib	_library	eh_funclets	eh	11
00551707	Unwind@00551707	lib	_library	eh_funclets	eh	11
00551712	Unwind@00551712	lib	_library	eh_funclets	eh	11
0055171d	Unwind@0055171d	lib	_library	eh_funclets	eh	11
00551728	Unwind@00551728	lib	_library	eh_funclets	eh	11
00551733	Unwind@00551733	lib	_library	eh_funclets	eh	11
0055173e	Unwind@0055173e	lib	_library	eh_funclets	eh	11
00551749	Unwind@00551749	lib	_library	eh_funclets	eh	11
00551754	Unwind@00551754	lib	_library	eh_funclets	eh	11
0055175f	Unwind@0055175f	lib	_library	eh_funclets	eh	11
0055176a	Unwind@0055176a	lib	_library	eh_funclets	eh	11
00551775	Unwind@00551775	lib	_library	eh_funclets	eh	11
00551780	Unwind@00551780	lib	_library	eh_funclets	eh	11
0055178b	Unwind@0055178b	lib	_library	eh_funclets	eh	11
00551796	Unwind@00551796	lib	_library	eh_funclets	eh	11
005517a1	Unwind@005517a1	lib	_library	eh_funclets	eh	11
005517ac	Unwind@005517ac	lib	_library	eh_funclets	eh	11
005517b7	Unwind@005517b7	lib	_library	eh_funclets	eh	11
005517c2	Unwind@005517c2	lib	_library	eh_funclets	eh	11
005517cd	Unwind@005517cd	lib	_library	eh_funclets	eh	11
005517d8	Unwind@005517d8	lib	_library	eh_funclets	eh	11
005517e3	Unwind@005517e3	lib	_library	eh_funclets	eh	11
005517ee	Unwind@005517ee	lib	_library	eh_funclets	eh	11
005517f9	Unwind@005517f9	lib	_library	eh_funclets	eh	11
00551804	Unwind@00551804	lib	_library	eh_funclets	eh	11
0055180f	Unwind@0055180f	lib	_library	eh_funclets	eh	11
0055181a	Unwind@0055181a	lib	_library	eh_funclets	eh	11
00551825	Unwind@00551825	lib	_library	eh_funclets	eh	11
00551830	Unwind@00551830	lib	_library	eh_funclets	eh	11
0055183b	Unwind@0055183b	lib	_library	eh_funclets	eh	11
00551846	Unwind@00551846	lib	_library	eh_funclets	eh	11
00551851	Unwind@00551851	lib	_library	eh_funclets	eh	11
0055185c	Unwind@0055185c	lib	_library	eh_funclets	eh	11
00551867	Unwind@00551867	lib	_library	eh_funclets	eh	11
00551872	Unwind@00551872	lib	_library	eh_funclets	eh	11
0055187d	Unwind@0055187d	lib	_library	eh_funclets	eh	11
00551888	Unwind@00551888	lib	_library	eh_funclets	eh	11
00551893	Unwind@00551893	lib	_library	eh_funclets	eh	11
0055189e	Unwind@0055189e	lib	_library	eh_funclets	eh	11
005518a9	Unwind@005518a9	lib	_library	eh_funclets	eh	11
005518b4	Unwind@005518b4	lib	_library	eh_funclets	eh	11
005518bf	Unwind@005518bf	lib	_library	eh_funclets	eh	11
005518ca	Unwind@005518ca	lib	_library	eh_funclets	eh	11
005518d5	Unwind@005518d5	lib	_library	eh_funclets	eh	11
005518e0	Unwind@005518e0	lib	_library	eh_funclets	eh	11
005518eb	Unwind@005518eb	lib	_library	eh_funclets	eh	11
005518f6	Unwind@005518f6	lib	_library	eh_funclets	eh	11
00551901	Unwind@00551901	lib	_library	eh_funclets	eh	11
0055190c	Unwind@0055190c	lib	_library	eh_funclets	eh	11
00551917	Unwind@00551917	lib	_library	eh_funclets	eh	11
00551922	Unwind@00551922	lib	_library	eh_funclets	eh	11
0055192d	Unwind@0055192d	lib	_library	eh_funclets	eh	11
00551938	Unwind@00551938	lib	_library	eh_funclets	eh	11
00551943	Unwind@00551943	lib	_library	eh_funclets	eh	11
0055194e	Unwind@0055194e	lib	_library	eh_funclets	eh	11
00551959	Unwind@00551959	lib	_library	eh_funclets	eh	11
00551964	Unwind@00551964	lib	_library	eh_funclets	eh	11
0055196f	Unwind@0055196f	lib	_library	eh_funclets	eh	11
0055197a	Unwind@0055197a	lib	_library	eh_funclets	eh	11
00551985	Unwind@00551985	lib	_library	eh_funclets	eh	11
00551990	Unwind@00551990	lib	_library	eh_funclets	eh	11
0055199b	Unwind@0055199b	lib	_library	eh_funclets	eh	11
005519a6	Unwind@005519a6	lib	_library	eh_funclets	eh	11
005519b1	Unwind@005519b1	lib	_library	eh_funclets	eh	11
005519bc	Unwind@005519bc	lib	_library	eh_funclets	eh	11
005519c7	Unwind@005519c7	lib	_library	eh_funclets	eh	11
005519d2	Unwind@005519d2	lib	_library	eh_funclets	eh	11
005519dd	Unwind@005519dd	lib	_library	eh_funclets	eh	11
005519e8	Unwind@005519e8	lib	_library	eh_funclets	eh	11
005519f3	Unwind@005519f3	lib	_library	eh_funclets	eh	11
005519fe	Unwind@005519fe	lib	_library	eh_funclets	eh	11
00551a09	Unwind@00551a09	lib	_library	eh_funclets	eh	11
00551a14	Unwind@00551a14	lib	_library	eh_funclets	eh	11
00551a1f	Unwind@00551a1f	lib	_library	eh_funclets	eh	11
00551a2a	Unwind@00551a2a	lib	_library	eh_funclets	eh	11
00551a35	Unwind@00551a35	lib	_library	eh_funclets	eh	11
00551a40	Unwind@00551a40	lib	_library	eh_funclets	eh	11
00551a4b	Unwind@00551a4b	lib	_library	eh_funclets	eh	11
00551a56	Unwind@00551a56	lib	_library	eh_funclets	eh	11
00551a61	Unwind@00551a61	lib	_library	eh_funclets	eh	11
00551a6c	Unwind@00551a6c	lib	_library	eh_funclets	eh	11
00551a77	Unwind@00551a77	lib	_library	eh_funclets	eh	11
00551a82	Unwind@00551a82	lib	_library	eh_funclets	eh	11
00551a8d	Unwind@00551a8d	lib	_library	eh_funclets	eh	11
00551a98	Unwind@00551a98	lib	_library	eh_funclets	eh	11
00551aa3	Unwind@00551aa3	lib	_library	eh_funclets	eh	11
00551aae	Unwind@00551aae	lib	_library	eh_funclets	eh	11
00551ab9	Unwind@00551ab9	lib	_library	eh_funclets	eh	11
00551ac4	Unwind@00551ac4	lib	_library	eh_funclets	eh	11
00551acf	Unwind@00551acf	lib	_library	eh_funclets	eh	11
00551ada	Unwind@00551ada	lib	_library	eh_funclets	eh	11
00551ae5	Unwind@00551ae5	lib	_library	eh_funclets	eh	11
00551af0	Unwind@00551af0	lib	_library	eh_funclets	eh	11
00551afb	Unwind@00551afb	lib	_library	eh_funclets	eh	11
00551b06	Unwind@00551b06	lib	_library	eh_funclets	eh	11
00551b11	Unwind@00551b11	lib	_library	eh_funclets	eh	11
00551b1c	Unwind@00551b1c	lib	_library	eh_funclets	eh	11
00551b27	Unwind@00551b27	lib	_library	eh_funclets	eh	11
00551b32	Unwind@00551b32	lib	_library	eh_funclets	eh	11
00551b3d	Unwind@00551b3d	lib	_library	eh_funclets	eh	11
00551b48	Unwind@00551b48	lib	_library	eh_funclets	eh	11
00551b53	Unwind@00551b53	lib	_library	eh_funclets	eh	11
00551b5e	Unwind@00551b5e	lib	_library	eh_funclets	eh	11
00551b69	Unwind@00551b69	lib	_library	eh_funclets	eh	11
00551b74	Unwind@00551b74	lib	_library	eh_funclets	eh	11
00551b7f	Unwind@00551b7f	lib	_library	eh_funclets	eh	11
00551b8a	Unwind@00551b8a	lib	_library	eh_funclets	eh	11
00551b95	Unwind@00551b95	lib	_library	eh_funclets	eh	11
00551ba0	Unwind@00551ba0	lib	_library	eh_funclets	eh	11
00551bab	Unwind@00551bab	lib	_library	eh_funclets	eh	11
00551bb6	Unwind@00551bb6	lib	_library	eh_funclets	eh	11
00551bc1	Unwind@00551bc1	lib	_library	eh_funclets	eh	11
00551bcc	Unwind@00551bcc	lib	_library	eh_funclets	eh	11
00551bd7	Unwind@00551bd7	lib	_library	eh_funclets	eh	11
00551be2	Unwind@00551be2	lib	_library	eh_funclets	eh	11
00551bed	Unwind@00551bed	lib	_library	eh_funclets	eh	11
00551bf8	Unwind@00551bf8	lib	_library	eh_funclets	eh	11
00551c03	Unwind@00551c03	lib	_library	eh_funclets	eh	11
00551c0e	Unwind@00551c0e	lib	_library	eh_funclets	eh	11
00551c19	Unwind@00551c19	lib	_library	eh_funclets	eh	11
00551c24	Unwind@00551c24	lib	_library	eh_funclets	eh	11
00551c2f	Unwind@00551c2f	lib	_library	eh_funclets	eh	11
00551c3a	Unwind@00551c3a	lib	_library	eh_funclets	eh	11
00551c45	Unwind@00551c45	lib	_library	eh_funclets	eh	11
00551c50	Unwind@00551c50	lib	_library	eh_funclets	eh	11
00551c5b	Unwind@00551c5b	lib	_library	eh_funclets	eh	11
00551c66	Unwind@00551c66	lib	_library	eh_funclets	eh	11
00551c71	Unwind@00551c71	lib	_library	eh_funclets	eh	11
00551c7c	Unwind@00551c7c	lib	_library	eh_funclets	eh	11
00551c87	Unwind@00551c87	lib	_library	eh_funclets	eh	11
00551c92	Unwind@00551c92	lib	_library	eh_funclets	eh	11
00551c9d	Unwind@00551c9d	lib	_library	eh_funclets	eh	11
00551ca8	Unwind@00551ca8	lib	_library	eh_funclets	eh	11
00551cb3	Unwind@00551cb3	lib	_library	eh_funclets	eh	11
00551cbe	Unwind@00551cbe	lib	_library	eh_funclets	eh	11
00551cc9	Unwind@00551cc9	lib	_library	eh_funclets	eh	11
00551cd4	Unwind@00551cd4	lib	_library	eh_funclets	eh	11
00551cdf	Unwind@00551cdf	lib	_library	eh_funclets	eh	11
00551cea	Unwind@00551cea	lib	_library	eh_funclets	eh	11
00551cf5	Unwind@00551cf5	lib	_library	eh_funclets	eh	11
00551d00	Unwind@00551d00	lib	_library	eh_funclets	eh	11
00551d0b	Unwind@00551d0b	lib	_library	eh_funclets	eh	11
00551d16	Unwind@00551d16	lib	_library	eh_funclets	eh	11
00551d21	Unwind@00551d21	lib	_library	eh_funclets	eh	11
00551d2c	Unwind@00551d2c	lib	_library	eh_funclets	eh	11
00551d37	Unwind@00551d37	lib	_library	eh_funclets	eh	11
00551d42	Unwind@00551d42	lib	_library	eh_funclets	eh	11
00551d4d	Unwind@00551d4d	lib	_library	eh_funclets	eh	11
00551d58	Unwind@00551d58	lib	_library	eh_funclets	eh	11
00551d63	Unwind@00551d63	lib	_library	eh_funclets	eh	11
00551d6e	Unwind@00551d6e	lib	_library	eh_funclets	eh	11
00551d79	Unwind@00551d79	lib	_library	eh_funclets	eh	11
00551d84	Unwind@00551d84	lib	_library	eh_funclets	eh	11
00551d8f	Unwind@00551d8f	lib	_library	eh_funclets	eh	11
00551d9a	Unwind@00551d9a	lib	_library	eh_funclets	eh	11
00551da5	Unwind@00551da5	lib	_library	eh_funclets	eh	11
00551db0	Unwind@00551db0	lib	_library	eh_funclets	eh	11
00551dbb	Unwind@00551dbb	lib	_library	eh_funclets	eh	11
00551dc6	Unwind@00551dc6	lib	_library	eh_funclets	eh	11
00551dd1	Unwind@00551dd1	lib	_library	eh_funclets	eh	11
00551ddc	Unwind@00551ddc	lib	_library	eh_funclets	eh	11
00551de7	Unwind@00551de7	lib	_library	eh_funclets	eh	11
00551df2	Unwind@00551df2	lib	_library	eh_funclets	eh	11
00551dfd	Unwind@00551dfd	lib	_library	eh_funclets	eh	11
00551e08	Unwind@00551e08	lib	_library	eh_funclets	eh	11
00551e13	Unwind@00551e13	lib	_library	eh_funclets	eh	11
00551e1e	Unwind@00551e1e	lib	_library	eh_funclets	eh	11
00551e29	Unwind@00551e29	lib	_library	eh_funclets	eh	11
00551e34	Unwind@00551e34	lib	_library	eh_funclets	eh	11
00551e3f	Unwind@00551e3f	lib	_library	eh_funclets	eh	11
00551e4a	Unwind@00551e4a	lib	_library	eh_funclets	eh	11
00551e55	Unwind@00551e55	lib	_library	eh_funclets	eh	11
00551e60	Unwind@00551e60	lib	_library	eh_funclets	eh	11
00551e6b	Unwind@00551e6b	lib	_library	eh_funclets	eh	11
00551e76	Unwind@00551e76	lib	_library	eh_funclets	eh	11
00551e81	Unwind@00551e81	lib	_library	eh_funclets	eh	11
00551e8c	Unwind@00551e8c	lib	_library	eh_funclets	eh	11
00551e97	Unwind@00551e97	lib	_library	eh_funclets	eh	11
00551ea2	Unwind@00551ea2	lib	_library	eh_funclets	eh	11
00551ead	Unwind@00551ead	lib	_library	eh_funclets	eh	11
00551eb8	Unwind@00551eb8	lib	_library	eh_funclets	eh	11
00551ec3	Unwind@00551ec3	lib	_library	eh_funclets	eh	11
00551ece	Unwind@00551ece	lib	_library	eh_funclets	eh	11
00551ed9	Unwind@00551ed9	lib	_library	eh_funclets	eh	11
00551ee4	Unwind@00551ee4	lib	_library	eh_funclets	eh	11
00551eef	Unwind@00551eef	lib	_library	eh_funclets	eh	11
00551efa	Unwind@00551efa	lib	_library	eh_funclets	eh	11
00551f05	Unwind@00551f05	lib	_library	eh_funclets	eh	11
00551f10	Unwind@00551f10	lib	_library	eh_funclets	eh	11
00551f1b	Unwind@00551f1b	lib	_library	eh_funclets	eh	11
00551f26	Unwind@00551f26	lib	_library	eh_funclets	eh	11
00551f31	Unwind@00551f31	lib	_library	eh_funclets	eh	11
00551f3c	Unwind@00551f3c	lib	_library	eh_funclets	eh	11
00551f47	Unwind@00551f47	lib	_library	eh_funclets	eh	11
00551f52	Unwind@00551f52	lib	_library	eh_funclets	eh	11
00551f5d	Unwind@00551f5d	lib	_library	eh_funclets	eh	11
00551f68	Unwind@00551f68	lib	_library	eh_funclets	eh	11
00551f73	Unwind@00551f73	lib	_library	eh_funclets	eh	11
00551f7e	Unwind@00551f7e	lib	_library	eh_funclets	eh	11
00551f89	Unwind@00551f89	lib	_library	eh_funclets	eh	11
00551f94	Unwind@00551f94	lib	_library	eh_funclets	eh	11
00551f9f	Unwind@00551f9f	lib	_library	eh_funclets	eh	11
00551faa	Unwind@00551faa	lib	_library	eh_funclets	eh	11
00551fb5	Unwind@00551fb5	lib	_library	eh_funclets	eh	11
00551fc0	Unwind@00551fc0	lib	_library	eh_funclets	eh	11
00551fcb	Unwind@00551fcb	lib	_library	eh_funclets	eh	11
00551fd6	Unwind@00551fd6	lib	_library	eh_funclets	eh	11
00551fe1	Unwind@00551fe1	lib	_library	eh_funclets	eh	11
00551fec	Unwind@00551fec	lib	_library	eh_funclets	eh	11
00551ff7	Unwind@00551ff7	lib	_library	eh_funclets	eh	11
00552002	Unwind@00552002	lib	_library	eh_funclets	eh	11
0055200d	Unwind@0055200d	lib	_library	eh_funclets	eh	11
00552018	Unwind@00552018	lib	_library	eh_funclets	eh	11
00552023	Unwind@00552023	lib	_library	eh_funclets	eh	11
0055202e	Unwind@0055202e	lib	_library	eh_funclets	eh	11
00552039	Unwind@00552039	lib	_library	eh_funclets	eh	11
00552044	Unwind@00552044	lib	_library	eh_funclets	eh	11
0055204f	Unwind@0055204f	lib	_library	eh_funclets	eh	11
0055205a	Unwind@0055205a	lib	_library	eh_funclets	eh	11
00552065	Unwind@00552065	lib	_library	eh_funclets	eh	11
00552070	Unwind@00552070	lib	_library	eh_funclets	eh	11
0055207b	Unwind@0055207b	lib	_library	eh_funclets	eh	11
00552086	Unwind@00552086	lib	_library	eh_funclets	eh	11
00552091	Unwind@00552091	lib	_library	eh_funclets	eh	11
0055209c	Unwind@0055209c	lib	_library	eh_funclets	eh	11
005520a7	Unwind@005520a7	lib	_library	eh_funclets	eh	11
005520b2	Unwind@005520b2	lib	_library	eh_funclets	eh	11
005520bd	Unwind@005520bd	lib	_library	eh_funclets	eh	11
005520c8	Unwind@005520c8	lib	_library	eh_funclets	eh	11
005520d3	Unwind@005520d3	lib	_library	eh_funclets	eh	11
005520de	Unwind@005520de	lib	_library	eh_funclets	eh	11
005520e9	Unwind@005520e9	lib	_library	eh_funclets	eh	11
005520f4	Unwind@005520f4	lib	_library	eh_funclets	eh	11
005520ff	Unwind@005520ff	lib	_library	eh_funclets	eh	11
0055210a	Unwind@0055210a	lib	_library	eh_funclets	eh	11
00552115	Unwind@00552115	lib	_library	eh_funclets	eh	11
00552120	Unwind@00552120	lib	_library	eh_funclets	eh	11
0055212b	Unwind@0055212b	lib	_library	eh_funclets	eh	11
00552136	Unwind@00552136	lib	_library	eh_funclets	eh	11
00552141	Unwind@00552141	lib	_library	eh_funclets	eh	11
0055214c	Unwind@0055214c	lib	_library	eh_funclets	eh	11
00552157	Unwind@00552157	lib	_library	eh_funclets	eh	11
00552162	Unwind@00552162	lib	_library	eh_funclets	eh	11
0055216d	Unwind@0055216d	lib	_library	eh_funclets	eh	11
00552178	Unwind@00552178	lib	_library	eh_funclets	eh	11
00552183	Unwind@00552183	lib	_library	eh_funclets	eh	11
0055218e	Unwind@0055218e	lib	_library	eh_funclets	eh	11
00552199	Unwind@00552199	lib	_library	eh_funclets	eh	11
005521a4	Unwind@005521a4	lib	_library	eh_funclets	eh	11
005521af	Unwind@005521af	lib	_library	eh_funclets	eh	11
005521ba	Unwind@005521ba	lib	_library	eh_funclets	eh	11
005521c5	Unwind@005521c5	lib	_library	eh_funclets	eh	11
005521d0	Unwind@005521d0	lib	_library	eh_funclets	eh	11
005521db	Unwind@005521db	lib	_library	eh_funclets	eh	11
005521e6	Unwind@005521e6	lib	_library	eh_funclets	eh	11
005521f1	Unwind@005521f1	lib	_library	eh_funclets	eh	11
005521fc	Unwind@005521fc	lib	_library	eh_funclets	eh	11
00552207	Unwind@00552207	lib	_library	eh_funclets	eh	11
00552212	Unwind@00552212	lib	_library	eh_funclets	eh	11
0055221d	Unwind@0055221d	lib	_library	eh_funclets	eh	11
00552228	Unwind@00552228	lib	_library	eh_funclets	eh	11
00552233	Unwind@00552233	lib	_library	eh_funclets	eh	11
0055223e	Unwind@0055223e	lib	_library	eh_funclets	eh	11
00552249	Unwind@00552249	lib	_library	eh_funclets	eh	11
00552254	Unwind@00552254	lib	_library	eh_funclets	eh	11
0055225f	Unwind@0055225f	lib	_library	eh_funclets	eh	11
0055226a	Unwind@0055226a	lib	_library	eh_funclets	eh	11
00552275	Unwind@00552275	lib	_library	eh_funclets	eh	11
00552280	Unwind@00552280	lib	_library	eh_funclets	eh	11
0055228b	Unwind@0055228b	lib	_library	eh_funclets	eh	11
00552296	Unwind@00552296	lib	_library	eh_funclets	eh	11
005522a1	Unwind@005522a1	lib	_library	eh_funclets	eh	11
005522ac	Unwind@005522ac	lib	_library	eh_funclets	eh	11
005522b7	Unwind@005522b7	lib	_library	eh_funclets	eh	11
005522c2	Unwind@005522c2	lib	_library	eh_funclets	eh	11
005522cd	Unwind@005522cd	lib	_library	eh_funclets	eh	11
005522d8	Unwind@005522d8	lib	_library	eh_funclets	eh	11
005522e3	Unwind@005522e3	lib	_library	eh_funclets	eh	11
005522ee	Unwind@005522ee	lib	_library	eh_funclets	eh	11
005522f9	Unwind@005522f9	lib	_library	eh_funclets	eh	11
00552304	Unwind@00552304	lib	_library	eh_funclets	eh	11
0055230f	Unwind@0055230f	lib	_library	eh_funclets	eh	11
0055231a	Unwind@0055231a	lib	_library	eh_funclets	eh	11
00552325	Unwind@00552325	lib	_library	eh_funclets	eh	11
00552330	Unwind@00552330	lib	_library	eh_funclets	eh	11
0055233b	Unwind@0055233b	lib	_library	eh_funclets	eh	11
00552346	Unwind@00552346	lib	_library	eh_funclets	eh	11
00552351	Unwind@00552351	lib	_library	eh_funclets	eh	11
0055235c	Unwind@0055235c	lib	_library	eh_funclets	eh	11
00552367	Unwind@00552367	lib	_library	eh_funclets	eh	11
00552372	Unwind@00552372	lib	_library	eh_funclets	eh	11
0055237d	Unwind@0055237d	lib	_library	eh_funclets	eh	11
00552388	Unwind@00552388	lib	_library	eh_funclets	eh	11
00552393	Unwind@00552393	lib	_library	eh_funclets	eh	11
0055239e	Unwind@0055239e	lib	_library	eh_funclets	eh	11
005523a9	Unwind@005523a9	lib	_library	eh_funclets	eh	11
005523b4	Unwind@005523b4	lib	_library	eh_funclets	eh	11
005523bf	Unwind@005523bf	lib	_library	eh_funclets	eh	11
005523ca	Unwind@005523ca	lib	_library	eh_funclets	eh	11
005523d5	Unwind@005523d5	lib	_library	eh_funclets	eh	11
005523e0	Unwind@005523e0	lib	_library	eh_funclets	eh	11
005523eb	Unwind@005523eb	lib	_library	eh_funclets	eh	11
005523f6	Unwind@005523f6	lib	_library	eh_funclets	eh	11
00552401	Unwind@00552401	lib	_library	eh_funclets	eh	11
0055240c	Unwind@0055240c	lib	_library	eh_funclets	eh	11
00552417	Unwind@00552417	lib	_library	eh_funclets	eh	11
00552422	Unwind@00552422	lib	_library	eh_funclets	eh	11
0055242d	Unwind@0055242d	lib	_library	eh_funclets	eh	11
00552438	Unwind@00552438	lib	_library	eh_funclets	eh	11
00552443	Unwind@00552443	lib	_library	eh_funclets	eh	11
0055244e	Unwind@0055244e	lib	_library	eh_funclets	eh	11
00552459	Unwind@00552459	lib	_library	eh_funclets	eh	11
00552464	Unwind@00552464	lib	_library	eh_funclets	eh	11
0055246f	Unwind@0055246f	lib	_library	eh_funclets	eh	11
0055247a	Unwind@0055247a	lib	_library	eh_funclets	eh	11
00552485	Unwind@00552485	lib	_library	eh_funclets	eh	11
00552490	Unwind@00552490	lib	_library	eh_funclets	eh	11
0055249b	Unwind@0055249b	lib	_library	eh_funclets	eh	11
005524a6	Unwind@005524a6	lib	_library	eh_funclets	eh	11
005524b1	Unwind@005524b1	lib	_library	eh_funclets	eh	11
005524bc	Unwind@005524bc	lib	_library	eh_funclets	eh	11
005524c7	Unwind@005524c7	lib	_library	eh_funclets	eh	11
005524d2	Unwind@005524d2	lib	_library	eh_funclets	eh	11
005524dd	Unwind@005524dd	lib	_library	eh_funclets	eh	11
005524e8	Unwind@005524e8	lib	_library	eh_funclets	eh	11
005524f3	Unwind@005524f3	lib	_library	eh_funclets	eh	11
005524fe	Unwind@005524fe	lib	_library	eh_funclets	eh	11
00552509	Unwind@00552509	lib	_library	eh_funclets	eh	11
00552514	Unwind@00552514	lib	_library	eh_funclets	eh	11
0055251f	Unwind@0055251f	lib	_library	eh_funclets	eh	11
0055252a	Unwind@0055252a	lib	_library	eh_funclets	eh	11
00552535	Unwind@00552535	lib	_library	eh_funclets	eh	11
00552540	Unwind@00552540	lib	_library	eh_funclets	eh	11
0055254b	Unwind@0055254b	lib	_library	eh_funclets	eh	11
00552556	Unwind@00552556	lib	_library	eh_funclets	eh	11
00552561	Unwind@00552561	lib	_library	eh_funclets	eh	11
0055256c	Unwind@0055256c	lib	_library	eh_funclets	eh	11
00552577	Unwind@00552577	lib	_library	eh_funclets	eh	11
00552582	Unwind@00552582	lib	_library	eh_funclets	eh	11
0055258d	Unwind@0055258d	lib	_library	eh_funclets	eh	11
00552598	Unwind@00552598	lib	_library	eh_funclets	eh	11
005525a3	Unwind@005525a3	lib	_library	eh_funclets	eh	11
005525ae	Unwind@005525ae	lib	_library	eh_funclets	eh	11
005525b9	Unwind@005525b9	lib	_library	eh_funclets	eh	11
005525c4	Unwind@005525c4	lib	_library	eh_funclets	eh	11
005525cf	Unwind@005525cf	lib	_library	eh_funclets	eh	11
005525da	Unwind@005525da	lib	_library	eh_funclets	eh	11
005525e5	Unwind@005525e5	lib	_library	eh_funclets	eh	11
005525f0	Unwind@005525f0	lib	_library	eh_funclets	eh	11
005525fb	Unwind@005525fb	lib	_library	eh_funclets	eh	11
00552606	Unwind@00552606	lib	_library	eh_funclets	eh	11
00552611	Unwind@00552611	lib	_library	eh_funclets	eh	11
0055261c	Unwind@0055261c	lib	_library	eh_funclets	eh	11
00552627	Unwind@00552627	lib	_library	eh_funclets	eh	11
00552632	Unwind@00552632	lib	_library	eh_funclets	eh	11
0055263d	Unwind@0055263d	lib	_library	eh_funclets	eh	11
00552648	Unwind@00552648	lib	_library	eh_funclets	eh	11
00552653	Unwind@00552653	lib	_library	eh_funclets	eh	11
0055265e	Unwind@0055265e	lib	_library	eh_funclets	eh	11
00552669	Unwind@00552669	lib	_library	eh_funclets	eh	11
00552674	Unwind@00552674	lib	_library	eh_funclets	eh	11
0055267f	Unwind@0055267f	lib	_library	eh_funclets	eh	11
0055268a	Unwind@0055268a	lib	_library	eh_funclets	eh	11
00552695	Unwind@00552695	lib	_library	eh_funclets	eh	11
005526a0	Unwind@005526a0	lib	_library	eh_funclets	eh	11
005526ab	Unwind@005526ab	lib	_library	eh_funclets	eh	11
005526b6	Unwind@005526b6	lib	_library	eh_funclets	eh	11
005526c1	Unwind@005526c1	lib	_library	eh_funclets	eh	11
005526cc	Unwind@005526cc	lib	_library	eh_funclets	eh	11
005526d7	Unwind@005526d7	lib	_library	eh_funclets	eh	11
005526e2	Unwind@005526e2	lib	_library	eh_funclets	eh	11
005526ed	Unwind@005526ed	lib	_library	eh_funclets	eh	11
005526f8	Unwind@005526f8	lib	_library	eh_funclets	eh	11
00552703	Unwind@00552703	lib	_library	eh_funclets	eh	11
0055270e	Unwind@0055270e	lib	_library	eh_funclets	eh	11
00552719	Unwind@00552719	lib	_library	eh_funclets	eh	11
00552724	Unwind@00552724	lib	_library	eh_funclets	eh	11
0055272f	Unwind@0055272f	lib	_library	eh_funclets	eh	11
0055273a	Unwind@0055273a	lib	_library	eh_funclets	eh	11
00552745	Unwind@00552745	lib	_library	eh_funclets	eh	11
00552750	Unwind@00552750	lib	_library	eh_funclets	eh	11
0055275b	Unwind@0055275b	lib	_library	eh_funclets	eh	11
00552766	Unwind@00552766	lib	_library	eh_funclets	eh	11
00552771	Unwind@00552771	lib	_library	eh_funclets	eh	11
0055277c	Unwind@0055277c	lib	_library	eh_funclets	eh	11
00552787	Unwind@00552787	lib	_library	eh_funclets	eh	11
00552792	Unwind@00552792	lib	_library	eh_funclets	eh	11
0055279d	Unwind@0055279d	lib	_library	eh_funclets	eh	11
005527a8	Unwind@005527a8	lib	_library	eh_funclets	eh	11
005527b3	Unwind@005527b3	lib	_library	eh_funclets	eh	11
005527be	Unwind@005527be	lib	_library	eh_funclets	eh	11
005527c9	Unwind@005527c9	lib	_library	eh_funclets	eh	11
005527d4	Unwind@005527d4	lib	_library	eh_funclets	eh	11
005527df	Unwind@005527df	lib	_library	eh_funclets	eh	11
005527ea	Unwind@005527ea	lib	_library	eh_funclets	eh	11
005527f5	Unwind@005527f5	lib	_library	eh_funclets	eh	11
00552800	Unwind@00552800	lib	_library	eh_funclets	eh	11
0055280b	Unwind@0055280b	lib	_library	eh_funclets	eh	11
00552816	Unwind@00552816	lib	_library	eh_funclets	eh	11
00552821	Unwind@00552821	lib	_library	eh_funclets	eh	11
0055282c	Unwind@0055282c	lib	_library	eh_funclets	eh	11
00552837	Unwind@00552837	lib	_library	eh_funclets	eh	11
00552842	Unwind@00552842	lib	_library	eh_funclets	eh	11
0055284d	Unwind@0055284d	lib	_library	eh_funclets	eh	11
00552858	Unwind@00552858	lib	_library	eh_funclets	eh	11
00552863	Unwind@00552863	lib	_library	eh_funclets	eh	11
0055286e	Unwind@0055286e	lib	_library	eh_funclets	eh	11
00552879	Unwind@00552879	lib	_library	eh_funclets	eh	11
00552884	Unwind@00552884	lib	_library	eh_funclets	eh	11
0055288f	Unwind@0055288f	lib	_library	eh_funclets	eh	11
0055289a	Unwind@0055289a	lib	_library	eh_funclets	eh	11
005528a5	Unwind@005528a5	lib	_library	eh_funclets	eh	11
005528b0	Unwind@005528b0	lib	_library	eh_funclets	eh	11
005528bb	Unwind@005528bb	lib	_library	eh_funclets	eh	11
005528c6	Unwind@005528c6	lib	_library	eh_funclets	eh	11
005528d1	Unwind@005528d1	lib	_library	eh_funclets	eh	11
005528dc	Unwind@005528dc	lib	_library	eh_funclets	eh	11
005528e7	Unwind@005528e7	lib	_library	eh_funclets	eh	11
005528f2	Unwind@005528f2	lib	_library	eh_funclets	eh	11
005528fd	Unwind@005528fd	lib	_library	eh_funclets	eh	11
00552908	Unwind@00552908	lib	_library	eh_funclets	eh	11
00552913	Unwind@00552913	lib	_library	eh_funclets	eh	11
0055291e	Unwind@0055291e	lib	_library	eh_funclets	eh	11
00552929	Unwind@00552929	lib	_library	eh_funclets	eh	11
00552934	Unwind@00552934	lib	_library	eh_funclets	eh	11
0055293f	Unwind@0055293f	lib	_library	eh_funclets	eh	11
0055294a	Unwind@0055294a	lib	_library	eh_funclets	eh	11
00552955	Unwind@00552955	lib	_library	eh_funclets	eh	11
00552960	Unwind@00552960	lib	_library	eh_funclets	eh	11
0055296b	Unwind@0055296b	lib	_library	eh_funclets	eh	11
00552976	Unwind@00552976	lib	_library	eh_funclets	eh	11
00552981	Unwind@00552981	lib	_library	eh_funclets	eh	11
0055298c	Unwind@0055298c	lib	_library	eh_funclets	eh	11
00552997	Unwind@00552997	lib	_library	eh_funclets	eh	11
005529a2	Unwind@005529a2	lib	_library	eh_funclets	eh	11
005529ad	Unwind@005529ad	lib	_library	eh_funclets	eh	11
005529b8	Unwind@005529b8	lib	_library	eh_funclets	eh	11
005529c3	Unwind@005529c3	lib	_library	eh_funclets	eh	11
005529ce	Unwind@005529ce	lib	_library	eh_funclets	eh	11
005529d9	Unwind@005529d9	lib	_library	eh_funclets	eh	11
005529e4	Unwind@005529e4	lib	_library	eh_funclets	eh	11
005529ef	Unwind@005529ef	lib	_library	eh_funclets	eh	11
005529fa	Unwind@005529fa	lib	_library	eh_funclets	eh	11
00552a05	Unwind@00552a05	lib	_library	eh_funclets	eh	11
00552a10	Unwind@00552a10	lib	_library	eh_funclets	eh	11
00552a1b	Unwind@00552a1b	lib	_library	eh_funclets	eh	11
00552a26	Unwind@00552a26	lib	_library	eh_funclets	eh	11
00552a31	Unwind@00552a31	lib	_library	eh_funclets	eh	11
00552a3c	Unwind@00552a3c	lib	_library	eh_funclets	eh	11
00552a47	Unwind@00552a47	lib	_library	eh_funclets	eh	11
00552a52	Unwind@00552a52	lib	_library	eh_funclets	eh	11
00552a5d	Unwind@00552a5d	lib	_library	eh_funclets	eh	11
00552a68	Unwind@00552a68	lib	_library	eh_funclets	eh	11
00552a73	Unwind@00552a73	lib	_library	eh_funclets	eh	11
00552a7e	Unwind@00552a7e	lib	_library	eh_funclets	eh	11
00552a89	Unwind@00552a89	lib	_library	eh_funclets	eh	11
00552a94	Unwind@00552a94	lib	_library	eh_funclets	eh	11
00552a9f	Unwind@00552a9f	lib	_library	eh_funclets	eh	11
00552aaa	Unwind@00552aaa	lib	_library	eh_funclets	eh	11
00552ab5	Unwind@00552ab5	lib	_library	eh_funclets	eh	11
00552ac0	Unwind@00552ac0	lib	_library	eh_funclets	eh	11
00552acb	Unwind@00552acb	lib	_library	eh_funclets	eh	11
00552ad6	Unwind@00552ad6	lib	_library	eh_funclets	eh	11
00552ae1	Unwind@00552ae1	lib	_library	eh_funclets	eh	11
00552aec	Unwind@00552aec	lib	_library	eh_funclets	eh	11
00552af7	Unwind@00552af7	lib	_library	eh_funclets	eh	11
00552b02	Unwind@00552b02	lib	_library	eh_funclets	eh	11
00552b0d	Unwind@00552b0d	lib	_library	eh_funclets	eh	11
00552b18	Unwind@00552b18	lib	_library	eh_funclets	eh	11
00552b23	Unwind@00552b23	lib	_library	eh_funclets	eh	11
00552b2e	Unwind@00552b2e	lib	_library	eh_funclets	eh	11
00552b39	Unwind@00552b39	lib	_library	eh_funclets	eh	11
00552b44	Unwind@00552b44	lib	_library	eh_funclets	eh	11
00552b4f	Unwind@00552b4f	lib	_library	eh_funclets	eh	11
00552b5a	Unwind@00552b5a	lib	_library	eh_funclets	eh	11
00552b65	Unwind@00552b65	lib	_library	eh_funclets	eh	11
00552b70	Unwind@00552b70	lib	_library	eh_funclets	eh	11
00552b7b	Unwind@00552b7b	lib	_library	eh_funclets	eh	11
00552b86	Unwind@00552b86	lib	_library	eh_funclets	eh	11
00552b91	Unwind@00552b91	lib	_library	eh_funclets	eh	11
00552b9c	Unwind@00552b9c	lib	_library	eh_funclets	eh	11
00552ba7	Unwind@00552ba7	lib	_library	eh_funclets	eh	11
00552bb2	Unwind@00552bb2	lib	_library	eh_funclets	eh	11
00552bbd	Unwind@00552bbd	lib	_library	eh_funclets	eh	11
00552bc8	Unwind@00552bc8	lib	_library	eh_funclets	eh	11
00552bd3	Unwind@00552bd3	lib	_library	eh_funclets	eh	11
00552bde	Unwind@00552bde	lib	_library	eh_funclets	eh	11
00552be9	Unwind@00552be9	lib	_library	eh_funclets	eh	11
00552bf4	Unwind@00552bf4	lib	_library	eh_funclets	eh	11
00552bff	Unwind@00552bff	lib	_library	eh_funclets	eh	11
00552c0a	Unwind@00552c0a	lib	_library	eh_funclets	eh	11
00552c15	Unwind@00552c15	lib	_library	eh_funclets	eh	11
00552c20	Unwind@00552c20	lib	_library	eh_funclets	eh	11
00552c2b	Unwind@00552c2b	lib	_library	eh_funclets	eh	11
00552c36	Unwind@00552c36	lib	_library	eh_funclets	eh	11
00552c41	Unwind@00552c41	lib	_library	eh_funclets	eh	11
00552c4c	Unwind@00552c4c	lib	_library	eh_funclets	eh	11
00552c57	Unwind@00552c57	lib	_library	eh_funclets	eh	11
00552c62	Unwind@00552c62	lib	_library	eh_funclets	eh	11
00552c6d	Unwind@00552c6d	lib	_library	eh_funclets	eh	11
00552c78	Unwind@00552c78	lib	_library	eh_funclets	eh	11
00552c83	Unwind@00552c83	lib	_library	eh_funclets	eh	11
00552c8e	Unwind@00552c8e	lib	_library	eh_funclets	eh	11
00552c99	Unwind@00552c99	lib	_library	eh_funclets	eh	11
00552ca4	Unwind@00552ca4	lib	_library	eh_funclets	eh	11
00552caf	Unwind@00552caf	lib	_library	eh_funclets	eh	11
00552cba	Unwind@00552cba	lib	_library	eh_funclets	eh	11
00552cc5	Unwind@00552cc5	lib	_library	eh_funclets	eh	11
00552cd0	Unwind@00552cd0	lib	_library	eh_funclets	eh	11
00552cdb	Unwind@00552cdb	lib	_library	eh_funclets	eh	11
00552ce6	Unwind@00552ce6	lib	_library	eh_funclets	eh	11
00552cf1	Unwind@00552cf1	lib	_library	eh_funclets	eh	11
00552cfc	Unwind@00552cfc	lib	_library	eh_funclets	eh	11
00552d07	Unwind@00552d07	lib	_library	eh_funclets	eh	11
00552d12	Unwind@00552d12	lib	_library	eh_funclets	eh	11
00552d1d	Unwind@00552d1d	lib	_library	eh_funclets	eh	11
00552d28	Unwind@00552d28	lib	_library	eh_funclets	eh	11
00552d33	Unwind@00552d33	lib	_library	eh_funclets	eh	11
00552d3e	Unwind@00552d3e	lib	_library	eh_funclets	eh	11
00552d49	Unwind@00552d49	lib	_library	eh_funclets	eh	11
00552d54	Unwind@00552d54	lib	_library	eh_funclets	eh	11
00552d5f	Unwind@00552d5f	lib	_library	eh_funclets	eh	11
00552d6a	Unwind@00552d6a	lib	_library	eh_funclets	eh	11
00552d75	Unwind@00552d75	lib	_library	eh_funclets	eh	11
00552d80	Unwind@00552d80	lib	_library	eh_funclets	eh	11
00552d8b	Unwind@00552d8b	lib	_library	eh_funclets	eh	11
00552d96	Unwind@00552d96	lib	_library	eh_funclets	eh	11
00552da1	Unwind@00552da1	lib	_library	eh_funclets	eh	11
00552dac	Unwind@00552dac	lib	_library	eh_funclets	eh	11
00552db7	Unwind@00552db7	lib	_library	eh_funclets	eh	11
00552dc2	Unwind@00552dc2	lib	_library	eh_funclets	eh	11
00552dcd	Unwind@00552dcd	lib	_library	eh_funclets	eh	11
00552dd8	Unwind@00552dd8	lib	_library	eh_funclets	eh	11
00552de3	Unwind@00552de3	lib	_library	eh_funclets	eh	11
00552dee	Unwind@00552dee	lib	_library	eh_funclets	eh	11
00552df9	Unwind@00552df9	lib	_library	eh_funclets	eh	11
00552e04	Unwind@00552e04	lib	_library	eh_funclets	eh	11
00552e0f	Unwind@00552e0f	lib	_library	eh_funclets	eh	11
00552e1a	Unwind@00552e1a	lib	_library	eh_funclets	eh	11
00552e25	Unwind@00552e25	lib	_library	eh_funclets	eh	11
00552e30	Unwind@00552e30	lib	_library	eh_funclets	eh	11
00552e3b	Unwind@00552e3b	lib	_library	eh_funclets	eh	11
00552e46	Unwind@00552e46	lib	_library	eh_funclets	eh	11
00552e51	Unwind@00552e51	lib	_library	eh_funclets	eh	11
00552e5c	Unwind@00552e5c	lib	_library	eh_funclets	eh	11
00552e67	Unwind@00552e67	lib	_library	eh_funclets	eh	11
00552e72	Unwind@00552e72	lib	_library	eh_funclets	eh	11
00552e7d	Unwind@00552e7d	lib	_library	eh_funclets	eh	11
00552e88	Unwind@00552e88	lib	_library	eh_funclets	eh	11
00552e93	Unwind@00552e93	lib	_library	eh_funclets	eh	11
00552e9e	Unwind@00552e9e	lib	_library	eh_funclets	eh	11
00552ea9	Unwind@00552ea9	lib	_library	eh_funclets	eh	11
00552eb4	Unwind@00552eb4	lib	_library	eh_funclets	eh	11
00552ebf	Unwind@00552ebf	lib	_library	eh_funclets	eh	11
00552eca	Unwind@00552eca	lib	_library	eh_funclets	eh	11
00552ed5	Unwind@00552ed5	lib	_library	eh_funclets	eh	11
00552ee0	Unwind@00552ee0	lib	_library	eh_funclets	eh	11
00552eeb	Unwind@00552eeb	lib	_library	eh_funclets	eh	11
00552ef6	Unwind@00552ef6	lib	_library	eh_funclets	eh	11
00552f01	Unwind@00552f01	lib	_library	eh_funclets	eh	11
00552f0c	Unwind@00552f0c	lib	_library	eh_funclets	eh	11
00552f17	Unwind@00552f17	lib	_library	eh_funclets	eh	11
00552f22	Unwind@00552f22	lib	_library	eh_funclets	eh	11
00552f2d	Unwind@00552f2d	lib	_library	eh_funclets	eh	11
00552f38	Unwind@00552f38	lib	_library	eh_funclets	eh	11
00552f43	Unwind@00552f43	lib	_library	eh_funclets	eh	11
00552f4e	Unwind@00552f4e	lib	_library	eh_funclets	eh	11
00552f59	Unwind@00552f59	lib	_library	eh_funclets	eh	11
00552f64	Unwind@00552f64	lib	_library	eh_funclets	eh	11
00552f6f	Unwind@00552f6f	lib	_library	eh_funclets	eh	11
00552f7a	Unwind@00552f7a	lib	_library	eh_funclets	eh	11
00552f85	Unwind@00552f85	lib	_library	eh_funclets	eh	11
00552f90	Unwind@00552f90	lib	_library	eh_funclets	eh	11
00552f9b	Unwind@00552f9b	lib	_library	eh_funclets	eh	11
00552fa6	Unwind@00552fa6	lib	_library	eh_funclets	eh	11
00552fb1	Unwind@00552fb1	lib	_library	eh_funclets	eh	11
00552fbc	Unwind@00552fbc	lib	_library	eh_funclets	eh	11
00552fc7	Unwind@00552fc7	lib	_library	eh_funclets	eh	11
00552fd2	Unwind@00552fd2	lib	_library	eh_funclets	eh	11
00552fdd	Unwind@00552fdd	lib	_library	eh_funclets	eh	11
00552fe8	Unwind@00552fe8	lib	_library	eh_funclets	eh	11
00552ff3	Unwind@00552ff3	lib	_library	eh_funclets	eh	11
00552ffe	Unwind@00552ffe	lib	_library	eh_funclets	eh	11
00553009	Unwind@00553009	lib	_library	eh_funclets	eh	11
00553014	Unwind@00553014	lib	_library	eh_funclets	eh	11
0055301f	Unwind@0055301f	lib	_library	eh_funclets	eh	11
0055302a	Unwind@0055302a	lib	_library	eh_funclets	eh	11
00553035	Unwind@00553035	lib	_library	eh_funclets	eh	11
00553040	Unwind@00553040	lib	_library	eh_funclets	eh	11
0055304b	Unwind@0055304b	lib	_library	eh_funclets	eh	11
00553056	Unwind@00553056	lib	_library	eh_funclets	eh	11
00553061	Unwind@00553061	lib	_library	eh_funclets	eh	11
0055306c	Unwind@0055306c	lib	_library	eh_funclets	eh	11
00553077	Unwind@00553077	lib	_library	eh_funclets	eh	11
00553082	Unwind@00553082	lib	_library	eh_funclets	eh	11
0055308d	Unwind@0055308d	lib	_library	eh_funclets	eh	11
00553098	Unwind@00553098	lib	_library	eh_funclets	eh	11
005530a3	Unwind@005530a3	lib	_library	eh_funclets	eh	11
005530ae	Unwind@005530ae	lib	_library	eh_funclets	eh	11
005530b9	Unwind@005530b9	lib	_library	eh_funclets	eh	11
005530c4	Unwind@005530c4	lib	_library	eh_funclets	eh	11
005530cf	Unwind@005530cf	lib	_library	eh_funclets	eh	11
005530da	Unwind@005530da	lib	_library	eh_funclets	eh	11
005530e5	Unwind@005530e5	lib	_library	eh_funclets	eh	11
005530f0	Unwind@005530f0	lib	_library	eh_funclets	eh	11
005530fb	Unwind@005530fb	lib	_library	eh_funclets	eh	11
00553106	Unwind@00553106	lib	_library	eh_funclets	eh	11
00553111	Unwind@00553111	lib	_library	eh_funclets	eh	11
0055311c	Unwind@0055311c	lib	_library	eh_funclets	eh	11
00553127	Unwind@00553127	lib	_library	eh_funclets	eh	11
00553132	Unwind@00553132	lib	_library	eh_funclets	eh	11
0055313d	Unwind@0055313d	lib	_library	eh_funclets	eh	11
00553148	Unwind@00553148	lib	_library	eh_funclets	eh	11
00553153	Unwind@00553153	lib	_library	eh_funclets	eh	11
0055315e	Unwind@0055315e	lib	_library	eh_funclets	eh	11
00553169	Unwind@00553169	lib	_library	eh_funclets	eh	11
00553174	Unwind@00553174	lib	_library	eh_funclets	eh	11
0055317f	Unwind@0055317f	lib	_library	eh_funclets	eh	11
0055318a	Unwind@0055318a	lib	_library	eh_funclets	eh	11
00553195	Unwind@00553195	lib	_library	eh_funclets	eh	11
005531a0	Unwind@005531a0	lib	_library	eh_funclets	eh	11
005531ab	Unwind@005531ab	lib	_library	eh_funclets	eh	11
005531b6	Unwind@005531b6	lib	_library	eh_funclets	eh	11
005531c1	Unwind@005531c1	lib	_library	eh_funclets	eh	11
005531cc	Unwind@005531cc	lib	_library	eh_funclets	eh	11
005531d7	Unwind@005531d7	lib	_library	eh_funclets	eh	11
005531e2	Unwind@005531e2	lib	_library	eh_funclets	eh	11
005531ed	Unwind@005531ed	lib	_library	eh_funclets	eh	11
005531f8	Unwind@005531f8	lib	_library	eh_funclets	eh	11
00553203	Unwind@00553203	lib	_library	eh_funclets	eh	11
0055320e	Unwind@0055320e	lib	_library	eh_funclets	eh	11
00553219	Unwind@00553219	lib	_library	eh_funclets	eh	11
00553224	Unwind@00553224	lib	_library	eh_funclets	eh	11
0055322f	Unwind@0055322f	lib	_library	eh_funclets	eh	11
0055323a	Unwind@0055323a	lib	_library	eh_funclets	eh	11
00553245	Unwind@00553245	lib	_library	eh_funclets	eh	11
00553250	Unwind@00553250	lib	_library	eh_funclets	eh	11
0055325b	Unwind@0055325b	lib	_library	eh_funclets	eh	11
00553266	Unwind@00553266	lib	_library	eh_funclets	eh	11
00553271	Unwind@00553271	lib	_library	eh_funclets	eh	11
0055327c	Unwind@0055327c	lib	_library	eh_funclets	eh	11
00553287	Unwind@00553287	lib	_library	eh_funclets	eh	11
00553292	Unwind@00553292	lib	_library	eh_funclets	eh	11
0055329d	Unwind@0055329d	lib	_library	eh_funclets	eh	11
005532a8	Unwind@005532a8	lib	_library	eh_funclets	eh	11
005532b3	Unwind@005532b3	lib	_library	eh_funclets	eh	11
005532be	Unwind@005532be	lib	_library	eh_funclets	eh	11
005532c9	Unwind@005532c9	lib	_library	eh_funclets	eh	11
005532d4	Unwind@005532d4	lib	_library	eh_funclets	eh	11
005532df	Unwind@005532df	lib	_library	eh_funclets	eh	11
005532ea	Unwind@005532ea	lib	_library	eh_funclets	eh	11
005532f5	Unwind@005532f5	lib	_library	eh_funclets	eh	11
00553300	Unwind@00553300	lib	_library	eh_funclets	eh	11
0055330b	Unwind@0055330b	lib	_library	eh_funclets	eh	11
00553316	Unwind@00553316	lib	_library	eh_funclets	eh	11
00553321	Unwind@00553321	lib	_library	eh_funclets	eh	11
0055332c	Unwind@0055332c	lib	_library	eh_funclets	eh	11
00553337	Unwind@00553337	lib	_library	eh_funclets	eh	11
00553342	Unwind@00553342	lib	_library	eh_funclets	eh	11
0055334d	Unwind@0055334d	lib	_library	eh_funclets	eh	11
00553358	Unwind@00553358	lib	_library	eh_funclets	eh	11
00553363	Unwind@00553363	lib	_library	eh_funclets	eh	11
0055336e	Unwind@0055336e	lib	_library	eh_funclets	eh	11
00553379	Unwind@00553379	lib	_library	eh_funclets	eh	11
00553384	Unwind@00553384	lib	_library	eh_funclets	eh	11
0055338f	Unwind@0055338f	lib	_library	eh_funclets	eh	11
0055339a	Unwind@0055339a	lib	_library	eh_funclets	eh	11
005533a5	Unwind@005533a5	lib	_library	eh_funclets	eh	11
005533b0	Unwind@005533b0	lib	_library	eh_funclets	eh	11
005533bb	Unwind@005533bb	lib	_library	eh_funclets	eh	11
005533c6	Unwind@005533c6	lib	_library	eh_funclets	eh	11
005533d1	Unwind@005533d1	lib	_library	eh_funclets	eh	11
005533dc	Unwind@005533dc	lib	_library	eh_funclets	eh	11
005533e7	Unwind@005533e7	lib	_library	eh_funclets	eh	11
005533f2	Unwind@005533f2	lib	_library	eh_funclets	eh	11
005533fd	Unwind@005533fd	lib	_library	eh_funclets	eh	11
00553408	Unwind@00553408	lib	_library	eh_funclets	eh	11
00553413	Unwind@00553413	lib	_library	eh_funclets	eh	11
0055341e	Unwind@0055341e	lib	_library	eh_funclets	eh	11
00553429	Unwind@00553429	lib	_library	eh_funclets	eh	11
00553434	Unwind@00553434	lib	_library	eh_funclets	eh	11
0055343f	Unwind@0055343f	lib	_library	eh_funclets	eh	11
0055344a	Unwind@0055344a	lib	_library	eh_funclets	eh	11
00553455	Unwind@00553455	lib	_library	eh_funclets	eh	11
00553460	Unwind@00553460	lib	_library	eh_funclets	eh	11
0055346b	Unwind@0055346b	lib	_library	eh_funclets	eh	11
00553476	Unwind@00553476	lib	_library	eh_funclets	eh	11
00553481	Unwind@00553481	lib	_library	eh_funclets	eh	11
0055348c	Unwind@0055348c	lib	_library	eh_funclets	eh	11
00553497	Unwind@00553497	lib	_library	eh_funclets	eh	11
005534a2	Unwind@005534a2	lib	_library	eh_funclets	eh	11
005534ad	Unwind@005534ad	lib	_library	eh_funclets	eh	11
005534b8	Unwind@005534b8	lib	_library	eh_funclets	eh	11
005534c3	Unwind@005534c3	lib	_library	eh_funclets	eh	11
005534ce	Unwind@005534ce	lib	_library	eh_funclets	eh	11
005534d9	Unwind@005534d9	lib	_library	eh_funclets	eh	11
005534e4	Unwind@005534e4	lib	_library	eh_funclets	eh	11
005534ef	Unwind@005534ef	lib	_library	eh_funclets	eh	11
005534fa	Unwind@005534fa	lib	_library	eh_funclets	eh	11
00553505	Unwind@00553505	lib	_library	eh_funclets	eh	11
00553510	Unwind@00553510	lib	_library	eh_funclets	eh	11
0055351b	Unwind@0055351b	lib	_library	eh_funclets	eh	11
00553526	Unwind@00553526	lib	_library	eh_funclets	eh	11
00553531	Unwind@00553531	lib	_library	eh_funclets	eh	11
0055353c	Unwind@0055353c	lib	_library	eh_funclets	eh	11
00553547	Unwind@00553547	lib	_library	eh_funclets	eh	11
00553552	Unwind@00553552	lib	_library	eh_funclets	eh	11
0055355d	Unwind@0055355d	lib	_library	eh_funclets	eh	11
00553568	Unwind@00553568	lib	_library	eh_funclets	eh	11
00553573	Unwind@00553573	lib	_library	eh_funclets	eh	11
0055357e	Unwind@0055357e	lib	_library	eh_funclets	eh	11
00553589	Unwind@00553589	lib	_library	eh_funclets	eh	11
00553594	Unwind@00553594	lib	_library	eh_funclets	eh	11
0055359f	Unwind@0055359f	lib	_library	eh_funclets	eh	11
005535aa	Unwind@005535aa	lib	_library	eh_funclets	eh	11
005535b5	Unwind@005535b5	lib	_library	eh_funclets	eh	11
005535c0	Unwind@005535c0	lib	_library	eh_funclets	eh	11
005535cb	Unwind@005535cb	lib	_library	eh_funclets	eh	11
005535d6	Unwind@005535d6	lib	_library	eh_funclets	eh	11
005535e1	Unwind@005535e1	lib	_library	eh_funclets	eh	11
005535ec	Unwind@005535ec	lib	_library	eh_funclets	eh	11
005535f7	Unwind@005535f7	lib	_library	eh_funclets	eh	11
00553602	Unwind@00553602	lib	_library	eh_funclets	eh	11
0055360d	Unwind@0055360d	lib	_library	eh_funclets	eh	11
00553618	Unwind@00553618	lib	_library	eh_funclets	eh	11
00553623	Unwind@00553623	lib	_library	eh_funclets	eh	11
0055362e	Unwind@0055362e	lib	_library	eh_funclets	eh	11
00553639	Unwind@00553639	lib	_library	eh_funclets	eh	11
00553644	Unwind@00553644	lib	_library	eh_funclets	eh	11
0055364f	Unwind@0055364f	lib	_library	eh_funclets	eh	11
0055365a	Unwind@0055365a	lib	_library	eh_funclets	eh	11
00553665	Unwind@00553665	lib	_library	eh_funclets	eh	11
00553670	Unwind@00553670	lib	_library	eh_funclets	eh	11
0055367b	Unwind@0055367b	lib	_library	eh_funclets	eh	11
00553686	Unwind@00553686	lib	_library	eh_funclets	eh	11
00553691	Unwind@00553691	lib	_library	eh_funclets	eh	11
0055369c	Unwind@0055369c	lib	_library	eh_funclets	eh	11
005536a7	Unwind@005536a7	lib	_library	eh_funclets	eh	11
005536b2	Unwind@005536b2	lib	_library	eh_funclets	eh	11
005536bd	Unwind@005536bd	lib	_library	eh_funclets	eh	11
005536c8	Unwind@005536c8	lib	_library	eh_funclets	eh	11
005536d3	Unwind@005536d3	lib	_library	eh_funclets	eh	11
005536de	Unwind@005536de	lib	_library	eh_funclets	eh	11
005536e9	Unwind@005536e9	lib	_library	eh_funclets	eh	11
005536f4	Unwind@005536f4	lib	_library	eh_funclets	eh	11
005536ff	Unwind@005536ff	lib	_library	eh_funclets	eh	11
0055370a	Unwind@0055370a	lib	_library	eh_funclets	eh	11
00553715	Unwind@00553715	lib	_library	eh_funclets	eh	11
00553720	Unwind@00553720	lib	_library	eh_funclets	eh	11
0055372b	Unwind@0055372b	lib	_library	eh_funclets	eh	11
00553736	Unwind@00553736	lib	_library	eh_funclets	eh	11
00553741	Unwind@00553741	lib	_library	eh_funclets	eh	11
0055374c	Unwind@0055374c	lib	_library	eh_funclets	eh	11
00553757	Unwind@00553757	lib	_library	eh_funclets	eh	11
00553762	Unwind@00553762	lib	_library	eh_funclets	eh	11
0055376d	Unwind@0055376d	lib	_library	eh_funclets	eh	11
00553778	Unwind@00553778	lib	_library	eh_funclets	eh	11
00553783	Unwind@00553783	lib	_library	eh_funclets	eh	11
0055378e	Unwind@0055378e	lib	_library	eh_funclets	eh	11
00553799	Unwind@00553799	lib	_library	eh_funclets	eh	11
005537a4	Unwind@005537a4	lib	_library	eh_funclets	eh	11
005537af	Unwind@005537af	lib	_library	eh_funclets	eh	11
005537ba	Unwind@005537ba	lib	_library	eh_funclets	eh	11
005537c5	Unwind@005537c5	lib	_library	eh_funclets	eh	11
005537d0	Unwind@005537d0	lib	_library	eh_funclets	eh	11
005537db	Unwind@005537db	lib	_library	eh_funclets	eh	11
005537e6	Unwind@005537e6	lib	_library	eh_funclets	eh	11
005537f1	Unwind@005537f1	lib	_library	eh_funclets	eh	11
005537fc	Unwind@005537fc	lib	_library	eh_funclets	eh	11
00553807	Unwind@00553807	lib	_library	eh_funclets	eh	11
00553812	Unwind@00553812	lib	_library	eh_funclets	eh	11
0055381d	Unwind@0055381d	lib	_library	eh_funclets	eh	11
00553828	Unwind@00553828	lib	_library	eh_funclets	eh	11
00553833	Unwind@00553833	lib	_library	eh_funclets	eh	11
0055383e	Unwind@0055383e	lib	_library	eh_funclets	eh	11
00553849	Unwind@00553849	lib	_library	eh_funclets	eh	11
00553854	Unwind@00553854	lib	_library	eh_funclets	eh	11
0055385f	Unwind@0055385f	lib	_library	eh_funclets	eh	11
0055386a	Unwind@0055386a	lib	_library	eh_funclets	eh	11
00553875	Unwind@00553875	lib	_library	eh_funclets	eh	11
00553880	Unwind@00553880	lib	_library	eh_funclets	eh	11
0055388b	Unwind@0055388b	lib	_library	eh_funclets	eh	11
00553896	Unwind@00553896	lib	_library	eh_funclets	eh	11
005538a1	Unwind@005538a1	lib	_library	eh_funclets	eh	11
005538ac	Unwind@005538ac	lib	_library	eh_funclets	eh	11
005538b7	Unwind@005538b7	lib	_library	eh_funclets	eh	11
005538c2	Unwind@005538c2	lib	_library	eh_funclets	eh	11
005538cd	Unwind@005538cd	lib	_library	eh_funclets	eh	11
005538d8	Unwind@005538d8	lib	_library	eh_funclets	eh	11
005538e3	Unwind@005538e3	lib	_library	eh_funclets	eh	11
005538ee	Unwind@005538ee	lib	_library	eh_funclets	eh	11
005538f9	Unwind@005538f9	lib	_library	eh_funclets	eh	11
00553904	Unwind@00553904	lib	_library	eh_funclets	eh	11
0055390f	Unwind@0055390f	lib	_library	eh_funclets	eh	11
0055391a	Unwind@0055391a	lib	_library	eh_funclets	eh	11
00553925	Unwind@00553925	lib	_library	eh_funclets	eh	11
00553930	Unwind@00553930	lib	_library	eh_funclets	eh	11
0055393b	Unwind@0055393b	lib	_library	eh_funclets	eh	11
00553946	Unwind@00553946	lib	_library	eh_funclets	eh	11
00553951	Unwind@00553951	lib	_library	eh_funclets	eh	11
0055395c	Unwind@0055395c	lib	_library	eh_funclets	eh	11
00553967	Unwind@00553967	lib	_library	eh_funclets	eh	11
00553972	Unwind@00553972	lib	_library	eh_funclets	eh	11
0055397d	Unwind@0055397d	lib	_library	eh_funclets	eh	11
00553988	Unwind@00553988	lib	_library	eh_funclets	eh	11
00553993	Unwind@00553993	lib	_library	eh_funclets	eh	11
0055399e	Unwind@0055399e	lib	_library	eh_funclets	eh	11
005539a9	Unwind@005539a9	lib	_library	eh_funclets	eh	11
005539b4	Unwind@005539b4	lib	_library	eh_funclets	eh	11
005539bf	Unwind@005539bf	lib	_library	eh_funclets	eh	11
005539ca	Unwind@005539ca	lib	_library	eh_funclets	eh	11
005539d5	Unwind@005539d5	lib	_library	eh_funclets	eh	11
005539e0	Unwind@005539e0	lib	_library	eh_funclets	eh	11
005539eb	Unwind@005539eb	lib	_library	eh_funclets	eh	11
005539f6	Unwind@005539f6	lib	_library	eh_funclets	eh	11
00553a01	Unwind@00553a01	lib	_library	eh_funclets	eh	11
00553a0c	Unwind@00553a0c	lib	_library	eh_funclets	eh	11
00553a17	Unwind@00553a17	lib	_library	eh_funclets	eh	11
00553a22	Unwind@00553a22	lib	_library	eh_funclets	eh	11
00553a2d	Unwind@00553a2d	lib	_library	eh_funclets	eh	11
00553a38	Unwind@00553a38	lib	_library	eh_funclets	eh	11
00553a43	Unwind@00553a43	lib	_library	eh_funclets	eh	11
00553a4e	Unwind@00553a4e	lib	_library	eh_funclets	eh	11
00553a59	Unwind@00553a59	lib	_library	eh_funclets	eh	11
00553a64	Unwind@00553a64	lib	_library	eh_funclets	eh	11
00553a6f	Unwind@00553a6f	lib	_library	eh_funclets	eh	11
00553a7a	Unwind@00553a7a	lib	_library	eh_funclets	eh	11
00553a85	Unwind@00553a85	lib	_library	eh_funclets	eh	11
00553a90	Unwind@00553a90	lib	_library	eh_funclets	eh	11
00553a9b	Unwind@00553a9b	lib	_library	eh_funclets	eh	11
00553aa6	Unwind@00553aa6	lib	_library	eh_funclets	eh	11
00553ab1	Unwind@00553ab1	lib	_library	eh_funclets	eh	11
00553abc	Unwind@00553abc	lib	_library	eh_funclets	eh	11
00553ac7	Unwind@00553ac7	lib	_library	eh_funclets	eh	11
00553ad2	Unwind@00553ad2	lib	_library	eh_funclets	eh	11
00553add	Unwind@00553add	lib	_library	eh_funclets	eh	11
00553ae8	Unwind@00553ae8	lib	_library	eh_funclets	eh	11
00553af3	Unwind@00553af3	lib	_library	eh_funclets	eh	11
00553afe	Unwind@00553afe	lib	_library	eh_funclets	eh	11
00553b09	Unwind@00553b09	lib	_library	eh_funclets	eh	11
00553b14	Unwind@00553b14	lib	_library	eh_funclets	eh	11
00553b1f	Unwind@00553b1f	lib	_library	eh_funclets	eh	11
00553b2a	Unwind@00553b2a	lib	_library	eh_funclets	eh	11
00553b35	Unwind@00553b35	lib	_library	eh_funclets	eh	11
00553b40	Unwind@00553b40	lib	_library	eh_funclets	eh	11
00553b4b	Unwind@00553b4b	lib	_library	eh_funclets	eh	11
00553b56	Unwind@00553b56	lib	_library	eh_funclets	eh	11
00553b61	Unwind@00553b61	lib	_library	eh_funclets	eh	11
00553b6c	Unwind@00553b6c	lib	_library	eh_funclets	eh	11
00553b77	Unwind@00553b77	lib	_library	eh_funclets	eh	11
00553b82	Unwind@00553b82	lib	_library	eh_funclets	eh	11
00553b8d	Unwind@00553b8d	lib	_library	eh_funclets	eh	11
00553b98	Unwind@00553b98	lib	_library	eh_funclets	eh	11
00553ba3	Unwind@00553ba3	lib	_library	eh_funclets	eh	11
00553bae	Unwind@00553bae	lib	_library	eh_funclets	eh	11
00553bb9	Unwind@00553bb9	lib	_library	eh_funclets	eh	11
00553bc4	Unwind@00553bc4	lib	_library	eh_funclets	eh	11
00553bcf	Unwind@00553bcf	lib	_library	eh_funclets	eh	11
00553bda	Unwind@00553bda	lib	_library	eh_funclets	eh	11
00553be5	Unwind@00553be5	lib	_library	eh_funclets	eh	11
00553bf0	Unwind@00553bf0	lib	_library	eh_funclets	eh	11
00553bfb	Unwind@00553bfb	lib	_library	eh_funclets	eh	11
00553c06	Unwind@00553c06	lib	_library	eh_funclets	eh	11
00553c11	Unwind@00553c11	lib	_library	eh_funclets	eh	11
00553c1c	Unwind@00553c1c	lib	_library	eh_funclets	eh	11
00553c27	Unwind@00553c27	lib	_library	eh_funclets	eh	11
00553c32	Unwind@00553c32	lib	_library	eh_funclets	eh	11
00553c3d	Unwind@00553c3d	lib	_library	eh_funclets	eh	11
00553c48	Unwind@00553c48	lib	_library	eh_funclets	eh	11
00553c53	Unwind@00553c53	lib	_library	eh_funclets	eh	11
00553c5e	Unwind@00553c5e	lib	_library	eh_funclets	eh	11
00553c69	Unwind@00553c69	lib	_library	eh_funclets	eh	11
00553c74	Unwind@00553c74	lib	_library	eh_funclets	eh	11
00553c7f	Unwind@00553c7f	lib	_library	eh_funclets	eh	11
00553c8a	Unwind@00553c8a	lib	_library	eh_funclets	eh	11
00553c95	Unwind@00553c95	lib	_library	eh_funclets	eh	11
00553ca0	Unwind@00553ca0	lib	_library	eh_funclets	eh	11
00553cab	Unwind@00553cab	lib	_library	eh_funclets	eh	11
00553cb6	Unwind@00553cb6	lib	_library	eh_funclets	eh	11
00553cc1	Unwind@00553cc1	lib	_library	eh_funclets	eh	11
00553ccc	Unwind@00553ccc	lib	_library	eh_funclets	eh	11
00553cd7	Unwind@00553cd7	lib	_library	eh_funclets	eh	11
00553ce2	Unwind@00553ce2	lib	_library	eh_funclets	eh	11
00553ced	Unwind@00553ced	lib	_library	eh_funclets	eh	11
00553cf8	Unwind@00553cf8	lib	_library	eh_funclets	eh	11
00553d03	Unwind@00553d03	lib	_library	eh_funclets	eh	11
00553d0e	Unwind@00553d0e	lib	_library	eh_funclets	eh	11
00553d19	Unwind@00553d19	lib	_library	eh_funclets	eh	11
00553d24	Unwind@00553d24	lib	_library	eh_funclets	eh	11
00553d2f	Unwind@00553d2f	lib	_library	eh_funclets	eh	11
00553d3a	Unwind@00553d3a	lib	_library	eh_funclets	eh	11
00553d45	Unwind@00553d45	lib	_library	eh_funclets	eh	11
00553d50	Unwind@00553d50	lib	_library	eh_funclets	eh	11
00553d5b	Unwind@00553d5b	lib	_library	eh_funclets	eh	11
00553d66	Unwind@00553d66	lib	_library	eh_funclets	eh	11
00553d71	Unwind@00553d71	lib	_library	eh_funclets	eh	11
00553d7c	Unwind@00553d7c	lib	_library	eh_funclets	eh	11
00553d87	Unwind@00553d87	lib	_library	eh_funclets	eh	11
00553d92	Unwind@00553d92	lib	_library	eh_funclets	eh	11
00553d9d	Unwind@00553d9d	lib	_library	eh_funclets	eh	11
00553da8	Unwind@00553da8	lib	_library	eh_funclets	eh	11
00553db3	Unwind@00553db3	lib	_library	eh_funclets	eh	11
00553dbe	Unwind@00553dbe	lib	_library	eh_funclets	eh	11
00553dc9	Unwind@00553dc9	lib	_library	eh_funclets	eh	11
00553dd4	Unwind@00553dd4	lib	_library	eh_funclets	eh	11
00553ddf	Unwind@00553ddf	lib	_library	eh_funclets	eh	11
00553dea	Unwind@00553dea	lib	_library	eh_funclets	eh	11
00553df5	Unwind@00553df5	lib	_library	eh_funclets	eh	11
00553e00	Unwind@00553e00	lib	_library	eh_funclets	eh	11
00553e0b	Unwind@00553e0b	lib	_library	eh_funclets	eh	11
00553e16	Unwind@00553e16	lib	_library	eh_funclets	eh	11
00553e21	Unwind@00553e21	lib	_library	eh_funclets	eh	11
00553e2c	Unwind@00553e2c	lib	_library	eh_funclets	eh	11
00553e37	Unwind@00553e37	lib	_library	eh_funclets	eh	11
00553e42	Unwind@00553e42	lib	_library	eh_funclets	eh	11
00553e4d	Unwind@00553e4d	lib	_library	eh_funclets	eh	11
00553e58	Unwind@00553e58	lib	_library	eh_funclets	eh	11
00553e63	Unwind@00553e63	lib	_library	eh_funclets	eh	11
00553e6e	Unwind@00553e6e	lib	_library	eh_funclets	eh	11
00553e79	Unwind@00553e79	lib	_library	eh_funclets	eh	11
00553e84	Unwind@00553e84	lib	_library	eh_funclets	eh	11
00553e8f	Unwind@00553e8f	lib	_library	eh_funclets	eh	11
00553e9a	Unwind@00553e9a	lib	_library	eh_funclets	eh	11
00553ea5	Unwind@00553ea5	lib	_library	eh_funclets	eh	11
00553eb0	Unwind@00553eb0	lib	_library	eh_funclets	eh	11
00553ebb	Unwind@00553ebb	lib	_library	eh_funclets	eh	11
00553ec6	Unwind@00553ec6	lib	_library	eh_funclets	eh	11
00553ed1	Unwind@00553ed1	lib	_library	eh_funclets	eh	11
00553edc	Unwind@00553edc	lib	_library	eh_funclets	eh	11
00553ee7	Unwind@00553ee7	lib	_library	eh_funclets	eh	11
00553ef2	Unwind@00553ef2	lib	_library	eh_funclets	eh	11
00553efd	Unwind@00553efd	lib	_library	eh_funclets	eh	11
00553f08	Unwind@00553f08	lib	_library	eh_funclets	eh	11
00553f13	Unwind@00553f13	lib	_library	eh_funclets	eh	11
00553f1e	Unwind@00553f1e	lib	_library	eh_funclets	eh	11
00553f29	Unwind@00553f29	lib	_library	eh_funclets	eh	11
00553f34	Unwind@00553f34	lib	_library	eh_funclets	eh	11
00553f3f	Unwind@00553f3f	lib	_library	eh_funclets	eh	11
00553f4a	Unwind@00553f4a	lib	_library	eh_funclets	eh	11
00553f55	Unwind@00553f55	lib	_library	eh_funclets	eh	11
00553f60	Unwind@00553f60	lib	_library	eh_funclets	eh	11
00553f6b	Unwind@00553f6b	lib	_library	eh_funclets	eh	11
00553f76	Unwind@00553f76	lib	_library	eh_funclets	eh	11
00553f81	Unwind@00553f81	lib	_library	eh_funclets	eh	11
00553f8c	Unwind@00553f8c	lib	_library	eh_funclets	eh	11
00553f97	Unwind@00553f97	lib	_library	eh_funclets	eh	11
00553fa2	Unwind@00553fa2	lib	_library	eh_funclets	eh	11
00553fad	Unwind@00553fad	lib	_library	eh_funclets	eh	11
00553fb8	Unwind@00553fb8	lib	_library	eh_funclets	eh	11
00553fc3	Unwind@00553fc3	lib	_library	eh_funclets	eh	11
00553fce	Unwind@00553fce	lib	_library	eh_funclets	eh	11
00553fd9	Unwind@00553fd9	lib	_library	eh_funclets	eh	11
00553fe4	Unwind@00553fe4	lib	_library	eh_funclets	eh	11
00553fef	Unwind@00553fef	lib	_library	eh_funclets	eh	11
00553ffa	Unwind@00553ffa	lib	_library	eh_funclets	eh	11
00554005	Unwind@00554005	lib	_library	eh_funclets	eh	11
00554010	Unwind@00554010	lib	_library	eh_funclets	eh	11
0055401b	Unwind@0055401b	lib	_library	eh_funclets	eh	11
00554026	Unwind@00554026	lib	_library	eh_funclets	eh	11
00554031	Unwind@00554031	lib	_library	eh_funclets	eh	11
0055403c	Unwind@0055403c	lib	_library	eh_funclets	eh	11
00554047	Unwind@00554047	lib	_library	eh_funclets	eh	11
00554052	Unwind@00554052	lib	_library	eh_funclets	eh	11
0055405d	Unwind@0055405d	lib	_library	eh_funclets	eh	11
00554068	Unwind@00554068	lib	_library	eh_funclets	eh	11
00554073	Unwind@00554073	lib	_library	eh_funclets	eh	11
0055407e	Unwind@0055407e	lib	_library	eh_funclets	eh	11
00554089	Unwind@00554089	lib	_library	eh_funclets	eh	11
00554094	Unwind@00554094	lib	_library	eh_funclets	eh	11
0055409f	Unwind@0055409f	lib	_library	eh_funclets	eh	11
005540aa	Unwind@005540aa	lib	_library	eh_funclets	eh	11
005540b5	Unwind@005540b5	lib	_library	eh_funclets	eh	11
005540c0	Unwind@005540c0	lib	_library	eh_funclets	eh	11
005540cb	Unwind@005540cb	lib	_library	eh_funclets	eh	11
005540d6	Unwind@005540d6	lib	_library	eh_funclets	eh	11
005540e1	Unwind@005540e1	lib	_library	eh_funclets	eh	11
005540ec	Unwind@005540ec	lib	_library	eh_funclets	eh	11
005540f7	Unwind@005540f7	lib	_library	eh_funclets	eh	11
00554102	Unwind@00554102	lib	_library	eh_funclets	eh	11
0055410d	Unwind@0055410d	lib	_library	eh_funclets	eh	11
00554118	Unwind@00554118	lib	_library	eh_funclets	eh	11
00554123	Unwind@00554123	lib	_library	eh_funclets	eh	11
0055412e	Unwind@0055412e	lib	_library	eh_funclets	eh	11
00554139	Unwind@00554139	lib	_library	eh_funclets	eh	11
00554144	Unwind@00554144	lib	_library	eh_funclets	eh	11
0055414f	Unwind@0055414f	lib	_library	eh_funclets	eh	11
0055415a	Unwind@0055415a	lib	_library	eh_funclets	eh	11
00554165	Unwind@00554165	lib	_library	eh_funclets	eh	11
00554170	Unwind@00554170	lib	_library	eh_funclets	eh	11
0055417b	Unwind@0055417b	lib	_library	eh_funclets	eh	11
00554186	Unwind@00554186	lib	_library	eh_funclets	eh	11
00554191	Unwind@00554191	lib	_library	eh_funclets	eh	11
0055419c	Unwind@0055419c	lib	_library	eh_funclets	eh	11
005541a7	Unwind@005541a7	lib	_library	eh_funclets	eh	11
005541b2	Unwind@005541b2	lib	_library	eh_funclets	eh	11
005541bd	Unwind@005541bd	lib	_library	eh_funclets	eh	11
005541c8	Unwind@005541c8	lib	_library	eh_funclets	eh	11
005541d3	Unwind@005541d3	lib	_library	eh_funclets	eh	11
005541de	Unwind@005541de	lib	_library	eh_funclets	eh	11
005541e9	Unwind@005541e9	lib	_library	eh_funclets	eh	11
005541f4	Unwind@005541f4	lib	_library	eh_funclets	eh	11
005541ff	Unwind@005541ff	lib	_library	eh_funclets	eh	11
0055420a	Unwind@0055420a	lib	_library	eh_funclets	eh	11
00554215	Unwind@00554215	lib	_library	eh_funclets	eh	11
00554220	Unwind@00554220	lib	_library	eh_funclets	eh	11
0055422b	Unwind@0055422b	lib	_library	eh_funclets	eh	11
00554236	Unwind@00554236	lib	_library	eh_funclets	eh	11
00554241	Unwind@00554241	lib	_library	eh_funclets	eh	11
0055424c	Unwind@0055424c	lib	_library	eh_funclets	eh	11
00554257	Unwind@00554257	lib	_library	eh_funclets	eh	11
00554262	Unwind@00554262	lib	_library	eh_funclets	eh	11
0055426d	Unwind@0055426d	lib	_library	eh_funclets	eh	11
00554278	Unwind@00554278	lib	_library	eh_funclets	eh	11
00554283	Unwind@00554283	lib	_library	eh_funclets	eh	11
0055428e	Unwind@0055428e	lib	_library	eh_funclets	eh	11
00554299	Unwind@00554299	lib	_library	eh_funclets	eh	11
005542a4	Unwind@005542a4	lib	_library	eh_funclets	eh	11
005542af	Unwind@005542af	lib	_library	eh_funclets	eh	11
005542ba	Unwind@005542ba	lib	_library	eh_funclets	eh	11
00554310	Unwind@00554310	lib	_library	eh_funclets	eh	11
00554340	Unwind@00554340	lib	_library	eh_funclets	eh	8
00554348	Unwind@00554348	lib	_library	eh_funclets	eh	8
00554450	Unwind@00554450	lib	_library	eh_funclets	eh	17
00554480	Unwind@00554480	lib	_library	eh_funclets	eh	17
005544b0	Unwind@005544b0	lib	_library	eh_funclets	eh	29
005544cd	Unwind@005544cd	lib	_library	eh_funclets	eh	12
005544d9	Unwind@005544d9	lib	_library	eh_funclets	eh	9
00554520	Unwind@00554520	lib	_library	eh_funclets	eh	14
0055452e	Unwind@0055452e	lib	_library	eh_funclets	eh	14
0055453c	Unwind@0055453c	lib	_library	eh_funclets	eh	14
0055454a	Unwind@0055454a	lib	_library	eh_funclets	eh	14
00554558	Unwind@00554558	lib	_library	eh_funclets	eh	14
00554566	Unwind@00554566	lib	_library	eh_funclets	eh	17
00554577	Unwind@00554577	lib	_library	eh_funclets	eh	17
00554588	Unwind@00554588	lib	_library	eh_funclets	eh	17
00554599	Unwind@00554599	lib	_library	eh_funclets	eh	17
005545aa	Unwind@005545aa	lib	_library	eh_funclets	eh	17
005545bb	Unwind@005545bb	lib	_library	eh_funclets	eh	17
005545cc	Unwind@005545cc	lib	_library	eh_funclets	eh	17
005545dd	Unwind@005545dd	lib	_library	eh_funclets	eh	17
005545ee	Unwind@005545ee	lib	_library	eh_funclets	eh	17
005545ff	Unwind@005545ff	lib	_library	eh_funclets	eh	17
00554610	Unwind@00554610	lib	_library	eh_funclets	eh	17
00554621	Unwind@00554621	lib	_library	eh_funclets	eh	17
00554632	Unwind@00554632	lib	_library	eh_funclets	eh	17
00554643	Unwind@00554643	lib	_library	eh_funclets	eh	17
00554654	Unwind@00554654	lib	_library	eh_funclets	eh	8
0055465c	Unwind@0055465c	lib	_library	eh_funclets	eh	11
00554667	Unwind@00554667	lib	_library	eh_funclets	eh	8
0055466f	Unwind@0055466f	lib	_library	eh_funclets	eh	11
0055467a	Unwind@0055467a	lib	_library	eh_funclets	eh	8
00554682	Unwind@00554682	lib	_library	eh_funclets	eh	11
0055468d	Unwind@0055468d	lib	_library	eh_funclets	eh	8
00554695	Unwind@00554695	lib	_library	eh_funclets	eh	11
005546a0	Unwind@005546a0	lib	_library	eh_funclets	eh	8
005546a8	Unwind@005546a8	lib	_library	eh_funclets	eh	11
005546b3	Unwind@005546b3	lib	_library	eh_funclets	eh	8
005546bb	Unwind@005546bb	lib	_library	eh_funclets	eh	11
005546c6	Unwind@005546c6	lib	_library	eh_funclets	eh	8
005546ce	Unwind@005546ce	lib	_library	eh_funclets	eh	11
005546d9	Unwind@005546d9	lib	_library	eh_funclets	eh	8
005546e1	Unwind@005546e1	lib	_library	eh_funclets	eh	11
005546ec	Unwind@005546ec	lib	_library	eh_funclets	eh	8
005546f4	Unwind@005546f4	lib	_library	eh_funclets	eh	11
005546ff	Unwind@005546ff	lib	_library	eh_funclets	eh	8
00554707	Unwind@00554707	lib	_library	eh_funclets	eh	11
00554712	Unwind@00554712	lib	_library	eh_funclets	eh	8
0055471a	Unwind@0055471a	lib	_library	eh_funclets	eh	11
00554725	Unwind@00554725	lib	_library	eh_funclets	eh	8
0055472d	Unwind@0055472d	lib	_library	eh_funclets	eh	11
00554738	Unwind@00554738	lib	_library	eh_funclets	eh	8
00554770	Unwind@00554770	lib	_library	eh_funclets	eh	11
0055477b	Unwind@0055477b	lib	_library	eh_funclets	eh	11
00554786	Unwind@00554786	lib	_library	eh_funclets	eh	11
00554791	Unwind@00554791	lib	_library	eh_funclets	eh	11
0055479c	Unwind@0055479c	lib	_library	eh_funclets	eh	11
005547a7	Unwind@005547a7	lib	_library	eh_funclets	eh	14
005547b5	Unwind@005547b5	lib	_library	eh_funclets	eh	14
005547c3	Unwind@005547c3	lib	_library	eh_funclets	eh	14
005547d1	Unwind@005547d1	lib	_library	eh_funclets	eh	14
005547df	Unwind@005547df	lib	_library	eh_funclets	eh	14
005547ed	Unwind@005547ed	lib	_library	eh_funclets	eh	14
005547fb	Unwind@005547fb	lib	_library	eh_funclets	eh	14
00554809	Unwind@00554809	lib	_library	eh_funclets	eh	14
00554817	Unwind@00554817	lib	_library	eh_funclets	eh	14
00554825	Unwind@00554825	lib	_library	eh_funclets	eh	14
00554833	Unwind@00554833	lib	_library	eh_funclets	eh	14
00554841	Unwind@00554841	lib	_library	eh_funclets	eh	14
0055484f	Unwind@0055484f	lib	_library	eh_funclets	eh	14
0055485d	Unwind@0055485d	lib	_library	eh_funclets	eh	14
00554890	Unwind@00554890	lib	_library	eh_funclets	eh	8
00554898	Unwind@00554898	lib	_library	eh_funclets	eh	8
005548d0	Unwind@005548d0	lib	_library	eh_funclets	eh	8
00554900	Unwind@00554900	lib	_library	eh_funclets	eh	8
00554950	Unwind@00554950	lib	_library	eh_funclets	eh	11
00554990	Unwind@00554990	lib	_library	eh_funclets	eh	11
0055499b	Unwind@0055499b	lib	_library	eh_funclets	eh	11
005549a6	Unwind@005549a6	lib	_library	eh_funclets	eh	11
005549e0	Unwind@005549e0	lib	_library	eh_funclets	eh	11
00554a20	Unwind@00554a20	lib	_library	eh_funclets	eh	17
00554a31	Unwind@00554a31	lib	_library	eh_funclets	eh	17
00554a60	Unwind@00554a60	lib	_library	eh_funclets	eh	8
00554a90	Unwind@00554a90	lib	_library	eh_funclets	eh	29
00554aad	Unwind@00554aad	lib	_library	eh_funclets	eh	12
00554ab9	Unwind@00554ab9	lib	_library	eh_funclets	eh	12
00554ac5	Unwind@00554ac5	lib	_library	eh_funclets	eh	11
00554ad0	Unwind@00554ad0	lib	_library	eh_funclets	eh	8
00554ad8	Unwind@00554ad8	lib	_library	eh_funclets	eh	8
00554ae0	Unwind@00554ae0	lib	_library	eh_funclets	eh	29
00554afd	Unwind@00554afd	lib	_library	eh_funclets	eh	12
00554b09	Unwind@00554b09	lib	_library	eh_funclets	eh	12
00554b15	Unwind@00554b15	lib	_library	eh_funclets	eh	11
00554b20	Unwind@00554b20	lib	_library	eh_funclets	eh	8
00554b28	Unwind@00554b28	lib	_library	eh_funclets	eh	8
00554b60	Unwind@00554b60	lib	_library	eh_funclets	eh	29
00554b7d	Unwind@00554b7d	lib	_library	eh_funclets	eh	12
00554b89	Unwind@00554b89	lib	_library	eh_funclets	eh	12
00554b95	Unwind@00554b95	lib	_library	eh_funclets	eh	11
00554ba0	Unwind@00554ba0	lib	_library	eh_funclets	eh	8
00554ba8	Unwind@00554ba8	lib	_library	eh_funclets	eh	8
00554be0	Unwind@00554be0	lib	_library	eh_funclets	eh	29
00554bfd	Unwind@00554bfd	lib	_library	eh_funclets	eh	12
00554c09	Unwind@00554c09	lib	_library	eh_funclets	eh	12
00554c15	Unwind@00554c15	lib	_library	eh_funclets	eh	11
00554c20	Unwind@00554c20	lib	_library	eh_funclets	eh	8
00554c28	Unwind@00554c28	lib	_library	eh_funclets	eh	8
00554c30	Unwind@00554c30	lib	_library	eh_funclets	eh	8
00554c60	Unwind@00554c60	lib	_library	eh_funclets	eh	17
00554c90	Unwind@00554c90	lib	_library	eh_funclets	eh	17
00554da0	Unwind@00554da0	lib	_library	eh_funclets	eh	8
00554dd0	Unwind@00554dd0	lib	_library	eh_funclets	eh	11
00554ddb	Unwind@00554ddb	lib	_library	eh_funclets	eh	11
00554de6	Unwind@00554de6	lib	_library	eh_funclets	eh	11
00554df1	Unwind@00554df1	lib	_library	eh_funclets	eh	11
00554dfc	Unwind@00554dfc	lib	_library	eh_funclets	eh	11
00554e07	Unwind@00554e07	lib	_library	eh_funclets	eh	11
00554e40	Unwind@00554e40	lib	_library	eh_funclets	eh	8
00554e70	Unwind@00554e70	lib	_library	eh_funclets	eh	11
00554e7b	Unwind@00554e7b	lib	_library	eh_funclets	eh	11
00554e86	Unwind@00554e86	lib	_library	eh_funclets	eh	23
00554e9d	Unwind@00554e9d	lib	_library	eh_funclets	eh	23
00554f20	Unwind@00554f20	lib	_library	eh_funclets	eh	11
00554f2b	Unwind@00554f2b	lib	_library	eh_funclets	eh	11
00554f36	Unwind@00554f36	lib	_library	eh_funclets	eh	11
00554f41	Unwind@00554f41	lib	_library	eh_funclets	eh	11
00554f4c	Unwind@00554f4c	lib	_library	eh_funclets	eh	11
00554fe0	Unwind@00554fe0	lib	_library	eh_funclets	eh	11
00554feb	Unwind@00554feb	lib	_library	eh_funclets	eh	11
00554ff6	Unwind@00554ff6	lib	_library	eh_funclets	eh	11
00555001	Unwind@00555001	lib	_library	eh_funclets	eh	11
0055500c	Unwind@0055500c	lib	_library	eh_funclets	eh	11
00555017	Unwind@00555017	lib	_library	eh_funclets	eh	11
00555022	Unwind@00555022	lib	_library	eh_funclets	eh	11
0055502d	Unwind@0055502d	lib	_library	eh_funclets	eh	11
00555038	Unwind@00555038	lib	_library	eh_funclets	eh	11
00555043	Unwind@00555043	lib	_library	eh_funclets	eh	11
0055504e	Unwind@0055504e	lib	_library	eh_funclets	eh	11
00555059	Unwind@00555059	lib	_library	eh_funclets	eh	11
00555064	Unwind@00555064	lib	_library	eh_funclets	eh	11
0055506f	Unwind@0055506f	lib	_library	eh_funclets	eh	11
0055507a	Unwind@0055507a	lib	_library	eh_funclets	eh	11
00555085	Unwind@00555085	lib	_library	eh_funclets	eh	11
00555090	Unwind@00555090	lib	_library	eh_funclets	eh	11
0055509b	Unwind@0055509b	lib	_library	eh_funclets	eh	11
005550a6	Unwind@005550a6	lib	_library	eh_funclets	eh	11
005550b1	Unwind@005550b1	lib	_library	eh_funclets	eh	11
005550bc	Unwind@005550bc	lib	_library	eh_funclets	eh	11
005550c7	Unwind@005550c7	lib	_library	eh_funclets	eh	11
005550d2	Unwind@005550d2	lib	_library	eh_funclets	eh	11
005550dd	Unwind@005550dd	lib	_library	eh_funclets	eh	11
005550e8	Unwind@005550e8	lib	_library	eh_funclets	eh	11
005550f3	Unwind@005550f3	lib	_library	eh_funclets	eh	11
005550fe	Unwind@005550fe	lib	_library	eh_funclets	eh	11
00555109	Unwind@00555109	lib	_library	eh_funclets	eh	11
00555114	Unwind@00555114	lib	_library	eh_funclets	eh	11
0055511f	Unwind@0055511f	lib	_library	eh_funclets	eh	14
0055512d	Unwind@0055512d	lib	_library	eh_funclets	eh	11
00555138	Unwind@00555138	lib	_library	eh_funclets	eh	11
00555143	Unwind@00555143	lib	_library	eh_funclets	eh	11
0055514e	Unwind@0055514e	lib	_library	eh_funclets	eh	11
00555159	Unwind@00555159	lib	_library	eh_funclets	eh	11
00555164	Unwind@00555164	lib	_library	eh_funclets	eh	11
0055516f	Unwind@0055516f	lib	_library	eh_funclets	eh	11
0055517a	Unwind@0055517a	lib	_library	eh_funclets	eh	11
00555185	Unwind@00555185	lib	_library	eh_funclets	eh	11
00555190	Unwind@00555190	lib	_library	eh_funclets	eh	11
0055519b	Unwind@0055519b	lib	_library	eh_funclets	eh	11
005551a6	Unwind@005551a6	lib	_library	eh_funclets	eh	11
005551b1	Unwind@005551b1	lib	_library	eh_funclets	eh	11
005551bc	Unwind@005551bc	lib	_library	eh_funclets	eh	11
005551c7	Unwind@005551c7	lib	_library	eh_funclets	eh	11
005551d2	Unwind@005551d2	lib	_library	eh_funclets	eh	11
005551dd	Unwind@005551dd	lib	_library	eh_funclets	eh	11
005551e8	Unwind@005551e8	lib	_library	eh_funclets	eh	11
005551f3	Unwind@005551f3	lib	_library	eh_funclets	eh	11
005551fe	Unwind@005551fe	lib	_library	eh_funclets	eh	11
00555209	Unwind@00555209	lib	_library	eh_funclets	eh	11
00555214	Unwind@00555214	lib	_library	eh_funclets	eh	8
0055521c	Unwind@0055521c	lib	_library	eh_funclets	eh	14
0055522a	Unwind@0055522a	lib	_library	eh_funclets	eh	14
00555238	Unwind@00555238	lib	_library	eh_funclets	eh	14
00555246	Unwind@00555246	lib	_library	eh_funclets	eh	11
00555251	Unwind@00555251	lib	_library	eh_funclets	eh	11
0055525c	Unwind@0055525c	lib	_library	eh_funclets	eh	11
00555267	Unwind@00555267	lib	_library	eh_funclets	eh	11
00555272	Unwind@00555272	lib	_library	eh_funclets	eh	11
0055527d	Unwind@0055527d	lib	_library	eh_funclets	eh	8
00555285	Unwind@00555285	lib	_library	eh_funclets	eh	8
0055528d	Unwind@0055528d	lib	_library	eh_funclets	eh	14
0055529b	Unwind@0055529b	lib	_library	eh_funclets	eh	14
005552a9	Unwind@005552a9	lib	_library	eh_funclets	eh	14
005552b7	Unwind@005552b7	lib	_library	eh_funclets	eh	14
005552c5	Unwind@005552c5	lib	_library	eh_funclets	eh	14
005552d3	Unwind@005552d3	lib	_library	eh_funclets	eh	14
005552e1	Unwind@005552e1	lib	_library	eh_funclets	eh	14
005552ef	Unwind@005552ef	lib	_library	eh_funclets	eh	14
005552fd	Unwind@005552fd	lib	_library	eh_funclets	eh	14
0055530b	Unwind@0055530b	lib	_library	eh_funclets	eh	14
00555319	Unwind@00555319	lib	_library	eh_funclets	eh	14
00555327	Unwind@00555327	lib	_library	eh_funclets	eh	14
00555335	Unwind@00555335	lib	_library	eh_funclets	eh	14
00555343	Unwind@00555343	lib	_library	eh_funclets	eh	14
00555351	Unwind@00555351	lib	_library	eh_funclets	eh	14
0055535f	Unwind@0055535f	lib	_library	eh_funclets	eh	14
0055536d	Unwind@0055536d	lib	_library	eh_funclets	eh	14
0055537b	Unwind@0055537b	lib	_library	eh_funclets	eh	14
00555389	Unwind@00555389	lib	_library	eh_funclets	eh	14
00555397	Unwind@00555397	lib	_library	eh_funclets	eh	14
005553a5	Unwind@005553a5	lib	_library	eh_funclets	eh	14
005553b3	Unwind@005553b3	lib	_library	eh_funclets	eh	14
005553c1	Unwind@005553c1	lib	_library	eh_funclets	eh	14
005553cf	Unwind@005553cf	lib	_library	eh_funclets	eh	14
005553dd	Unwind@005553dd	lib	_library	eh_funclets	eh	14
005553eb	Unwind@005553eb	lib	_library	eh_funclets	eh	11
005553f6	Unwind@005553f6	lib	_library	eh_funclets	eh	11
00555401	Unwind@00555401	lib	_library	eh_funclets	eh	8
00555409	Unwind@00555409	lib	_library	eh_funclets	eh	8
00555411	Unwind@00555411	lib	_library	eh_funclets	eh	8
00555419	Unwind@00555419	lib	_library	eh_funclets	eh	8
00555421	Unwind@00555421	lib	_library	eh_funclets	eh	8
00555429	Unwind@00555429	lib	_library	eh_funclets	eh	8
00555431	Unwind@00555431	lib	_library	eh_funclets	eh	8
00555439	Unwind@00555439	lib	_library	eh_funclets	eh	8
00555441	Unwind@00555441	lib	_library	eh_funclets	eh	8
00555449	Unwind@00555449	lib	_library	eh_funclets	eh	8
00555451	Unwind@00555451	lib	_library	eh_funclets	eh	14
0055545f	Unwind@0055545f	lib	_library	eh_funclets	eh	14
0055546d	Unwind@0055546d	lib	_library	eh_funclets	eh	14
0055547b	Unwind@0055547b	lib	_library	eh_funclets	eh	8
00555483	Unwind@00555483	lib	_library	eh_funclets	eh	14
00555491	Unwind@00555491	lib	_library	eh_funclets	eh	14
0055549f	Unwind@0055549f	lib	_library	eh_funclets	eh	14
005554ad	Unwind@005554ad	lib	_library	eh_funclets	eh	14
005554bb	Unwind@005554bb	lib	_library	eh_funclets	eh	14
005554c9	Unwind@005554c9	lib	_library	eh_funclets	eh	14
00555500	Unwind@00555500	lib	_library	eh_funclets	eh	11
005555e0	Unwind@005555e0	lib	_library	eh_funclets	eh	17
005555f1	Unwind@005555f1	lib	_library	eh_funclets	eh	8
00555620	Unwind@00555620	lib	_library	eh_funclets	eh	14
005556d0	Unwind@005556d0	lib	_library	eh_funclets	eh	8
00555700	Unwind@00555700	lib	_library	eh_funclets	eh	11
00555740	Unwind@00555740	lib	_library	eh_funclets	eh	11
0055574b	Unwind@0055574b	lib	_library	eh_funclets	eh	11
00555756	Unwind@00555756	lib	_library	eh_funclets	eh	11
00555761	Unwind@00555761	lib	_library	eh_funclets	eh	11
0055576c	Unwind@0055576c	lib	_library	eh_funclets	eh	11
00555777	Unwind@00555777	lib	_library	eh_funclets	eh	11
00555782	Unwind@00555782	lib	_library	eh_funclets	eh	11
0055578d	Unwind@0055578d	lib	_library	eh_funclets	eh	11
00555798	Unwind@00555798	lib	_library	eh_funclets	eh	11
005557a3	Unwind@005557a3	lib	_library	eh_funclets	eh	11
005557ae	Unwind@005557ae	lib	_library	eh_funclets	eh	11
005557b9	Unwind@005557b9	lib	_library	eh_funclets	eh	11
005557c4	Unwind@005557c4	lib	_library	eh_funclets	eh	11
005557cf	Unwind@005557cf	lib	_library	eh_funclets	eh	11
005557da	Unwind@005557da	lib	_library	eh_funclets	eh	11
005557e5	Unwind@005557e5	lib	_library	eh_funclets	eh	11
005557f0	Unwind@005557f0	lib	_library	eh_funclets	eh	11
005557fb	Unwind@005557fb	lib	_library	eh_funclets	eh	11
00555806	Unwind@00555806	lib	_library	eh_funclets	eh	11
00555811	Unwind@00555811	lib	_library	eh_funclets	eh	11
0055581c	Unwind@0055581c	lib	_library	eh_funclets	eh	11
00555827	Unwind@00555827	lib	_library	eh_funclets	eh	11
00555832	Unwind@00555832	lib	_library	eh_funclets	eh	14
00555840	Unwind@00555840	lib	_library	eh_funclets	eh	14
0055584e	Unwind@0055584e	lib	_library	eh_funclets	eh	14
0055585c	Unwind@0055585c	lib	_library	eh_funclets	eh	14
0055586a	Unwind@0055586a	lib	_library	eh_funclets	eh	14
00555878	Unwind@00555878	lib	_library	eh_funclets	eh	14
00555886	Unwind@00555886	lib	_library	eh_funclets	eh	14
00555894	Unwind@00555894	lib	_library	eh_funclets	eh	14
005558a2	Unwind@005558a2	lib	_library	eh_funclets	eh	14
005558b0	Unwind@005558b0	lib	_library	eh_funclets	eh	14
005558be	Unwind@005558be	lib	_library	eh_funclets	eh	14
005558cc	Unwind@005558cc	lib	_library	eh_funclets	eh	14
005558da	Unwind@005558da	lib	_library	eh_funclets	eh	14
005558e8	Unwind@005558e8	lib	_library	eh_funclets	eh	14
00555920	Unwind@00555920	lib	_library	eh_funclets	eh	11
0055592b	Unwind@0055592b	lib	_library	eh_funclets	eh	11
00555936	Unwind@00555936	lib	_library	eh_funclets	eh	14
00555944	Unwind@00555944	lib	_library	eh_funclets	eh	14
00555952	Unwind@00555952	lib	_library	eh_funclets	eh	14
00555960	Unwind@00555960	lib	_library	eh_funclets	eh	14
0055596e	Unwind@0055596e	lib	_library	eh_funclets	eh	14
0055597c	Unwind@0055597c	lib	_library	eh_funclets	eh	14
0055598a	Unwind@0055598a	lib	_library	eh_funclets	eh	14
00555998	Unwind@00555998	lib	_library	eh_funclets	eh	14
005559a6	Unwind@005559a6	lib	_library	eh_funclets	eh	14
005559b4	Unwind@005559b4	lib	_library	eh_funclets	eh	14
005559c2	Unwind@005559c2	lib	_library	eh_funclets	eh	14
00555a00	Unwind@00555a00	lib	_library	eh_funclets	eh	11
00555a0b	Unwind@00555a0b	lib	_library	eh_funclets	eh	8
00555a13	Unwind@00555a13	lib	_library	eh_funclets	eh	11
00555a1e	Unwind@00555a1e	lib	_library	eh_funclets	eh	11
00555a60	Unwind@00555a60	lib	_library	eh_funclets	eh	14
00555a6e	Unwind@00555a6e	lib	_library	eh_funclets	eh	14
00555a7c	Unwind@00555a7c	lib	_library	eh_funclets	eh	14
00555ac0	Unwind@00555ac0	lib	_library	eh_funclets	eh	11
00555acb	Unwind@00555acb	lib	_library	eh_funclets	eh	11
00555ad6	Unwind@00555ad6	lib	_library	eh_funclets	eh	11
00555ae1	Unwind@00555ae1	lib	_library	eh_funclets	eh	8
00555b20	Unwind@00555b20	lib	_library	eh_funclets	eh	14
00555b2e	Unwind@00555b2e	lib	_library	eh_funclets	eh	11
00555b39	Unwind@00555b39	lib	_library	eh_funclets	eh	11
00555b44	Unwind@00555b44	lib	_library	eh_funclets	eh	11
00555b4f	Unwind@00555b4f	lib	_library	eh_funclets	eh	35
00555b72	Unwind@00555b72	lib	_library	eh_funclets	eh	12
00555b7e	Unwind@00555b7e	lib	_library	eh_funclets	eh	12
00555b8a	Unwind@00555b8a	lib	_library	eh_funclets	eh	11
00555b95	Unwind@00555b95	lib	_library	eh_funclets	eh	11
00555ba0	Unwind@00555ba0	lib	_library	eh_funclets	eh	8
00555ba8	Unwind@00555ba8	lib	_library	eh_funclets	eh	35
00555bcb	Unwind@00555bcb	lib	_library	eh_funclets	eh	12
00555bd7	Unwind@00555bd7	lib	_library	eh_funclets	eh	12
00555be3	Unwind@00555be3	lib	_library	eh_funclets	eh	11
00555bee	Unwind@00555bee	lib	_library	eh_funclets	eh	11
00555bf9	Unwind@00555bf9	lib	_library	eh_funclets	eh	8
00555c30	Unwind@00555c30	lib	_library	eh_funclets	eh	11
00555c3b	Unwind@00555c3b	lib	_library	eh_funclets	eh	11
00555c46	Unwind@00555c46	lib	_library	eh_funclets	eh	11
00555c51	Unwind@00555c51	lib	_library	eh_funclets	eh	11
00555c5c	Unwind@00555c5c	lib	_library	eh_funclets	eh	11
00555c67	Unwind@00555c67	lib	_library	eh_funclets	eh	11
00555c72	Unwind@00555c72	lib	_library	eh_funclets	eh	11
00555c7d	Unwind@00555c7d	lib	_library	eh_funclets	eh	11
00555c88	Unwind@00555c88	lib	_library	eh_funclets	eh	11
00555c93	Unwind@00555c93	lib	_library	eh_funclets	eh	11
00555c9e	Unwind@00555c9e	lib	_library	eh_funclets	eh	11
00555ca9	Unwind@00555ca9	lib	_library	eh_funclets	eh	11
00555cb4	Unwind@00555cb4	lib	_library	eh_funclets	eh	11
00555cbf	Unwind@00555cbf	lib	_library	eh_funclets	eh	11
00555cca	Unwind@00555cca	lib	_library	eh_funclets	eh	11
00555cd5	Unwind@00555cd5	lib	_library	eh_funclets	eh	11
00555ce0	Unwind@00555ce0	lib	_library	eh_funclets	eh	23
00555cf7	Unwind@00555cf7	lib	_library	eh_funclets	eh	23
00555d0e	Unwind@00555d0e	lib	_library	eh_funclets	eh	11
00555d19	Unwind@00555d19	lib	_library	eh_funclets	eh	23
00555d30	Unwind@00555d30	lib	_library	eh_funclets	eh	23
00555d47	Unwind@00555d47	lib	_library	eh_funclets	eh	14
00555d55	Unwind@00555d55	lib	_library	eh_funclets	eh	14
00555d63	Unwind@00555d63	lib	_library	eh_funclets	eh	14
00555d71	Unwind@00555d71	lib	_library	eh_funclets	eh	14
00555d7f	Unwind@00555d7f	lib	_library	eh_funclets	eh	14
00555d8d	Unwind@00555d8d	lib	_library	eh_funclets	eh	14
00555d9b	Unwind@00555d9b	lib	_library	eh_funclets	eh	14
00555da9	Unwind@00555da9	lib	_library	eh_funclets	eh	14
00555db7	Unwind@00555db7	lib	_library	eh_funclets	eh	14
00555dc5	Unwind@00555dc5	lib	_library	eh_funclets	eh	14
00555dd3	Unwind@00555dd3	lib	_library	eh_funclets	eh	14
00555de1	Unwind@00555de1	lib	_library	eh_funclets	eh	14
00555def	Unwind@00555def	lib	_library	eh_funclets	eh	14
00555e30	Unwind@00555e30	lib	_library	eh_funclets	eh	14
00555e3e	Unwind@00555e3e	lib	_library	eh_funclets	eh	11
00555e49	Unwind@00555e49	lib	_library	eh_funclets	eh	11
00555e54	Unwind@00555e54	lib	_library	eh_funclets	eh	11
00555e5f	Unwind@00555e5f	lib	_library	eh_funclets	eh	11
00555e6a	Unwind@00555e6a	lib	_library	eh_funclets	eh	11
00555e75	Unwind@00555e75	lib	_library	eh_funclets	eh	11
00555e80	Unwind@00555e80	lib	_library	eh_funclets	eh	11
00555e8b	Unwind@00555e8b	lib	_library	eh_funclets	eh	11
00555e96	Unwind@00555e96	lib	_library	eh_funclets	eh	11
00555ea1	Unwind@00555ea1	lib	_library	eh_funclets	eh	11
00555eac	Unwind@00555eac	lib	_library	eh_funclets	eh	11
00555eb7	Unwind@00555eb7	lib	_library	eh_funclets	eh	11
00555ec2	Unwind@00555ec2	lib	_library	eh_funclets	eh	11
00555f00	Unwind@00555f00	lib	_library	eh_funclets	eh	11
00555f0b	Unwind@00555f0b	lib	_library	eh_funclets	eh	11
00555f16	Unwind@00555f16	lib	_library	eh_funclets	eh	11
00555f40	Unwind@00555f40	lib	_library	eh_funclets	eh	11
00555f4b	Unwind@00555f4b	lib	_library	eh_funclets	eh	23
00555f62	Unwind@00555f62	lib	_library	eh_funclets	eh	23
00555f79	Unwind@00555f79	lib	_library	eh_funclets	eh	11
00555f84	Unwind@00555f84	lib	_library	eh_funclets	eh	11
00555f8f	Unwind@00555f8f	lib	_library	eh_funclets	eh	11
00555f9a	Unwind@00555f9a	lib	_library	eh_funclets	eh	11
00555fa5	Unwind@00555fa5	lib	_library	eh_funclets	eh	11
00555fb0	Unwind@00555fb0	lib	_library	eh_funclets	eh	11
00555fbb	Unwind@00555fbb	lib	_library	eh_funclets	eh	11
00555fc6	Unwind@00555fc6	lib	_library	eh_funclets	eh	11
00555fd1	Unwind@00555fd1	lib	_library	eh_funclets	eh	11
00555fdc	Unwind@00555fdc	lib	_library	eh_funclets	eh	11
00555fe7	Unwind@00555fe7	lib	_library	eh_funclets	eh	11
00555ff2	Unwind@00555ff2	lib	_library	eh_funclets	eh	11
00555ffd	Unwind@00555ffd	lib	_library	eh_funclets	eh	11
00556008	Unwind@00556008	lib	_library	eh_funclets	eh	11
00556013	Unwind@00556013	lib	_library	eh_funclets	eh	11
0055601e	Unwind@0055601e	lib	_library	eh_funclets	eh	14
0055602c	Unwind@0055602c	lib	_library	eh_funclets	eh	14
0055603a	Unwind@0055603a	lib	_library	eh_funclets	eh	14
00556048	Unwind@00556048	lib	_library	eh_funclets	eh	14
00556080	Unwind@00556080	lib	_library	eh_funclets	eh	17
00556091	Unwind@00556091	lib	_library	eh_funclets	eh	8
00556099	Unwind@00556099	lib	_library	eh_funclets	eh	17
005560aa	Unwind@005560aa	lib	_library	eh_funclets	eh	8
005560d0	Unwind@005560d0	lib	_library	eh_funclets	eh	11
00556110	Unwind@00556110	lib	_library	eh_funclets	eh	11
00556140	Unwind@00556140	lib	_library	eh_funclets	eh	8
00556170	Unwind@00556170	lib	_library	eh_funclets	eh	8
005561a0	Unwind@005561a0	lib	_library	eh_funclets	eh	11
005561e0	Unwind@005561e0	lib	_library	eh_funclets	eh	11
005562a0	Unwind@005562a0	lib	_library	eh_funclets	eh	8
005562d0	Unwind@005562d0	lib	_library	eh_funclets	eh	8
00556340	Unwind@00556340	lib	_library	eh_funclets	eh	11
0055634b	Unwind@0055634b	lib	_library	eh_funclets	eh	11
00556356	Unwind@00556356	lib	_library	eh_funclets	eh	11
00556361	Unwind@00556361	lib	_library	eh_funclets	eh	11
0055636c	Unwind@0055636c	lib	_library	eh_funclets	eh	11
00556377	Unwind@00556377	lib	_library	eh_funclets	eh	11
00556382	Unwind@00556382	lib	_library	eh_funclets	eh	11
0055638d	Unwind@0055638d	lib	_library	eh_funclets	eh	11
00556398	Unwind@00556398	lib	_library	eh_funclets	eh	14
005563a6	Unwind@005563a6	lib	_library	eh_funclets	eh	11
005563b1	Unwind@005563b1	lib	_library	eh_funclets	eh	14
005563bf	Unwind@005563bf	lib	_library	eh_funclets	eh	14
005563cd	Unwind@005563cd	lib	_library	eh_funclets	eh	14
005563db	Unwind@005563db	lib	_library	eh_funclets	eh	14
005563e9	Unwind@005563e9	lib	_library	eh_funclets	eh	14
005563f7	Unwind@005563f7	lib	_library	eh_funclets	eh	14
00556405	Unwind@00556405	lib	_library	eh_funclets	eh	14
00556413	Unwind@00556413	lib	_library	eh_funclets	eh	11
0055641e	Unwind@0055641e	lib	_library	eh_funclets	eh	14
0055642c	Unwind@0055642c	lib	_library	eh_funclets	eh	14
0055643a	Unwind@0055643a	lib	_library	eh_funclets	eh	14
00556448	Unwind@00556448	lib	_library	eh_funclets	eh	14
00556456	Unwind@00556456	lib	_library	eh_funclets	eh	14
00556464	Unwind@00556464	lib	_library	eh_funclets	eh	11
0055646f	Unwind@0055646f	lib	_library	eh_funclets	eh	11
0055647a	Unwind@0055647a	lib	_library	eh_funclets	eh	11
00556485	Unwind@00556485	lib	_library	eh_funclets	eh	11
00556490	Unwind@00556490	lib	_library	eh_funclets	eh	11
0055649b	Unwind@0055649b	lib	_library	eh_funclets	eh	11
005564d0	Unwind@005564d0	lib	_library	eh_funclets	eh	11
005564db	Unwind@005564db	lib	_library	eh_funclets	eh	11
005564e6	Unwind@005564e6	lib	_library	eh_funclets	eh	11
005564f1	Unwind@005564f1	lib	_library	eh_funclets	eh	11
005564fc	Unwind@005564fc	lib	_library	eh_funclets	eh	11
00556507	Unwind@00556507	lib	_library	eh_funclets	eh	11
00556512	Unwind@00556512	lib	_library	eh_funclets	eh	11
0055651d	Unwind@0055651d	lib	_library	eh_funclets	eh	11
00556528	Unwind@00556528	lib	_library	eh_funclets	eh	11
00556533	Unwind@00556533	lib	_library	eh_funclets	eh	14
00556541	Unwind@00556541	lib	_library	eh_funclets	eh	14
0055654f	Unwind@0055654f	lib	_library	eh_funclets	eh	11
0055655a	Unwind@0055655a	lib	_library	eh_funclets	eh	11
00556580	Unwind@00556580	lib	_library	eh_funclets	eh	11
0055658b	Unwind@0055658b	lib	_library	eh_funclets	eh	11
00556596	Unwind@00556596	lib	_library	eh_funclets	eh	11
005565a1	Unwind@005565a1	lib	_library	eh_funclets	eh	11
005565ac	Unwind@005565ac	lib	_library	eh_funclets	eh	11
005565b7	Unwind@005565b7	lib	_library	eh_funclets	eh	11
005565c2	Unwind@005565c2	lib	_library	eh_funclets	eh	11
005565cd	Unwind@005565cd	lib	_library	eh_funclets	eh	11
005565d8	Unwind@005565d8	lib	_library	eh_funclets	eh	11
005565e3	Unwind@005565e3	lib	_library	eh_funclets	eh	14
005565f1	Unwind@005565f1	lib	_library	eh_funclets	eh	14
00556620	Unwind@00556620	lib	_library	eh_funclets	eh	8
00556628	Unwind@00556628	lib	_library	eh_funclets	eh	8
00556650	Unwind@00556650	lib	_library	eh_funclets	eh	29
0055666d	Unwind@0055666d	lib	_library	eh_funclets	eh	12
00556679	Unwind@00556679	lib	_library	eh_funclets	eh	9
00556682	Unwind@00556682	lib	_library	eh_funclets	eh	11
005566b0	Unwind@005566b0	lib	_library	eh_funclets	eh	29
005566cd	Unwind@005566cd	lib	_library	eh_funclets	eh	12
005566d9	Unwind@005566d9	lib	_library	eh_funclets	eh	9
005566e2	Unwind@005566e2	lib	_library	eh_funclets	eh	11
00556710	Unwind@00556710	lib	_library	eh_funclets	eh	8
00556740	Unwind@00556740	lib	_library	eh_funclets	eh	14
0055674e	Unwind@0055674e	lib	_library	eh_funclets	eh	11
00556759	Unwind@00556759	lib	_library	eh_funclets	eh	11
00556764	Unwind@00556764	lib	_library	eh_funclets	eh	35
00556787	Unwind@00556787	lib	_library	eh_funclets	eh	12
00556793	Unwind@00556793	lib	_library	eh_funclets	eh	12
0055679f	Unwind@0055679f	lib	_library	eh_funclets	eh	11
005567aa	Unwind@005567aa	lib	_library	eh_funclets	eh	8
005567b2	Unwind@005567b2	lib	_library	eh_funclets	eh	8
005567ba	Unwind@005567ba	lib	_library	eh_funclets	eh	14
005567c8	Unwind@005567c8	lib	_library	eh_funclets	eh	11
005567d3	Unwind@005567d3	lib	_library	eh_funclets	eh	8
005567db	Unwind@005567db	lib	_library	eh_funclets	eh	8
005567e3	Unwind@005567e3	lib	_library	eh_funclets	eh	8
005567eb	Unwind@005567eb	lib	_library	eh_funclets	eh	8
005567f3	Unwind@005567f3	lib	_library	eh_funclets	eh	11
005567fe	Unwind@005567fe	lib	_library	eh_funclets	eh	11
00556840	compute_556840	gamemisc	game_misc	_helpers_computed	role:computed	12
00556850	compute_556850	gamemisc	game_misc	_helpers_computed	role:computed	12
00556860	compute_556860	gamemisc	game_misc	_helpers_computed	role:computed	12
00556890	FUN_00556890	gamemisc	game_misc	_indirect_dispatch-target	role:dispatch-target	40
005568c0	FUN_005568c0	gamemisc	game_misc	_indirect_dispatch-target	role:dispatch-target	33
005568f0	FUN_005568f0	gamemisc	game_misc	_indirect_dispatch-target	role:dispatch-target	40
00556920	FUN_00556920	gamemisc	game_misc	_indirect_dispatch-target	role:dispatch-target	40
00556950	FUN_00556950	gamemisc	game_misc	_indirect_dispatch-target	role:dispatch-target	33
00556980	FUN_00556980	gamemisc	game_misc	_indirect_dispatch-target	role:dispatch-target	40
005569b0	FUN_005569b0	gamemisc	game_misc	_indirect_dispatch-target	role:dispatch-target	40
005569e0	FUN_005569e0	gamemisc	game_misc	_indirect_dispatch-target	role:dispatch-target	33
00556a10	FUN_00556a10	gamemisc	game_misc	_indirect_dispatch-target	role:dispatch-target	40
00556a40	FUN_00556a40	gamemisc	game_misc	_indirect_dispatch-target	role:dispatch-target	40
00556a70	FUN_00556a70	gamemisc	game_misc	_indirect_dispatch-target	role:dispatch-target	33
00556aa0	FUN_00556aa0	gamemisc	game_misc	_indirect_dispatch-target	role:dispatch-target	40
00556ad0	FUN_00556ad0	gamemisc	game_misc	_indirect_dispatch-target	role:dispatch-target	40
00556b00	FUN_00556b00	gamemisc	game_misc	_indirect_dispatch-target	role:dispatch-target	33
00556b30	FUN_00556b30	gamemisc	game_misc	_indirect_dispatch-target	role:dispatch-target	40
00556b60	FUN_00556b60	gamemisc	game_misc	_indirect_dispatch-target	role:dispatch-target	40
00556b90	FUN_00556b90	gamemisc	game_misc	_indirect_dispatch-target	role:dispatch-target	33
00556bc0	FUN_00556bc0	gamemisc	game_misc	_indirect_dispatch-target	role:dispatch-target	40
00556bf0	FUN_00556bf0	gamemisc	game_misc	_indirect_dispatch-target	role:dispatch-target	40
00556c20	FUN_00556c20	gamemisc	game_misc	_indirect_dispatch-target	role:dispatch-target	33
00556c50	FUN_00556c50	gamemisc	game_misc	_indirect_dispatch-target	role:dispatch-target	40
00556c80	FUN_00556c80	gamemisc	game_misc	_indirect_dispatch-target	role:dispatch-target	40
00556cb0	FUN_00556cb0	gamemisc	game_misc	_indirect_dispatch-target	role:dispatch-target	33
00556ce0	FUN_00556ce0	gamemisc	game_misc	_indirect_dispatch-target	role:dispatch-target	40
00556d10	FUN_00556d10	gamemisc	game_misc	_indirect_dispatch-target	role:dispatch-target	40
00556d40	FUN_00556d40	gamemisc	game_misc	_indirect_dispatch-target	role:dispatch-target	33
00556d70	FUN_00556d70	gamemisc	game_misc	_indirect_dispatch-target	role:dispatch-target	40
00556da0	FUN_00556da0	gamemisc	game_misc	_indirect_dispatch-target	role:dispatch-target	40
00556dd0	FUN_00556dd0	gamemisc	game_misc	_indirect_dispatch-target	role:dispatch-target	33
00556e00	FUN_00556e00	gamemisc	game_misc	_indirect_dispatch-target	role:dispatch-target	40
00556e30	FUN_00556e30	gamemisc	game_misc	_indirect_dispatch-target	role:dispatch-target	40
00556e60	FUN_00556e60	gamemisc	game_misc	_indirect_dispatch-target	role:dispatch-target	33
00556e90	FUN_00556e90	gamemisc	game_misc	_indirect_dispatch-target	role:dispatch-target	40
00556ec0	FUN_00556ec0	gamemisc	game_misc	_indirect_dispatch-target	role:dispatch-target	40
00556ef0	FUN_00556ef0	gamemisc	game_misc	_indirect_dispatch-target	role:dispatch-target	33
00556f20	FUN_00556f20	gamemisc	game_misc	_indirect_dispatch-target	role:dispatch-target	40
00556f50	FUN_00556f50	gamemisc	game_misc	_indirect_dispatch-target	role:dispatch-target	40
00556f80	FUN_00556f80	gamemisc	game_misc	_indirect_dispatch-target	role:dispatch-target	33
00556fb0	FUN_00556fb0	gamemisc	game_misc	_indirect_dispatch-target	role:dispatch-target	40
00556ff0	FUN_00556ff0	gamemisc	game_misc	_indirect_dispatch-target	role:dispatch-target	40
00557020	FUN_00557020	gamemisc	game_misc	_indirect_dispatch-target	role:dispatch-target	33
00557050	FUN_00557050	gamemisc	game_misc	_indirect_dispatch-target	role:dispatch-target	40
00557080	FUN_00557080	gamemisc	game_misc	_indirect_dispatch-target	role:dispatch-target	40
005570b0	FUN_005570b0	gamemisc	game_misc	_indirect_dispatch-target	role:dispatch-target	33
005570e0	FUN_005570e0	gamemisc	game_misc	_indirect_dispatch-target	role:dispatch-target	40
00557110	FUN_00557110	gamemisc	game_misc	_indirect_dispatch-target	role:dispatch-target	40
00557140	FUN_00557140	gamemisc	game_misc	_indirect_dispatch-target	role:dispatch-target	33
00557170	FUN_00557170	gamemisc	game_misc	_indirect_dispatch-target	role:dispatch-target	40
005571a0	FUN_005571a0	gamemisc	game_misc	_indirect_dispatch-target	role:dispatch-target	40
005571d0	FUN_005571d0	gamemisc	game_misc	_indirect_dispatch-target	role:dispatch-target	33
00557200	FUN_00557200	gamemisc	game_misc	_indirect_dispatch-target	role:dispatch-target	40
00557230	FUN_00557230	gamemisc	game_misc	_indirect_dispatch-target	role:dispatch-target	40
00557260	FUN_00557260	gamemisc	game_misc	_indirect_dispatch-target	role:dispatch-target	33
00557290	FUN_00557290	gamemisc	game_misc	_indirect_dispatch-target	role:dispatch-target	40
005572c0	FUN_005572c0	gamemisc	game_misc	_indirect_dispatch-target	role:dispatch-target	40
005572f0	FUN_005572f0	gamemisc	game_misc	_indirect_dispatch-target	role:dispatch-target	33
00557320	FUN_00557320	gamemisc	game_misc	_indirect_dispatch-target	role:dispatch-target	40
00557350	FUN_00557350	gamemisc	game_misc	_indirect_dispatch-target	role:dispatch-target	40
00557380	FUN_00557380	gamemisc	game_misc	_indirect_dispatch-target	role:dispatch-target	33
005573b0	FUN_005573b0	gamemisc	game_misc	_indirect_dispatch-target	role:dispatch-target	40
005573e0	FUN_005573e0	gamemisc	game_misc	_indirect_dispatch-target	role:dispatch-target	40
00557410	FUN_00557410	gamemisc	game_misc	_indirect_dispatch-target	role:dispatch-target	33
00557440	FUN_00557440	gamemisc	game_misc	_indirect_dispatch-target	role:dispatch-target	40
00557470	FUN_00557470	gamemisc	game_misc	_indirect_dispatch-target	role:dispatch-target	40
005574a0	FUN_005574a0	gamemisc	game_misc	_indirect_dispatch-target	role:dispatch-target	33
005574d0	FUN_005574d0	gamemisc	game_misc	_indirect_dispatch-target	role:dispatch-target	40
00557500	FUN_00557500	gamemisc	game_misc	_indirect_dispatch-target	role:dispatch-target	40
00557530	FUN_00557530	gamemisc	game_misc	_indirect_dispatch-target	role:dispatch-target	33
00557560	FUN_00557560	gamemisc	game_misc	_indirect_dispatch-target	role:dispatch-target	40
00557590	FUN_00557590	gamemisc	game_misc	_indirect_dispatch-target	role:dispatch-target	40
005575c0	FUN_005575c0	gamemisc	game_misc	_indirect_dispatch-target	role:dispatch-target	33
005575f0	FUN_005575f0	gamemisc	game_misc	_indirect_dispatch-target	role:dispatch-target	40
00557618	fwd_0054a8a3_557618	gamemisc	game_misc	_helpers_thunk	role:thunk	12
00557630	std::error_category::~error_category	lib	_library	stl	stl-ns	11
00557640	std::error_category::~error_category	lib	_library	stl	stl-ns	11
00557650	std::error_category::~error_category	lib	_library	stl	stl-ns	11
0055765b	fwd_0054a6ec_55765b	gamemisc	game_misc	_helpers_thunk	role:thunk	10
