rva	name	size
81d0	operator=	5
81d5	~_Container_base12	1
81d6	_Init	3
81d9	_Container_base12	6
81df	_Container_base12	8
81e7	_Getpfirst	11
81f2	_Swap_all	36
8216	??_Gtask_canceled@Concurrency@@UAEPAXI@Z	33
823d	?_GetId@_Runtime_object@details@Concurrency@@UBEHXZ	4
8241	??_Eagent@Concurrency@@UAEPAXI@Z	79
8290	_IsDone	25
82a9	_IsStarted	33
82ca	agent	113
833b	agent	118
83b1	agent	118
8427	~agent	61
8464	status_port	4
8468	status	17
8479	start	157
8516	done	230
85fc	cancel	218
86d6	wait	192
8796	??0invalid_argument@std@@QAE@ABV01@@Z	28
87b2	??0logic_error@std@@QAE@ABV01@@Z	28
87ce	wait_for_all	498
89c0	wait_for_one	345
8b19	?_Agent_task_wrapper@agent@Concurrency@@CAXPAX@Z	154
8bb3	_Runtime_object	24
8bcb	_Runtime_object	21
8be0	??1?$single_link_registry@V?$ITarget@I@Concurrency@@@Concurrency@@UAE@XZ	48
8c11	?add@?$single_link_registry@V?$ITarget@I@Concurrency@@@Concurrency@@UAEXPAV?$ITarget@I@2@@Z	54
8c48	remove	29
8c65	?contains@?$single_link_registry@V?$ITarget@W4agent_status@Concurrency@@@Concurrency@@@Concurrency@@UAE_NPAV?$ITarget@W4agent_status@Concurrency@@@2@@Z	26
8c7f	?count@?$single_link_registry@V?$ITarget@W4agent_status@Concurrency@@@Concurrency@@@Concurrency@@UAEIXZ	9
8c88	?begin@?$multi_link_registry@V?$ITarget@I@Concurrency@@@Concurrency@@UAE?AV?$_Network_link_iterator@V?$ITarget@I@Concurrency@@@2@XZ	34
8caa	?_Next_index@?$single_link_registry@V?$ITarget@I@Concurrency@@@Concurrency@@MAEXAAI@Z	18
8cbc	?_Get_element@?$single_link_registry@V?$ITarget@I@Concurrency@@@Concurrency@@MBEPAV?$ITarget@I@2@I@Z	20
8cd0	??1?$ITarget@I@Concurrency@@UAE@XZ	7
8cd7	do_always_noconv	3
8cda	??1?$ISource@I@Concurrency@@UAE@XZ	7
8ce1	??0?$overwrite_buffer@W4agent_status@Concurrency@@@Concurrency@@QAE@XZ	204
8dad	~overwrite_buffer<Concurrency::agent_status>	107
8e18	propagate_message	75
8e63	send_message	71
8eaa	do_always_noconv	3
8ead	?accept_message@?$overwrite_buffer@W4agent_status@Concurrency@@@Concurrency@@MAEPAV?$message@W4agent_status@Concurrency@@@2@H@Z	67
8ef0	reserve_message	47
8f1f	?consume_message@?$overwrite_buffer@W4agent_status@Concurrency@@@Concurrency@@MAEPAV?$message@W4agent_status@Concurrency@@@2@H@Z	115
8f92	?release_message@?$overwrite_buffer@W4agent_status@Concurrency@@@Concurrency@@MAEXH@Z	87
8fea	?link_target_notification@?$overwrite_buffer@W4agent_status@Concurrency@@@Concurrency@@MAEXPAV?$ITarget@W4agent_status@Concurrency@@@2@@Z	31
9009	propagate_to_any_targets	178
90bb	??1?$multi_link_registry@V?$ITarget@W4agent_status@Concurrency@@@Concurrency@@@Concurrency@@UAE@XZ	95
911a	?add@?$multi_link_registry@V?$ITarget@I@Concurrency@@@Concurrency@@UAEXPAV?$ITarget@I@2@@Z	19
912d	?remove@?$multi_link_registry@V?$ITarget@I@Concurrency@@@Concurrency@@UAE_NPAV?$ITarget@I@2@@Z	72
9175	?contains@?$multi_link_registry@V?$ITarget@I@Concurrency@@@Concurrency@@UAE_NPAV?$ITarget@I@2@@Z	36
9199	?count@?$multi_link_registry@V?$ITarget@W4agent_status@Concurrency@@@Concurrency@@@Concurrency@@UAEIXZ	25
91b2	?_Next_index@?$multi_link_registry@V?$ITarget@W4agent_status@Concurrency@@@Concurrency@@@Concurrency@@MAEXAAI@Z	41
91db	?_Get_element@?$multi_link_registry@V?$ISource@W4agent_status@Concurrency@@@Concurrency@@@Concurrency@@MBEPAV?$ISource@W4agent_status@Concurrency@@@2@I@Z	25
91f4	?_Find@?$multi_link_registry@V?$ITarget@W4agent_status@Concurrency@@@Concurrency@@@Concurrency@@EAEIPAV?$ITarget@W4agent_status@Concurrency@@@2@@Z	37
9219	??1?$ITarget@W4agent_status@Concurrency@@@Concurrency@@UAE@XZ	7
9220	??1?$propagator_block@V?$multi_link_registry@V?$ITarget@W4agent_status@Concurrency@@@Concurrency@@@Concurrency@@V?$multi_link_registry@V?$ISource@W4agent_status@Concurrency@@@Concurrency@@@2@V?$ordered_message_processor@W4agent_status@Concurrency@@@2@@Concurrency@@UAE@XZ	112
9290	?propagate@?$propagator_block@V?$multi_link_registry@V?$ITarget@I@Concurrency@@@Concurrency@@V?$multi_link_registry@V?$ISource@I@Concurrency@@@2@V?$ordered_message_processor@I@2@@Concurrency@@UAE?AW4message_status@2@PAV?$message@I@2@PAV?$ISource@I@2@@Z	165
9336	?send@?$propagator_block@V?$multi_link_registry@V?$ITarget@W4agent_status@Concurrency@@@Concurrency@@@Concurrency@@V?$multi_link_registry@V?$ISource@W4agent_status@Concurrency@@@Concurrency@@@2@V?$ordered_message_processor@W4agent_status@Concurrency@@@2@@Concurrency@@UAE?AW4message_status@2@PAV?$message@W4agent_status@Concurrency@@@2@PAV?$ISource@W4agent_status@Concurrency@@@2@@Z	165
93dc	?send_message@?$propagator_block@V?$multi_link_registry@V?$ITarget@I@Concurrency@@@Concurrency@@V?$multi_link_registry@V?$ISource@I@Concurrency@@@2@V?$ordered_message_processor@I@2@@Concurrency@@MAE?AW4message_status@2@PAV?$message@I@2@PAV?$ISource@I@2@@Z	6
93e2	?link_source@?$propagator_block@V?$multi_link_registry@V?$ITarget@I@Concurrency@@@Concurrency@@V?$multi_link_registry@V?$ISource@I@Concurrency@@@2@V?$ordered_message_processor@I@2@@Concurrency@@MAEXPAV?$ISource@I@2@@Z	48
9412	?unlink_source@?$propagator_block@V?$multi_link_registry@V?$ITarget@W4agent_status@Concurrency@@@Concurrency@@@Concurrency@@V?$multi_link_registry@V?$ISource@W4agent_status@Concurrency@@@Concurrency@@@2@V?$ordered_message_processor@W4agent_status@Concurrency@@@2@@Concurrency@@MAEXPAV?$ISource@W4agent_status@Concurrency@@@2@@Z	48
9442	?unlink_sources@?$propagator_block@V?$multi_link_registry@V?$ITarget@W4agent_status@Concurrency@@@Concurrency@@@Concurrency@@V?$multi_link_registry@V?$ISource@W4agent_status@Concurrency@@@Concurrency@@@2@V?$ordered_message_processor@W4agent_status@Concurrency@@@2@@Concurrency@@MAEXXZ	110
94b0	?process_input_messages@?$propagator_block@V?$single_link_registry@V?$ITarget@I@Concurrency@@@Concurrency@@V?$multi_link_registry@V?$ISource@W4agent_status@Concurrency@@@Concurrency@@@2@V?$ordered_message_processor@I@2@@Concurrency@@MAEXPAV?$message@I@2@@Z	34
94d3	??1?$source_block@V?$multi_link_registry@V?$ITarget@W4agent_status@Concurrency@@@Concurrency@@@Concurrency@@V?$ordered_message_processor@W4agent_status@Concurrency@@@2@@Concurrency@@UAE@XZ	96
9533	?link_target@?$source_block@V?$multi_link_registry@V?$ITarget@W4agent_status@Concurrency@@@Concurrency@@@Concurrency@@V?$ordered_message_processor@W4agent_status@Concurrency@@@2@@Concurrency@@UAEXPAV?$ITarget@W4agent_status@Concurrency@@@2@@Z	127
95b2	?unlink_target@?$source_block@V?$multi_link_registry@V?$ITarget@W4agent_status@Concurrency@@@Concurrency@@@Concurrency@@V?$ordered_message_processor@W4agent_status@Concurrency@@@2@@Concurrency@@UAEXPAV?$ITarget@W4agent_status@Concurrency@@@2@@Z	124
962e	?unlink_targets@?$source_block@V?$multi_link_registry@V?$ITarget@W4agent_status@Concurrency@@@Concurrency@@@Concurrency@@V?$ordered_message_processor@W4agent_status@Concurrency@@@2@@Concurrency@@UAEXXZ	122
96a8	?accept@?$source_block@V?$multi_link_registry@V?$ITarget@I@Concurrency@@@Concurrency@@V?$ordered_message_processor@I@2@@Concurrency@@UAEPAV?$message@I@2@HPAV?$ITarget@I@2@@Z	65
96ea	?reserve@?$source_block@V?$multi_link_registry@V?$ITarget@W4agent_status@Concurrency@@@Concurrency@@@Concurrency@@V?$ordered_message_processor@W4agent_status@Concurrency@@@2@@Concurrency@@UAE_NHPAV?$ITarget@W4agent_status@Concurrency@@@2@@Z	149
977f	?consume@?$source_block@V?$multi_link_registry@V?$ITarget@I@Concurrency@@@Concurrency@@V?$ordered_message_processor@I@2@@Concurrency@@UAEPAV?$message@I@2@HPAV?$ITarget@I@2@@Z	159
981e	?release@?$source_block@V?$multi_link_registry@V?$ITarget@W4agent_status@Concurrency@@@Concurrency@@@Concurrency@@V?$ordered_message_processor@W4agent_status@Concurrency@@@2@@Concurrency@@UAEXHPAV?$ITarget@W4agent_status@Concurrency@@@2@@Z	145
98af	?acquire_ref@?$source_block@V?$multi_link_registry@V?$ITarget@I@Concurrency@@@Concurrency@@V?$ordered_message_processor@I@2@@Concurrency@@UAEXPAV?$ITarget@I@2@@Z	16
98bf	?release_ref@?$source_block@V?$multi_link_registry@V?$ITarget@W4agent_status@Concurrency@@@Concurrency@@@Concurrency@@V?$ordered_message_processor@W4agent_status@Concurrency@@@2@@Concurrency@@UAEXPAV?$ITarget@W4agent_status@Concurrency@@@2@@Z	84
9913	?link_target_notification@?$source_block@V?$multi_link_registry@V?$ITarget@I@Concurrency@@@Concurrency@@V?$ordered_message_processor@I@2@@Concurrency@@MAEXPAV?$ITarget@I@2@@Z	16
9923	?unlink_target_notification@?$source_block@V?$multi_link_registry@V?$ITarget@W4agent_status@Concurrency@@@Concurrency@@@Concurrency@@V?$ordered_message_processor@W4agent_status@Concurrency@@@2@@Concurrency@@MAEXPAV?$ITarget@W4agent_status@Concurrency@@@2@@Z	24
993b	?propagate_output_messages@?$source_block@V?$multi_link_registry@V?$ITarget@I@Concurrency@@@Concurrency@@V?$ordered_message_processor@I@2@@Concurrency@@MAEXXZ	34
995e	?propagate_to_any_targets@?$source_block@V?$multi_link_registry@V?$ITarget@I@Concurrency@@@Concurrency@@V?$ordered_message_processor@I@2@@Concurrency@@MAEXPAV?$message@I@2@@Z	34
9981	?sync_send@?$source_block@V?$multi_link_registry@V?$ITarget@W4agent_status@Concurrency@@@Concurrency@@@Concurrency@@V?$ordered_message_processor@W4agent_status@Concurrency@@@2@@Concurrency@@MAEXPAV?$message@W4agent_status@Concurrency@@@2@@Z	12
998d	?async_send@?$source_block@V?$multi_link_registry@V?$ITarget@W4agent_status@Concurrency@@@Concurrency@@@Concurrency@@V?$ordered_message_processor@W4agent_status@Concurrency@@@2@@Concurrency@@MAEXPAV?$message@W4agent_status@Concurrency@@@2@@Z	11
9998	??1?$ISource@W4agent_status@Concurrency@@@Concurrency@@UAE@XZ	7
999f	??1?$ordered_message_processor@W4agent_status@Concurrency@@@Concurrency@@UAE@XZ	130
9a21	?initialize_batched_processing@?$ordered_message_processor@I@Concurrency@@UAEXABV?$function@$$A6AXPAV?$message@I@Concurrency@@@Z@std@@ABV?$function@$$A6AXXZ@4@@Z	47
9a50	?sync_send@?$ordered_message_processor@I@Concurrency@@UAEXPAV?$message@I@2@@Z	52
9a85	?async_send@?$ordered_message_processor@I@Concurrency@@UAEXPAV?$message@I@2@@Z	163
9b29	?wait@?$ordered_message_processor@I@Concurrency@@UAEXXZ	176
9bd9	?process_incoming_message@?$ordered_message_processor@W4agent_status@Concurrency@@@Concurrency@@MAEXXZ	77
9c26	?_Move_item@?$concurrent_queue@PAV?$message@I@Concurrency@@V?$allocator@PAV?$message@I@Concurrency@@@std@@@Concurrency@@EAEXAAU_Page@_Concurrent_queue_base_v4@details@2@IPAX@Z	30
9c44	?_Assign_and_destroy_item@?$concurrent_queue@PAV?$message@W4agent_status@Concurrency@@@Concurrency@@V?$allocator@PAV?$message@W4agent_status@Concurrency@@@Concurrency@@@std@@@Concurrency@@EAEXPAXAAU_Page@_Concurrent_queue_base_v4@details@2@I@Z	26
9c5e	?_Allocate_page@?$concurrent_queue@PAV?$message@I@Concurrency@@V?$allocator@PAV?$message@I@Concurrency@@@std@@@Concurrency@@EAEPAU_Page@_Concurrent_queue_base_v4@details@2@XZ	36
9c83	?_Deallocate_page@?$concurrent_queue@PAV?$message@I@Concurrency@@V?$allocator@PAV?$message@I@Concurrency@@@std@@@Concurrency@@EAEXPAU_Page@_Concurrent_queue_base_v4@details@2@@Z	17
9c94	??1?$multi_link_registry@V?$ISource@W4agent_status@Concurrency@@@Concurrency@@@Concurrency@@UAE@XZ	78
9ce2	?add@?$multi_link_registry@V?$ISource@W4agent_status@Concurrency@@@Concurrency@@@Concurrency@@UAEXPAV?$ISource@W4agent_status@Concurrency@@@2@@Z	19
9cf5	??1?$function@$$A6A_NABW4agent_status@Concurrency@@@Z@std@@QAE@XZ	36
9d19	??0?$single_assignment@I@Concurrency@@QAE@XZ	159
9db8	??1?$single_assignment@I@Concurrency@@UAE@XZ	95
9e17	?propagate_message@?$single_assignment@I@Concurrency@@MAE?AW4message_status@2@PAV?$message@I@2@PAV?$ISource@I@2@@Z	139
9ea2	?send_message@?$single_assignment@I@Concurrency@@MAE?AW4message_status@2@PAV?$message@I@2@PAV?$ISource@I@2@@Z	139
9f2d	?accept_message@?$single_assignment@I@Concurrency@@MAEPAV?$message@I@2@H@Z	63
9f6c	?reserve_message@?$single_assignment@I@Concurrency@@MAE_NH@Z	57
9fa6	widen	9
9faf	?release_message@?$single_assignment@I@Concurrency@@MAEXH@Z	51
9fe3	propagate_to_any_targets	95
a042	??1?$multi_link_registry@V?$ITarget@I@Concurrency@@@Concurrency@@UAE@XZ	95
a0a1	??1?$propagator_block@V?$multi_link_registry@V?$ITarget@I@Concurrency@@@Concurrency@@V?$multi_link_registry@V?$ISource@I@Concurrency@@@2@V?$ordered_message_processor@I@2@@Concurrency@@UAE@XZ	103
a108	?unlink_sources@?$propagator_block@V?$multi_link_registry@V?$ITarget@I@Concurrency@@@Concurrency@@V?$multi_link_registry@V?$ISource@I@Concurrency@@@2@V?$ordered_message_processor@I@2@@Concurrency@@MAEXXZ	110
a176	??1?$source_block@V?$multi_link_registry@V?$ITarget@I@Concurrency@@@Concurrency@@V?$ordered_message_processor@I@2@@Concurrency@@UAE@XZ	96
a1d6	??1?$ordered_message_processor@I@Concurrency@@UAE@XZ	130
a258	??1?$multi_link_registry@V?$ISource@I@Concurrency@@@Concurrency@@UAE@XZ	78
a2a6	??0?$call@IV?$function@$$A6AXABI@Z@std@@@Concurrency@@QAE@ABV?$function@$$A6AXABI@Z@std@@@Z	316
a3e2	??1?$call@IV?$function@$$A6AXABI@Z@std@@@Concurrency@@UAE@XZ	77
a42f	propagate_message	51
a462	send_message	52
a496	?process_input_messages@?$call@IV?$function@$$A6AXABI@Z@std@@@Concurrency@@MAEXPAV?$message@I@2@@Z	45
a4c4	??1?$target_block@V?$multi_link_registry@V?$ISource@I@Concurrency@@@Concurrency@@V?$ordered_message_processor@I@2@@Concurrency@@UAE@XZ	95
a523	?propagate@?$target_block@V?$multi_link_registry@V?$ISource@I@Concurrency@@@Concurrency@@V?$ordered_message_processor@I@2@@Concurrency@@UAE?AW4message_status@2@PAV?$message@I@2@PAV?$ISource@I@2@@Z	133
a5a9	?send@?$target_block@V?$multi_link_registry@V?$ISource@I@Concurrency@@@Concurrency@@V?$ordered_message_processor@I@2@@Concurrency@@UAE?AW4message_status@2@PAV?$message@I@2@PAV?$ISource@I@2@@Z	133
a62f	?link_source@?$target_block@V?$multi_link_registry@V?$ISource@I@Concurrency@@@Concurrency@@V?$ordered_message_processor@I@2@@Concurrency@@MAEXPAV?$ISource@I@2@@Z	44
a65b	?unlink_source@?$target_block@V?$multi_link_registry@V?$ISource@I@Concurrency@@@Concurrency@@V?$ordered_message_processor@I@2@@Concurrency@@MAEXPAV?$ISource@I@2@@Z	44
a687	unlink_sources	98
a6e9	??0?$_OrderBlock@V?$_Greedy_node@W4agent_status@Concurrency@@@Concurrency@@@Concurrency@@QAE@IPAPAVagent@1@PAV?$ITarget@I@1@@Z	191
a7a8	??1?$_OrderBlock@V?$_Greedy_node@W4agent_status@Concurrency@@@Concurrency@@@Concurrency@@QAE@XZ	44
a7d4	??_G?$single_link_registry@V?$ITarget@I@Concurrency@@@Concurrency@@UAEPAXI@Z	32
a7f4	??0invalid_operation@Concurrency@@QAE@ABV01@@Z	28
a810	??0invalid_link_target@Concurrency@@QAE@ABV01@@Z	28
a82c	??_G?$ITarget@I@Concurrency@@UAEPAXI@Z	33
a84d	??_G?$ISource@I@Concurrency@@UAEPAXI@Z	33
a86e	??_E?$overwrite_buffer@W4agent_status@Concurrency@@@Concurrency@@UAEPAXI@Z	32
a88e	??0message_not_found@Concurrency@@QAE@ABV01@@Z	28
a8aa	??_G?$multi_link_registry@V?$ITarget@W4agent_status@Concurrency@@@Concurrency@@@Concurrency@@UAEPAXI@Z	32
a8ca	??_G?$ITarget@W4agent_status@Concurrency@@@Concurrency@@UAEPAXI@Z	33
a8eb	??_G?$propagator_block@V?$multi_link_registry@V?$ITarget@W4agent_status@Concurrency@@@Concurrency@@@Concurrency@@V?$multi_link_registry@V?$ISource@W4agent_status@Concurrency@@@Concurrency@@@2@V?$ordered_message_processor@W4agent_status@Concurrency@@@2@@Concurrency@@UAEPAXI@Z	32
a90b	??_G?$source_block@V?$multi_link_registry@V?$ITarget@W4agent_status@Concurrency@@@Concurrency@@@Concurrency@@V?$ordered_message_processor@W4agent_status@Concurrency@@@2@@Concurrency@@UAEPAXI@Z	32
a92b	??1_NonReentrantPPLLock@details@Concurrency@@QAE@XZ	6
a94d	??_G?$ISource@W4agent_status@Concurrency@@@Concurrency@@UAEPAXI@Z	33
a96e	??_G?$ordered_message_processor@W4agent_status@Concurrency@@@Concurrency@@UAEPAXI@Z	32
a98e	??_E?$multi_link_registry@V?$ISource@W4agent_status@Concurrency@@@Concurrency@@@Concurrency@@UAEPAXI@Z	32
a9ae	??_E?$single_assignment@I@Concurrency@@UAEPAXI@Z	32
a9ce	??_G?$multi_link_registry@V?$ITarget@I@Concurrency@@@Concurrency@@UAEPAXI@Z	32
a9ee	??_E?$propagator_block@V?$multi_link_registry@V?$ITarget@I@Concurrency@@@Concurrency@@V?$multi_link_registry@V?$ISource@I@Concurrency@@@2@V?$ordered_message_processor@I@2@@Concurrency@@UAEPAXI@Z	32
aa0e	??_G?$function@$$A6A_NABI@Z@std@@QAEPAXI@Z	67
aa51	??_G?$source_block@V?$multi_link_registry@V?$ITarget@I@Concurrency@@@Concurrency@@V?$ordered_message_processor@I@2@@Concurrency@@UAEPAXI@Z	32
aa71	??_G?$ordered_message_processor@I@Concurrency@@UAEPAXI@Z	32
aa91	??_E?$multi_link_registry@V?$ISource@I@Concurrency@@@Concurrency@@UAEPAXI@Z	32
aab1	??_E?$call@IV?$function@$$A6AXABI@Z@std@@@Concurrency@@UAEPAXI@Z	32
aad1	??_G?$target_block@V?$multi_link_registry@V?$ISource@I@Concurrency@@@Concurrency@@V?$ordered_message_processor@I@2@@Concurrency@@UAEPAXI@Z	32
aaf1	??1?$function@$$A6AXPAV?$message@I@Concurrency@@@Z@std@@QAE@XZ	16
ab01	?_Add@?$multi_link_registry@V?$ITarget@I@Concurrency@@@Concurrency@@AAEXPAV?$ITarget@I@2@@Z	144
ab92	??1?$_Dynamic_array@PAV?$ISource@I@Concurrency@@@details@Concurrency@@QAE@XZ	29
abaf	?remove_network_links@?$propagator_block@V?$multi_link_registry@V?$ITarget@W4agent_status@Concurrency@@@Concurrency@@@Concurrency@@V?$multi_link_registry@V?$ISource@W4agent_status@Concurrency@@@Concurrency@@@2@V?$ordered_message_processor@W4agent_status@Concurrency@@@2@@Concurrency@@IAEXXZ	77
abfc	?_Sync_send_helper@?$ordered_message_processor@I@Concurrency@@AAEXPAV?$message@I@2@@Z	147
ac8f	?_Process_message_helper@?$ordered_message_processor@I@Concurrency@@AAEJXZ	131
ad12	?_Process_incoming_message_wrapper@?$message_processor@I@Concurrency@@KAXPAX@Z	12
ad1e	??4?$function@$$A6AXPAV?$message@I@Concurrency@@@Z@std@@QAEAAV01@ABV01@@Z	55
ad55	?_Add@?$multi_link_registry@V?$ISource@W4agent_status@Concurrency@@@Concurrency@@@Concurrency@@AAEXPAV?$ISource@W4agent_status@Concurrency@@@2@@Z	119
adcd	??1?$source_link_manager@V?$multi_link_registry@V?$ISource@W4agent_status@Concurrency@@@Concurrency@@@Concurrency@@@Concurrency@@QAE@XZ	58
ae07	?add@?$source_link_manager@V?$multi_link_registry@V?$ISource@W4agent_status@Concurrency@@@Concurrency@@@Concurrency@@@Concurrency@@QAEXPAV?$ISource@W4agent_status@Concurrency@@@2@@Z	84
ae5b	?remove@?$source_link_manager@V?$multi_link_registry@V?$ISource@W4agent_status@Concurrency@@@Concurrency@@@Concurrency@@@Concurrency@@QAE_NPAV?$ISource@W4agent_status@Concurrency@@@2@@Z	135
aee2	?begin@?$source_link_manager@V?$multi_link_registry@V?$ISource@W4agent_status@Concurrency@@@Concurrency@@@Concurrency@@@Concurrency@@QAE?AV?$_Source_link_iterator@V?$multi_link_registry@V?$ISource@W4agent_status@Concurrency@@@Concurrency@@@Concurrency@@@2@XZ	25
aefb	??1?$_Func_class@_NABW4agent_status@Concurrency@@U_Nil@std@@U34@U34@U34@U34@U34@@std@@QAE@XZ	30
af19	??0?$propagator_block@V?$multi_link_registry@V?$ITarget@I@Concurrency@@@Concurrency@@V?$multi_link_registry@V?$ISource@I@Concurrency@@@2@V?$ordered_message_processor@I@2@@Concurrency@@QAE@XZ	182
afcf	?remove_network_links@?$propagator_block@V?$multi_link_registry@V?$ITarget@I@Concurrency@@@Concurrency@@V?$multi_link_registry@V?$ISource@I@Concurrency@@@2@V?$ordered_message_processor@I@2@@Concurrency@@IAEXXZ	77
b01c	??1?$source_link_manager@V?$multi_link_registry@V?$ISource@I@Concurrency@@@Concurrency@@@Concurrency@@QAE@XZ	58
b056	?begin@?$source_link_manager@V?$multi_link_registry@V?$ISource@I@Concurrency@@@Concurrency@@@Concurrency@@QAE?AV?$_Source_link_iterator@V?$multi_link_registry@V?$ISource@I@Concurrency@@@Concurrency@@@2@XZ	25
b06f	??0?$message@W4agent_status@Concurrency@@@Concurrency@@QAE@ABW4agent_status@1@@Z	43
b09a	??1?$_Source_link_iterator@V?$multi_link_registry@V?$ISource@W4agent_status@Concurrency@@@Concurrency@@@Concurrency@@@Concurrency@@UAE@XZ	53
b0cf	??0?$message@I@Concurrency@@QAE@ABI@Z	43
b0fa	??1?$_Source_link_iterator@V?$multi_link_registry@V?$ISource@I@Concurrency@@@Concurrency@@@Concurrency@@UAE@XZ	53
b12f	??0?$_Greedy_node@W4agent_status@Concurrency@@@Concurrency@@QAE@PAV?$ISource@W4agent_status@Concurrency@@@1@IPAV?$ITarget@I@1@ABV?$function@$$A6A_NABW4agent_status@Concurrency@@@Z@std@@@Z	270
b23d	?_Reset@?$_Greedy_node@W4agent_status@Concurrency@@@Concurrency@@UAEXXZ	307
b370	?propagate_message@?$_Greedy_node@W4agent_status@Concurrency@@@Concurrency@@MAE?AW4message_status@2@PAV?$message@W4agent_status@Concurrency@@@2@PAV?$ISource@W4agent_status@Concurrency@@@2@@Z	123
b3eb	?accept_message@?$_Greedy_node@W4agent_status@Concurrency@@@Concurrency@@MAEPAV?$message@I@2@H@Z	63
b42a	?propagate_to_any_targets@?$_Greedy_node@W4agent_status@Concurrency@@@Concurrency@@MAEXPAV?$message@I@2@@Z	186
b4e4	??1?$_Order_node_base@W4agent_status@Concurrency@@@Concurrency@@UAE@XZ	88
b53c	?consume_message@?$_Order_node_base@W4agent_status@Concurrency@@@Concurrency@@UAEPAV?$message@I@2@H@Z	1
b53d	?link_target_notification@?$_Order_node_base@W4agent_status@Concurrency@@@Concurrency@@MAEXPAV?$ITarget@I@2@@Z	19
b550	??1?$propagator_block@V?$single_link_registry@V?$ITarget@I@Concurrency@@@Concurrency@@V?$multi_link_registry@V?$ISource@W4agent_status@Concurrency@@@Concurrency@@@2@V?$ordered_message_processor@I@2@@Concurrency@@UAE@XZ	112
b5c0	?propagate@?$propagator_block@V?$single_link_registry@V?$ITarget@I@Concurrency@@@Concurrency@@V?$multi_link_registry@V?$ISource@W4agent_status@Concurrency@@@Concurrency@@@2@V?$ordered_message_processor@I@2@@Concurrency@@UAE?AW4message_status@2@PAV?$message@W4agent_status@Concurrency@@@2@PAV?$ISource@W4agent_status@Concurrency@@@2@@Z	165
b666	?send@?$propagator_block@V?$single_link_registry@V?$ITarget@I@Concurrency@@@Concurrency@@V?$multi_link_registry@V?$ISource@W4agent_status@Concurrency@@@Concurrency@@@2@V?$ordered_message_processor@I@2@@Concurrency@@UAE?AW4message_status@2@PAV?$message@W4agent_status@Concurrency@@@2@PAV?$ISource@W4agent_status@Concurrency@@@2@@Z	165
b70c	?link_source@?$propagator_block@V?$single_link_registry@V?$ITarget@I@Concurrency@@@Concurrency@@V?$multi_link_registry@V?$ISource@W4agent_status@Concurrency@@@Concurrency@@@2@V?$ordered_message_processor@I@2@@Concurrency@@MAEXPAV?$ISource@W4agent_status@Concurrency@@@2@@Z	48
b73c	?unlink_source@?$propagator_block@V?$single_link_registry@V?$ITarget@I@Concurrency@@@Concurrency@@V?$multi_link_registry@V?$ISource@W4agent_status@Concurrency@@@Concurrency@@@2@V?$ordered_message_processor@I@2@@Concurrency@@MAEXPAV?$ISource@W4agent_status@Concurrency@@@2@@Z	48
b76c	unlink_sources	110
b7da	??1?$source_block@V?$single_link_registry@V?$ITarget@I@Concurrency@@@Concurrency@@V?$ordered_message_processor@I@2@@Concurrency@@UAE@XZ	96
b83a	?link_target@?$source_block@V?$single_link_registry@V?$ITarget@I@Concurrency@@@Concurrency@@V?$ordered_message_processor@I@2@@Concurrency@@UAEXPAV?$ITarget@I@2@@Z	127
b8b9	?unlink_target@?$source_block@V?$single_link_registry@V?$ITarget@I@Concurrency@@@Concurrency@@V?$ordered_message_processor@I@2@@Concurrency@@UAEXPAV?$ITarget@I@2@@Z	124
b935	?unlink_targets@?$source_block@V?$single_link_registry@V?$ITarget@I@Concurrency@@@Concurrency@@V?$ordered_message_processor@I@2@@Concurrency@@UAEXXZ	122
b9af	?reserve@?$source_block@V?$single_link_registry@V?$ITarget@I@Concurrency@@@Concurrency@@V?$ordered_message_processor@I@2@@Concurrency@@UAE_NHPAV?$ITarget@I@2@@Z	149
ba44	?consume@?$source_block@V?$single_link_registry@V?$ITarget@I@Concurrency@@@Concurrency@@V?$ordered_message_processor@I@2@@Concurrency@@UAEPAV?$message@I@2@HPAV?$ITarget@I@2@@Z	159
bae3	?release@?$source_block@V?$single_link_registry@V?$ITarget@I@Concurrency@@@Concurrency@@V?$ordered_message_processor@I@2@@Concurrency@@UAEXHPAV?$ITarget@I@2@@Z	145
bb74	?acquire_ref@?$source_block@V?$single_link_registry@V?$ITarget@I@Concurrency@@@Concurrency@@V?$ordered_message_processor@I@2@@Concurrency@@UAEXPAV?$ITarget@I@2@@Z	16
bb84	?release_ref@?$source_block@V?$single_link_registry@V?$ITarget@I@Concurrency@@@Concurrency@@V?$ordered_message_processor@I@2@@Concurrency@@UAEXPAV?$ITarget@I@2@@Z	84
bbd8	?sync_send@?$source_block@V?$single_link_registry@V?$ITarget@I@Concurrency@@@Concurrency@@V?$ordered_message_processor@I@2@@Concurrency@@MAEXPAV?$message@I@2@@Z	12
bbe4	?async_send@?$source_block@V?$single_link_registry@V?$ITarget@I@Concurrency@@@Concurrency@@V?$ordered_message_processor@I@2@@Concurrency@@MAEXPAV?$message@I@2@@Z	11
bbef	??_E?$message@W4agent_status@Concurrency@@@Concurrency@@UAEPAXI@Z	33
bc10	??_G?$_Source_link_iterator@V?$multi_link_registry@V?$ISource@W4agent_status@Concurrency@@@Concurrency@@@Concurrency@@@Concurrency@@UAEPAXI@Z	32
bc30	??_E?$message@I@Concurrency@@UAEPAXI@Z	33
bc51	??_G?$_Source_link_iterator@V?$multi_link_registry@V?$ISource@I@Concurrency@@@Concurrency@@@Concurrency@@UAEPAXI@Z	32
bc71	??_G?$_Greedy_node@W4agent_status@Concurrency@@@Concurrency@@UAEPAXI@Z	137
bcfa	??_E?$_Order_node_base@W4agent_status@Concurrency@@@Concurrency@@UAEPAXI@Z	32
bd1a	??_E?$propagator_block@V?$single_link_registry@V?$ITarget@I@Concurrency@@@Concurrency@@V?$multi_link_registry@V?$ISource@W4agent_status@Concurrency@@@Concurrency@@@2@V?$ordered_message_processor@I@2@@Concurrency@@UAEPAXI@Z	32
bd3a	??_E?$source_block@V?$single_link_registry@V?$ITarget@I@Concurrency@@@Concurrency@@V?$ordered_message_processor@I@2@@Concurrency@@UAEPAXI@Z	32
bd5a	?_Reset@?$_Func_class@XU_Nil@std@@U12@U12@U12@U12@U12@U12@@std@@IAEXABV12@@Z	42
bd84	??0?$source_block@V?$multi_link_registry@V?$ITarget@W4agent_status@Concurrency@@@Concurrency@@@Concurrency@@V?$ordered_message_processor@W4agent_status@Concurrency@@@2@@Concurrency@@QAE@XZ	188
be40	?_Invoke_handler@?$ordered_message_processor@I@Concurrency@@AAEXJ@Z	90
be9b	??1?$_Func_class@XPAV?$message@I@Concurrency@@U_Nil@std@@U34@U34@U34@U34@U34@@std@@QAE@XZ	5
bea0	?_Push_back@?$_Dynamic_array@PAV?$ISource@W4agent_status@Concurrency@@@Concurrency@@@details@Concurrency@@QAEXABQAV?$ISource@W4agent_status@Concurrency@@@3@@Z	48
bed0	??0?$source_link_manager@V?$multi_link_registry@V?$ISource@W4agent_status@Concurrency@@@Concurrency@@@Concurrency@@@Concurrency@@QAE@XZ	50
bf02	?release@?$source_link_manager@V?$multi_link_registry@V?$ISource@I@Concurrency@@@Concurrency@@@Concurrency@@QAEXXZ	148
bf96	??0?$ordered_message_processor@I@Concurrency@@QAE@XZ	93
bff3	??0?$source_link_manager@V?$multi_link_registry@V?$ISource@I@Concurrency@@@Concurrency@@@Concurrency@@QAE@XZ	50
c025	??0?$_Source_link_iterator@V?$multi_link_registry@V?$ISource@W4agent_status@Concurrency@@@Concurrency@@@Concurrency@@@Concurrency@@QAE@PAV?$source_link_manager@V?$multi_link_registry@V?$ISource@W4agent_status@Concurrency@@@Concurrency@@@Concurrency@@@1@I@Z	162
c0c7	??0?$_Source_link_iterator@V?$multi_link_registry@V?$ISource@I@Concurrency@@@Concurrency@@@Concurrency@@QAE@PAV?$source_link_manager@V?$multi_link_registry@V?$ISource@I@Concurrency@@@Concurrency@@@1@I@Z	162
c169	?remove_network_links@?$propagator_block@V?$single_link_registry@V?$ITarget@I@Concurrency@@@Concurrency@@V?$multi_link_registry@V?$ISource@W4agent_status@Concurrency@@@Concurrency@@@2@V?$ordered_message_processor@I@2@@Concurrency@@IAEXXZ	77
c1b6	??_E?$_Func_impl@U?$_Callable_fun@Q6A_NABW4agent_status@Concurrency@@@Z$0A@@std@@V?$allocator@V?$_Func_class@_NABW4agent_status@Concurrency@@U_Nil@std@@U34@U34@U34@U34@U34@@std@@@2@_NABW4agent_status@Concurrency@@U_Nil@2@U62@U62@U62@U62@U62@@std@@UAEPAXI@Z	33
c1d7	??_G?$_Func_impl@U?$_Callable_obj@V<lambda_61710bb2f65fa5c843243e2ef45f5091>@@$0A@@std@@V?$allocator@V?$_Func_class@XABIU_Nil@std@@U12@U12@U12@U12@U12@@std@@@2@XABIU_Nil@2@U42@U42@U42@U42@U42@@std@@UAEPAXI@Z	33
c1f8	?_Grow@?$_Dynamic_array@PAV?$ITarget@W4agent_status@Concurrency@@@Concurrency@@@details@Concurrency@@AAEXI@Z	82
c24a	??R?$_Func_class@XPAV?$message@W4agent_status@Concurrency@@@Concurrency@@U_Nil@std@@U34@U34@U34@U34@U34@@std@@QBEXPAV?$message@W4agent_status@Concurrency@@@Concurrency@@@Z	28
c267	??0?$function@$$A6A_NABW4agent_status@Concurrency@@@Z@std@@QAE@ABV01@@Z	62
c2a5	??0?$propagator_block@V?$single_link_registry@V?$ITarget@I@Concurrency@@@Concurrency@@V?$multi_link_registry@V?$ISource@W4agent_status@Concurrency@@@Concurrency@@@2@V?$ordered_message_processor@I@2@@Concurrency@@QAE@XZ	172
c351	?initialize_source_and_target@?$propagator_block@V?$single_link_registry@V?$ITarget@I@Concurrency@@@Concurrency@@V?$multi_link_registry@V?$ISource@W4agent_status@Concurrency@@@Concurrency@@@2@V?$ordered_message_processor@I@2@@Concurrency@@IAEXPAVScheduler@2@PAVScheduleGroup@2@@Z	112
c3c1	??_E?$concurrent_queue@PAV?$message@I@Concurrency@@V?$allocator@PAV?$message@I@Concurrency@@@std@@@Concurrency@@UAEPAXI@Z	32
c3e1	??_E?$_Func_base@XPAV?$message@W4agent_status@Concurrency@@@Concurrency@@U_Nil@std@@U34@U34@U34@U34@U34@@std@@UAEPAXI@Z	33
c402	??_G?$_Func_impl@U?$_Callable_obj@V<lambda_aec2a2a67285d120f0dc7559bcc27900>@@$0A@@std@@V?$allocator@V?$_Func_class@XPAV?$message@I@Concurrency@@U_Nil@std@@U34@U34@U34@U34@U34@@std@@@2@XPAV?$message@I@Concurrency@@U_Nil@2@U62@U62@U62@U62@U62@@std@@UAEPAXI@Z	33
c423	??_E?$concurrent_queue@PAV?$message@W4agent_status@Concurrency@@@Concurrency@@V?$allocator@PAV?$message@W4agent_status@Concurrency@@@Concurrency@@@std@@@Concurrency@@UAEPAXI@Z	32
c443	??1?$concurrent_queue@PAV?$message@W4agent_status@Concurrency@@@Concurrency@@V?$allocator@PAV?$message@W4agent_status@Concurrency@@@Concurrency@@@std@@@Concurrency@@UAE@XZ	73
c48c	??1?$concurrent_queue@PAV?$message@I@Concurrency@@V?$allocator@PAV?$message@I@Concurrency@@@std@@@Concurrency@@UAE@XZ	73
c4d5	??$receive@I@Concurrency@@YAIPAV?$ISource@I@0@I@Z	59
c510	??$_Allocate@D@std@@YAPADIPAD@Z	40
c538	??$_Receive_impl@W4agent_status@Concurrency@@@Concurrency@@YA?AW4agent_status@0@PAV?$ISource@W4agent_status@Concurrency@@@0@IPBV?$function@$$A6A_NABW4agent_status@Concurrency@@@Z@std@@@Z	162
c8af	unlink_source	37
c8d4	unlink_sources	34
c9e5	??_E_Blocking_recipient@?1???$_Receive_impl@W4agent_status@Concurrency@@@Concurrency@@YA?AW4agent_status@1@PAV?$ISource@W4agent_status@Concurrency@@@1@IPBV?$function@$$A6A_NABW4agent_status@Concurrency@@@Z@std@@@Z@UAEPAXI@Z	32
ca05	??0operation_timed_out@Concurrency@@QAE@ABV01@@Z	28
ca21	??_G_Blocking_recipient@?1???$_Receive_impl@I@Concurrency@@YAIPAV?$ISource@I@1@IPBV?$function@$$A6A_NABI@Z@std@@@Z@UAEPAXI@Z	32
ca41	??$_send@W4agent_status@Concurrency@@@_Originator@details@Concurrency@@SA_NPAV?$ITarget@W4agent_status@Concurrency@@@2@ABW4agent_status@2@@Z	300
cb6d	??$_send@I@_Originator@details@Concurrency@@SA_NPAV?$ITarget@I@2@ABI@Z	300
cc99	??1?$_AnonymousOriginator@W4agent_status@Concurrency@@@details@Concurrency@@UAE@XZ	53
ccce	?unlink_target@?$_AnonymousOriginator@W4agent_status@Concurrency@@@details@Concurrency@@UAEXPAV?$ITarget@W4agent_status@Concurrency@@@3@@Z	34
ccf1	?unlink_targets@?$_AnonymousOriginator@W4agent_status@Concurrency@@@details@Concurrency@@UAEXXZ	34
cd14	accept	40
cd3c	?reserve@?$_AnonymousOriginator@W4agent_status@Concurrency@@@details@Concurrency@@UAE_NHPAV?$ITarget@W4agent_status@Concurrency@@@3@@Z	34
cd5f	?consume@?$_AnonymousOriginator@I@details@Concurrency@@UAEPAV?$message@I@3@HPAV?$ITarget@I@3@@Z	34
cd82	?release@?$_AnonymousOriginator@W4agent_status@Concurrency@@@details@Concurrency@@UAEXHPAV?$ITarget@W4agent_status@Concurrency@@@3@@Z	34
cda5	?acquire_ref@?$_AnonymousOriginator@W4agent_status@Concurrency@@@details@Concurrency@@UAEXPAV?$ITarget@W4agent_status@Concurrency@@@3@@Z	34
cdc8	?release_ref@?$_AnonymousOriginator@I@details@Concurrency@@UAEXPAV?$ITarget@I@3@@Z	34
cdeb	?link_target@?$_AnonymousOriginator@I@details@Concurrency@@EAEXPAV?$ITarget@I@3@@Z	34
ce0e	??1?$_SyncOriginator@W4agent_status@Concurrency@@@details@Concurrency@@UAE@XZ	127
ce8d	?unlink_target@?$_SyncOriginator@W4agent_status@Concurrency@@@details@Concurrency@@UAEXPAV?$ITarget@W4agent_status@Concurrency@@@3@@Z	137
cf16	?unlink_targets@?$_SyncOriginator@I@details@Concurrency@@UAEXXZ	151
cfad	?accept@?$_SyncOriginator@I@details@Concurrency@@UAEPAV?$message@I@3@HPAV?$ITarget@I@3@@Z	79
cffc	?reserve@?$_SyncOriginator@I@details@Concurrency@@UAE_NHPAV?$ITarget@I@3@@Z	88
d055	?consume@?$_SyncOriginator@I@details@Concurrency@@UAEPAV?$message@I@3@HPAV?$ITarget@I@3@@Z	105
d0bf	?release@?$_SyncOriginator@W4agent_status@Concurrency@@@details@Concurrency@@UAEXHPAV?$ITarget@W4agent_status@Concurrency@@@3@@Z	145
d151	?acquire_ref@?$_SyncOriginator@W4agent_status@Concurrency@@@details@Concurrency@@UAEXPAV?$ITarget@W4agent_status@Concurrency@@@3@@Z	13
d15e	?release_ref@?$_SyncOriginator@W4agent_status@Concurrency@@@details@Concurrency@@UAEXPAV?$ITarget@W4agent_status@Concurrency@@@3@@Z	13
d16b	?_internal_send@?$_SyncOriginator@W4agent_status@Concurrency@@@details@Concurrency@@AAE_NPAV?$ITarget@W4agent_status@Concurrency@@@3@ABW4agent_status@3@@Z	177
d21c	?link_target@?$_SyncOriginator@W4agent_status@Concurrency@@@details@Concurrency@@EAEXPAV?$ITarget@W4agent_status@Concurrency@@@3@@Z	80
d26d	??1?$single_link_registry@V?$ITarget@W4agent_status@Concurrency@@@Concurrency@@@Concurrency@@UAE@XZ	48
d29e	??1?$_AnonymousOriginator@I@details@Concurrency@@UAE@XZ	53
d2d3	??1?$_SyncOriginator@I@details@Concurrency@@UAE@XZ	127
d352	?_internal_send@?$_SyncOriginator@I@details@Concurrency@@AAE_NPAV?$ITarget@I@3@ABI@Z	177
d403	??_E?$_AnonymousOriginator@W4agent_status@Concurrency@@@details@Concurrency@@UAEPAXI@Z	32
d423	??_G?$_SyncOriginator@W4agent_status@Concurrency@@@details@Concurrency@@UAEPAXI@Z	32
d443	??_E?$single_link_registry@V?$ITarget@W4agent_status@Concurrency@@@Concurrency@@@Concurrency@@UAEPAXI@Z	32
d463	??_E?$_AnonymousOriginator@I@details@Concurrency@@UAEPAXI@Z	32
d483	??_E?$_SyncOriginator@I@details@Concurrency@@UAEPAXI@Z	32
d4a3	?_Move@?$_Func_impl@U?$_Callable_fun@Q6A_NABW4agent_status@Concurrency@@@Z$0A@@std@@V?$allocator@V?$_Func_class@_NABW4agent_status@Concurrency@@U_Nil@std@@U34@U34@U34@U34@U34@@std@@@2@_NABW4agent_status@Concurrency@@U_Nil@2@U62@U62@U62@U62@U62@@std@@UAEPAV?$_Func_base@_NABW4agent_status@Concurrency@@U_Nil@std@@U34@U34@U34@U34@U34@@2@PAX@Z	48
d4d4	?_Do_call@?$_Func_impl@U?$_Callable_fun@Q6A_NABW4agent_status@Concurrency@@@Z$0A@@std@@V?$allocator@V?$_Func_class@_NABW4agent_status@Concurrency@@U_Nil@std@@U34@U34@U34@U34@U34@@std@@@2@_NABW4agent_status@Concurrency@@U_Nil@2@U62@U62@U62@U62@U62@@std@@UAE_NABW4agent_status@Concurrency@@@Z	14
d4e2	?_Target_type@?$_Func_impl@U?$_Callable_fun@Q6A_NABW4agent_status@Concurrency@@@Z$0A@@std@@V?$allocator@V?$_Func_class@_NABW4agent_status@Concurrency@@U_Nil@std@@U34@U34@U34@U34@U34@@std@@@2@_NABW4agent_status@Concurrency@@U_Nil@2@U62@U62@U62@U62@U62@@std@@UBEABVtype_info@@XZ	6
d4e8	?_Get@?$_Func_impl@U?$_Callable_obj@V<lambda_aec2a2a67285d120f0dc7559bcc27900>@@$0A@@std@@V?$allocator@V?$_Func_class@XPAV?$message@I@Concurrency@@U_Nil@std@@U34@U34@U34@U34@U34@@std@@@2@XPAV?$message@I@Concurrency@@U_Nil@2@U62@U62@U62@U62@U62@@std@@EBEPBXXZ	4
d4ec	?_Delete_this@?$_Func_impl@U?$_Callable_obj@V<lambda_61710bb2f65fa5c843243e2ef45f5091>@@$0A@@std@@V?$allocator@V?$_Func_class@XABIU_Nil@std@@U12@U12@U12@U12@U12@@std@@@2@XABIU_Nil@2@U42@U42@U42@U42@U42@@std@@EAEX_N@Z	32
d50c	?_Copy@?$_Func_impl@U?$_Callable_obj@V<lambda_61710bb2f65fa5c843243e2ef45f5091>@@$0A@@std@@V?$allocator@V?$_Func_class@XABIU_Nil@std@@U12@U12@U12@U12@U12@@std@@@2@XABIU_Nil@2@U42@U42@U42@U42@U42@@std@@UAEPAV?$_Func_base@XABIU_Nil@std@@U12@U12@U12@U12@U12@@2@PAX@Z	53
d542	?_Do_call@?$_Func_impl@U?$_Callable_obj@V<lambda_61710bb2f65fa5c843243e2ef45f5091>@@$0A@@std@@V?$allocator@V?$_Func_class@XABIU_Nil@std@@U12@U12@U12@U12@U12@@std@@@2@XABIU_Nil@2@U42@U42@U42@U42@U42@@std@@UAEXABI@Z	58
d57c	?_Target_type@?$_Func_impl@U?$_Callable_obj@V<lambda_61710bb2f65fa5c843243e2ef45f5091>@@$0A@@std@@V?$allocator@V?$_Func_class@XABIU_Nil@std@@U12@U12@U12@U12@U12@@std@@@2@XABIU_Nil@2@U42@U42@U42@U42@U42@@std@@UBEABVtype_info@@XZ	6
d582	?_Copy@?$_Func_impl@U?$_Callable_obj@V<lambda_aec2a2a67285d120f0dc7559bcc27900>@@$0A@@std@@V?$allocator@V?$_Func_class@XPAV?$message@I@Concurrency@@U_Nil@std@@U34@U34@U34@U34@U34@@std@@@2@XPAV?$message@I@Concurrency@@U_Nil@2@U62@U62@U62@U62@U62@@std@@UAEPAV?$_Func_base@XPAV?$message@I@Concurrency@@U_Nil@std@@U34@U34@U34@U34@U34@@2@PAX@Z	48
d5b3	?_Do_call@?$_Func_impl@U?$_Callable_obj@V<lambda_aec2a2a67285d120f0dc7559bcc27900>@@$0A@@std@@V?$allocator@V?$_Func_class@XPAV?$message@I@Concurrency@@U_Nil@std@@U34@U34@U34@U34@U34@@std@@@2@XPAV?$message@I@Concurrency@@U_Nil@2@U62@U62@U62@U62@U62@@std@@UAEX$$QAPAV?$message@I@Concurrency@@@Z	20
d5c7	?_Target_type@?$_Func_impl@U?$_Callable_obj@V<lambda_aec2a2a67285d120f0dc7559bcc27900>@@$0A@@std@@V?$allocator@V?$_Func_class@XPAV?$message@I@Concurrency@@U_Nil@std@@U34@U34@U34@U34@U34@@std@@@2@XPAV?$message@I@Concurrency@@U_Nil@2@U62@U62@U62@U62@U62@@std@@UBEABVtype_info@@XZ	6
d5cd	?_Move@?$_Func_impl@U?$_Callable_obj@V<lambda_4e87154fcdc8e0d2e24a6503682ed39a>@@$0A@@std@@V?$allocator@V?$_Func_class@XPAV?$message@I@Concurrency@@U_Nil@std@@U34@U34@U34@U34@U34@@std@@@2@XPAV?$message@I@Concurrency@@U_Nil@2@U62@U62@U62@U62@U62@@std@@UAEPAV?$_Func_base@XPAV?$message@I@Concurrency@@U_Nil@std@@U34@U34@U34@U34@U34@@2@PAX@Z	48
d5fe	?_Do_call@?$_Func_impl@U?$_Callable_obj@V<lambda_4e87154fcdc8e0d2e24a6503682ed39a>@@$0A@@std@@V?$allocator@V?$_Func_class@XPAV?$message@I@Concurrency@@U_Nil@std@@U34@U34@U34@U34@U34@@std@@@2@XPAV?$message@I@Concurrency@@U_Nil@2@U62@U62@U62@U62@U62@@std@@UAEX$$QAPAV?$message@I@Concurrency@@@Z	20
d612	?_Target_type@?$_Func_impl@U?$_Callable_obj@V<lambda_4e87154fcdc8e0d2e24a6503682ed39a>@@$0A@@std@@V?$allocator@V?$_Func_class@XPAV?$message@I@Concurrency@@U_Nil@std@@U34@U34@U34@U34@U34@@std@@@2@XPAV?$message@I@Concurrency@@U_Nil@2@U62@U62@U62@U62@U62@@std@@UBEABVtype_info@@XZ	6
d618	?_Copy@?$_Func_impl@U?$_Callable_obj@V<lambda_a950f64d47c771b1d34af4af122ee0c4>@@$0A@@std@@V?$allocator@V?$_Func_class@XPAV?$message@W4agent_status@Concurrency@@@Concurrency@@U_Nil@std@@U34@U34@U34@U34@U34@@std@@@2@XPAV?$message@W4agent_status@Concurrency@@@Concurrency@@U_Nil@2@U62@U62@U62@U62@U62@@std@@UAEPAV?$_Func_base@XPAV?$message@W4agent_status@Concurrency@@@Concurrency@@U_Nil@std@@U34@U34@U34@U34@U34@@2@PAX@Z	48
d649	?_Do_call@?$_Func_impl@U?$_Callable_obj@V<lambda_a950f64d47c771b1d34af4af122ee0c4>@@$0A@@std@@V?$allocator@V?$_Func_class@XPAV?$message@W4agent_status@Concurrency@@@Concurrency@@U_Nil@std@@U34@U34@U34@U34@U34@@std@@@2@XPAV?$message@W4agent_status@Concurrency@@@Concurrency@@U_Nil@2@U62@U62@U62@U62@U62@@std@@UAEX$$QAPAV?$message@W4agent_status@Concurrency@@@Concurrency@@@Z	69
d68e	?_Target_type@?$_Func_impl@U?$_Callable_obj@V<lambda_a950f64d47c771b1d34af4af122ee0c4>@@$0A@@std@@V?$allocator@V?$_Func_class@XPAV?$message@W4agent_status@Concurrency@@@Concurrency@@U_Nil@std@@U34@U34@U34@U34@U34@@std@@@2@XPAV?$message@W4agent_status@Concurrency@@@Concurrency@@U_Nil@2@U62@U62@U62@U62@U62@@std@@UBEABVtype_info@@XZ	6
d694	?_Move@?$_Func_impl@U?$_Callable_obj@V<lambda_22c800ac295261976027df48869e3267>@@$0A@@std@@V?$allocator@V?$_Func_class@XPAV?$message@I@Concurrency@@U_Nil@std@@U34@U34@U34@U34@U34@@std@@@2@XPAV?$message@I@Concurrency@@U_Nil@2@U62@U62@U62@U62@U62@@std@@UAEPAV?$_Func_base@XPAV?$message@I@Concurrency@@U_Nil@std@@U34@U34@U34@U34@U34@@2@PAX@Z	48
d6c5	?_Target_type@?$_Func_impl@U?$_Callable_obj@V<lambda_22c800ac295261976027df48869e3267>@@$0A@@std@@V?$allocator@V?$_Func_class@XPAV?$message@I@Concurrency@@U_Nil@std@@U34@U34@U34@U34@U34@@std@@@2@XPAV?$message@I@Concurrency@@U_Nil@2@U62@U62@U62@U62@U62@@std@@UBEABVtype_info@@XZ	6
d6cb	?_Copy@?$_Func_impl@U?$_Callable_obj@V<lambda_c720f3ee21fb503e7262d269cd4e4d6c>@@$0A@@std@@V?$allocator@V?$_Func_class@XPAV?$message@I@Concurrency@@U_Nil@std@@U34@U34@U34@U34@U34@@std@@@2@XPAV?$message@I@Concurrency@@U_Nil@2@U62@U62@U62@U62@U62@@std@@UAEPAV?$_Func_base@XPAV?$message@I@Concurrency@@U_Nil@std@@U34@U34@U34@U34@U34@@2@PAX@Z	48
d6fc	?_Do_call@?$_Func_impl@U?$_Callable_obj@V<lambda_c720f3ee21fb503e7262d269cd4e4d6c>@@$0A@@std@@V?$allocator@V?$_Func_class@XPAV?$message@I@Concurrency@@U_Nil@std@@U34@U34@U34@U34@U34@@std@@@2@XPAV?$message@I@Concurrency@@U_Nil@2@U62@U62@U62@U62@U62@@std@@UAEX$$QAPAV?$message@I@Concurrency@@@Z	69
d741	?_Target_type@?$_Func_impl@U?$_Callable_obj@V<lambda_c720f3ee21fb503e7262d269cd4e4d6c>@@$0A@@std@@V?$allocator@V?$_Func_class@XPAV?$message@I@Concurrency@@U_Nil@std@@U34@U34@U34@U34@U34@@std@@@2@XPAV?$message@I@Concurrency@@U_Nil@2@U62@U62@U62@U62@U62@@std@@UBEABVtype_info@@XZ	6
d747	??_E?$overwrite_buffer@W4agent_status@Concurrency@@@Concurrency@@WOI@AEPAXI@Z	11
d752	??_E?$_Order_node_base@W4agent_status@Concurrency@@@Concurrency@@WOA@AEPAXI@Z	11
d75d	??_E?$propagator_block@V?$single_link_registry@V?$ITarget@I@Concurrency@@@Concurrency@@V?$multi_link_registry@V?$ISource@W4agent_status@Concurrency@@@Concurrency@@@2@V?$ordered_message_processor@I@2@@Concurrency@@WOA@AEPAXI@Z	11
d768	??_E?$single_assignment@I@Concurrency@@WOI@AEPAXI@Z	11
d773	??_E?$_Greedy_node@W4agent_status@Concurrency@@@Concurrency@@WOA@AEPAXI@Z	11
d77e	??_E?$propagator_block@V?$multi_link_registry@V?$ITarget@I@Concurrency@@@Concurrency@@V?$multi_link_registry@V?$ISource@I@Concurrency@@@2@V?$ordered_message_processor@I@2@@Concurrency@@WOI@AEPAXI@Z	11
d789	??_E?$propagator_block@V?$multi_link_registry@V?$ITarget@W4agent_status@Concurrency@@@Concurrency@@@Concurrency@@V?$multi_link_registry@V?$ISource@W4agent_status@Concurrency@@@Concurrency@@@2@V?$ordered_message_processor@W4agent_status@Concurrency@@@2@@Concurrency@@WOI@AEPAXI@Z	11
d794	??1exception_ptr@std@@QAE@XZ	9
d79d	length	29
d7ba	??0runtime_error@std@@QAE@ABV?$basic_string@DU?$char_traits@D@std@@V?$allocator@D@2@@1@@Z	43
d7e5	_Timevec	14
d7f3	_Timevec	19
d806	~_Timevec	10
d810	_Getptr	3
d813	`default_constructor_closure'	4
d817	_Locinfo	139
d8a2	_Locinfo	143
d931	~_Locinfo	115
d9a4	_Addcats	72
d9ed	_Getname	11
d9f8	_Getcoll	22
da0e	_Getctype	35
da31	_Getcvt	36
da55	_Getlconv	6
da5b	_Gettnames	20
da6f	_Getdays	48
da9f	_Getmonths	48
dacf	_Getfalse	6
dad5	_Gettrue	6
dadb	_Getdateorder	5
dae0	_W_Gettnames	20
daf4	_W_Getdays	48
db24	_W_Getmonths	48
db54	`default_constructor_closure'	11
db5f	??0runtime_error@std@@QAE@ABV01@@Z	28
db7b	~codecvt<char,char,int>	7
db82	_Facet_base	9
db8b	_Facet_base	11
db96	??_E_Facet_base@std@@UAEPAXI@Z	77
dbe3	operator_unsigned_int	53
dc18	_Getcat	4
dc1c	_Incref	11
dc27	_Decref	20
dc3b	facet	21
dc50	~_Locimp	44
dc7c	_Locimp	61
dcb9	_Locimp	106
dd23	_Addfac	22
dd39	??1locale@std@@QAE@XZ	24
dd51	??4locale@std@@QAEAAV01@ABV01@@Z	50
dd83	?c_str@locale@std@@QBEPBDXZ	23
dd9a	_Getfacet	60
ddd6	`default_constructor_closure'	11
dde1	??_Ectype_base@std@@UAEPAXI@Z	77
de2e	??_E_Locimp@locale@std@@MAEPAXI@Z	76
de7a	codecvt_base	21
de8f	always_noconv	5
de94	max_length	5
de99	encoding	5
de9e	do_encoding	4
dea2	`default_constructor_closure'	11
dead	in	9
deb6	out	9
debf	tolower	9
dec8	length	9
ded1	codecvt<wchar_t,char,int>	84
df25	codecvt<wchar_t,char,int>	52
df59	_Getcat	103
dfc0	_Init	36
dfe4	do_in	155
e07f	do_out	244
e173	do_unshift	132
e1f7	do_length	122
e271	do_max_length	4
e275	do_encoding	3
e278	`default_constructor_closure'	8
e280	??_E?$codecvt@_WDH@std@@MAEPAXI@Z	77
e2cd	codecvt<unsigned_short,char,int>	84
e321	codecvt<unsigned_short,char,int>	52
e355	_Getcat	103
e3bc	`default_constructor_closure'	8
e3c4	ctype_base	21
e3d9	`default_constructor_closure'	11
e3e4	is	28
e400	is	46
e42e	scan_is	41
e457	scan_not	41
e480	is	9
e489	is	9
e492	scan_is	9
e49b	narrow	9
e4a4	ctype<char>	136
e52c	ctype<char>	51
e55f	_Getcat	103
e5c6	rdstate	4
e5ca	classic_table	16
e5da	~ctype<char>	22
e5f0	_Init	35
e613	_Tidy	45
e640	do_tolower	23
e657	do_tolower	44
e683	do_toupper	23
e69a	do_toupper	44
e6c6	do_widen	10
e6d0	do_widen	31
e6ef	do_narrow	10
e6f9	do_narrow	31
e718	`default_constructor_closure'	11
e723	??_E?$ctype@D@std@@MAEPAXI@Z	88
e77b	widen	9
e784	narrow	9
e78d	narrow	9
e796	ctype<wchar_t>	75
e7e1	ctype<wchar_t>	33
e802	_Getcat	113
e873	~ctype<wchar_t>	43
e89e	_Init	57
e8d7	do_is	31
e8f6	do_is	28
e912	do_scan_is	46
e940	do_scan_not	46
e96e	do_tolower	21
e983	do_tolower	47
e9b2	do_toupper	21
e9c7	do_toupper	47
e9f6	_Dowiden	52
ea2a	do_widen	9
ea33	do_widen	51
ea66	_Donarrow	68
eaaa	do_narrow	9
eab3	do_narrow	53
eae8	`default_constructor_closure'	8
eaf0	??_E?$ctype@_W@std@@MAEPAXI@Z	76
eb3c	ctype<unsigned_short>	75
eb87	ctype<unsigned_short>	33
eba8	_Getcat	113
ec19	~ctype<unsigned_short>	43
ec44	`default_constructor_closure'	8
ec4c	??_E?$ctype@G@std@@MAEPAXI@Z	76
ec98	??_Eerror_category@std@@UAEPAXI@Z	33
ecb9	operator==	31
ecd8	?default_error_condition@error_category@std@@UBE?AVerror_condition@2@H@Z	18
ecea	equivalent	31
ed09	equivalent	29
ed26	system_error	39
ed4d	?name@_Generic_error_category@std@@UBEPBDXZ	6
ed53	message	42
ed7d	?name@_Iostream_error_category@std@@UBEPBDXZ	6
ed83	message	47
edb2	?name@_System_error_category@std@@UBEPBDXZ	6
edb8	?message@_System_error_category@std@@UBE?AV?$basic_string@DU?$char_traits@D@std@@V?$allocator@D@2@@2@H@Z	42
ede2	default_error_condition	44
ee0e	failure	73
ee57	Init	14
ee65	~Init	8
ee6d	operator_void*	17
ee7e	operator!	11
ee89	clear	149
ef1f	clear	17
ef30	setstate	28
ef4c	setstate	27
ef67	good	9
ef70	eof	7
ef77	bad	10
ef81	exceptions	4
ef85	exceptions	26
ef9f	do_date_order	4
efa3	flags	17
efb4	setf	19
efc7	setf	36
efeb	unsetf	15
effa	precision	7
f001	precision	27
f01c	width	7
f023	width	27
f03e	getloc	26
f058	imbue	73
f0a1	xalloc	43
f0cc	iword	18
f0de	pword	18
f0f0	register_callback	48
f120	copyfmt	184
f1d8	sync_with_stdio	43
f203	swap	140
f28f	~basic_ios<char,std::char_traits<char>_>	14
f29d	ios_base	9
f2a6	_Init	88
f2fe	_Callfns	37
f323	_Findarr	105
f38c	_Tidy	68
f3d0	??_Eios_base@std@@UAEPAXI@Z	84
f424	??0failure@ios_base@std@@QAE@ABV012@@Z	27
f43f	??0system_error@std@@QAE@ABV01@@Z	43
f46a	endl	31
f489	endl	31
f4a8	ends	18
f4ba	ends	18
f4cc	flush	16
f4dc	ws	191
f59b	Catch_All@1000f59b	41
f601	??1sentry@?$basic_istream@DU?$char_traits@D@std@@@std@@QAE@XZ	5
f606	ws	203
f6d1	Catch_All@1000f6d1	41
f737	ws	203
f802	Catch_All@1000f802	41
f868	_GetNextAsyncId	14
f876	_GetCurrentThreadId	6
f87c	_GetCombinableSize	54
f8b2	is_current_task_group_canceling	6
f8b8	cancel_current_task	29
f8d6	??0task_canceled@Concurrency@@QAE@ABV01@@Z	28
f8f2	basic_string<char,std::char_traits<char>,std::allocator<char>_>	47
f921	??1?$basic_string@DU?$char_traits@D@std@@V?$allocator@D@2@@std@@QAE@XZ	34
f943	_Yarn<char>	10
f94d	_Yarn<char>	28
f969	operator=	86
f9bf	~_Yarn<char>	22
f9d5	_C_str	10
f9df	_Empty	8
f9e7	_Yarn<wchar_t>	12
f9f3	operator=	91
fa4e	put	76
fa9a	Catch_All@1000fa9a	41
faee	flush	155
fb89	rdbuf	4
fb8d	put	84
fbe1	Catch_All@1000fbe1	41
fc35	setstate	37
fc5a	??1_Sentry_base@?$basic_istream@_WU?$char_traits@_W@std@@@std@@QAE@XZ	21
fc6f	sgetc	31
fc8e	snextc	67
fcd1	sgetc	35
fcf4	snextc	74
fd3e	?_Tidy@?$basic_string@DU?$char_traits@D@std@@V?$allocator@D@2@@std@@QAEX_NI@Z	69
fd83	clear	28
fd9f	_Ipfx	189
fe5c	Catch_All@1000fe5c	41
febe	pubsync	5
fec3	sbumpc	42
feed	sputc	60
ff29	gptr	6
ff2f	_Gninc	16
ff3f	_Gnpreinc	14
ff4d	_Gnavail	18
ff5f	_Pnavail	18
ff71	_Ipfx	201
1003a	Catch_All@1001003a	41
1009c	sbumpc	46
100ca	sputc	59
10105	_Gninc	16
10115	_Gnpreinc	16
10125	_Ipfx	201
101ee	Catch_All@100101ee	41
10250	??0sentry@?$basic_ostream@DU?$char_traits@D@std@@@std@@QAE@AAV12@@Z	81
102a1	??1sentry@?$basic_ostream@DU?$char_traits@D@std@@@std@@QAE@XZ	27
102bc	assign	121
10335	_Osfx	87
1038c	Catch_All@1001038c	6
10392	tie	4
10396	_Pninc	16
103a6	_Pninc	16
103b6	??0_Sentry_base@?$basic_ostream@DU?$char_traits@D@std@@@std@@QAE@AAV12@@Z	36
103da	?assign@?$basic_string@DU?$char_traits@D@std@@V?$allocator@D@2@@std@@QAEAAV12@ABV12@II@Z	148
1046f	?_Grow@?$basic_string@DU?$char_traits@D@std@@V?$allocator@D@2@@std@@QAE_NI_N@Z	99
104d3	_Inside	59
1050e	?erase@?$basic_string@DU?$char_traits@D@std@@V?$allocator@D@2@@std@@QAEAAV12@I@Z	46
1053d	?erase@?$basic_string@DU?$char_traits@D@std@@V?$allocator@D@2@@std@@QAEAAV12@II@Z	130
105c0	?_Copy@?$basic_string@DU?$char_traits@D@std@@V?$allocator@D@2@@std@@QAEXII@Z	99
10623	Catch_All@10010623	33
106a3	Catch_All@100106a3	39
106cb	??$use_facet@V?$ctype@D@std@@@std@@YAABV?$ctype@D@0@ABVlocale@0@@Z	154
10765	??$use_facet@V?$ctype@_W@std@@@std@@YAABV?$ctype@_W@0@ABVlocale@0@@Z	154
107ff	??$use_facet@V?$ctype@G@std@@@std@@YAABV?$ctype@G@0@ABVlocale@0@@Z	154
10899	??0bad_alloc@std@@QAE@XZ	37
108ca	??_Gbad_alloc@std@@UAEPAXI@Z	39
108f1	NFS_GetLineSize	4
108f5	NFS_Allocate	72
1093e	??0bad_alloc@std@@QAE@ABV01@@Z	28
1095a	NFS_Free	22
10970	??_E_Concurrent_queue_base_v4@details@Concurrency@@MAEPAXI@Z	76
109bc	??1_Push_finalizer@_Micro_queue@details@Concurrency@@QAE@XZ	9
109c5	??1_Pop_finalizer@_Micro_queue@details@Concurrency@@QAE@XZ	82
10a17	?_Push@_Micro_queue@details@Concurrency@@QAEXPAXIAAV_Concurrent_queue_base_v4@23@P8423@AEXAAU_Page@423@I0@Z@Z	234
10ab5	Catch_All@10010ab5	69
10b46	?_Pop@_Micro_queue@details@Concurrency@@QAE_NPAXIAAV_Concurrent_queue_base_v4@23@@Z	225
10c27	_Concurrent_queue_base_v4	109
10c94	~_Concurrent_queue_base_v4	16
10ca4	_Internal_swap	28
10cc0	_Internal_push	56
10cf8	_Internal_move_push	56
10d30	_Internal_pop_if_present	78
10d7e	_Internal_size	14
10d8c	_Internal_empty	35
10daf	_Internal_finish_clear	64
10def	_Internal_throw_exception	28
10e0c	choose	60
10e48	_Concurrent_queue_iterator_base_v4	87
10e9f	_Assign	80
10eef	_Advance	67
10f32	~_Concurrent_queue_iterator_base_v4	16
10f4b	?find_segment_end@_Helper@_Concurrent_vector_base_v4@details@Concurrency@@SAIABV234@@Z	48
10f7b	?enable_segment@_Helper@_Concurrent_vector_base_v4@details@Concurrency@@SAIAAV234@II@Z	290
10fde	Catch_All@10010fde	18
110af	Catch_All@100110af	21
110c4	?extend_segment_table@_Helper@_Concurrent_vector_base_v4@details@Concurrency@@SAXAAV234@@Z	170
1116e	~_Concurrent_vector_base_v4	32
1118e	_Segment_index_of	19
111a1	_Internal_capacity	18
111b3	_Internal_throw_exception	141
11241	??0out_of_range@std@@QAE@ABV01@@Z	28
1125d	??0range_error@std@@QAE@ABV01@@Z	28
11279	_Internal_reserve	171
1131c	Catch_All@1001131c	18
11336	??0length_error@std@@QAE@ABV01@@Z	28
11352	_Internal_copy	195
11415	_Internal_assign	405
115ab	_Internal_push_back	195
1166f	_Internal_grow_to_at_least_with_result	245
11764	_Internal_grow_by	48
11794	?_Internal_grow_segment@_Concurrent_vector_base_v4@details@Concurrency@@IAEIIIIPAPAU_Segment_t@123@PAI1@Z	213
1186a	?_Internal_grow@_Concurrent_vector_base_v4@details@Concurrency@@IAEXIIIP6AXPAXPBXI@Z1@Z	126
118e8	Catch_All@100118e8	79
11938	_Internal_resize	385
11aba	_Internal_clear	96
11b1a	_Internal_compact	575
11d5a	_Internal_swap	173
11e07	_Lock_shared_ptr_spin_lock	13
11e14	_Unlock_shared_ptr_spin_lock	11
11e1f	_Cosh	167
11ec6	_Dtest	98
11f28	_Exp	277
1203d	_FCosh	178
120ef	_FDtest	76
1213b	_FExp	304
1226b	_FSinh	353
123cc	_LCosh	167
12473	_LDtest	9
1247c	_LExp	285
12599	_LSinh	312
126d1	_Sinh	312
12809	_MP_Add	47
12838	_MP_Get	28
12854	_MP_Mul	237
12941	_MP_Rem	686
12bef	add	128
12c6f	limit	39
12c96	mul	80
12ce6	_Mtx_delete	18
12cf8	?_Mtx_lock@threads@stdext@@YAXPAX@Z	14
12d06	_Mtx_new	34
12d28	?_Mtx_unlock@threads@stdext@@YAXPAX@Z	14
12d36	_XLgamma	152
12dce	_XLgamma	116
12e42	_logf	26
12e5c	_Rng_abort	49
12e8d	_Random_device	34
12eb0	??0bad_function_call@std@@QAE@ABV01@@Z	28
12ecc	??0overflow_error@std@@QAE@ABV01@@Z	28
12ee8	??0regex_error@std@@QAE@ABV01@@Z	37
12f0d	??0regex_error@std@@QAE@W4error_type@regex_constants@1@@Z	49
12f3e	time_base	21
12f53	`default_constructor_closure'	11
12f5e	??_Eregex_error@std@@UAEPAXI@Z	32
12f7e	_Stringify	130
1303e	_Xbad_function_call	36
13063	_Xinvalid_argument	46
13092	_Xlength_error	46
130c1	_Xout_of_range	46
130f0	_Xoverflow_error	46
1311f	_Xregex_error	31
1313f	_Xruntime_error	46
1316e	?what@bad_function_call@std@@UBEPBDXZ	6
13174	_Fgetc<char>	33
13195	??$_Fputc@D@std@@YA_NDPAU_iobuf@@@Z	29
131b2	??$_Ungetc@D@std@@YA_NABDPAU_iobuf@@@Z	31
131d1	??$use_facet@V?$codecvt@DDH@std@@@std@@YAABV?$codecvt@DDH@0@ABVlocale@0@@Z	154
1326b	basic_ios<char,std::char_traits<char>_>	9
13274	basic_ostream<char,std::char_traits<char>_>	103
132db	basic_streambuf<char,std::char_traits<char>_>	53
13310	codecvt<char,char,int>	21
13325	??0_Init_cerr@std@@QAE@XZ	48
13355	~basic_filebuf<char,std::char_traits<char>_>	41
1337e	~basic_ostream<char,std::char_traits<char>_>	28
1339a	~basic_streambuf<char,std::char_traits<char>_>	30
133b8	`vbase_destructor'	44
133e4	??_E?$basic_ostream@DU?$char_traits@D@std@@@std@@$4PPPPPPPM@A@AEPAXI@Z	8
133ec	??_E?$basic_filebuf@DU?$char_traits@D@std@@@std@@UAEPAXI@Z	31
1340b	_Chassign	64
1344b	?_Endwrite@?$basic_filebuf@DU?$char_traits@D@std@@@std@@IAE_NXZ	270
13559	_Getcat	104
135c1	_Gndec	14
135cf	_Init	76
1361b	_Init	68
1365f	?_Lock@?$basic_filebuf@DU?$char_traits@D@std@@@std@@UAEXXZ	17
13670	_Reset_back	33
13691	_Set_back	54
136c7	?append@?$basic_string@DU?$char_traits@D@std@@V?$allocator@D@2@@std@@QAEAAV12@ID@Z	96
13728	?assign@?$basic_string@DU?$char_traits@D@std@@V?$allocator@D@2@@std@@QAEAAV12@ID@Z	77
13776	?close@?$basic_filebuf@DU?$char_traits@D@std@@@std@@QAEPAV12@XZ	87
137cd	do_in	26
137e7	do_length	24
137ff	do_unshift	17
13810	eback	6
13816	egptr	11
13821	epptr	11
1382c	gbump	20
13840	?imbue@?$basic_filebuf@DU?$char_traits@D@std@@@std@@MAEXABVlocale@2@@Z	28
1385c	init	73
138a5	?overflow@?$basic_filebuf@DU?$char_traits@D@std@@@std@@MAEHH@Z	394
13a2f	pbackfail	132
13ab3	overflow	6
13ab9	pbump	20
13acd	?seekoff@?$basic_filebuf@DU?$char_traits@D@std@@@std@@MAE?AV?$fpos@H@2@_JHH@Z	189
13b8a	?seekpos@?$basic_filebuf@DU?$char_traits@D@std@@@std@@MAE?AV?$fpos@H@2@V32@H@Z	185
13c43	seekpos	38
13c69	?setbuf@?$basic_filebuf@DU?$char_traits@D@std@@@std@@MAEPAV?$basic_streambuf@DU?$char_traits@D@std@@@2@PAD_J@Z	79
13cb8	setg	35
13cdb	setp	32
13cfb	sync	44
13d27	tie	16
13d37	?uflow@?$basic_filebuf@DU?$char_traits@D@std@@@std@@MAEHXZ	400
13ec7	uflow	37
13eec	underflow	58
13f26	widen	64
13f66	xsgetn	236
14052	xsputn	237
1413f	basic_istream<char,std::char_traits<char>_>	108
141ab	~basic_istream<char,std::char_traits<char>_>	28
141c7	`vbase_destructor'	44
141f3	??_E?$basic_istream@DU?$char_traits@D@std@@@std@@$4PPPPPPPM@A@AEPAXI@Z	8
141fb	??0_Init_cout@std@@QAE@XZ	89
14254	??$_Xfiopen@D@std@@YAPAU_iobuf@@PBDHH@Z	164
142f8	??$_Xfiopen@_W@std@@YAPAU_iobuf@@PB_WHH@Z	164
1439c	_Fiopen	9
143a5	_Fiopen	9
143ae	?_Xfsopen@std@@YAPAU_iobuf@@PBDHH@Z	30
143cc	?_Xfsopen@std@@YAPAU_iobuf@@PB_WHH@Z	30
143ea	_Pad	36
1440e	??0future_error@std@@QAE@ABV01@@Z	43
14439	operator=	30
14457	??_E_Future_error_category@std@@UAEPAXI@Z	32
14477	_Future_error_map	28
14493	_Get_future_error_what	15
144a2	_Rethrow_future_exception	61
144df	_Throw_future_error	92
1453c	message	56
14574	?name@_Future_error_category@std@@UBEPBDXZ	6
1457a	?rethrow_exception@std@@YAXVexception_ptr@1@@Z	48
145aa	?what@future_error@std@@UBEPBDXZ	11
145b5	??$_Allocate@_W@std@@YAPA_WIPA_W@Z	43
145e0	??$_Copy_impl@PA_WV?$ostreambuf_iterator@GU?$char_traits@G@std@@@std@@@std@@YA?AV?$ostreambuf_iterator@GU?$char_traits@G@std@@@0@PA_W0V10@@Z	34
14602	??$_Copy_impl@PA_WV?$ostreambuf_iterator@GU?$char_traits@G@std@@@std@@@std@@YA?AV?$ostreambuf_iterator@GU?$char_traits@G@std@@@0@PA_W0V10@U_Nonscalar_ptr_iterator_tag@0@@Z	46
14630	_Find_elem<char>	34
14652	??$_Find_elem@_W@std@@YAIPA_W_W@Z	36
14676	_Getloctxt<char,std::istreambuf_iterator<char,std::char_traits<char>_>_>	374
147ec	??$_Getloctxt@DV?$istreambuf_iterator@_WU?$char_traits@_W@std@@@std@@@std@@YAHAAV?$istreambuf_iterator@_WU?$char_traits@_W@std@@@0@0IPBD@Z	382
1496a	??$_Getloctxt@_WV?$istreambuf_iterator@_WU?$char_traits@_W@std@@@std@@@std@@YAHAAV?$istreambuf_iterator@_WU?$char_traits@_W@std@@@0@0IPB_W@Z	390
14af0	_Getvals<char>	107
14b5b	_Getvals<unsigned_short>	98
14bbd	_Getvals<unsigned_short>	107
14c28	_Getvals<wchar_t>	89
14c81	_Maklocchr<unsigned_short>	44
14cad	_Maklocstr<char>	46
14cdb	_Maklocstr<unsigned_short>	151
14d72	??$copy@PA_WV?$ostreambuf_iterator@GU?$char_traits@G@std@@@std@@@std@@YA?AV?$ostreambuf_iterator@GU?$char_traits@G@std@@@0@PA_W0V10@@Z	46
14da0	??$use_facet@V?$num_get@DV?$istreambuf_iterator@DU?$char_traits@D@std@@@std@@@std@@@std@@YAABV?$num_get@DV?$istreambuf_iterator@DU?$char_traits@D@std@@@std@@@0@ABVlocale@0@@Z	154
14e3a	??$use_facet@V?$num_get@GV?$istreambuf_iterator@GU?$char_traits@G@std@@@std@@@std@@@std@@YAABV?$num_get@GV?$istreambuf_iterator@GU?$char_traits@G@std@@@std@@@0@ABVlocale@0@@Z	154
14ed4	??$use_facet@V?$num_get@_WV?$istreambuf_iterator@_WU?$char_traits@_W@std@@@std@@@std@@@std@@YAABV?$num_get@_WV?$istreambuf_iterator@_WU?$char_traits@_W@std@@@std@@@0@ABVlocale@0@@Z	154
14f6e	??$use_facet@V?$num_put@DV?$ostreambuf_iterator@DU?$char_traits@D@std@@@std@@@std@@@std@@YAABV?$num_put@DV?$ostreambuf_iterator@DU?$char_traits@D@std@@@std@@@0@ABVlocale@0@@Z	154
15008	??$use_facet@V?$num_put@GV?$ostreambuf_iterator@GU?$char_traits@G@std@@@std@@@std@@@std@@YAABV?$num_put@GV?$ostreambuf_iterator@GU?$char_traits@G@std@@@std@@@0@ABVlocale@0@@Z	154
150a2	??$use_facet@V?$num_put@_WV?$ostreambuf_iterator@_WU?$char_traits@_W@std@@@std@@@std@@@std@@YAABV?$num_put@_WV?$ostreambuf_iterator@_WU?$char_traits@_W@std@@@std@@@0@ABVlocale@0@@Z	154
1513c	??$use_facet@V?$numpunct@D@std@@@std@@YAABV?$numpunct@D@0@ABVlocale@0@@Z	154
151d6	??$use_facet@V?$numpunct@G@std@@@std@@YAABV?$numpunct@G@0@ABVlocale@0@@Z	154
15270	??$use_facet@V?$numpunct@_W@std@@@std@@YAABV?$numpunct@_W@0@ABVlocale@0@@Z	154
1530a	_Yarn<char>	30
15328	basic_ios<char,std::char_traits<char>_>	47
15357	basic_ios<unsigned_short,std::char_traits<unsigned_short>_>	9
15360	basic_ios<unsigned_short,std::char_traits<unsigned_short>_>	47
1538f	basic_ios<wchar_t,std::char_traits<wchar_t>_>	9
15398	basic_ios<wchar_t,std::char_traits<wchar_t>_>	47
153c7	basic_iostream<char,std::char_traits<char>_>	190
15485	basic_iostream<char,std::char_traits<char>_>	130
15507	basic_iostream<unsigned_short,std::char_traits<unsigned_short>_>	190
155c5	basic_iostream<unsigned_short,std::char_traits<unsigned_short>_>	130
15647	basic_iostream<wchar_t,std::char_traits<wchar_t>_>	190
15705	basic_iostream<wchar_t,std::char_traits<wchar_t>_>	130
15787	basic_istream<char,std::char_traits<char>_>	149
1581c	basic_istream<char,std::char_traits<char>_>	114
1588e	basic_istream<char,std::char_traits<char>_>	99
158f1	basic_istream<unsigned_short,std::char_traits<unsigned_short>_>	149
15986	basic_istream<unsigned_short,std::char_traits<unsigned_short>_>	114
159f8	basic_istream<unsigned_short,std::char_traits<unsigned_short>_>	108
15a64	basic_istream<unsigned_short,std::char_traits<unsigned_short>_>	99
15ac7	basic_istream<wchar_t,std::char_traits<wchar_t>_>	149
15b5c	basic_istream<wchar_t,std::char_traits<wchar_t>_>	114
15bce	basic_istream<wchar_t,std::char_traits<wchar_t>_>	108
15c3a	basic_istream<wchar_t,std::char_traits<wchar_t>_>	99
15c9d	basic_ostream<char,std::char_traits<char>_>	139
15d28	basic_ostream<char,std::char_traits<char>_>	105
15d91	basic_ostream<unsigned_short,std::char_traits<unsigned_short>_>	139
15e1c	basic_ostream<unsigned_short,std::char_traits<unsigned_short>_>	103
15e83	basic_ostream<unsigned_short,std::char_traits<unsigned_short>_>	105
15eec	basic_ostream<wchar_t,std::char_traits<wchar_t>_>	139
15f77	basic_ostream<wchar_t,std::char_traits<wchar_t>_>	103
15fde	basic_ostream<wchar_t,std::char_traits<wchar_t>_>	105
16047	basic_streambuf<char,std::char_traits<char>_>	141
160d4	basic_streambuf<char,std::char_traits<char>_>	11
160df	basic_streambuf<unsigned_short,std::char_traits<unsigned_short>_>	147
16172	basic_streambuf<unsigned_short,std::char_traits<unsigned_short>_>	11
1617d	basic_streambuf<unsigned_short,std::char_traits<unsigned_short>_>	53
161b2	basic_streambuf<wchar_t,std::char_traits<wchar_t>_>	147
16245	basic_streambuf<wchar_t,std::char_traits<wchar_t>_>	11
16250	basic_streambuf<wchar_t,std::char_traits<wchar_t>_>	53
16285	??0?$basic_string@_WU?$char_traits@_W@std@@V?$allocator@_W@2@@std@@QAE@PB_W@Z	37
162aa	codecvt<char,char,int>	64
162ea	num_get<char,std::istreambuf_iterator<char,std::char_traits<char>_>_>	21
162ff	num_get<char,std::istreambuf_iterator<char,std::char_traits<char>_>_>	64
1633f	num_get<unsigned_short,std::istreambuf_iterator<unsigned_short,std::char_traits<unsigned_short>_>_>	21
16354	num_get<unsigned_short,std::istreambuf_iterator<unsigned_short,std::char_traits<unsigned_short>_>_>	64
16394	num_get<wchar_t,std::istreambuf_iterator<wchar_t,std::char_traits<wchar_t>_>_>	21
163a9	num_get<wchar_t,std::istreambuf_iterator<wchar_t,std::char_traits<wchar_t>_>_>	64
163e9	num_put<char,std::ostreambuf_iterator<char,std::char_traits<char>_>_>	21
163fe	num_put<char,std::ostreambuf_iterator<char,std::char_traits<char>_>_>	64
1643e	num_put<unsigned_short,std::ostreambuf_iterator<unsigned_short,std::char_traits<unsigned_short>_>_>	21
16453	num_put<unsigned_short,std::ostreambuf_iterator<unsigned_short,std::char_traits<unsigned_short>_>_>	64
16493	num_put<wchar_t,std::ostreambuf_iterator<wchar_t,std::char_traits<wchar_t>_>_>	21
164a8	num_put<wchar_t,std::ostreambuf_iterator<wchar_t,std::char_traits<wchar_t>_>_>	64
164e8	time_get<char,std::istreambuf_iterator<char,std::char_traits<char>_>_>	77
16535	time_get<char,std::istreambuf_iterator<char,std::char_traits<char>_>_>	51
16568	time_get<char,std::istreambuf_iterator<char,std::char_traits<char>_>_>	79
165b7	time_get<unsigned_short,std::istreambuf_iterator<unsigned_short,std::char_traits<unsigned_short>_>_>	77
16604	time_get<unsigned_short,std::istreambuf_iterator<unsigned_short,std::char_traits<unsigned_short>_>_>	51
16637	time_get<unsigned_short,std::istreambuf_iterator<unsigned_short,std::char_traits<unsigned_short>_>_>	79
16686	time_get<wchar_t,std::istreambuf_iterator<wchar_t,std::char_traits<wchar_t>_>_>	77
166d3	time_get<wchar_t,std::istreambuf_iterator<wchar_t,std::char_traits<wchar_t>_>_>	51
16706	time_get<wchar_t,std::istreambuf_iterator<wchar_t,std::char_traits<wchar_t>_>_>	79
16755	time_put<char,std::ostreambuf_iterator<char,std::char_traits<char>_>_>	37
1677a	time_put<char,std::ostreambuf_iterator<char,std::char_traits<char>_>_>	83
167cd	time_put<unsigned_short,std::ostreambuf_iterator<unsigned_short,std::char_traits<unsigned_short>_>_>	81
1681e	time_put<unsigned_short,std::ostreambuf_iterator<unsigned_short,std::char_traits<unsigned_short>_>_>	37
16843	time_put<unsigned_short,std::ostreambuf_iterator<unsigned_short,std::char_traits<unsigned_short>_>_>	83
16896	time_put<wchar_t,std::ostreambuf_iterator<wchar_t,std::char_traits<wchar_t>_>_>	81
168e7	time_put<wchar_t,std::ostreambuf_iterator<wchar_t,std::char_traits<wchar_t>_>_>	37
1690c	time_put<wchar_t,std::ostreambuf_iterator<wchar_t,std::char_traits<wchar_t>_>_>	83
1695f	~basic_iostream<char,std::char_traits<char>_>	86
169b5	~basic_iostream<unsigned_short,std::char_traits<unsigned_short>_>	86
16a0b	~basic_iostream<wchar_t,std::char_traits<wchar_t>_>	86
16a61	~basic_istream<unsigned_short,std::char_traits<unsigned_short>_>	28
16a7d	~basic_istream<wchar_t,std::char_traits<wchar_t>_>	28
16a99	~basic_ostream<unsigned_short,std::char_traits<unsigned_short>_>	28
16ab5	~basic_ostream<wchar_t,std::char_traits<wchar_t>_>	28
16ad1	~basic_streambuf<unsigned_short,std::char_traits<unsigned_short>_>	30
16aef	~basic_streambuf<wchar_t,std::char_traits<wchar_t>_>	30
16b0d	??1?$basic_string@GU?$char_traits@G@std@@V?$allocator@G@2@@std@@QAE@XZ	10
16b17	~time_get<char,std::istreambuf_iterator<char,std::char_traits<char>_>_>	22
16b2d	~time_get<unsigned_short,std::istreambuf_iterator<unsigned_short,std::char_traits<unsigned_short>_>_>	22
16b43	~time_get<wchar_t,std::istreambuf_iterator<wchar_t,std::char_traits<wchar_t>_>_>	22
16b59	~time_put<char,std::ostreambuf_iterator<char,std::char_traits<char>_>_>	27
16b74	~time_put<unsigned_short,std::ostreambuf_iterator<unsigned_short,std::char_traits<unsigned_short>_>_>	27
16b8f	~time_put<wchar_t,std::ostreambuf_iterator<wchar_t,std::char_traits<wchar_t>_>_>	27
16baa	operator=	17
16bbb	operator=	21
16bd0	operator=	21
16be5	operator=	21
16bfa	operator=	21
16c0f	operator=	143
16c9e	operator=	148
16d32	operator=	36
16d56	??4?$ostreambuf_iterator@GU?$char_traits@G@std@@@std@@QAEAAV01@G@Z	41
16d7f	operator>>	167
16e26	Catch_All@10016e26	50
16ebd	operator>>	212
16f91	Catch_All@10016f91	50
16fd2	operator>>	167
17079	Catch_All@10017079	50
1710d	operator>>	212
171e1	Catch_All@100171e1	50
17222	operator>>	212
172f6	Catch_All@100172f6	50
17337	operator>>	212
1740b	Catch_All@1001740b	50
1744c	operator>>	212
17520	Catch_All@10017520	50
17561	operator>>	212
17635	Catch_All@10017635	50
17676	operator>>	212
1774a	Catch_All@1001774a	50
1778b	operator>>	212
1785f	Catch_All@1001785f	50
178a0	operator>>	212
17974	Catch_All@10017974	50
179b5	operator>>	212
17a89	Catch_All@10017a89	50
17aca	operator>>	212
17b9e	Catch_All@10017b9e	50
17bdf	operator>>	33
17c00	operator>>	153
17c99	Catch_All@10017c99	6
17ce7	Catch_All@10017ce7	51
17d1b	operator>>	167
17dc2	Catch_All@10017dc2	50
17e59	operator>>	212
17f2d	Catch_All@10017f2d	50
17f6e	operator>>	167
18015	Catch_All@10018015	50
180a9	operator>>	212
1817d	Catch_All@1001817d	50
181be	operator>>	212
18292	Catch_All@10018292	50
182d3	operator>>	212
183a7	Catch_All@100183a7	50
183e8	operator>>	212
184bc	Catch_All@100184bc	50
184fd	operator>>	212
185d1	Catch_All@100185d1	50
18612	operator>>	212
186e6	Catch_All@100186e6	50
18727	operator>>	212
187fb	Catch_All@100187fb	50
1883c	operator>>	212
18910	Catch_All@10018910	50
18951	operator>>	212
18a25	Catch_All@10018a25	50
18a66	operator>>	212
18b3a	Catch_All@10018b3a	50
18b7b	operator>>	169
18c24	Catch_All@10018c24	6
18c72	Catch_All@10018c72	51
18ca6	operator>>	167
18d4d	Catch_All@10018d4d	50
18de4	operator>>	212
18eb8	Catch_All@10018eb8	50
18ef9	operator>>	167
18fa0	Catch_All@10018fa0	50
19034	operator>>	212
19108	Catch_All@10019108	50
19149	operator>>	212
1921d	Catch_All@1001921d	50
1925e	operator>>	212
19332	Catch_All@10019332	50
19373	operator>>	212
19447	Catch_All@10019447	50
19488	operator>>	212
1955c	Catch_All@1001955c	50
1959d	operator>>	212
19671	Catch_All@10019671	50
196b2	operator>>	212
19786	Catch_All@10019786	50
197c7	operator>>	212
1989b	Catch_All@1001989b	50
198dc	operator>>	212
199b0	Catch_All@100199b0	50
199f1	operator>>	212
19ac5	Catch_All@10019ac5	50
19b06	operator>>	169
19baf	Catch_All@10019baf	6
19bfd	Catch_All@10019bfd	51
19c31	operator<<	203
19cfc	Catch_All@10019cfc	50
19d3b	operator<<	169
19de4	Catch_All@10019de4	50
19e23	operator<<	166
19ec9	Catch_All@10019ec9	50
19f08	operator<<	166
19fae	Catch_All@10019fae	50
19fed	operator<<	171
1a098	Catch_All@1001a098	50
1a0d7	operator<<	171
1a182	Catch_All@1001a182	50
1a1c1	operator<<	171
1a26c	Catch_All@1001a26c	50
1a2ab	operator<<	222
1a336	Catch_All@1001a336	44
1a380	Catch_All@1001a380	37
1a3e9	operator<<	166
1a48f	Catch_All@1001a48f	50
1a4ce	operator<<	169
1a577	Catch_All@1001a577	50
1a5b6	operator<<	169
1a65f	Catch_All@1001a65f	50
1a69e	operator<<	166
1a744	Catch_All@1001a744	50
1a783	operator<<	205
1a850	Catch_All@1001a850	50
1a88f	operator<<	168
1a937	Catch_All@1001a937	50
1a976	operator<<	163
1aa19	Catch_All@1001aa19	50
1aa58	operator<<	163
1aafb	Catch_All@1001aafb	50
1ab3a	operator<<	168
1abe2	Catch_All@1001abe2	50
1ac21	operator<<	168
1acc9	Catch_All@1001acc9	50
1ad08	operator<<	168
1adb0	Catch_All@1001adb0	50
1adef	operator>>	12
1adfb	operator<<	242
1ae9a	Catch_All@1001ae9a	44
1aee9	Catch_All@1001aee9	37
1af52	operator<<	163
1aff5	Catch_All@1001aff5	50
1b034	operator<<	166
1b0da	Catch_All@1001b0da	50
1b119	operator<<	166
1b1bf	Catch_All@1001b1bf	50
1b1fe	operator<<	163
1b2a1	Catch_All@1001b2a1	50
1b2e0	operator<<	205
1b3ad	Catch_All@1001b3ad	50
1b3ec	operator<<	168
1b494	Catch_All@1001b494	50
1b4d3	operator<<	163
1b576	Catch_All@1001b576	50
1b5b5	operator<<	163
1b658	Catch_All@1001b658	50
1b697	operator<<	168
1b73f	Catch_All@1001b73f	50
1b77e	operator<<	168
1b826	Catch_All@1001b826	50
1b865	operator<<	168
1b90d	Catch_All@1001b90d	50
1b94c	operator<<	163
1b9ef	Catch_All@1001b9ef	50
1ba2e	operator<<	166
1bad4	Catch_All@1001bad4	50
1bb13	operator<<	166
1bbb9	Catch_All@1001bbb9	50
1bbf8	operator<<	163
1bc9b	Catch_All@1001bc9b	50
1bcda	`vbase_destructor'	26
1bcf4	`vbase_destructor'	26
1bd0e	`vbase_destructor'	26
1bd28	`vbase_destructor'	44
1bd54	`vbase_destructor'	44
1bd80	`vbase_destructor'	44
1bdac	`vbase_destructor'	44
1bdd8	??_E?$basic_ios@_WU?$char_traits@_W@std@@@std@@UAEPAXI@Z	82
1be2a	??_E?$basic_iostream@DU?$char_traits@D@std@@@std@@$4PPPPPPPM@A@AEPAXI@Z	8
1be32	??_E?$basic_iostream@DU?$char_traits@D@std@@@std@@UAEPAXI@Z	75
1be7d	??_E?$basic_iostream@GU?$char_traits@G@std@@@std@@$4PPPPPPPM@A@AEPAXI@Z	8
1be85	??_E?$basic_iostream@GU?$char_traits@G@std@@@std@@UAEPAXI@Z	75
1bed0	??_E?$basic_iostream@_WU?$char_traits@_W@std@@@std@@$4PPPPPPPM@A@AEPAXI@Z	8
1bed8	??_E?$basic_iostream@_WU?$char_traits@_W@std@@@std@@UAEPAXI@Z	75
1bf23	??_E?$basic_istream@DU?$char_traits@D@std@@@std@@UAEPAXI@Z	75
1bf6e	??_E?$basic_istream@GU?$char_traits@G@std@@@std@@$4PPPPPPPM@A@AEPAXI@Z	8
1bf76	??_E?$basic_istream@GU?$char_traits@G@std@@@std@@UAEPAXI@Z	75
1bfc1	??_E?$basic_istream@_WU?$char_traits@_W@std@@@std@@$4PPPPPPPM@A@AEPAXI@Z	8
1bfc9	??_E?$basic_istream@_WU?$char_traits@_W@std@@@std@@UAEPAXI@Z	75
1c014	??_E?$basic_ostream@DU?$char_traits@D@std@@@std@@UAEPAXI@Z	75
1c05f	??_E?$basic_ostream@GU?$char_traits@G@std@@@std@@$4PPPPPPPM@A@AEPAXI@Z	8
1c067	??_E?$basic_ostream@GU?$char_traits@G@std@@@std@@UAEPAXI@Z	75
1c0b2	??_E?$basic_ostream@_WU?$char_traits@_W@std@@@std@@$4PPPPPPPM@A@AEPAXI@Z	8
1c0ba	??_E?$basic_ostream@_WU?$char_traits@_W@std@@@std@@UAEPAXI@Z	75
1c105	??_E?$basic_streambuf@DU?$char_traits@D@std@@@std@@UAEPAXI@Z	74
1c14f	??_E?$basic_streambuf@GU?$char_traits@G@std@@@std@@UAEPAXI@Z	74
1c199	??_E?$basic_streambuf@_WU?$char_traits@_W@std@@@std@@UAEPAXI@Z	74
1c1e3	??_E?$num_put@_WV?$ostreambuf_iterator@_WU?$char_traits@_W@std@@@std@@@std@@MAEPAXI@Z	75
1c22e	??_E?$time_get@DV?$istreambuf_iterator@DU?$char_traits@D@std@@@std@@@std@@MAEPAXI@Z	86
1c284	??_E?$time_get@GV?$istreambuf_iterator@GU?$char_traits@G@std@@@std@@@std@@MAEPAXI@Z	86
1c2da	??_E?$time_get@_WV?$istreambuf_iterator@_WU?$char_traits@_W@std@@@std@@@std@@MAEPAXI@Z	86
1c330	??_E?$time_put@DV?$ostreambuf_iterator@DU?$char_traits@D@std@@@std@@@std@@MAEPAXI@Z	74
1c37a	??_E?$time_put@GV?$ostreambuf_iterator@GU?$char_traits@G@std@@@std@@@std@@MAEPAXI@Z	74
1c3c4	??_E?$time_put@_WV?$ostreambuf_iterator@_WU?$char_traits@_W@std@@@std@@@std@@MAEPAXI@Z	74
1c40e	`default_constructor_closure'	8
1c416	`default_constructor_closure'	8
1c41e	`default_constructor_closure'	8
1c426	`default_constructor_closure'	8
1c42e	`default_constructor_closure'	8
1c436	`default_constructor_closure'	8
1c43e	`default_constructor_closure'	8
1c446	`default_constructor_closure'	8
1c44e	`default_constructor_closure'	8
1c456	`default_constructor_closure'	8
1c45e	`default_constructor_closure'	8
1c466	`default_constructor_closure'	8
1c46e	`default_constructor_closure'	8
1c476	??_E?$numpunct@D@std@@MAEPAXI@Z	43
1c4a1	??_G?$numpunct@G@std@@MAEPAXI@Z	43
1c4cc	??_E?$numpunct@_W@std@@MAEPAXI@Z	43
1c4f7	?_Add_vtordisp1@?$basic_istream@DU?$char_traits@D@std@@@std@@$4PPPPPPPM@A@AEXXZ	8
1c4ff	?_Add_vtordisp1@?$basic_istream@DU?$char_traits@D@std@@@std@@$4PPPPPPPM@7AEXXZ	11
1c50a	?_Assign_rv@?$basic_string@DU?$char_traits@D@std@@V?$allocator@D@2@@std@@QAEX$$QAV12@@Z	79
1c559	?_Assign_rv@?$basic_string@_WU?$char_traits@_W@std@@V?$allocator@_W@2@@std@@QAEX$$QAV12@@Z	78
1c5a7	?_Chassign@?$basic_string@GU?$char_traits@G@std@@V?$allocator@G@2@@std@@QAEXIIG@Z	65
1c5e8	?_Copy@?$basic_string@GU?$char_traits@G@std@@V?$allocator@G@2@@std@@QAEXII@Z	96
1c648	Catch_All@1001c648	33
1c6c2	Catch_All@1001c6c2	21
1c6d8	_Ffmt	149
1c76d	_Fput	860
1cac9	_Fput	874
1ce33	_Fput	874
1d19d	_Getcat	104
1d205	_Getcat	104
1d26d	_Getcat	104
1d2d5	_Getcat	104
1d33d	_Getcat	104
1d3a5	_Getcat	104
1d40d	?_Getcat@?$numpunct@D@std@@SAIPAPBVfacet@locale@2@PBV42@@Z	123
1d488	?_Getcat@?$numpunct@G@std@@SAIPAPBVfacet@locale@2@PBV42@@Z	123
1d503	?_Getcat@?$numpunct@_W@std@@SAIPAPBVfacet@locale@2@PBV42@@Z	123
1d57e	_Getcat	108
1d5ea	_Getcat	108
1d656	_Getcat	108
1d6c2	_Getcat	116
1d736	_Getcat	116
1d7aa	_Getcat	116
1d81e	_Getffld	1439
1ddbd	_Getffld	1488
1e38d	_Getffld	1488
1e95d	_Getffldx	1503
1ef3c	_Getffldx	1669
1f5c1	_Getffldx	1669
1fc46	_Getfmt	265
1fd4f	_Getfmt	268
1fe5b	_Getfmt	268
1ff67	_Getifld	858
202c1	_Getifld	940
2066d	_Getifld	940
20a19	_Getint	392
20ba1	_Getint	376
20d19	_Gndec	16
20d29	?_Grow@?$basic_string@GU?$char_traits@G@std@@V?$allocator@G@2@@std@@QAE_NI_N@Z	104
20d92	_Ifmt	118
20e08	_Inc	34
20e2a	?_Inc@?$istreambuf_iterator@_WU?$char_traits@_W@std@@@std@@AAEXXZ	39
20e51	_Init	43
20e7c	?_Init@?$numpunct@D@std@@IAEXABV_Locinfo@2@_N@Z	177
20f2d	Catch_All@10020f2d	17
20f3f	?_Init@?$numpunct@G@std@@IAEXABV_Locinfo@2@_N@Z	232
21027	Catch_All@10021027	17
21039	?_Init@?$numpunct@_W@std@@IAEXABV_Locinfo@2@_N@Z	227
2111c	Catch_All@1002111c	17
2112e	_Init	56
21166	Catch_All@10021166	17
21178	_Init	56
211b0	Catch_All@100211b0	17
211c2	_Init	56
211fa	Catch_All@100211fa	17
2120c	_Init	42
21236	_Init	42
21260	?_Inside@?$basic_string@GU?$char_traits@G@std@@V?$allocator@G@2@@std@@QAE_NPBG@Z	60
2129c	_Iput	679
21543	_Iput	674
217e5	_Iput	674
21a87	?_Maklocwcs@std@@YAPA_WPB_W@Z	63
21ac6	_Peek	36
21aea	?_Peek@?$istreambuf_iterator@_WU?$char_traits@_W@std@@@std@@ABE_WXZ	46
21b18	_Put	49
21b49	_Put	51
21b7c	_Rep	42
21ba6	_Rep	42
21bd0	?_Tidy@?$basic_string@_WU?$char_traits@_W@std@@V?$allocator@_W@2@@std@@QAEX_NI@Z	70
21c16	?_Tidy@?$numpunct@G@std@@AAEXXZ	32
21c36	_Tidy	32
21c56	?append@?$basic_string@DU?$char_traits@D@std@@V?$allocator@D@2@@std@@QAEAAV12@ABV12@II@Z	164
21cfb	?append@?$basic_string@_WU?$char_traits@_W@std@@V?$allocator@_W@2@@std@@QAEAAV12@I_W@Z	98
21d5e	?append@?$basic_string@_WU?$char_traits@_W@std@@V?$allocator@_W@2@@std@@QAEAAV12@ABV12@II@Z	164
21e03	operator=	56
21e3b	??4?$basic_string@GU?$char_traits@G@std@@V?$allocator@G@2@@std@@QAEAAV01@$$QAV01@@Z	37
21e60	?assign@?$basic_string@_WU?$char_traits@_W@std@@V?$allocator@_W@2@@std@@QAEAAV12@ABV12@II@Z	147
21ef4	?assign@?$basic_string@_WU?$char_traits@_W@std@@V?$allocator@_W@2@@std@@QAEAAV12@I_W@Z	79
21f44	?assign@?$basic_string@_WU?$char_traits@_W@std@@V?$allocator@_W@2@@std@@QAEAAV12@PB_W@Z	40
21f6c	?assign@?$basic_string@_WU?$char_traits@_W@std@@V?$allocator@_W@2@@std@@QAEAAV12@PB_WI@Z	121
21fe5	clear	27
22000	?copy@?$char_traits@G@std@@SAPAGPAGPBGI@Z	34
22022	copyfmt	34
22044	copyfmt	36
22068	?do_decimal_point@?$numpunct@G@std@@MBEGXZ	5
2206d	?do_falsename@?$numpunct@_W@std@@MBE?AV?$basic_string@_WU?$char_traits@_W@std@@V?$allocator@_W@2@@2@XZ	26
22087	do_get	201
22150	do_get	197
22215	do_get	176
222c5	do_get	176
22375	do_get	190
22433	do_get	194
224f5	do_get	194
225b7	do_get	178
22669	do_get	181
2271e	do_get	181
227d3	do_get	426
2297d	do_get	201
22a46	do_get	197
22b0b	do_get	176
22bbb	do_get	176
22c6b	do_get	190
22d29	do_get	194
22deb	do_get	194
22ead	do_get	178
22f5f	do_get	181
23014	do_get	181
230c9	do_get	440
23281	do_get	201
2334a	do_get	197
2340f	do_get	176
234bf	do_get	176
2356f	do_get	190
2362d	do_get	194
236ef	do_get	194
237b1	do_get	178
23863	do_get	181
23918	do_get	181
239cd	do_get	440
23b85	do_get	718
23eea	do_get	718
2424f	do_get	718
245b4	do_get_date	1113
24a0d	do_get_date	1107
24e60	do_get_date	1107
252b3	do_get_monthname	64
252f3	do_get_monthname	64
25333	do_get_time	258
25435	do_get_time	258
25537	do_get_time	258
25639	do_get_weekday	64
25679	do_get_weekday	64
256b9	do_get_year	152
25751	do_get_year	152
257e9	do_get_year	152
25881	?do_grouping@?$numpunct@G@std@@MBE?AV?$basic_string@DU?$char_traits@D@std@@V?$allocator@D@2@@2@XZ	26
2589b	do_put	108
25907	do_put	108
25973	do_put	439
25b2a	do_put	413
25cc7	do_put	92
25d23	do_put	111
25d92	do_put	111
25e01	do_put	341
25f56	do_put	108
25fc4	do_put	108
26030	do_put	439
261e7	do_put	413
26384	do_put	92
263e0	do_put	111
2644f	do_put	111
264be	do_put	350
2661c	do_put	108
26688	do_put	108
266f4	do_put	439
268ab	do_put	413
26a48	do_put	92
26aa4	do_put	111
26b13	do_put	111
26b82	do_put	350
26ce0	do_put	211
26db3	do_put	233
26e9c	?do_thousands_sep@?$numpunct@D@std@@MBEDXZ	4
26ea0	egptr	14
26eae	epptr	14
26ebc	equal	59
26ef7	?equal@?$istreambuf_iterator@_WU?$char_traits@_W@std@@@std@@QBE_NABV12@@Z	59
26f32	?erase@?$basic_string@GU?$char_traits@G@std@@V?$allocator@G@2@@std@@QAEAAV12@I@Z	50
26f65	?erase@?$basic_string@_WU?$char_traits@_W@std@@V?$allocator@_W@2@@std@@QAEAAV12@II@Z	131
26fe9	?curr_symbol@?$_Mpunct@D@std@@QBE?AV?$basic_string@DU?$char_traits@D@std@@V?$allocator@D@2@@2@XZ	23
27000	fill	16
27010	fill	4
27014	fill	19
27027	fill	5
2702c	gbump	23
27043	gcount	7
2704a	get	28
27066	get	39
2708d	get	154
27127	Catch_All@10027127	6
27176	Catch_All@10027176	51
271b9	get	45
271e6	get	257
272e7	Catch_All@100272e7	50
2732d	get	143
273bc	Catch_All@100273bc	50
2742c	get	37
27451	get	39
27478	get	171
27523	Catch_All@10027523	6
27572	Catch_All@10027572	51
275b5	get	45
275e2	get	272
276f2	Catch_All@100276f2	50
27738	get	156
277d4	Catch_All@100277d4	50
27845	get	39
2786c	get	171
27917	Catch_All@10027917	6
27966	Catch_All@10027966	51
279a9	get	37
279ce	get	45
279fb	get	272
27b0b	Catch_All@10027b0b	50
27b51	get	156
27bed	Catch_All@10027bed	50
27c5e	get	39
27c85	get	39
27cac	get	39
27cd3	get	39
27cfa	get	39
27d21	get	39
27d48	get	39
27d6f	get	39
27d96	get	39
27dbd	get	45
27dea	get	502
27fe0	get	498
281d2	get	498
283c4	get	39
283eb	get	39
28412	getline	45
2843f	getline	299
2856a	Catch_All@1002856a	50
285b0	getline	45
285dd	getline	314
28717	Catch_All@10028717	50
2875d	getline	45
2878a	getline	314
288c4	Catch_All@100288c4	50
2890a	getloc	31
28929	?grouping@?$_Mpunct@_W@std@@QBE?AV?$basic_string@DU?$char_traits@D@std@@V?$allocator@D@2@@2@XZ	23
28940	ignore	241
289fe	Catch_All@100289fe	50
28a70	ignore	250
28b37	Catch_All@10028b37	50
28ba9	ignore	250
28c70	Catch_All@10028c70	50
28ce2	imbue	82
28d34	in_avail	34
28d56	init	74
28da0	init	74
28dea	?insert@?$basic_string@DU?$char_traits@D@std@@V?$allocator@D@2@@std@@QAEAAV12@IID@Z	176
28e9b	?insert@?$basic_string@GU?$char_traits@G@std@@V?$allocator@G@2@@std@@QAEAAV12@IIG@Z	176
28f4c	ipfx	9
28f55	ipfx	9
28f5e	ipfx	9
28f67	move	26
28f81	move	26
28f9b	?move@?$char_traits@_W@std@@SAPA_WPA_WPB_WI@Z	35
28fbe	narrow	67
29001	narrow	67
29044	narrow	67
29087	opfx	44
290b3	osfx	5
290b8	overflow	8
290c0	pbase	6
290c6	pbump	23
290dd	peek	111
2914c	Catch_All@1002914c	50
291bb	peek	129
2923c	Catch_All@1002923c	50
292ad	peek	129
2932e	Catch_All@1002932e	50
2939f	pptr	6
293a5	pubimbue	79
293f4	pubseekoff	30
29412	pubseekpos	42
2943c	pubsetbuf	21
29451	put	38
29477	put	38
2949d	put	33
294be	put	36
294e2	put	33
29503	put	36
29527	put	33
29548	put	33
29569	put	290
2968b	put	301
297b8	put	301
298e5	putback	190
299a3	Catch_All@100299a3	50
299e6	putback	198
29aac	Catch_All@10029aac	50
29aef	putback	198
29bb5	Catch_All@10029bb5	50
29bf8	rdbuf	38
29c1e	read	176
29cce	Catch_All@10029cce	51
29d11	read	176
29dc1	Catch_All@10029dc1	51
29e04	read	176
29eb4	Catch_All@10029eb4	51
29ef7	readsome	199
29fbe	readsome	199
2a085	readsome	199
2a14c	seekg	202
2a216	seekg	195
2a2d9	seekg	202
2a3a3	seekg	195
2a466	seekg	202
2a530	seekg	195
2a5f3	seekoff	38
2a619	seekp	145
2a6aa	seekp	139
2a735	set_rdbuf	13
2a742	setbuf	5
2a747	setg	37
2a76c	setp	35
2a78f	setp	37
2a7b4	setp	34
2a7d6	setstate	17
2a7e7	sgetn	21
2a7fc	showmanyc	5
2a801	sputbackc	60
2a83d	sputbackc	63
2a87c	sputn	21
2a891	stossc	34
2a8b3	stossc	35
2a8d6	sungetc	41
2a8ff	sungetc	49
2a930	swap	46
2a95e	swap	50
2a990	swap	68
2a9d4	swap	68
2aa18	swap	46
2aa46	swap	46
2aa74	swap	217
2ab4d	swap	229
2ac32	sync	143
2acc1	sync	143
2ad50	sync	143
2addf	tellg	171
2ae8a	tellg	171
2af35	tellg	171
2afe0	tellp	118
2b056	uflow	41
2b07f	underflow	6
2b085	unget	185
2b13e	Catch_All@1002b13e	50
2b181	unget	193
2b242	Catch_All@1002b242	50
2b285	unget	193
2b346	Catch_All@1002b346	50
2b389	widen	64
2b3c9	widen	64
2b409	write	86
2b45f	Catch_All@1002b45f	51
2b4be	xsgetn	236
2b5aa	xsputn	235
2b695	ldexpf	31
2b6b4	_wmemset	42
2b6de	resetiosflags	20
2b702	sbfun	62
2b740	setbase	20
2b754	setiosflags	20
2b768	setprecision	26
2b782	setw	26
2b79c	sifun	26
2b7de	??1_Init_atexit@@QAE@XZ	2
2b807	_Atexit	48
2b837	_Init_cnt_func	6
2b83d	_Init_ctor	27
2b858	_Init_dtor	53
2b88d	_Locimp_Addfac	154
2b927	_Locimp_ctor	164
2b9cb	_Locinfo_Addcats	157
2ba69	_Locinfo_ctor	55
2baa0	_Makeloc	584
2bce8	global	188
2bdae	get_new_handler	34
2bdd0	set_new_handler	60
2be0c	_Syserror_map	42
2be36	_Winerror_map	42
2be60	??$_Fgetc@G@std@@YA_NAAGPAU_iobuf@@@Z	40
2be88	??$_Fputc@G@std@@YA_NGPAU_iobuf@@@Z	32
2bea8	??$_Ungetc@G@std@@YA_NABGPAU_iobuf@@@Z	36
2becc	??$use_facet@V?$codecvt@GDH@std@@@std@@YAABV?$codecvt@GDH@0@ABVlocale@0@@Z	154
2bf66	??0?$basic_filebuf@GU?$char_traits@G@std@@@std@@QAE@PAU_iobuf@@@Z	57
2bf9f	??0_Init_ushcerr@std@@QAE@XZ	48
2bfcf	??1?$basic_filebuf@GU?$char_traits@G@std@@@std@@UAE@XZ	41
2bff8	??_E?$basic_filebuf@GU?$char_traits@G@std@@@std@@UAEPAXI@Z	31
2c017	?close@?$basic_filebuf@GU?$char_traits@G@std@@@std@@QAEPAV12@XZ	87
2c06e	?imbue@?$basic_filebuf@GU?$char_traits@G@std@@@std@@MAEXABVlocale@2@@Z	28
2c08a	?pbackfail@?$basic_filebuf@GU?$char_traits@G@std@@@std@@MAEGG@Z	147
2c11d	?setbuf@?$basic_filebuf@GU?$char_traits@G@std@@@std@@MAEPAV?$basic_streambuf@GU?$char_traits@G@std@@@2@PAG_J@Z	104
2c185	?sync@?$basic_filebuf@_WU?$char_traits@_W@std@@@std@@MAEHXZ	51
2c1b8	??0_Init_ushcout@std@@QAE@XZ	89
2c211	_UShinit	30
2c22f	~_UShinit	53
2c264	uncaught_exception	6
2c26a	??$use_facet@V?$codecvt@_WDH@std@@@std@@YAABV?$codecvt@_WDH@0@ABVlocale@0@@Z	154
2c304	??0?$basic_filebuf@_WU?$char_traits@_W@std@@@std@@QAE@PAU_iobuf@@@Z	57
2c33d	??0_Init_wcerr@std@@QAE@XZ	48
2c36d	??1?$basic_filebuf@_WU?$char_traits@_W@std@@@std@@UAE@XZ	41
2c396	??_G?$basic_filebuf@_WU?$char_traits@_W@std@@@std@@UAEPAXI@Z	31
2c3b5	?_Endwrite@?$basic_filebuf@GU?$char_traits@G@std@@@std@@IAE_NXZ	277
2c4ca	?_Initcvt@?$basic_filebuf@_WU?$char_traits@_W@std@@@std@@IAEXPBV?$codecvt@_WDH@2@@Z	43
2c4f5	?_Reset_back@?$basic_filebuf@_WU?$char_traits@_W@std@@@std@@AAEXXZ	35
2c518	?_Set_back@?$basic_filebuf@GU?$char_traits@G@std@@@std@@AAEXXZ	59
2c553	?_Unlock@?$basic_filebuf@_WU?$char_traits@_W@std@@@std@@UAEXXZ	17
2c564	?close@?$basic_filebuf@_WU?$char_traits@_W@std@@@std@@QAEPAV12@XZ	87
2c5bb	?imbue@?$basic_filebuf@_WU?$char_traits@_W@std@@@std@@MAEXABVlocale@2@@Z	28
2c5d7	?overflow@?$basic_filebuf@GU?$char_traits@G@std@@@std@@MAEGG@Z	431
2c786	?seekoff@?$basic_filebuf@_WU?$char_traits@_W@std@@@std@@MAE?AV?$fpos@H@2@_JHH@Z	189
2c843	?seekpos@?$basic_filebuf@GU?$char_traits@G@std@@@std@@MAE?AV?$fpos@H@2@V32@H@Z	185
2c8fc	?setbuf@?$basic_filebuf@_WU?$char_traits@_W@std@@@std@@MAEPAV?$basic_streambuf@_WU?$char_traits@_W@std@@@2@PA_W_J@Z	104
2c964	?uflow@?$basic_filebuf@GU?$char_traits@G@std@@@std@@MAEGXZ	411
2caff	?underflow@?$basic_filebuf@_WU?$char_traits@_W@std@@@std@@MAEGXZ	62
2cb3d	??0_Init_wcout@std@@QAE@XZ	89
2cb96	towctrans	33
2cbb7	wctrans	63
2cbf6	wctype	63
2cc35	_Winit	30
2cc53	~_Winit	53
2cc88	_Mbrtowc	342
2cdde	_Getcoll	36
2ce02	_Strcoll	152
2ce9a	_Strxfrm	168
2cf42	_Getcvt	109
2cfaf	_Wcrtomb	93
2d00c	__Wcrtomb_lk	9
2d015	_Close_dir	14
2d023	_Copy_file	110
2d091	_Copy_file	35
2d0b4	_Current_get	97
2d115	_Current_get	97
2d176	_Current_set	34
2d198	_Current_set	34
2d1ba	_Equivalent	103
2d221	_Equivalent	237
2d30e	_File_size	70
2d354	_File_size	60
2d3a9	_Last_write_time	74
2d3f3	_Last_write_time	95
2d452	_Last_write_time	70
2d498	_Last_write_time	85
2d4ed	_Link	133
2d572	_Link	61
2d5af	_Lstat	9
2d5b8	_Lstat	9
2d5c1	_Make_dir	42
2d5eb	_Make_dir	42
2d615	_Map_mode	32
2d635	_Open_dir	138
2d6bf	_Open_dir	264
2d7c7	_Read_dir	105
2d830	_Read_dir	173
2d8dd	_Remove_dir	23
2d8f4	_Remove_dir	23
2d90b	_Rename	30
2d929	_Rename	30
2d947	_Stat	85
2d99c	_Stat	134
2da22	_Statvfs	136
2daaa	_Statvfs	223
2db89	_Strcpy	50
2dbbb	_Strcpy	63
2dbfa	_Symlink	133
2dc7f	_Symlink	64
2dcbf	_To_byte	35
2dce2	_To_wide	32
2dd02	_Unlink	26
2dd1c	_Unlink	26
2dd36	?append@?$basic_string@_WU?$char_traits@_W@std@@V?$allocator@_W@2@@std@@QAEAAV12@PB_WI@Z	162
2ddd9	_Throw_C_error	44
2de06	_Throw_Cpp_error	71
2de4e	_Do_call	11
2de8e	_Call_onceEx	66
2df5f	_Cnd_broadcast	18
2df71	_Cnd_destroy	35
2df94	_Cnd_init	48
2dfc4	_Cnd_signal	18
2dfd6	_Cnd_timedwait	9
2dfdf	_Cnd_wait	21
2dff4	_Thrd_create	154
2e08e	_Thrd_current	74
2e0d8	_Thrd_detach	24
2e0f0	_Thrd_equal	16
2e100	_Thrd_exit	15
2e10f	_Thrd_join	75
2e15a	_Thrd_lt	15
2e169	_Thrd_sleep	113
2e1da	_Thrd_start	46
2e208	_Thrd_yield	9
2e211	run	81
2e3c8	_Mtx_clear_owner	19
2e3db	_Mtx_current_owns	37
2e400	_Mtx_destroy	38
2e426	_Mtx_getconcrtcs	13
2e433	_Mtx_init	62
2e471	_Mtx_lock	17
2e482	_Mtx_reset_owner	24
2e49a	_Mtx_timedlock	26
2e4b4	_Mtx_trylock	54
2e4ea	_Mtx_unlock	34
2e50c	_Call_once	126
2e596	_Pad	83
2e5e9	??1_Auto_cnd@std@@QAE@XZ	15
2e5f8	??1_Auto_mtx@std@@QAE@XZ	15
2e607	~_Pad	38
2e62d	?_Cnd_initX@std@@YAHPAPAU_Cnd_internal_imp_t@@@Z	31
2e64c	?_Cnd_signalX@std@@YAHPAPAU_Cnd_internal_imp_t@@@Z	31
2e66b	_Cnd_waitX	35
2e68e	_Launch	59
2e6c9	_Mtx_initX	35
2e6ec	_Mtx_lockX	31
2e70b	_Mtx_unlockX	31
2e72a	_Release	38
2e750	_Thrd_startX	47
2e7a7	Catch_All@1002e7a7	6
2e7ae	??0lock_error@threads@stdext@@QAE@ABV012@@Z	28
2e7ca	??0lock_error@threads@stdext@@QAE@XZ	35
2e7ed	??0thread_resource_error@threads@stdext@@QAE@ABV012@@Z	28
2e809	??0thread_resource_error@threads@stdext@@QAE@XZ	35
2e82c	_Throw_lock_error	28
2e849	_Throw_resource_error	28
2e866	_Tss_create	26
2e880	_Tss_delete	84
2e8d4	__Tss_destroy	99
2e937	_Tss_get	28
2e953	_Tss_set	34
2e975	alloc_tss	121
2eabc	_Xtime_diff_to_millis	57
2eaf5	_Xtime_diff_to_millis2	66
2eb37	_Xtime_get_ticks	39
2eb5e	xtime_diff	157
2ebfb	xtime_get	67
2ec3e	_Cnd_do_broadcast_at_thread_exit	208
2ed0e	_Cnd_register_at_thread_exit	180
2edc2	_Cnd_unregister_at_thread_exit	116
2ee4f	__Feraise	43
2ee7a	_Dscale	624
2f0ea	_FDscale	408
2f282	_LDscale	9
2f28b	_LPoly	37
2f2b0	_Init_locks	47
2f2df	_Lockit	51
2f312	_Lockit	18
2f324	~_Init_locks	41
2f34d	~_Lockit	36
2f371	_Init_locks_ctor	41
2f39a	_Lockit_ctor	12
2f3a6	_Lockit_ctor	45
2f3d3	_Lockit_ctor	39
2f3fa	_Lockit_dtor	25
2f413	_Lockit_dtor	39
2f43a	_Getctype	114
2f4ac	_Tolower	257
2f5ad	_Getdateorder	74
2f5f7	_Toupper	257
2f6f8	_Getwctype	34
2f71a	_Getwctypes	31
2f739	_Towlower	102
2f79f	_Towupper	106
2f809	??1_Fac_node@std@@QAE@XZ	21
2f81e	??1_Fac_tidy_reg_t@std@@QAE@XZ	36
2f842	?_Facet_Register@std@@YAXPAV_Facet_base@1@@Z	40
2f86a	_Getgloballocale	6
2f870	_Init	124
2f8ec	_Locimp_dtor	90
2f946	_Locinfo_ctor	77
2f993	_Locinfo_dtor	27
2f9ae	_New_Locimp	48
2f9de	_New_Locimp	31
2f9fd	_Setgloballocale	40
2fa25	classic	14
2fa33	empty	33
2fa54	__Deletegloballocale	31
2fa73	tidy_global	42
2fa9d	_Addstd	82
2faef	_Ios_base_dtor	61
2fb2c	??_U@YAPAXI@Z	9
2fb35	_Stof	24
2fb4d	_Stofx	518
2fd53	_Stod	24
2fd6b	_Stodx	590
2ffb9	_Stold	24
2ffd1	_Stoldx	590
3021f	_Stolx	164
302c3	_Stoul	24
302db	_Stoulx	386
3045d	_Stoll	24
30475	_Stollx	204
30541	_Stoull	24
30559	_Stoullx	497
3074a	_Getvals<unsigned_short>	146
307dc	_Getvals<wchar_t>	108
30848	_LStrcoll<unsigned_short>	77
30895	??$_LStrxfrm@G@std@@YAIPAG0PBG1PBU_Collvec@@@Z	52
308c9	??$use_facet@V?$collate@G@std@@@std@@YAABV?$collate@G@0@ABVlocale@0@@Z	154
30963	??$use_facet@V?$collate@_W@std@@@std@@YAABV?$collate@_W@0@ABVlocale@0@@Z	154
309fd	??$use_facet@V?$messages@G@std@@@std@@YAABV?$messages@G@0@ABVlocale@0@@Z	154
30a97	??$use_facet@V?$messages@_W@std@@@std@@YAABV?$messages@_W@0@ABVlocale@0@@Z	154
30b31	??$use_facet@V?$money_get@GV?$istreambuf_iterator@GU?$char_traits@G@std@@@std@@@std@@@std@@YAABV?$money_get@GV?$istreambuf_iterator@GU?$char_traits@G@std@@@std@@@0@ABVlocale@0@@Z	154
30bcb	??$use_facet@V?$money_get@_WV?$istreambuf_iterator@_WU?$char_traits@_W@std@@@std@@@std@@@std@@YAABV?$money_get@_WV?$istreambuf_iterator@_WU?$char_traits@_W@std@@@std@@@0@ABVlocale@0@@Z	154
30c65	??$use_facet@V?$money_put@GV?$ostreambuf_iterator@GU?$char_traits@G@std@@@std@@@std@@@std@@YAABV?$money_put@GV?$ostreambuf_iterator@GU?$char_traits@G@std@@@std@@@0@ABVlocale@0@@Z	154
30cff	??$use_facet@V?$money_put@_WV?$ostreambuf_iterator@_WU?$char_traits@_W@std@@@std@@@std@@@std@@YAABV?$money_put@_WV?$ostreambuf_iterator@_WU?$char_traits@_W@std@@@std@@@0@ABVlocale@0@@Z	154
30d99	??$use_facet@V?$moneypunct@G$00@std@@@std@@YAABV?$moneypunct@G$00@0@ABVlocale@0@@Z	154
30e33	??$use_facet@V?$moneypunct@G$0A@@std@@@std@@YAABV?$moneypunct@G$0A@@0@ABVlocale@0@@Z	154
30ecd	??$use_facet@V?$moneypunct@_W$00@std@@@std@@YAABV?$moneypunct@_W$00@0@ABVlocale@0@@Z	154
30f67	??$use_facet@V?$moneypunct@_W$0A@@std@@@std@@YAABV?$moneypunct@_W$0A@@0@ABVlocale@0@@Z	154
31001	??$use_facet@V?$time_get@GV?$istreambuf_iterator@GU?$char_traits@G@std@@@std@@@std@@@std@@YAABV?$time_get@GV?$istreambuf_iterator@GU?$char_traits@G@std@@@std@@@0@ABVlocale@0@@Z	154
3109b	??$use_facet@V?$time_get@_WV?$istreambuf_iterator@_WU?$char_traits@_W@std@@@std@@@std@@@std@@YAABV?$time_get@_WV?$istreambuf_iterator@_WU?$char_traits@_W@std@@@std@@@0@ABVlocale@0@@Z	154
31135	??$use_facet@V?$time_put@GV?$ostreambuf_iterator@GU?$char_traits@G@std@@@std@@@std@@@std@@YAABV?$time_put@GV?$ostreambuf_iterator@GU?$char_traits@G@std@@@std@@@0@ABVlocale@0@@Z	154
311cf	??$use_facet@V?$time_put@_WV?$ostreambuf_iterator@_WU?$char_traits@_W@std@@@std@@@std@@@std@@YAABV?$time_put@_WV?$ostreambuf_iterator@_WU?$char_traits@_W@std@@@std@@@0@ABVlocale@0@@Z	154
31269	basic_string<char,std::char_traits<char>,std::allocator<char>_>	35
3128c	??0?$basic_string@_WU?$char_traits@_W@std@@V?$allocator@_W@2@@std@@QAE@PB_WI@Z	40
312b4	??0?$basic_string@_WU?$char_traits@_W@std@@V?$allocator@_W@2@@std@@QAE@ABV01@@Z	40
312dc	??1?$collate@G@std@@MAE@XZ	27
312f7	??1?$collate@_W@std@@MAE@XZ	27
31312	??_G?$moneypunct@G$00@std@@MAEPAXI@Z	43
3133d	??_G?$collate@G@std@@MAEPAXI@Z	31
3135c	??_G?$collate@_W@std@@MAEPAXI@Z	31
3137b	??_E?$_Mpunct@_W@std@@MAEPAXI@Z	43
313a6	?_Getcat@?$collate@G@std@@SAIPAPBVfacet@locale@2@PBV42@@Z	162
31448	?_Getcat@?$collate@_W@std@@SAIPAPBVfacet@locale@2@PBV42@@Z	162
314ea	?_Getcat@?$messages@G@std@@SAIPAPBVfacet@locale@2@PBV42@@Z	104
31552	?_Getcat@?$messages@_W@std@@SAIPAPBVfacet@locale@2@PBV42@@Z	104
315ba	?_Getcat@?$money_get@GV?$istreambuf_iterator@GU?$char_traits@G@std@@@std@@@std@@SAIPAPBVfacet@locale@2@PBV42@@Z	104
31622	?_Getcat@?$money_get@_WV?$istreambuf_iterator@_WU?$char_traits@_W@std@@@std@@@std@@SAIPAPBVfacet@locale@2@PBV42@@Z	104
3168a	?_Getcat@?$money_put@GV?$ostreambuf_iterator@GU?$char_traits@G@std@@@std@@@std@@SAIPAPBVfacet@locale@2@PBV42@@Z	104
316f2	?_Getcat@?$money_put@_WV?$ostreambuf_iterator@_WU?$char_traits@_W@std@@@std@@@std@@SAIPAPBVfacet@locale@2@PBV42@@Z	104
3175a	?_Getcat@?$moneypunct@G$00@std@@SAIPAPBVfacet@locale@2@PBV42@@Z	132
317de	?_Getcat@?$moneypunct@G$0A@@std@@SAIPAPBVfacet@locale@2@PBV42@@Z	133
31863	?_Getcat@?$moneypunct@_W$00@std@@SAIPAPBVfacet@locale@2@PBV42@@Z	132
318e7	?_Getcat@?$moneypunct@_W$0A@@std@@SAIPAPBVfacet@locale@2@PBV42@@Z	133
3196c	?_Getmfld@?$money_get@GV?$istreambuf_iterator@GU?$char_traits@G@std@@@std@@@std@@ABE?AV?$basic_string@DU?$char_traits@D@std@@V?$allocator@D@2@@2@AAV?$istreambuf_iterator@GU?$char_traits@G@std@@@2@0_NAAVios_base@2@PAG@Z	2640
323bc	?_Getmfld@?$money_get@_WV?$istreambuf_iterator@_WU?$char_traits@_W@std@@@std@@@std@@ABE?AV?$basic_string@DU?$char_traits@D@std@@V?$allocator@D@2@@2@AAV?$istreambuf_iterator@_WU?$char_traits@_W@std@@@2@0_NAAVios_base@2@PA_W@Z	2640
32e0c	_Hash_seq	42
32e36	?_Init@?$_Mpunct@G@std@@IAEXABV_Locinfo@2@_N@Z	216
32f0e	Catch_All@10032f0e	17
32f20	?_Init@?$_Mpunct@_W@std@@IAEXABV_Locinfo@2@_N@Z	216
32ff8	Catch_All@10032ff8	17
3300a	_Makeushloc	1450
335b4	_Makewloc	1450
33b5e	?_Put@?$money_put@GV?$ostreambuf_iterator@GU?$char_traits@G@std@@@std@@@std@@CA?AV?$ostreambuf_iterator@GU?$char_traits@G@std@@@2@V32@V?$_String_const_iterator@V?$_String_val@U?$_Simple_types@G@std@@@std@@@2@I@Z	55
33b95	?_Putmfld@?$money_put@GV?$ostreambuf_iterator@GU?$char_traits@G@std@@@std@@@std@@ABE?AV?$ostreambuf_iterator@GU?$char_traits@G@std@@@2@V32@_NAAVios_base@2@G1V?$basic_string@GU?$char_traits@G@std@@V?$allocator@G@2@@2@G@Z	1374
340f3	?_Putmfld@?$money_put@_WV?$ostreambuf_iterator@_WU?$char_traits@_W@std@@@std@@@std@@ABE?AV?$ostreambuf_iterator@_WU?$char_traits@_W@std@@@2@V32@_NAAVios_base@2@_W1V?$basic_string@_WU?$char_traits@_W@std@@V?$allocator@_W@2@@2@3@Z	1374
34651	?_Rep@?$money_put@_WV?$ostreambuf_iterator@_WU?$char_traits@_W@std@@@std@@@std@@CA?AV?$ostreambuf_iterator@_WU?$char_traits@_W@std@@@2@V32@_WI@Z	42
3467b	?_Tidy@?$_Mpunct@G@std@@AAEXXZ	40
346a3	do_compare	49
346d4	?do_compare@?$collate@_W@std@@MBEHPB_W000@Z	49
34705	?do_get@?$messages@_W@std@@MBE?AV?$basic_string@_WU?$char_traits@_W@std@@V?$allocator@_W@2@@2@HHHABV32@@Z	26
3471f	?do_get@?$money_get@GV?$istreambuf_iterator@GU?$char_traits@G@std@@@std@@@std@@MBE?AV?$istreambuf_iterator@GU?$char_traits@G@std@@@2@V32@0_NAAVios_base@2@AAHAAO@Z	168
347c7	?do_get@?$money_get@GV?$istreambuf_iterator@GU?$char_traits@G@std@@@std@@@std@@MBE?AV?$istreambuf_iterator@GU?$char_traits@G@std@@@2@V32@0_NAAVios_base@2@AAHAAV?$basic_string@GU?$char_traits@G@std@@V?$allocator@G@2@@2@@Z	222
348a5	?do_get@?$money_get@_WV?$istreambuf_iterator@_WU?$char_traits@_W@std@@@std@@@std@@MBE?AV?$istreambuf_iterator@_WU?$char_traits@_W@std@@@2@V32@0_NAAVios_base@2@AAHAAO@Z	168
3494d	?do_get@?$money_get@_WV?$istreambuf_iterator@_WU?$char_traits@_W@std@@@std@@@std@@MBE?AV?$istreambuf_iterator@_WU?$char_traits@_W@std@@@2@V32@0_NAAVios_base@2@AAHAAV?$basic_string@_WU?$char_traits@_W@std@@V?$allocator@_W@2@@2@@Z	222
34a2b	?do_hash@?$collate@G@std@@MBEJPBG0@Z	27
34a46	?do_negative_sign@?$_Mpunct@_W@std@@MBE?AV?$basic_string@_WU?$char_traits@_W@std@@V?$allocator@_W@2@@2@XZ	26
34a60	?do_pos_format@?$_Mpunct@G@std@@MBE?AUpattern@money_base@2@XZ	15
34a6f	?do_positive_sign@?$_Mpunct@_W@std@@MBE?AV?$basic_string@_WU?$char_traits@_W@std@@V?$allocator@_W@2@@2@XZ	26
34a89	?do_put@?$money_put@GV?$ostreambuf_iterator@GU?$char_traits@G@std@@@std@@@std@@MBE?AV?$ostreambuf_iterator@GU?$char_traits@G@std@@@2@V32@_NAAVios_base@2@GABV?$basic_string@GU?$char_traits@G@std@@V?$allocator@G@2@@2@@Z	287
34ba8	?do_put@?$money_put@GV?$ostreambuf_iterator@GU?$char_traits@G@std@@@std@@@std@@MBE?AV?$ostreambuf_iterator@GU?$char_traits@G@std@@@2@V32@_NAAVios_base@2@GO@Z	354
34d0a	?do_put@?$money_put@_WV?$ostreambuf_iterator@_WU?$char_traits@_W@std@@@std@@@std@@MBE?AV?$ostreambuf_iterator@_WU?$char_traits@_W@std@@@2@V32@_NAAVios_base@2@_WABV?$basic_string@_WU?$char_traits@_W@std@@V?$allocator@_W@2@@2@@Z	287
34e29	?do_put@?$money_put@_WV?$ostreambuf_iterator@_WU?$char_traits@_W@std@@@std@@@std@@MBE?AV?$ostreambuf_iterator@_WU?$char_traits@_W@std@@@2@V32@_NAAVios_base@2@_WO@Z	354
34f8b	?do_thousands_sep@?$numpunct@G@std@@MBEGXZ	5
34f90	?do_transform@?$collate@G@std@@MBE?AV?$basic_string@GU?$char_traits@G@std@@V?$allocator@G@2@@2@PBG0@Z	142
3501e	?do_transform@?$collate@_W@std@@MBE?AV?$basic_string@_WU?$char_traits@_W@std@@V?$allocator@_W@2@@2@PB_W0@Z	142
350ac	name	119
35123	?truename@?$numpunct@D@std@@QBE?AV?$basic_string@DU?$char_traits@D@std@@V?$allocator@D@2@@2@XZ	23
3513a	?resize@?$basic_string@GU?$char_traits@G@std@@V?$allocator@G@2@@std@@QAEXIG@Z	46
35168	_Getvals<char>	124
351e4	??$use_facet@V?$collate@D@std@@@std@@YAABV?$collate@D@0@ABVlocale@0@@Z	154
3527e	??$use_facet@V?$messages@D@std@@@std@@YAABV?$messages@D@0@ABVlocale@0@@Z	154
35318	??$use_facet@V?$money_get@DV?$istreambuf_iterator@DU?$char_traits@D@std@@@std@@@std@@@std@@YAABV?$money_get@DV?$istreambuf_iterator@DU?$char_traits@D@std@@@std@@@0@ABVlocale@0@@Z	154
353b2	??$use_facet@V?$money_put@DV?$ostreambuf_iterator@DU?$char_traits@D@std@@@std@@@std@@@std@@YAABV?$money_put@DV?$ostreambuf_iterator@DU?$char_traits@D@std@@@std@@@0@ABVlocale@0@@Z	154
3544c	??$use_facet@V?$moneypunct@D$00@std@@@std@@YAABV?$moneypunct@D$00@0@ABVlocale@0@@Z	154
354e6	??$use_facet@V?$moneypunct@D$0A@@std@@@std@@YAABV?$moneypunct@D$0A@@0@ABVlocale@0@@Z	154
35580	??$use_facet@V?$time_get@DV?$istreambuf_iterator@DU?$char_traits@D@std@@@std@@@std@@@std@@YAABV?$time_get@DV?$istreambuf_iterator@DU?$char_traits@D@std@@@std@@@0@ABVlocale@0@@Z	154
3561a	??$use_facet@V?$time_put@DV?$ostreambuf_iterator@DU?$char_traits@D@std@@@std@@@std@@@std@@YAABV?$time_put@DV?$ostreambuf_iterator@DU?$char_traits@D@std@@@std@@@0@ABVlocale@0@@Z	154
356b4	basic_string<char,std::char_traits<char>,std::allocator<char>_>	38
356da	??1?$collate@D@std@@MAE@XZ	27
356f5	??_E?$moneypunct@D$0A@@std@@MAEPAXI@Z	43
35720	??_G?$collate@D@std@@MAEPAXI@Z	31
3573f	??_G?$money_get@DV?$istreambuf_iterator@DU?$char_traits@D@std@@@std@@@std@@MAEPAXI@Z	32
3575f	_Getcat	162
35801	?_Getcat@?$messages@D@std@@SAIPAPBVfacet@locale@2@PBV42@@Z	104
35869	?_Getcat@?$money_get@DV?$istreambuf_iterator@DU?$char_traits@D@std@@@std@@@std@@SAIPAPBVfacet@locale@2@PBV42@@Z	104
358d1	?_Getcat@?$money_put@DV?$ostreambuf_iterator@DU?$char_traits@D@std@@@std@@@std@@SAIPAPBVfacet@locale@2@PBV42@@Z	104
35939	?_Getcat@?$moneypunct@D$00@std@@SAIPAPBVfacet@locale@2@PBV42@@Z	132
359bd	?_Getcat@?$moneypunct@D$0A@@std@@SAIPAPBVfacet@locale@2@PBV42@@Z	133
35a42	_Getmfld	2558
36440	?_Init@?$_Mpunct@D@std@@IAEXABV_Locinfo@2@_N@Z	216
36518	Catch_All@10036518	17
3652a	_Makexloc	900
368ae	?_Makpat@?$_Mpunct@_W@std@@AAEXAAUpattern@money_base@2@III@Z	75
368f9	_Put	53
3692e	_Putmfld	1338
36e68	_Rep	42
36e92	?do_compare@?$collate@D@std@@MBEHPBD000@Z	49
36ec3	?do_falsename@?$numpunct@D@std@@MBE?AV?$basic_string@DU?$char_traits@D@std@@V?$allocator@D@2@@2@XZ	26
36edd	?do_decimal_point@?$numpunct@D@std@@MBEDXZ	4
36ee1	?do_frac_digits@?$_Mpunct@_W@std@@MBEHXZ	4
36ee5	do_get	26
36eff	?do_get@?$money_get@DV?$istreambuf_iterator@DU?$char_traits@D@std@@@std@@@std@@MBE?AV?$istreambuf_iterator@DU?$char_traits@D@std@@@2@V32@0_NAAVios_base@2@AAHAAO@Z	168
36fa7	do_get	214
3707d	do_hash	24
37095	?do_neg_format@?$_Mpunct@G@std@@MBE?AUpattern@money_base@2@XZ	15
370a4	?do_negative_sign@?$_Mpunct@D@std@@MBE?AV?$basic_string@DU?$char_traits@D@std@@V?$allocator@D@2@@2@XZ	26
370be	?do_open@?$messages@_W@std@@MBEHABV?$basic_string@DU?$char_traits@D@std@@V?$allocator@D@2@@2@ABVlocale@2@@Z	6
370c4	?do_positive_sign@?$_Mpunct@D@std@@MBE?AV?$basic_string@DU?$char_traits@D@std@@V?$allocator@D@2@@2@XZ	26
370de	do_put	297
37207	?do_put@?$money_put@DV?$ostreambuf_iterator@DU?$char_traits@D@std@@@std@@@std@@MBE?AV?$ostreambuf_iterator@DU?$char_traits@D@std@@@2@V32@_NAAVios_base@2@DO@Z	346
37361	do_transform	136
373e9	?negative_sign@?$_Mpunct@D@std@@QBE?AV?$basic_string@DU?$char_traits@D@std@@V?$allocator@D@2@@2@XZ	23
37400	resize	44
3742c	_Dint	252
37528	_Dnorm	367
37697	_Dtento	289
377b8	_Dunscale	148
3784c	_FDint	202
37916	_FDnorm	200
379de	_FDtento	294
37b04	_FDunscale	133
37b89	_FXp_addh	766
37e87	_FXp_addx	67
37eca	_FXp_getw	167
37f71	_FXp_invx	251
3806c	_FXp_ldexpx	67
380af	_FXp_movx	29
380cc	_FXp_mulh	392
38254	_FXp_mulx	212
38328	_FXp_setn	101
3838d	_FXp_setw	130
3840f	_FXp_sqrtx	298
38539	_FXp_subx	69
3857e	_LDint	9
38587	_LDtento	289
386a8	_LDunscale	9
386b1	_LXp_addh	739
38994	_LXp_addx	68
389d8	_LXp_invx	244
38acc	_LXp_ldexpx	61
38b09	_LXp_mulh	380
38c85	_LXp_mulx	211
38d58	_LXp_setn	38
38d7e	_LXp_setw	236
38e6a	_LXp_sqrtx	270
38f78	_LXp_subx	70
38fbe	_Mtxdst	14
38fcc	_Mtxinit	24
38fe4	_Once	57
3901d	_Stoflt	598
39273	_Stopfx	268
3937f	_Stoxflt	651
3960a	_Wcscoll	165
396af	_Wcsxfrm	197
39774	_Xp_addh	739
39a57	_Xp_addx	68
39a9b	_LXp_getw	139
39b26	_Xp_invx	244
39c1a	_LXp_movx	29
39c37	_Xp_mulh	380
39db3	_Xp_mulx	211
39e86	_Xp_setn	38
39eac	_Xp_setw	236
39f98	_Xp_sqrtx	270
3a0a6	_Xp_subx	70
3a0f0	__ftol2_sse	145
3a1a0	__allmul	52
3a1e0	__allshl	31
3a200	__aulldiv	104
3a270	__aulldvrm	149
3a310	__aullshr	31
3a330	??2@YAPAXI@Z	6
3a336	??3@YAXPAX@Z	6
3a33c	_log	6
3a342	`eh_vector_destructor_iterator'	83
3a3b1	__ArrayUnwind	50
3a410	__purecall	6
3a452	__onexit	153
3a4f7	_atexit	21
3a50c	_memcpy	6
3a512	_strlen	6
3a51e	??_V@YAXPAX@Z	6
3a530	?what@exception@std@@UBEPBDXZ	6
3a536	__security_check_cookie	15
3a546	__CxxThrowException@8	6
3a54c	__EH_epilog3	20
3a560	__EH_epilog3_GS	15
3a56f	__EH_epilog3_catch_GS	15
3a57e	__EH_prolog3	51
3a5b1	__EH_prolog3_GS	54
3a5e7	__EH_prolog3_catch	54
3a61d	__EH_prolog3_catch_GS	57
3a656	___CxxFrameHandler3	6
3a65c	??_Etype_info@@UAEPAXI@Z	74
3a6a6	_memset	6
3a6ac	_strcmp	6
3a6b2	?_set_new_handler@@YAP6AHI@ZP6AHI@Z@Z	6
3a6b8	_memcmp	6
3a6be	___crtCompareStringA	6
3a6c4	___crtLCMapStringA	6
3a71c	__CRT_INIT@12	501
3a911	entry	35
3a934	___DllMainCRTStartup	268
3aa68	__lock	6
3aa6e	__unlock	6
3aa74	___crtLCMapStringW	6
3aa7a	_sqrt	6
3aa80	___crtCompareStringW	6
3abc0	__SEH_prolog4	69
3ac05	__SEH_epilog4	20
3ac19	__except_handler4	35
3ac3c	___dllonexit	6
3ac42	___raise_securityfailure	61
3ac7f	___report_gsfailure	249
3ad78	??1type_info@@UAE@XZ	6
3ad84	__amsg_exit	6
3ad90	__FindPESection	67
3ade0	__IsNonwritableInCurrentImage	164
3aea0	__ValidateImageBase	49
3aed1	___security_init_cookie	154
3af6b	_DllMain@12	34
3af8d	__RTC_Initialize	32
3afad	__RTC_Terminate	32
3afce	__initterm	6
3afd4	__initterm_e	6
3afda	___clean_type_info_names	12
3afe6	__except_handler4_common	6
3afec	__crt_debugger_hook	6
3aff2	___crtUnhandledException	6
3aff8	___crtTerminateProcess	6
3affe	___clean_type_info_names_internal	6
3b004	_IsProcessorFeaturePresent@4	6
3b00a	Unwind@1003b00a	8
3b02d	Unwind@1003b02d	8
3b05a	Unwind@1003b05a	8
3b087	Unwind@1003b087	8
3b0b4	Unwind@1003b0b4	8
3b0d7	Unwind@1003b0d7	8
3b0fa	Unwind@1003b0fa	8
3b11d	Unwind@1003b11d	8
3b14a	Unwind@1003b14a	8
3b16d	Unwind@1003b16d	28
3b189	Unwind@1003b189	11
3b194	Unwind@1003b194	11
3b1ba	Unwind@1003b1ba	28
3b1d6	Unwind@1003b1d6	11
3b1fc	Unwind@1003b1fc	28
3b218	Unwind@1003b218	11
3b223	Unwind@1003b223	11
3b249	Unwind@1003b249	28
3b265	Unwind@1003b265	11
3b28b	Unwind@1003b28b	28
3b2a7	Unwind@1003b2a7	11
3b2b2	Unwind@1003b2b2	11
3b2d8	Unwind@1003b2d8	28
3b2f4	Unwind@1003b2f4	11
3b31a	Unwind@1003b31a	28
3b351	Unwind@1003b351	28
3b388	Unwind@1003b388	8
3b3ab	Unwind@1003b3ab	8
3b3ce	Unwind@1003b3ce	8
3b3d6	Unwind@1003b3d6	8
3b3f9	Unwind@1003b3f9	8
3b401	Unwind@1003b401	11
3b427	Unwind@1003b427	8
3b42f	Unwind@1003b42f	8
3b437	Unwind@1003b437	8
3b45a	Unwind@1003b45a	8
3b462	Unwind@1003b462	8
3b46a	Unwind@1003b46a	8
3b48d	Unwind@1003b48d	8
3b495	Unwind@1003b495	8
3b49d	Unwind@1003b49d	8
3b4c0	Unwind@1003b4c0	8
3b4c8	Unwind@1003b4c8	8
3b4d0	Unwind@1003b4d0	8
3b4f3	Unwind@1003b4f3	8
3b4fb	Unwind@1003b4fb	8
3b503	Unwind@1003b503	8
3b526	Unwind@1003b526	8
3b52e	Unwind@1003b52e	8
3b536	Unwind@1003b536	8
3b559	Unwind@1003b559	8
3b561	Unwind@1003b561	8
3b569	Unwind@1003b569	8
3b58c	Unwind@1003b58c	8
3b594	Unwind@1003b594	8
3b59c	Unwind@1003b59c	8
3b5bf	Unwind@1003b5bf	8
3b5c7	Unwind@1003b5c7	8
3b5cf	Unwind@1003b5cf	8
3b5f2	Unwind@1003b5f2	8
3b5fa	Unwind@1003b5fa	8
3b602	Unwind@1003b602	8
3b625	Unwind@1003b625	8
3b62d	Unwind@1003b62d	8
3b635	Unwind@1003b635	8
3b658	Unwind@1003b658	8
3b660	Unwind@1003b660	8
3b668	Unwind@1003b668	8
3b68b	Unwind@1003b68b	8
3b693	Unwind@1003b693	8
3b69b	Unwind@1003b69b	8
3b6be	Unwind@1003b6be	8
3b6c6	Unwind@1003b6c6	8
3b6e9	Unwind@1003b6e9	8
3b6f1	Unwind@1003b6f1	8
3b6f9	Unwind@1003b6f9	8
3b71c	Unwind@1003b71c	8
3b724	Unwind@1003b724	8
3b72c	Unwind@1003b72c	8
3b74f	Unwind@1003b74f	8
3b757	Unwind@1003b757	8
3b75f	Unwind@1003b75f	8
3b782	Unwind@1003b782	8
3b78a	Unwind@1003b78a	8
3b792	Unwind@1003b792	8
3b7b5	Unwind@1003b7b5	8
3b7bd	Unwind@1003b7bd	8
3b7c5	Unwind@1003b7c5	8
3b7e8	Unwind@1003b7e8	8
3b7f0	Unwind@1003b7f0	8
3b7f8	Unwind@1003b7f8	8
3b81b	Unwind@1003b81b	8
3b823	Unwind@1003b823	8
3b82b	Unwind@1003b82b	8
3b84e	Unwind@1003b84e	8
3b856	Unwind@1003b856	8
3b85e	Unwind@1003b85e	8
3b881	Unwind@1003b881	8
3b889	Unwind@1003b889	8
3b891	Unwind@1003b891	8
3b8b4	Unwind@1003b8b4	8
3b8bc	Unwind@1003b8bc	8
3b8c4	Unwind@1003b8c4	8
3b8e7	Unwind@1003b8e7	8
3b8ef	Unwind@1003b8ef	8
3b8f7	Unwind@1003b8f7	8
3b91a	Unwind@1003b91a	8
3b922	Unwind@1003b922	8
3b92a	Unwind@1003b92a	8
3b94d	Unwind@1003b94d	8
3b955	Unwind@1003b955	8
3b95d	Unwind@1003b95d	8
3b980	Unwind@1003b980	8
3b988	Unwind@1003b988	8
3b9ab	Unwind@1003b9ab	8
3b9b3	Unwind@1003b9b3	8
3b9bb	Unwind@1003b9bb	8
3b9de	Unwind@1003b9de	8
3b9e6	Unwind@1003b9e6	8
3b9ee	Unwind@1003b9ee	8
3ba11	Unwind@1003ba11	8
3ba19	Unwind@1003ba19	8
3ba21	Unwind@1003ba21	8
3ba44	Unwind@1003ba44	8
3ba4c	Unwind@1003ba4c	8
3ba54	Unwind@1003ba54	8
3ba77	Unwind@1003ba77	8
3ba7f	Unwind@1003ba7f	8
3ba87	Unwind@1003ba87	8
3baaa	Unwind@1003baaa	8
3bab2	Unwind@1003bab2	8
3baba	Unwind@1003baba	8
3badd	Unwind@1003badd	8
3bae5	Unwind@1003bae5	8
3baed	Unwind@1003baed	8
3bb10	Unwind@1003bb10	8
3bb18	Unwind@1003bb18	8
3bb20	Unwind@1003bb20	8
3bb43	Unwind@1003bb43	8
3bb4b	Unwind@1003bb4b	8
3bb53	Unwind@1003bb53	8
3bb76	Unwind@1003bb76	8
3bb7e	Unwind@1003bb7e	8
3bb86	Unwind@1003bb86	8
3bba9	Unwind@1003bba9	8
3bbb1	Unwind@1003bbb1	8
3bbb9	Unwind@1003bbb9	8
3bbdc	Unwind@1003bbdc	8
3bbe4	Unwind@1003bbe4	8
3bbec	Unwind@1003bbec	8
3bc0f	Unwind@1003bc0f	8
3bc17	Unwind@1003bc17	8
3bc1f	Unwind@1003bc1f	8
3bc42	Unwind@1003bc42	8
3bc4a	Unwind@1003bc4a	8
3bc6d	Unwind@1003bc6d	8
3bc75	Unwind@1003bc75	8
3bc98	Unwind@1003bc98	8
3bca0	Unwind@1003bca0	8
3bcc3	Unwind@1003bcc3	8
3bccb	Unwind@1003bccb	8
3bcee	Unwind@1003bcee	8
3bcf6	Unwind@1003bcf6	8
3bd19	Unwind@1003bd19	8
3bd21	Unwind@1003bd21	8
3bd44	Unwind@1003bd44	8
3bd4c	Unwind@1003bd4c	8
3bd6f	Unwind@1003bd6f	8
3bd77	Unwind@1003bd77	8
3bd9a	Unwind@1003bd9a	8
3bdbd	Unwind@1003bdbd	8
3bdc5	Unwind@1003bdc5	8
3bde8	Unwind@1003bde8	8
3bdf0	Unwind@1003bdf0	8
3be13	Unwind@1003be13	8
3be1b	Unwind@1003be1b	8
3be3e	Unwind@1003be3e	8
3be46	Unwind@1003be46	8
3be69	Unwind@1003be69	8
3be71	Unwind@1003be71	8
3be94	Unwind@1003be94	8
3be9c	Unwind@1003be9c	8
3bebf	Unwind@1003bebf	8
3bec7	Unwind@1003bec7	8
3beea	Unwind@1003beea	8
3bef2	Unwind@1003bef2	8
3bf15	Unwind@1003bf15	8
3bf1d	Unwind@1003bf1d	8
3bf40	Unwind@1003bf40	8
3bf48	Unwind@1003bf48	8
3bf6b	Unwind@1003bf6b	8
3bf73	Unwind@1003bf73	8
3bf96	Unwind@1003bf96	8
3bfb9	Unwind@1003bfb9	8
3bfc1	Unwind@1003bfc1	8
3bfe4	Unwind@1003bfe4	8
3bfec	Unwind@1003bfec	8
3c00f	Unwind@1003c00f	8
3c017	Unwind@1003c017	8
3c03a	Unwind@1003c03a	8
3c042	Unwind@1003c042	8
3c065	Unwind@1003c065	8
3c06d	Unwind@1003c06d	8
3c090	Unwind@1003c090	8
3c098	Unwind@1003c098	8
3c0bb	Unwind@1003c0bb	8
3c0c3	Unwind@1003c0c3	8
3c0e6	Unwind@1003c0e6	8
3c0ee	Unwind@1003c0ee	8
3c111	Unwind@1003c111	8
3c119	Unwind@1003c119	8
3c13c	Unwind@1003c13c	8
3c144	Unwind@1003c144	8
3c167	Unwind@1003c167	8
3c16f	Unwind@1003c16f	8
3c192	Unwind@1003c192	8
3c19a	Unwind@1003c19a	8
3c1bd	Unwind@1003c1bd	8
3c1c5	Unwind@1003c1c5	8
3c1e8	Unwind@1003c1e8	8
3c1f0	Unwind@1003c1f0	8
3c213	Unwind@1003c213	8
3c21b	Unwind@1003c21b	8
3c259	Unwind@1003c259	8
3c261	Unwind@1003c261	8
3c269	Unwind@1003c269	8
3c271	Unwind@1003c271	8
3c29e	Unwind@1003c29e	8
3c2a6	Unwind@1003c2a6	8
3c2ae	Unwind@1003c2ae	8
3c2b6	Unwind@1003c2b6	8
3c2e3	Unwind@1003c2e3	10
3c2ed	Unwind@1003c2ed	25
3c321	Unwind@1003c321	10
3c346	Unwind@1003c346	8
3c34e	Unwind@1003c34e	8
3c356	Unwind@1003c356	8
3c35e	Unwind@1003c35e	8
3c38b	Unwind@1003c38b	11
3c396	Unwind@1003c396	8
3c39e	Unwind@1003c39e	8
3c3a6	Unwind@1003c3a6	8
3c3d6	Unwind@1003c3d6	8
3c3de	Unwind@1003c3de	8
3c3e6	Unwind@1003c3e6	8
3c3ee	Unwind@1003c3ee	8
3c41e	Unwind@1003c41e	11
3c429	Unwind@1003c429	8
3c431	Unwind@1003c431	11
3c43c	Unwind@1003c43c	8
3c46c	Unwind@1003c46c	8
3c48f	Unwind@1003c48f	8
3c497	Unwind@1003c497	8
3c4c4	Unwind@1003c4c4	8
3c4cc	Unwind@1003c4cc	8
3c5b8	Unwind@1003c5b8	8
3c5c0	Unwind@1003c5c0	8
3c5c8	Unwind@1003c5c8	8
3c5d0	Unwind@1003c5d0	8
3c5fd	Unwind@1003c5fd	8
3c605	Unwind@1003c605	8
3c60d	Unwind@1003c60d	8
3c615	Unwind@1003c615	8
3c642	Unwind@1003c642	8
3c66f	Unwind@1003c66f	8
3c677	Unwind@1003c677	8
3c67f	Unwind@1003c67f	8
3c687	Unwind@1003c687	8
3c68f	Unwind@1003c68f	8
3c6bc	Unwind@1003c6bc	8
3c6c4	Unwind@1003c6c4	8
3c6cc	Unwind@1003c6cc	8
3c6d4	Unwind@1003c6d4	8
3c6dc	Unwind@1003c6dc	8
3c709	Unwind@1003c709	8
3c736	Unwind@1003c736	8
3c759	Unwind@1003c759	8
3c77c	Unwind@1003c77c	8
3c79f	Unwind@1003c79f	8
3c7a7	Unwind@1003c7a7	8
3c7d4	Unwind@1003c7d4	8
3c7dc	Unwind@1003c7dc	8
3c809	Unwind@1003c809	8
3c836	Unwind@1003c836	8
3c863	Unwind@1003c863	8
3c86b	Unwind@1003c86b	8
3c88e	Unwind@1003c88e	8
3c896	Unwind@1003c896	8
3c8b9	Unwind@1003c8b9	8
3c8c1	Unwind@1003c8c1	8
3c8e4	Unwind@1003c8e4	8
3c8ec	Unwind@1003c8ec	8
3c90f	Unwind@1003c90f	8
3c917	Unwind@1003c917	8
3c93a	Unwind@1003c93a	8
3c942	Unwind@1003c942	8
3c965	Unwind@1003c965	8
3c96d	Unwind@1003c96d	8
3c990	Unwind@1003c990	8
3c998	Unwind@1003c998	8
3c9bb	Unwind@1003c9bb	8
3c9c3	Unwind@1003c9c3	8
3c9e6	Unwind@1003c9e6	8
3ca09	Unwind@1003ca09	8
3ca2c	Unwind@1003ca2c	8
3ca34	Unwind@1003ca34	8
3ca57	Unwind@1003ca57	8
3ca5f	Unwind@1003ca5f	8
3ca82	Unwind@1003ca82	8
3ca8a	Unwind@1003ca8a	8
3caad	Unwind@1003caad	8
3cab5	Unwind@1003cab5	8
3cad8	Unwind@1003cad8	8
3cae0	Unwind@1003cae0	8
3cb03	Unwind@1003cb03	8
3cb0b	Unwind@1003cb0b	8
3cb2e	Unwind@1003cb2e	25
3cb62	Unwind@1003cb62	8
3cb6a	Unwind@1003cb6a	8
3cb8d	Unwind@1003cb8d	8
3cb95	Unwind@1003cb95	8
3cbb8	Unwind@1003cbb8	8
3cbc0	Unwind@1003cbc0	8
3cbe3	Unwind@1003cbe3	8
3cc06	Unwind@1003cc06	8
3cc29	Unwind@1003cc29	8
3cc31	Unwind@1003cc31	8
3cc54	Unwind@1003cc54	8
3cc5c	Unwind@1003cc5c	8
3cc7f	Unwind@1003cc7f	8
3cc87	Unwind@1003cc87	8
3ccaa	Unwind@1003ccaa	8
3ccb2	Unwind@1003ccb2	8
3ccd5	Unwind@1003ccd5	8
3ccdd	Unwind@1003ccdd	8
3cd00	Unwind@1003cd00	8
3cd08	Unwind@1003cd08	8
3cd2b	Unwind@1003cd2b	8
3cd33	Unwind@1003cd33	8
3cd56	Unwind@1003cd56	8
3cd5e	Unwind@1003cd5e	8
3cd81	Unwind@1003cd81	8
3cda4	Unwind@1003cda4	8
3cdc7	Unwind@1003cdc7	8
3cdcf	Unwind@1003cdcf	8
3cdf2	Unwind@1003cdf2	8
3cdfa	Unwind@1003cdfa	8
3ce1d	Unwind@1003ce1d	8
3ce25	Unwind@1003ce25	8
3ce48	Unwind@1003ce48	8
3ce6b	Unwind@1003ce6b	8
3ce8e	Unwind@1003ce8e	8
3ce96	Unwind@1003ce96	8
3ceb9	Unwind@1003ceb9	10
3cec3	Unwind@1003cec3	8
3cee6	Unwind@1003cee6	25
3ceff	Unwind@1003ceff	8
3cf22	Unwind@1003cf22	8
3cf4f	Unwind@1003cf4f	8
3cf7f	Unwind@1003cf7f	8
3cfac	Unwind@1003cfac	8
3cfb4	Unwind@1003cfb4	8
3cff2	Unwind@1003cff2	10
3d017	Unwind@1003d017	10
3d021	Unwind@1003d021	25
3d03a	Unwind@1003d03a	8
3d05d	Unwind@1003d05d	11
3d068	Unwind@1003d068	11
3d073	Unwind@1003d073	8
3d07b	Unwind@1003d07b	8
3d083	Unwind@1003d083	11
3d08e	Unwind@1003d08e	8
3d096	Unwind@1003d096	8
3d09e	Unwind@1003d09e	34
3d0c0	Unwind@1003d0c0	34
3d0e2	Unwind@1003d0e2	34
3d104	Unwind@1003d104	34
3d126	Unwind@1003d126	8
3d18c	Unwind@1003d18c	10
3d196	Unwind@1003d196	8
3d19e	Unwind@1003d19e	10
3d1a8	Unwind@1003d1a8	8
3d1b0	Unwind@1003d1b0	10
3d1ba	Unwind@1003d1ba	8
3d1c2	Unwind@1003d1c2	10
3d1e7	Unwind@1003d1e7	8
3d1ef	Unwind@1003d1ef	11
3d1fa	Unwind@1003d1fa	11
3d205	Unwind@1003d205	8
3d20d	Unwind@1003d20d	8
3d215	Unwind@1003d215	8
3d245	Unwind@1003d245	8
3d272	Unwind@1003d272	8
3d29f	Unwind@1003d29f	8
3d2a7	Unwind@1003d2a7	8
3d2d4	Unwind@1003d2d4	8
3d2dc	Unwind@1003d2dc	8
3d309	Unwind@1003d309	25
3d33d	Unwind@1003d33d	25
3d37b	Unwind@1003d37b	10
3d385	Unwind@1003d385	25
3d3c3	Unwind@1003d3c3	11
3d3ce	Unwind@1003d3ce	11
3d3d9	Unwind@1003d3d9	8
3d3e1	Unwind@1003d3e1	8
3d3e9	Unwind@1003d3e9	11
3d3f4	Unwind@1003d3f4	8
3d3fc	Unwind@1003d3fc	8
3d404	Unwind@1003d404	34
3d426	Unwind@1003d426	34
3d448	Unwind@1003d448	34
3d46a	Unwind@1003d46a	34
3d48c	Unwind@1003d48c	8
3d4d7	Unwind@1003d4d7	10
3d4e1	Unwind@1003d4e1	8
3d4e9	Unwind@1003d4e9	10
3d4f3	Unwind@1003d4f3	8
3d4fb	Unwind@1003d4fb	10
3d520	Unwind@1003d520	8
3d528	Unwind@1003d528	11
3d533	Unwind@1003d533	11
3d53e	Unwind@1003d53e	8
3d546	Unwind@1003d546	8
3d54e	Unwind@1003d54e	8
3d57e	Unwind@1003d57e	8
3d5ab	Unwind@1003d5ab	8
3d5d8	Unwind@1003d5d8	8
3d5e0	Unwind@1003d5e0	8
3d60d	Unwind@1003d60d	8
3d615	Unwind@1003d615	8
3d642	Unwind@1003d642	25
3d676	Unwind@1003d676	11
3d681	Unwind@1003d681	8
3d6aa	Unwind@1003d6aa	11
3d6b5	Unwind@1003d6b5	8
3d6bd	Unwind@1003d6bd	9
3d6c6	Unwind@1003d6c6	8
3d6ef	Unwind@1003d6ef	11
3d6fa	Unwind@1003d6fa	8
3d702	Unwind@1003d702	9
3d70b	Unwind@1003d70b	8
3d734	Unwind@1003d734	8
3d757	Unwind@1003d757	8
3d75f	Unwind@1003d75f	14
3d76d	Unwind@1003d76d	14
3d77b	Unwind@1003d77b	11
3d7a1	Unwind@1003d7a1	11
3d7ac	Unwind@1003d7ac	8
3d7b4	Unwind@1003d7b4	25
3d7f2	Unwind@1003d7f2	11
3d7fd	Unwind@1003d7fd	9
3d821	Unwind@1003d821	8
3d829	Unwind@1003d829	11
3d834	Unwind@1003d834	11
3d83f	Unwind@1003d83f	8
3d847	Unwind@1003d847	8
3d84f	Unwind@1003d84f	14
3d85d	Unwind@1003d85d	8
3d865	Unwind@1003d865	8
3d86d	Unwind@1003d86d	8
3d875	Unwind@1003d875	8
3d87d	Unwind@1003d87d	8
3d8aa	Unwind@1003d8aa	8
3d8cd	Unwind@1003d8cd	11
3d8f3	Unwind@1003d8f3	8
3d8fb	Unwind@1003d8fb	14
3d909	Unwind@1003d909	8
3d911	Unwind@1003d911	8
3d919	Unwind@1003d919	8
3d946	Unwind@1003d946	8
3d94e	Unwind@1003d94e	11
3d959	Unwind@1003d959	11
3d964	Unwind@1003d964	14
3d972	Unwind@1003d972	8
3d97a	Unwind@1003d97a	14
3d9a3	Unwind@1003d9a3	8
3d9ab	Unwind@1003d9ab	11
3d9b6	Unwind@1003d9b6	11
3d9c1	Unwind@1003d9c1	14
3d9cf	Unwind@1003d9cf	8
3d9d7	Unwind@1003d9d7	14
3da00	Unwind@1003da00	8
3da08	Unwind@1003da08	14
3da16	Unwind@1003da16	8
3da1e	Unwind@1003da1e	8
3da4b	Unwind@1003da4b	8
3da53	Unwind@1003da53	11
3da5e	Unwind@1003da5e	11
3da69	Unwind@1003da69	11
3da74	Unwind@1003da74	14
3da9d	Unwind@1003da9d	8
3daa5	Unwind@1003daa5	12
3dacc	Unwind@1003dacc	8
3dad4	Unwind@1003dad4	12
3dae0	Unwind@1003dae0	11
3db06	Unwind@1003db06	8
3db0e	Unwind@1003db0e	12
3db35	Unwind@1003db35	11
3db5b	Unwind@1003db5b	8
3db7e	Unwind@1003db7e	8
3dba1	Unwind@1003dba1	8
3dbc4	Unwind@1003dbc4	11
3dbea	Unwind@1003dbea	8
3dbf2	Unwind@1003dbf2	12
3dbfe	Unwind@1003dbfe	11
3dc09	Unwind@1003dc09	11
3dc2f	Unwind@1003dc2f	8
3dc37	Unwind@1003dc37	12
3dc43	Unwind@1003dc43	11
3dc4e	Unwind@1003dc4e	11
3dc74	Unwind@1003dc74	8
3dc7c	Unwind@1003dc7c	14
3dca5	Unwind@1003dca5	8
3dcc8	Unwind@1003dcc8	11
3dcee	Unwind@1003dcee	11
3dcf9	Unwind@1003dcf9	11
3dd04	Unwind@1003dd04	11
3dd0f	Unwind@1003dd0f	11
3dd1a	Unwind@1003dd1a	14
3dd43	Unwind@1003dd43	11
3dd4e	Unwind@1003dd4e	11
3dd59	Unwind@1003dd59	11
3dd64	Unwind@1003dd64	11
3dd6f	Unwind@1003dd6f	14
3dd98	Unwind@1003dd98	8
3ddbb	Unwind@1003ddbb	8
3ddc3	Unwind@1003ddc3	14
3ddd1	Unwind@1003ddd1	14
3ddfa	Unwind@1003ddfa	8
3de02	Unwind@1003de02	14
3de10	Unwind@1003de10	14
3de39	Unwind@1003de39	8
3de41	Unwind@1003de41	14
3de4f	Unwind@1003de4f	14
3de78	Unwind@1003de78	8
3de80	Unwind@1003de80	14
3dea9	Unwind@1003dea9	8
3deb1	Unwind@1003deb1	11
3debc	Unwind@1003debc	11
3dec7	Unwind@1003dec7	14
3def0	Unwind@1003def0	8
3def8	Unwind@1003def8	11
3df03	Unwind@1003df03	11
3df0e	Unwind@1003df0e	14
3df37	Unwind@1003df37	8
3df3f	Unwind@1003df3f	11
3df4a	Unwind@1003df4a	11
3df55	Unwind@1003df55	14
3df7e	Unwind@1003df7e	8
3df86	Unwind@1003df86	11
3dfac	Unwind@1003dfac	8
3dfb4	Unwind@1003dfb4	11
3dfbf	Unwind@1003dfbf	11
3dfe5	Unwind@1003dfe5	8
3dfed	Unwind@1003dfed	12
3e014	Unwind@1003e014	8
3e01c	Unwind@1003e01c	12
3e043	Unwind@1003e043	11
3e069	Unwind@1003e069	8
3e071	Unwind@1003e071	14
3e07f	Unwind@1003e07f	14
3e0a8	Unwind@1003e0a8	9
3e0cc	Unwind@1003e0cc	9
3e0d5	Unwind@1003e0d5	9
3e0de	Unwind@1003e0de	8
3e101	Unwind@1003e101	9
3e125	Unwind@1003e125	8
3e12d	Unwind@1003e12d	8
3e15d	Unwind@1003e15d	8
3e165	Unwind@1003e165	8
3e192	Unwind@1003e192	9
3e1b6	Unwind@1003e1b6	8
3e1d9	Unwind@1003e1d9	9
3e1fd	Unwind@1003e1fd	8
3e220	Unwind@1003e220	8
3e243	Unwind@1003e243	9
3e267	Unwind@1003e267	9
3e28b	Unwind@1003e28b	8
3e293	Unwind@1003e293	8
3e2c3	Unwind@1003e2c3	11
3e2ce	Unwind@1003e2ce	11
3e2d9	Unwind@1003e2d9	11
3e2e4	Unwind@1003e2e4	11
3e2ef	Unwind@1003e2ef	11
3e328	Unwind@1003e328	11
3e333	Unwind@1003e333	11
3e36c	Unwind@1003e36c	8
3e38f	Unwind@1003e38f	8
3e3b2	Unwind@1003e3b2	8
3e3d5	Unwind@1003e3d5	8
3e3f8	Unwind@1003e3f8	8
3e400	Unwind@1003e400	11
3e426	Unwind@1003e426	8
3e42e	Unwind@1003e42e	11
3e439	Unwind@1003e439	11
3e444	Unwind@1003e444	11
3e44f	Unwind@1003e44f	11
3e45a	Unwind@1003e45a	11
3e465	Unwind@1003e465	11
3e48b	Unwind@1003e48b	8
3e4b8	Unwind@1003e4b8	8
3e4f6	Unwind@1003e4f6	11
3e51c	Unwind@1003e51c	8
3e53f	Unwind@1003e53f	8
3e562	Unwind@1003e562	8
3e5a0	Unwind@1003e5a0	8
3e5c3	Unwind@1003e5c3	25
3e5f7	Unwind@1003e5f7	8
3e61a	Unwind@1003e61a	8
3e63d	Unwind@1003e63d	8
3e645	Unwind@1003e645	8
3e64d	Unwind@1003e64d	8
3e670	Unwind@1003e670	8
3e678	Unwind@1003e678	8
3e680	Unwind@1003e680	8
3e6a3	Unwind@1003e6a3	8
3e6ab	Unwind@1003e6ab	8
3e6b3	Unwind@1003e6b3	8
3e6d6	Unwind@1003e6d6	8
3e6f9	Unwind@1003e6f9	8
3e701	Unwind@1003e701	9
