rva	name	size
d6f9	__sys_errlist	6
dc48	~type_info	14
dca8	free	65
dccc	malloc	178
dd10	operator_delete	2
dd20	memset	387
dd99	operator_new	84
ddb2	operator_new[]	6
de71	wcscpy_s	88
ded4	caseD_1	124
e2b0	memcpy	465
e300	caseD_0	35
e307	caseD_0	7
e380	memcpy_s	155
e3c0	wcsnlen	31
e560	__getptd_noexit	44
e590	_getptd	99
e5b0	iswctype	93
e5f1	_wcsicmp	161
e613	_iswspace_l	17
e854	caseD_1	124
e906	memmove	139
e962	caseD_0	58
e969	caseD_0	7
e9ad	caseD_6	10
ff6a	__SEH_prolog4	69
ffaf	__SEH_epilog4	20
ffc3	_lock	37
ffe8	_unlock	21
10090	__CrtEndBoot	5
1013c	entry	44
1015e	___removelocaleref	153
10200	_freefls	382
10311	__freeptd	54
1035d	___addlocaleref	146
103ef	__calloc_impl	159
1043f	_calloc_crt	39
10476	_initptd	155
10549	memcmp	1202
11504	caseD_0	7
1155f	wcsstr	540
1168b	memmove_s	91
1171c	wcsspn	81
1176d	wcscspn	79
117bc	_wcsnicmp	206
11863	__wchartodigit	440
119ad	_wcstol_l	24
119c5	_wtol	20
11a57	wcstok	192
11b03	_iswdigit_l	17
11b14	_SpinLock	80
11b3c	~_SpinLock	7
11b50	??0_LocaleUpdate@@QAE@PAUlocaleinfo_struct@@@Z	162
11bae	@__security_check_cookie@4	14
11bbc	_errno	23
11c99	wcschr	177
11d23	_vswprintf_s_l	127
11d76	vswprintf_s	27
11dcc	_msize	53
11dec	_wtoi	9
11e88	__aulldvrm	156
11ed8	_malloc_crt	40
11f07	wcsrchr	183
11f48	bsearch	181
11fe6	wcsncpy_s	189
12082	_towlower_l	200
1212d	caseD_0	7
1213d	caseD_5	58
1218e	wcslen	25
121a7	isdigit	47
121c5	realloc	211
12259	towlower	17
1226a	_fileno	40
1228b	wcspbrk	66
12346	_fputwc_nolock	444
12908	__woutput_l	644
12a4e	caseD_0	887
12c6d	__vswprintf_helper	284
13489	__woutput_s_l	631
135db	caseD_0	1130
13695	__vscwprintf_helper	94
136de	_vscwprintf	26
136f8	_vsnwprintf_s_l	229
1376a	_vsnwprintf_s	30
1378f	_wsplitpath_s	547
13a05	_itow_s	48
13a3a	__lockexit	9
13a43	__unlockexit	9
13a52	__dllonexit	63
13afa	wcsncmp	58
13b79	wcscat_s	108
13c9d	_wcstoul_l	24
13cb5	__doserrno	23
13cf3	_wcsicmp_l	238
13d8f	_isleadbyte_l	63
13de3	_isdigit_l	87
13e22	__updatetlocinfoEx_nolock	99
13e66	___updatetlocinfo	137
13eed	__alloca_probe	50
13f13	__alloca_probe_16	19
13f26	_freea	39
13f41	strncpy_s	191
13fc9	?__uncaught_exception@@YA_NXZ	17
13fda	__crtLCMapStringW	56
14002	caseD_1a	514
140d6	__copytlocinfo_nolock	44
14151	wcscmp	78
1418f	__expandlocale	574
142c0	_wsetlocale	345
145dd	_EH4_CallFilterFunc	23
145f4	except_handler4_common	450
1470a	_wcsnicmp_l	267
148b6	_wcsupr_s_l	50
148e8	_wcsupr_s	21
148fd	isprint	49
1491b	_isprint_l	93
1495d	__EH_prolog3_catch	54
14b0e	_wcslwr_s_l	50
14b40	_wcslwr_s	21
14b55	_wfullpath	271
14bac	_unlock_file	66
14be2	_lock_file	74
14c1d	__flush	120
14c43	__unlock_fhandle	38
14c69	___lock_fhandle	137
14cdc	__free_osfhnd	149
14d3f	_get_osfhandle	88
14d82	__close_nolock	195
14df1	_close	185
14ea6	__freebuf	48
14ed6	_fclose_nolock	131
14f28	fclose	119
14fac	strlen	127
1502b	__mtinitlocknum	143
1507c	strcpy_s	79
150c3	__RTtypeid	103
1511c	_Name_base	261
1515c	name	18
1516e	div	12
1517a	__EH_prolog3	51
151ad	__EH_epilog3	20
151d3	__aulldiv	111
151fc	_time64	92
15241	_getdrive	246
152bd	_isatty	88
152fc	__iob_func	6
15302	__lock_file2	52
15327	_wctomb_s_l	339
153b7	__getbuf	71
153e8	?_CallMemberFunction2@@YGXPAX00H@Z	7
153ef	strcmp	131
15472	operator!=	31
154e3	___freetlocinfo	391
156f1	__output_s_l	1123
160cd	__vsnprintf_helper	224
16152	_vsprintf_s_l	125
161a5	sprintf_s	28
1625b	_filbuf	341
16337	_isalpha_l	93
16379	isalpha	49
16397	caseD_7	78
16412	strnlen	27
1642d	_tolower_l	354
16496	strncmp	116
16512	_isxdigit_l	93
16554	isxdigit	49
16572	_islower_l	87
165b1	islower	47
165cf	?CurrentContext@SchedulerBase@details@Concurrency@@SAPAVContextBase@23@XZ	48
165ff	??0LockQueueNode@details@Concurrency@@QAE@I@Z	59
16657	~scoped_lock	4
1665b	unlock	47
16672	?_Unlock_writer@reader_writer_lock@Concurrency@@AAEXXZ	89
166b1	?_Remove_last_writer@reader_writer_lock@Concurrency@@AAEXPAX@Z	112
166d6	?UpdateQueuePosition@LockQueueNode@details@Concurrency@@QAEXPAV123@@Z	100
16758	scoped_lock	69
1679d	?_Get_reader_convoy@reader_writer_lock@Concurrency@@AAEPAXXZ	45
167b7	lock_read	238
16825	scoped_lock_read	23
169c7	_read	231
16a7c	_get_fmode	46
16a95	__alloc_osfhnd	442
16b4f	__wsopen_helper	161
16bfc	_wsopen_s	30
16c91	__wsopen_nolock	1285
16f27	__set_osfhnd	141
17004	__getstream	292
1706c	__AdjustPointer	46
170ed	memchr	177
17171	__lseeki64_nolock	124
17367	caseD_9	276
17382	___tzset	80
173c4	_get_timezone	46
173dd	_get_dstbias	46
173f6	__allmul	56
17413	_get_daylight	46
1753e	__isindst	58
175a6	___loctotime64_t	650
177aa	_wstat64i32	1163
17a3a	___wdtoxmode	226
1822f	default	33
18561	__output_l	334
18620	sprintf	148
18694	getenv	123
18714	__getenv_helper_nolock	133
187a8	_fread_nolock_s	520
18877	fread_s	144
188fc	fread	27
1899a	setjmp3	145
189e7	_getcwd	21
18a38	_fdopen	424
18dad	__alldiv	204
18df5	_gmtime64_s	447
18fc1	_localtime64_s	338
190ad	clock	54
19119	strncpy	164
1918b	_isupper_l	87
191ca	isupper	47
191e8	asctime	512
19383	_ctime64	123
19410	strchr	115
19533	_strnicmp_l	174
195cb	_strnicmp	117
196c5	__NLG_Notify	31
1975c	__rt_probe_read4@4	42
197a4	longjmp	202
19867	__TypeMatch	134
198b1	_CreateFrameInfo	42
198db	_FindAndUnlinkFrame	87
19904	_IsExceptionObjectToBeDestroyed	55
19924	__DestructExceptionObject	125
199e8	__NLG_Notify1	12
199fd	?_GetRangeOfTrysToCheck@@YAPBU_s_TryBlockMapEntry@@PBU_s_FuncInfo@@HHPAI1@Z	136
19c54	___InternalCxxFrameHandler	264
19cab	__CxxFrameHandler	54
19cfb	___FrameUnwindToState	187
19de3	__CallSettingFrame@12	39
19e0a	_NLG_Return	39
19e2a	_CallCatchBlock2	94
19e88	_UnwindNestedFrames	83
19f48	__BuildCatchObjectHelper	396
19fa4	__BuildCatchObject	152
1a172	_JumpToContinuation	43
1a21d	_ValidateExecute	15
1a33f	__FindPESection	69
1a384	__IsNonwritableInCurrentImage	172
1a434	__ValidateImageBase	53
1a465	_EH4_TransferToHandler	25
1a50e	_EH4_GlobalUnwind2	25
1a527	_RtlUnwind@16	6
1a6e0	__except_handler4	35
1a71f	___strgtold12_l	443
1ab4a	__fassign_l	71
1ab7b	___mtold12	495
1ae0b	_isspace_l	96
1ae47	isspace	47
1ae65	__whiteout	46
1ae93	getc_nolock	34
1aeb5	__ld12tod	1424
1b172	_atodbl_l	170
1b248	caseD_1	102
1b294	_finite	24
1b2ac	__fptostr	211
1b33f	sscanf	30
1b35d	__input_l	1660
1b97a	__cftoe_l	222
1ba33	__cfltcvt_l	148
1ba5e	$I10_OUTPUT	2773
1bb0b	__fltout2	143
1bb8e	___dtold	207
1c92d	_ungetc_nolock	281
1cc01	__wcscats	66
1cc54	___lc_codepage_func	51
1cc82	_wcsnicoll_l	344
1cd48	_wcsnicoll	220
1cda3	__wgetenv_helper_nolock	24
1cdbb	__crtCompareStringW	95
1ce74	__pctype_func	54
1ce91	___lc_locale_name_func	53
1cead	___mb_cur_max_func	51
1cfa2	_wmakepath_s	294
1d2ce	__crtLCMapStringA	70
1d6b2	___crtGetStringTypeA	62
1d732	___copy_locale_name	112
1d8f0	___init_ctype	936
1dcd2	DisableTracing	3
1de47	___crtGetLocaleInfoA	65
1def1	___getlocaleinfo	374
1e77a	___init_time	151
1e7fc	___init_monetary	922
1eb22	___init_numeric	556
1eca7	___get_qualified_locale	307
1ee7b	___lc_wcstolc	114
1ef14	___lc_lctowcs	113
1eff2	__stbuf	165
1f012	__ftbuf	58
1f059	_flsbuf	376
1f159	__unlock_file2	49
1f17e	wctomb_s	27
1f28e	_putws	213
1f371	_fwrite_nolock	366
1f439	fputs	244
1f581	fprintf	295
1f664	_write	213
1f791	_fflush_nolock	91
1f7c1	fflush	78
1f8ac	_wdupenv_s	242
1f971	wcsncat_s	228
1fa1c	DName	44
1fa48	operator+	34
1fa6a	??YDName@@QAEAAV0@D@Z	87
1fab6	_NumberOfSpins	4
1faba	?getString@charNode@@UBEPADPAD0@Z	21
1fcb6	??YDName@@QAEAAV0@PBD@Z	104
1ffc7	??HDName@@QBE?AV0@PBD@Z	34
1ffef	?getScope@UnDecorator@@CA?AVDName@@XZ	51
20031	?getDimension@UnDecorator@@CA?AVDName@@_N@Z	384
200e1	DName	107
201dd	?getTypeEncoding@UnDecorator@@CAHXZ	1295
202a8	?getReturnType@UnDecorator@@CA?AVDName@@PAV2@@Z	54
202e7	?getArgumentTypes@UnDecorator@@CA?AVDName@@XZ	227
20316	?getRestrictionSpec@UnDecorator@@CA?AVDName@@XZ	265
20348	?getThrowTypes@UnDecorator@@CA?AVDName@@XZ	144
20380	?getDispatchTarget@UnDecorator@@CA?AVDName@@XZ	111
203aa	?length@pDNameNode@@UBEHXZ	20
203be	getString	29
204ac	??HDName@@QBE?AV0@D@Z	34
204ce	getLexicalFrame	59
205b5	??_5DName@@QAEAAV0@ABV0@@Z	37
205d2	?composeDeclaration@UnDecorator@@CA?AVDName@@ABV2@@Z	2226
20cdd	?getSymbolName@UnDecorator@@CA?AVDName@@XZ	82
20d02	?UScore@UnDecorator@@SAPBDW4Tokens@@@Z	38
20d54	?getCallingConvention@UnDecorator@@CA?AVDName@@XZ	223
20dcb	??0pDNameNode@@QAE@PAVDName@@@Z	42
20e36	??0UnDecorator@@QAE@PADPBDHP6APADJ@ZK@Z	112
20e93	??YDName@@QAEAAV0@ABV0@@Z	81
20ec4	operator=	50
20f4e	?getMemory@_HeapManager@@QAEPAXIH@Z	149
20f89	?append@DName@@AAEXPAVDNameNode@@@Z	72
21030	?getStringHelper@@YAPADPAD00H@Z	62
21067	?getString@pcharNode@@UBEPADPAD0@Z	27
21082	getString	42
210ac	?getString@DName@@QBEPADPADH@Z	104
210fc	??BUnDecorator@@QAEPADXZ	347
21228	?getZName@UnDecorator@@CA?AVDName@@_N0@Z	550
21322	??YReplicator@@QAEAAV0@ABVDName@@@Z	74
2136c	length	41
21395	?length@pcharNode@@UBEHXZ	4
21399	??0pcharNode@@QAE@PBDH@Z	97
2140c	?doPchar@DName@@AAEXPBDH@Z	174
21473	??0DName@@QAE@AAPBDD@Z	165
2151e	?getBasicDataType@UnDecorator@@CA?AVDName@@ABV2@@Z	1016
21600	?getPrimaryDataType@UnDecorator@@CA?AVDName@@ABV2@@Z	412
21654	?Destructor@_HeapManager@@QAEXXZ	38
216f9	DName	58
21733	?getScopedName@UnDecorator@@CA?AVDName@@XZ	242
217cc	?getECSUDataType@UnDecorator@@CA?AVDName@@XZ	309
21898	??YDName@@QAEAAV0@W4DNameStatus@@@Z	88
21906	?getDataIndirectType@UnDecorator@@CA?AVDName@@ABV2@PBD0H@Z	1332
21a58	??0DName@@QAE@PAV0@@Z	84
21a7e	?getDataType@UnDecorator@@CA?AVDName@@PAV2@@Z	222
21aef	?getDecoratedName@UnDecorator@@CA?AVDName@@XZ	671
21b4a	__unDName	149
21cf1	??4DName@@QAEAAV0@W4DNameStatus@@@Z	64
21d17	before	32
21d37	?_ResolvePolicyValues@SchedulerPolicy@Concurrency@@AAEXXZ	84
21d69	_ReaderWriterLock	16
21d87	GetSchedulerId	14
21d95	?GetFirstNode@ResourceManager@details@Concurrency@@UBEPAUITopologyNode@3@XZ	7
21d9c	?GetId@TopologyObject@GlobalNode@details@Concurrency@@UBEIXZ	7
21da3	?GetNumaNode@TopologyObject@GlobalNode@details@Concurrency@@UBEKXZ	7
21daa	?GetFirstExecutionResource@TopologyObject@GlobalNode@details@Concurrency@@UBEPAUITopologyExecutionResource@4@XZ	10
21ded	?GetNext@TopologyObject@GlobalNode@details@Concurrency@@UBEPAUITopologyNode@4@XZ	21
21e02	?GetIScheduler@ThreadScheduler@details@Concurrency@@UAEPAUIScheduler@3@XZ	4
21e06	?InitializeRMBuffers@ResourceManager@details@Concurrency@@AAEXXZ	212
21e37	??0VirtualProcessor@details@Concurrency@@QAE@XZ	52
21e6b	?GetId@VirtualProcessorRoot@details@Concurrency@@UBEIXZ	4
21e80	?MakeAvailable@VirtualProcessor@details@Concurrency@@IAEXW4AvailabilityType@123@_N@Z	152
21ed9	?TraceSchedulerEvent@SchedulerBase@details@Concurrency@@AAEXW4ConcRT_EventType@3@EI@Z	50
21eed	?TraceContextEvent@ContextBase@details@Concurrency@@IAEXW4ConcRT_EventType@3@EKK@Z	54
21f01	?Add@?$ListArray@VExternalStatistics@details@Concurrency@@@details@Concurrency@@QAEHPAVExternalStatistics@23@@Z	165
22012	?Lookup@?$Hash@PAV_TaskCollection@details@Concurrency@@PAV123@@details@Concurrency@@AAEPAUListNode@123@ABQAV_TaskCollection@23@H@Z	44
22028	?Insert@?$Hash@II@details@Concurrency@@QAEPAUListNode@123@ABI0@Z	99
2208b	?Initialize@SchedulerBase@details@Concurrency@@AAEXXZ	743
2234d	?GetNext@TopologyObject@GlobalCore@details@Concurrency@@UBEPAUITopologyExecutionResource@4@XZ	21
2242b	?GetExecutionResourceCount@TopologyObject@GlobalNode@details@Concurrency@@UBEIXZ	7
2243d	?InterlockedSet@ReferenceCountedQuickBitSet@details@Concurrency@@QAEII@Z	124
2246f	?AddVirtualProcessor@SchedulingNode@details@Concurrency@@QAEPAVVirtualProcessor@23@PAUIVirtualProcessorRoot@3@_N@Z	218
224ff	?CreateVirtualProcessor@ThreadScheduler@details@Concurrency@@UAEPAVVirtualProcessor@23@PAVSchedulingNode@23@PAUIVirtualProcessorRoot@3@@Z	45
22536	?Id@SchedulerBase@details@Concurrency@@UBEIXZ	7
22596	?Reset@WorkSearchContext@details@Concurrency@@QAEXPAVVirtualProcessor@23@W4Algorithm@123@@Z	91
225de	?AddTail@?$List@VExecutionResource@details@Concurrency@@VCount@CollectionTypes@23@@details@Concurrency@@QAEXPAVExecutionResource@23@@Z	64
225fe	?AddVirtualProcessorRoots@SchedulerProxy@details@Concurrency@@QAEXPAPAUIVirtualProcessorRoot@3@I@Z	108
2266a	?GetNodeId@VirtualProcessorRoot@details@Concurrency@@UBEIXZ	7
22671	?GetNodeId@ExecutionResource@details@Concurrency@@UBEIXZ	4
22675	?AddVirtualProcessors@SchedulerBase@details@Concurrency@@IAEXPAPAUIVirtualProcessorRoot@3@I@Z	208
226e3	?_ValidateConcRTPolicy@SchedulerPolicy@Concurrency@@QBEXXZ	92
2270f	GetPolicyValue	70
2272c	??0SchedulerProxy@details@Concurrency@@QAE@PAUIScheduler@2@PAVResourceManager@12@ABVSchedulerPolicy@2@@Z	618
22911	??0HillClimbing@details@Concurrency@@QAE@IIPAVSchedulerProxy@12@@Z	147
22999	?Add@?$ListArray@VVirtualProcessor@details@Concurrency@@@details@Concurrency@@QAEHPAVVirtualProcessor@23@@Z	344
22a6e	?GetCoreCount@ResourceManager@details@Concurrency@@SAIXZ	77
22a89	?Initialize@VirtualProcessor@details@Concurrency@@MAEXPAVSchedulingNode@23@PAUIVirtualProcessorRoot@3@@Z	214
22b5f	?GetExecutionResourceId@VirtualProcessorRoot@details@Concurrency@@UBEIXZ	8
22b67	?GetExecutionResourceId@ExecutionResource@details@Concurrency@@UBEIXZ	4
22c00	?Initialize@GlobalCore@details@Concurrency@@QAEXPAUGlobalNode@23@IE@Z	57
22cc8	?HashValue@?$Hash@II@details@Concurrency@@CAIABIH@Z	42
22cf2	?Find@?$Hash@II@details@Concurrency@@QAEPAUListNode@123@ABIPAI@Z	52
22d80	?GrantAllocation@SchedulerProxy@details@Concurrency@@QAEPAVExecutionResource@23@I_N0@Z	865
22f3b	?CreateVirtualProcessorRoot@SchedulerProxy@details@Concurrency@@UAEPAVVirtualProcessorRoot@23@PAUSchedulerNode@23@I@Z	32
22f59	ExecutionResource	103
22fc0	VirtualProcessorRoot	71
230b9	?Grow@QuickBitSet@details@Concurrency@@QAEXI@Z	136
23126	?Grow@ReferenceCountedQuickBitSet@details@Concurrency@@QAEXI@Z	122
2318c	?ApplyAffinityRestrictions@ResourceManager@details@Concurrency@@CAXPAU_GROUP_AFFINITY@@@Z	17
2329f	~SchedulerPolicy	9
232a8	?CreateSchedulerProxy@ResourceManager@details@Concurrency@@AAEPAVSchedulerProxy@23@PAUIScheduler@3@@Z	89
23301	?RegisterScheduler@ResourceManager@details@Concurrency@@UAEPAUISchedulerProxy@3@PAUIScheduler@3@I@Z	90
2336b	?RequestInitialVirtualProcessors@SchedulerProxy@details@Concurrency@@UAEPAUIExecutionResource@3@_N@Z	19
233d8	?InitializeSchedulerEventHandlers@SchedulerBase@details@Concurrency@@MAEXXZ	14
233e6	QuickBitSet	70
2342c	?GetBitSet@SchedulerBase@details@Concurrency@@QAE?AVQuickBitSet@23@PBVlocation@3@@Z	104
2347d	?Initialize@ScheduleGroupSegmentBase@details@Concurrency@@IAEXPAVScheduleGroupBase@23@PAVSchedulingRing@23@PAVlocation@3@@Z	86
234d3	??0location@Concurrency@@QAE@ABV01@@Z	55
2350a	__EH_prolog3_GS	54
23540	?CaptureProcessAffinity@ResourceManager@details@Concurrency@@CAXXZ	291
23582	__EH_epilog3_GS	15
23591	?CleanupTopologyInformation@ResourceManager@details@Concurrency@@CAXXZ	27
235ac	?DetermineTopology@ResourceManager@details@Concurrency@@AAEXXZ	635
236b6	??0ScheduleGroupSegmentBase@details@Concurrency@@IAE@PAVScheduleGroupBase@12@PAVSchedulingRing@12@PAVlocation@2@@Z	136
23793	??0?$ListArray@U?$ListArrayInlineLink@VWorkQueue@details@Concurrency@@@details@Concurrency@@@details@Concurrency@@QAE@PAVSchedulerBase@12@HH@Z	200
2385b	??0SchedulerBase@details@Concurrency@@QAE@ABVSchedulerPolicy@2@@Z	93
238b8	SchedulerPolicy	38
238de	GetPolicy	27
238f9	?GetPolicy@ThreadScheduler@details@Concurrency@@UBE?AVSchedulerPolicy@3@XZ	26
23913	??0?$Hash@II@details@Concurrency@@QAE@H@Z	60
23b30	_Release	8
23b59	?AddVirtualProcessors@ThreadScheduler@details@Concurrency@@UAEXPAPAUIVirtualProcessorRoot@3@I@Z	12
23b65	?InitializeSystemInformation@ResourceManager@details@Concurrency@@CAX_N@Z	39
23b8c	?RetrieveSystemVersionInformation@ResourceManager@details@Concurrency@@CAXXZ	94
23c1f	??0Etw@details@Concurrency@@AAE@XZ	95
23cd6	?ReserveCores@ResourceManager@details@Concurrency@@AAEIPAVSchedulerProxy@23@II@Z	216
23e3b	?GetDefaultScheduler@SchedulerBase@details@Concurrency@@CAPAV123@XZ	30
23e59	?_Acquire@_NonReentrantLock@details@Concurrency@@QAEXXZ	59
23e72	?_RegisterConcRTEventTracing@details@Concurrency@@YAXXZ	69
23ed3	`eh_vector_constructor_iterator'	76
23f47	?Add@?$ListArray@VScheduleGroupSegmentBase@details@Concurrency@@@details@Concurrency@@QAEHPAVScheduleGroupSegmentBase@23@@Z	153
23fed	?CreateSegment@ScheduleGroupBase@details@Concurrency@@IAEPAVScheduleGroupSegmentBase@23@PAVlocation@3@PAVSchedulingRing@23@@Z	199
24073	?AllocateSegment@CacheLocalScheduleGroup@details@Concurrency@@MAEPAVScheduleGroupSegmentBase@23@PAVSchedulingRing@23@PAVlocation@3@@Z	47
240ac	??0ContextBase@details@Concurrency@@QAE@PAVSchedulerBase@12@_N@Z	167
241dc	??0ExternalContextBase@details@Concurrency@@QAE@PAVSchedulerBase@12@_N@Z	188
24289	?GetExternalContext@SchedulerBase@details@Concurrency@@AAEPAVExternalContextBase@23@_N@Z	136
24335	?Reference@SchedulerBase@details@Concurrency@@UAEIXZ	114
243c9	?CreateContextFromDefaultScheduler@SchedulerBase@details@Concurrency@@SAPAVContextBase@23@XZ	34
243eb	?Release@SchedulerBase@details@Concurrency@@UAEIXZ	35
24404	_NonReentrantBlockingLock	20
24418	??0ResourceManager@details@Concurrency@@AAE@XZ	68
244a0	?CreateSingleton@ResourceManager@details@Concurrency@@SAPAV123@XZ	147
244d0	?Reference@ResourceManager@details@Concurrency@@UAEIXZ	12
244dc	?CreateWithoutInitializing@SchedulerBase@details@Concurrency@@SAPAV123@ABVSchedulerPolicy@3@@Z	17
244ff	?_Initialize@SchedulerPolicy@Concurrency@@AAEXIPAPAD@Z	193
24557	SchedulerPolicy	31
24576	?OneShotStaticConstruction@UMSThreadScheduler@details@Concurrency@@SAXXZ	69
24592	?OneShotStaticConstruction@SchedulerBase@details@Concurrency@@CAXXZ	103
24644	?Initialize@GlobalNode@details@Concurrency@@QAEXPAVResourceManager@23@GGKII@Z	201
24704	?Add@?$ListArray@VScheduleGroupBase@details@Concurrency@@@details@Concurrency@@QAEHPAVScheduleGroupBase@23@@Z	150
247a7	?InternalCreateScheduleGroup@SchedulerBase@details@Concurrency@@AAEPAVScheduleGroup@3@PAVlocation@3@@Z	215
24844	?CreateScheduleGroup@SchedulerBase@details@Concurrency@@UAEPAVScheduleGroup@3@XZ	35
24867	??0Segment@?$Mailbox@V_UnrealizedChore@details@Concurrency@@@details@Concurrency@@QAE@PAVSchedulerBase@23@ABVQuickBitSet@23@II@Z	108
248d3	?CopyFrom@QuickBitSet@details@Concurrency@@IAEXABV123@@Z	105
24915	_Acquire	8
2491d	?RequestInitialVirtualProcessors@ResourceManager@details@Concurrency@@QAEPAUIExecutionResource@3@PAVSchedulerProxy@23@_N@Z	87
249be	?CreateAllocatedNodeData@ResourceManager@details@Concurrency@@QAEPAUSchedulerNode@23@XZ	308
24af2	?PerformAllocation@ResourceManager@details@Concurrency@@QAEPAVExecutionResource@23@PAVSchedulerProxy@23@_N1@Z	56
24b89	ResetGlobalAllocationData	87
24be0	DesiredHWThreads	25
24bf9	?SetupStaticAllocationData@ResourceManager@details@Concurrency@@AAEXPAVSchedulerProxy@23@_N@Z	231
24c82	?PopulateCommonAllocationData@ResourceManager@details@Concurrency@@AAEXIPAVSchedulerProxy@23@PAUAllocationData@23@@Z	203
24ce3	?FastCurrentContext@SchedulerBase@details@Concurrency@@SAPAVContextBase@23@XZ	13
24cf0	?AttachExternalContext@SchedulerBase@details@Concurrency@@AAEPAVExternalContextBase@23@_N@Z	30
24d0e	GetNextValidSchedulingRingIndex	34
24d30	?GetNextSchedulingRing@SchedulerBase@details@Concurrency@@QAEPAVSchedulingRing@23@XZ	29
24d4d	?PrepareForUse@ExternalContextBase@details@Concurrency@@QAEX_N@Z	201
24fb4	??0ScheduleGroupBase@details@Concurrency@@QAE@PAVSchedulerBase@12@PAVlocation@2@@Z	85
25355	FID_conflict:___free_lconv_num	103
25415	FID_conflict:___acrt_locale_free_monetary	252
25511	___free_lc_time	896
25ee2	localeconv	51
25f83	__setmbcp_nolock	517
26185	__timezone	6
2618b	__daylight	6
26191	__dstbias	6
26197	__tzname	6
26444	signal	298
2652c	_wcreate_locale	269
265d5	_create_locale	96
2668e	__wsetenvp	142
2671c	exception	27
26737	~__non_rtti_object	8
2673f	_Tidy	37
26778	__non_rtti_object	27
26822	_towupper_l	213
2687f	towupper	17
26890	_wchdir	301
26965	_wgetcwd	21
269d1	__SEH_epilog4_GS	15
269e0	__SEH_prolog4_GS	72
26a28	_chdrive	72
26a89	__clean_type_info_names_internal	81
26ae4	caseD_f	89
26b75	_mbscmp_l	221
26bcc	_mbscmp	21
26be1	_stricmp_l	165
26c5c	_stricmp	75
26c84	_onexit	55
26d4f	__get_errno_from_oserr	37
26d74	_dosmaperr	33
26da6	_setmbcp	453
26e8c	_ismbblead	22
26ea2	__heap_init	21
26eb7	__initp_heap_handler	13
26ec4	__initp_misc_invarg	13
26ed1	__initp_misc_purevirt	13
26ede	__initp_misc_rand_s	13
26eeb	__initp_misc_winsig	28
26f07	__mtinitlocks	45
26f3a	___initmbctable	11
26f5a	___inittime	41
2701c	?allocate@?$_DebugMallocator@V__ExceptionPtr@@@@QBEPAV__ExceptionPtr@@I@Z	121
2704a	?allocate@?$_DebugMallocator@V?$_Ref_count_del_alloc@V__ExceptionPtr@@P6AXPAV1@@ZV?$_DebugMallocator@H@@@std@@@@QBEPAV?$_Ref_count_del_alloc@V__ExceptionPtr@@P6AXPAV1@@ZV?$_DebugMallocator@H@@@std@@I@Z	121
27078	_Assign_rv	40
270ae	__set_app_type	13
27205	__initp_eh_hooks	17
27216	__init_pointers	56
2724e	__mtinit	127
27324	atexit	21
27351	?_CopyException@__ExceptionPtr@@SA?AV?$shared_ptr@V__ExceptionPtr@@@std@@PBXPBU_s_ThrowInfo@@_N@Z	17
273ec	?_InitBadAllocException@__ExceptionPtr@@CA?AV?$shared_ptr@V__ExceptionPtr@@@std@@XZ	91
27464	?_CallCopyCtor@__ExceptionPtr@@ABEXPAX0IQBU_s_CatchableType@@@Z	159
274b5	??0__ExceptionPtr@@AAE@PBUEHExceptionRecord@@_N@Z	325
275ac	operator=	58
275d7	exception	35
275fa	??0bad_alloc@std@@QAE@ABV01@@Z	27
2768c	?_Reset0@?$_Ptr_base@V__ExceptionPtr@@@std@@QAEXPAV__ExceptionPtr@@PAV_Ref_count_base@2@@Z	43
276ad	_Resetp<__ExceptionPtr,void_(__cdecl*)(__ExceptionPtr*),_DebugMallocator<int>_>	77
27710	??$reset@V__ExceptionPtr@@P6AXPAV1@@ZV?$_DebugMallocator@H@@@?$shared_ptr@V__ExceptionPtr@@@std@@QAEXPAV__ExceptionPtr@@P6AX0@ZV?$_DebugMallocator@H@@@Z	69
27789	__ioinit	734
27899	__fpmath	27
278aa	__cinit	67
27a4c	_IsProcessorFeaturePresent@4	6
27a5c	___security_init_cookie	165
27b39	__crtSetUnhandledExceptionFilter	14
27b6a	___crtGetEnvironmentStringsA	149
27bf1	__setenvp	72
27c65	_wfsopen	183
27d04	__wopenfile	789
27df9	_control87	864
27f57	_controlfp_s	107
27f8f	_wfopen_s	83
280fa	fgetws	200
2820d	__crtGetShowWindowMode	37
28334	isleadbyte	17
28351	mbtowc	24
284c3	__setargv	165
28568	__getmainargs	78
286a2	__write_nolock	2050
28831	__wgetmainargs	103
28895	?_strlwr_s_l_stat@@YAHPADIPAUlocaleinfo_struct@@@Z	406
2899d	_strlwr_s_l	50
289cf	_strlwr_s	21
28a37	iswascii	18
28a84	_isalnum_l	93
28ac6	isalnum	49
28aec	fputwc	108
28cc5	_waccess	22
28f4e	_vfwprintf_helper	140
28fe4	vfwprintf	29
29001	atoi	9
2918e	strtol	49
291b5	atol	20
291c9	strcat_s	97
29221	strrchr	315
292cb	sscanf_s	30
292e9	__input_s_l	4437
29743	__wgetpath	222
297c8	_wsearchenv_s	965
29b16	fwrite	117
29b94	__lseek_nolock	137
29bee	_lseek	201
29ce8	strncat_s	207
29e10	ftell	97
29e7c	_ftell_nolock	905
29f89	?getTemplateArgumentList@UnDecorator@@CA?AVDName@@XZ	556
2a08d	?getTemplateName@UnDecorator@@CA?AVDName@@_N@Z	386
2a1ab	?getLastChar@pairNode@@UBEDXZ	30
2a1c0	?getLastChar@pcharNode@@UBEDXZ	22
2a1e3	__unDNameEx	149
2a3ea	?getLastChar@charNode@@UBEDXZ	4
2a416	??AReplicator@@QBE?AVDName@@H@Z	93
2a467	?getTemplateConstant@UnDecorator@@CA?AVDName@@XZ	794
2a4ca	?getSignedDimension@UnDecorator@@CA?AVDName@@XZ	95
2a4f8	_getmbcp	56
2a5ba	_splitpath_s	468
2a70a	_mbsdec_l	156
2a75a	_mbsdec	21
2a76f	_makepath_s	204
2a851	caseD_17	321
2a882	operator_new	14
2a936	_ultoa_s	24
2a9ef	_ltoa_s	49
2aa85	__fltin2	176
2ab29	_atof_l	177
2aba3	atof	17
2abfd	caseD_a	52
2ac9b	operator+	34
2ad2a	?getPtrRefDataType@UnDecorator@@CA?AVDName@@ABV2@H@Z	254
2adb6	?getPtrRefType@UnDecorator@@CA?AVDName@@ABV2@0PBD@Z	261
2ae5a	__wsetargv	174
2b02c	_wcsdup	90
2b0e8	_flushall	9
2b0f1	vsprintf_s	27
2b134	setvbuf	294
2b214	fseek	113
2b28c	_fseek_nolock	181
2b2f1	___crtwsetenv	625
2b482	_wputenv_s	117
2b4fd	rewind	197
2b607	_fullpath	271
2b77a	_set_invalid_parameter_handler	37
2bbac	fputws	148
2bc60	_wunlink	6
2bc66	_wremove	53
2bdf1	__wdospawn	577
2bfae	__wcenvarg	1060
2c1e5	_wspawnve	514
2c28f	_wspawnvpe	599
2c32e	_wspawnvp	24
2c405	__flswbuf	304
2c578	_get_wpgmptr	58
2c59c	_vswprintf_c_l	49
2c788	_strdup	87
2c7cf	strtoul	49
2ca49	__wcwild	199
2cb9c	___wsetargv	181
2cc6b	_filelength	232
2cd58	_dup2	238
2cf2c	_lseeki64	217
2cfec	asctime_s	475
2d187	_ctime64_s	153
2d204	setSBCS	105
2d283	__p__fmode	6
2d289	__p__commode	6
2d28f	_query_new_mode	6
2d29d	__CxxQueryExceptionSize	4
2d2a1	_snwprintf	242
2d332	_snwprintf_s	31
2d351	__CxxExceptionFilter	381
2d3fd	__CxxRegisterExceptionObject	224
2d4aa	__CxxUnregisterExceptionObject	356
2dca3	caseD_0	24
2dcbb	___wstrgtold12_l	2253
2dea9	__wfltin2	178
2df4f	_wtof_l	130
2dfba	_wtof	17
2e030	swscanf_s	30
2e04e	__whiteout	53
2e50c	__filwbuf	311
2e54f	_ungetwc_nolock	474
2e751	swprintf_s	28
2e89a	_wcslwr	114
2e8e4	__wcstombs_l_helper	575
2e9c6	_wcstombs_s_l	258
2ea4c	wcstombs_s	30
2ea6a	_atoflt_l	170
2ebdd	__ld12tof	1442
2f1ee	_set_purecall_handler	37
2f213	_beginthreadex	173
2f288	__get_flsindex	6
2f315	_endthreadex	51
2f400	swscanf	30
2f947	_vsnwprintf_l	243
2f9d9	_vsnwprintf	27
2f9f4	wmemcpy_s	158
2fa37	initterm	28
2fa53	initterm_e	34
2fa75	calloc	79
2fb0c	_recalloc	114
2fb77	_realloc_crt	36
2fbe4	_waccess_s	163
2fc41	_fgetwc_nolock	393
2fc73	reader_writer_lock	38
2fc99	_ltow_s	49
2fcc2	_mbtowc_l	267
2fee4	_ultow_s	24
302a1	___updatetmbcinfo	193
305d4	qsort	679
308db	wcstok_s	230
309e6	strstr	839
30b5c	??1bad_alloc@std@@UAE@XZ	11
30b7a	??1__ExceptionPtr@@QAE@XZ	168
30bce	??_E?$_Ref_count_del_alloc@V__ExceptionPtr@@P6AXPAV1@@ZV?$_DebugMallocator@H@@@std@@UAEPAXI@Z	41
30c00	?_Decref@_Ref_count_base@std@@QAEXXZ	48
30c27	?_DeleteExceptionPtr@@YAXQAV__ExceptionPtr@@@Z	17
30c38	?_Delete_this@?$_Ref_count_del_alloc@V__ExceptionPtr@@P6AXPAV1@@ZV?$_DebugMallocator@H@@@std@@EAEXXZ	19
30c4b	?_Destroy@?$_Ref_count_del_alloc@V__ExceptionPtr@@P6AXPAV1@@ZV?$_DebugMallocator@H@@@std@@EAEXXZ	8
30c53	___crtCorExitProcess	50
30caf	___crtExitProcess	21
30cc5	___crtdll_callstaticterminators	34
30d0c	___freeCrtMemory	19
30d9b	_cexit	15
30f2b	exit	20
3110e	_rmtmp	151
311db	_tzset	47
31267	_memccpy	91
312c2	___ascii_memicmp	88
3132a	strcpy	7
31331	strcat	228
314d8	strcspn	68
3151c	strncat	309
316de	___ascii_strnicmp	96
3173e	_strnset	43
31769	strpbrk	63
31852	_strrev	53
31887	_strset	33
318a8	strspn	68
31abc	__alldvrm	223
31b9b	__allrem	178
31c4d	__allshl	31
31cfe	__aullrem	117
31d73	__aullshr	31
31dab	_EH_prolog	31
31dca	_inp	9
31dd3	_inpw	8
31ddb	_inpd	7
31de2	_outp	13
31def	_outpw	13
31dfc	_outpd	11
31e2f	local_unwind4	144
31f05	seh_longjmp_unwind4	28
31f21	_EH4_LocalUnwind	23
31fad	global_unwind2	32
32012	local_unwind2	132
32096	_abnormal_termination	35
320b9	__NLG_Call	3
320bc	except_handler2	174
3216a	except_handler3	254
32268	seh_longjmp_unwind	27
32283	longjmpex	5
32288	_setjmp	56
32335	acos	70
32375	_CIacos	102
323c3	__acos_default	9
3247a	asin	70
324ba	_CIasin	102
32508	__asin_default	9
325bf	atan	70
325ff	_CIatan	102
3264d	__atan_default	9
326d3	atan2	10
326dd	_CIatan2	10
326e7	cos	70
32727	_CIcos	102
32775	__cos_default	9
3280f	sinh	10
32819	cosh	10
32823	tanh	10
3282d	_CIsinh	10
32837	_CIcosh	10
32841	_CItanh	10
3284b	exp	66
32887	_CIexp	84
328c3	__exp_default	10
328cd	__CIexp_default	10
328d7	fmod	10
328e1	_CIfmod	10
328f9	log	70
32939	_CIlog	102
32987	__log_default	9
32a48	log10	70
32a88	_CIlog10	102
32ad6	__log10_default	9
32b97	pow	64
32bd7	_CIpow	108
32c2a	__pow_default	9
32e20	sin	70
32e60	_CIsin	102
32eae	__sin_default	9
32f48	_CIsqrt	20
32f5c	sqrt	9
33002	tan	70
33042	_CItan	102
33090	__tan_default	9
3312e	ftol	39
33155	libm_sse2_acos_precise	1311
34e40	libm_sse2_asin_precise	1346
36b28	libm_sse2_atan_precise	773
36f80	libm_sse2_cos_precise	440
379c0	libm_sse2_exp_precise	687
38128	libm_sse2_log10_precise	675
38cd0	libm_sse2_log_precise	651
39840	libm_sse2_pow_precise	2928
3dcf0	libm_sse2_sin_precise	453
3e748	libm_sse2_sqrt_precise	254
3e846	libm_sse2_tan_precise	605
40130	ceil	494
40298	floor	498
40410	modf	605
422c0	__trandisp1	103
42327	__trandisp2	140
423b3	__rttospop	5
4247e	__rtchsifneg	7
42485	__startTwoArgErrorHandling	23
4249c	__startOneArgErrorHandling	60
424ed	__load_CW	23
42504	__convertTOStoQNaN	25
42528	__fload_withFB	67
4256b	__checkTOS_withFB	22
4258e	__math_exit	42
44810	__rtpiby2	9
44843	__cintrindisp2	62
44881	__cintrindisp1	61
448be	__ctrandisp2	65
44a80	__ctrandisp1	51
44ab3	__fload	60
45df0	__rtinfnpop	16
45e11	__ffexpm1	119
47579	__pow_pentium4	2872
4dd50	__ftol2	117
4e273	?_Acquire_lock@reader_writer_lock@Concurrency@@QAEXPAX_N@Z	72
4f7d3	Catch_All@1004f7d3	18
4fe73	Catch_All@1004fe73	16
4ff32	terminate	5
4ff62	Catch_All@1004ff62	5
50032	Catch@10050032	34
5005c	Catch_All@1005005c	5
519f0	_fcloseall	17
55837	__winput_l	3757
566ac	__winput_s_l	2990
57bde	_CxxThrowException	71
5aa3a	__read_nolock	2036
5c14b	_invoke_watson	5
63474	_Context	14
63482	`default_constructor_closure'	4
63486	_GetScheduler	3
63489	operator=	22
6349f	`default_constructor_closure'	12
634ab	??1_Scoped_lock@_CriticalNonReentrantLock@details@Concurrency@@QAE@XZ	13
634b8	??1QuickBitSet@details@Concurrency@@QAE@XZ	10
634c2	operator&	80
63512	Intersects	62
6355a	?AddToRunnablesCollection@FairScheduleGroupSegment@details@Concurrency@@EAEXPAVInternalContextBase@23@@Z	15
63569	?NotifyAffinitizedWork@CacheLocalScheduleGroupSegment@details@Concurrency@@UAEXXZ	161
6360a	?MailChore@CacheLocalScheduleGroup@details@Concurrency@@UAE?AVSlot@?$Mailbox@V_UnrealizedChore@details@Concurrency@@@23@PAV_UnrealizedChore@23@PAVlocation@3@PAPAVScheduleGroupSegmentBase@23@@Z	100
6366e	_SpinWait<1>	19
63681	_SpinOnce	110
636ef	?Enqueue@?$SafeSQueue@VInternalContextBase@details@Concurrency@@V_HyperNonReentrantLock@23@@details@Concurrency@@QAEXPAVInternalContextBase@23@@Z	60
6372b	_DoYield	3
6372e	_Reset	16
6373e	_ShouldSpinAgain	11
63749	?LocateMailboxSegment@?$Mailbox@V_UnrealizedChore@details@Concurrency@@@details@Concurrency@@AAEPAUSegment@123@I_N@Z	131
637cc	_SetSpinCount	34
637ee	DemandInitialize	118
63864	~critical_section	1
63865	??1_RefCounterBase@details@Concurrency@@UAE@XZ	7
6386c	_Release	23
63883	_Destroy	11
6388e	??_E_CancellationTokenRegistration@details@Concurrency@@MAEPAXI@Z	32
638ae	??_E_CancellationTokenState@details@Concurrency@@UAEPAXI@Z	74
638f8	?_Exec@CancellationTokenRegistration_TaskProc@@MAEXXZ	8
63900	_NewTokenState	19
63913	_CancellationTokenState	62
63951	~_CancellationTokenState	120
639c9	_Cancel	103
63a30	_RegisterCallback	112
63aa0	_RegisterCallback	88
63b18	_DeregisterCallback	251
63c13	_Invoke	67
63c56	?Swap@?$SafeRWList@UListEntry@details@Concurrency@@VNoCount@CollectionTypes@23@V_ReaderWriterLock@23@@details@Concurrency@@QAEXPAV?$List@UListEntry@details@Concurrency@@VNoCount@CollectionTypes@23@@23@@Z	52
63c8a	??1_Scoped_lock@?$SafeRWList@UListEntry@details@Concurrency@@VNoCount@CollectionTypes@23@V_ReaderWriterLock@23@@details@Concurrency@@QAE@XZ	20
63c9e	AddTail	47
63ccd	Remove	46
63d00	??0missing_wait@Concurrency@@QAE@ABV01@@Z	27
63d38	??_Gimproper_scheduler_detach@Concurrency@@UAEPAXI@Z	31
63d57	_CheckTaskCollection	104
63dc0	_CancelViaToken	39
63de7	?_PrepareStealStructured@_UnrealizedChore@details@Concurrency@@AAEXPAVContextBase@23@@Z	57
63ec5	Catch@10063ec5	29
63ef8	Catch_All@10063ef8	22
63f6c	??0_Interruption_exception@details@Concurrency@@QAE@ABV012@@Z	27
63fa4	?_PrepareStealUnstructured@_UnrealizedChore@details@Concurrency@@AAEXPAVContextBase@23@@Z	129
64146	Catch@10064146	35
6419f	Catch_All@1006419f	28
641bb	Catch@100641bb	35
64232	Catch_All@10064232	28
642dd	?AddTail@?$SafeRWList@UListEntry@details@Concurrency@@VNoCount@CollectionTypes@23@V_ReaderWriterLock@23@@details@Concurrency@@QAEXPAUListEntry@23@@Z	49
6430e	?Remove@?$SafeRWList@UListEntry@details@Concurrency@@VNoCount@CollectionTypes@23@V_ReaderWriterLock@23@@details@Concurrency@@QAEXPAUListEntry@23@@Z	49
6433f	Id	19
64352	VirtualProcessorId	20
64366	ScheduleGroupId	20
6437a	Block	12
64386	Yield	12
64392	_SpinYield	12
6439e	IsCurrentTaskCollectionCanceling	51
643d1	CurrentContext	5
643d6	Oversubscribe	20
643ea	_CurrentContext	17
643fb	_IsSynchronouslyBlocked	7
64402	operator==	36
64426	??1Context@Concurrency@@MAE@XZ	7
6442d	??_EContext@Concurrency@@MAEPAXI@Z	32
6444d	?EnterCriticalRegionHelper@ContextBase@details@Concurrency@@UAEHXZ	8
64455	?EnterHyperCriticalRegionHelper@ContextBase@details@Concurrency@@UAEHXZ	11
64460	?ExitCriticalRegionHelper@ContextBase@details@Concurrency@@UAEHXZ	8
64468	?ExitHyperCriticalRegionHelper@ContextBase@details@Concurrency@@UAEHXZ	11
64473	?GetCriticalRegionType@ContextBase@details@Concurrency@@UBE?AW4CriticalRegionType@3@XZ	20
64487	?Grow@CancellationBeaconStack@ContextBase@details@Concurrency@@AAEXXZ	184
6453f	~CancellationBeaconStack	57
64578	operator[]	52
645ac	??_G_TaskCollection@details@Concurrency@@QAEPAXI@Z	31
645cb	`scalar_deleting_destructor'	31
645ea	~ContextBase	46
64618	?GetScheduleGroupId@ContextBase@details@Concurrency@@UBEIXZ	22
6462e	?CancelStealers@ContextBase@details@Concurrency@@QAEXPAV_TaskCollectionBase@23@@Z	209
646ff	?Cleanup@ContextBase@details@Concurrency@@QAEXXZ	30
648b0	?PushStructured@ContextBase@details@Concurrency@@QAEXPAV_UnrealizedChore@23@PAVlocation@3@@Z	331
649fb	?PushStructured@ContextBase@details@Concurrency@@QAEXPAV_UnrealizedChore@23@@Z	160
64a9b	?PushUnstructured@ContextBase@details@Concurrency@@QAEHPAV_UnrealizedChore@23@PAVlocation@3@@Z	326
64be1	?PushUnstructured@ContextBase@details@Concurrency@@QAEHPAV_UnrealizedChore@23@@Z	171
64c8c	?PopStructured@ContextBase@details@Concurrency@@QAEPAV_UnrealizedChore@23@XZ	75
64cd7	?TryPopUnstructured@ContextBase@details@Concurrency@@QAEPAV_UnrealizedChore@23@H@Z	102
64d3d	CreateWorkQueue	127
64dbc	?CreateStructuredWorkQueue@ContextBase@details@Concurrency@@QAEXXZ	174
64e6a	?ReleaseWorkQueue@ContextBase@details@Concurrency@@IAEXXZ	472
64f18	?GetScheduleGroup@ContextBase@details@Concurrency@@QBEPAVScheduleGroupBase@23@XZ	17
64f29	ClearAliasTable	63
64f68	?PopGoverningTokenState@ContextBase@details@Concurrency@@QAEXPAV_CancellationTokenState@23@@Z	121
64fe1	CancelCollection	109
6504e	?RecomputeMaximumCancellationDepth@ContextBase@details@Concurrency@@AAEXXZ	135
650d5	CancelCollectionComplete	50
65107	?ThrowContextEvent@ContextBase@details@Concurrency@@KAXW4ConcRT_EventType@3@EKK@Z	111
65188	FlagCancellationBeacons	76
651d4	TokenHidesCancellation	77
65221	IsCancellationVisible	57
6525a	?IsCanceledAtDepth@ContextBase@details@Concurrency@@AAE_NPAV_TaskCollectionBase@23@H@Z	243
6534d	_Cancellation_beacon	121
653c6	~_Cancellation_beacon	12
653d2	_Confirm_cancel	38
653f8	_GetCurrentInlineDepth	9
65401	?Delete@?$Hash@PAV_TaskCollection@details@Concurrency@@PAV123@@details@Concurrency@@QAE_NABQAV_TaskCollection@23@@Z	101
65466	Wipe	74
654b0	??1?$Hash@PAV_TaskCollection@details@Concurrency@@PAV123@@details@Concurrency@@QAE@XZ	19
654c3	?Add@?$ListArray@VWorkQueue@details@Concurrency@@@details@Concurrency@@QAEHPAVWorkQueue@23@@Z	369
65634	??1_Scoped_lock_read@?$SafeRWList@UListEntry@details@Concurrency@@VNoCount@CollectionTypes@23@V_ReaderWriterLock@23@@details@Concurrency@@QAE@XZ	13
65641	_SpinOnce	109
656ae	?GrowAndPush@?$StructuredWorkStealingQueue@V_UnrealizedChore@details@Concurrency@@V_CriticalNonReentrantLock@23@@details@Concurrency@@AAEXPAV_UnrealizedChore@23@VSlot@?$Mailbox@V_UnrealizedChore@details@Concurrency@@@23@@Z	382
6582c	Pop	90
65886	?SyncPush@?$WorkStealingQueue@V_UnrealizedChore@details@Concurrency@@V_CriticalNonReentrantLock@23@@details@Concurrency@@AAEHPAV_UnrealizedChore@23@VSlot@?$Mailbox@V_UnrealizedChore@details@Concurrency@@@23@@Z	401
65a17	?Claim@Slot@?$Mailbox@V_UnrealizedChore@details@Concurrency@@@details@Concurrency@@QAE_NPAPAV_UnrealizedChore@34@@Z	94
65a75	?NextList@?$Hash@PAV_TaskCollection@details@Concurrency@@PAV123@@details@Concurrency@@AAEPAUListNode@123@PAH@Z	50
65aa7	?Remove@?$ListArray@VWorkQueue@details@Concurrency@@@details@Concurrency@@QAE_NPAVWorkQueue@23@H_N@Z	248
65b9f	_DoYield	3
65ba2	_Reset	16
65bb2	?SyncPop@?$WorkStealingQueue@V_UnrealizedChore@details@Concurrency@@V_CriticalNonReentrantLock@23@@details@Concurrency@@AAEPAV_UnrealizedChore@23@XZ	159
65c51	?CheckForDeletionBridge@?$ListArray@VWorkQueue@details@Concurrency@@@details@Concurrency@@CAXPAV123@@Z	61
65c8e	_SetSpinCount	36
65cb2	?StaticDelete@Segment@?$Mailbox@V_UnrealizedChore@details@Concurrency@@@details@Concurrency@@SAXPAU1234@@Z	39
65cd9	??$_InternalDeleteHelper@VWorkQueue@details@Concurrency@@@details@Concurrency@@YAXPAVWorkQueue@01@@Z	50
65d0b	??1?$StructuredWorkStealingQueue@V_UnrealizedChore@details@Concurrency@@V_CriticalNonReentrantLock@23@@details@Concurrency@@QAE@XZ	23
65d22	Id	20
65d36	GetNumberOfVirtualProcessors	20
65d4a	GetPolicy	29
65d67	Get	9
65d70	Create	30
65d8e	Detach	53
65dc4	??0scheduler_not_attached@Concurrency@@QAE@ABV01@@Z	27
65dfc	RegisterShutdownEvent	56
65e35	CreateScheduleGroup	13
65e42	CreateScheduleGroup	21
65e57	ScheduleTask	24
65e6f	ScheduleTask	27
65e8a	IsAvailableLocation	28
65ea6	_Id	5
65eab	_GetNumberOfVirtualProcessors	13
65eb8	_Get	18
65eca	??_Gbad_alloc@std@@UAEPAXI@Z	37
65eef	GetSharedTimerQueue	157
65f8d	??0MultiWaitBlock@details@Concurrency@@QAE@I_N0@Z	90
66004	TimedSingleWaitBlock	56
66054	?createTimer@TimedSingleWaitBlock@details@Concurrency@@QAE_NI@Z	117
660c9	??0SingleWaitBlock@details@Concurrency@@QAE@XZ	47
66110	?Satisfy@TimedSingleWaitBlock@details@Concurrency@@UAE_NPAPAVContext@3@PAVEventWaitNode@23@@Z	133
66195	?Destroy@TimedSingleWaitBlock@details@Concurrency@@UAEXXZ	24
661ad	?SweepWaitNode@TimedSingleWaitBlock@details@Concurrency@@UAE_NXZ	17
661be	?DispatchEventTimer@TimedSingleWaitBlock@details@Concurrency@@SGXPAU_TP_CALLBACK_INSTANCE@@PAXPAU_TP_TIMER@@@Z	29
661db	?DispatchEventTimerXP@TimedSingleWaitBlock@details@Concurrency@@SGXPAXE@Z	18
661ed	_Condition_variable	21
66202	~_Condition_variable	35
66225	wait	146
662b7	wait_for	302
663e5	notify_one	126
66463	notify_all	92
664bf	event	25
664d8	~event	95
66537	wait	262
6663d	reset	96
6669d	set	301
667ca	wait_for_multiple	836
66b18	??0invalid_argument@std@@QAE@ABV01@@Z	27
66b94	??0MultiWaitBlockHolder@details@Concurrency@@QAE@_NI00@Z	213
66ca4	~MultiWaitBlockHolder	26
66cbe	?SingleSatisfy@MultiWaitBlock@details@Concurrency@@MAEXPAPAVContext@3@PAVEventWaitNode@23@@Z	162
66d60	?DispatchEventTimer@MultiWaitBlock@details@Concurrency@@SGXPAU_TP_CALLBACK_INSTANCE@@PAXPAU_TP_TIMER@@@Z	75
66dab	?DispatchEventTimerXP@MultiWaitBlock@details@Concurrency@@SGXPAXE@Z	79
66dfa	Satisfy	79
66e49	?SweepResetNode@WaitAnyBlock@details@Concurrency@@UAE_NXZ	1
66e4a	?SweepWaitNode@SingleWaitBlock@details@Concurrency@@UAE_NXZ	3
66e4d	NotifyCompletedNode	31
66e6c	?Satisfy@WaitAnyBlock@details@Concurrency@@UAE_NPAPAVContext@3@PAVEventWaitNode@23@@Z	57
66ea5	?SweepWaitNode@WaitAnyBlock@details@Concurrency@@UAE_NXZ	37
66eca	?Satisfy@WaitAllBlock@details@Concurrency@@UAE_NPAPAVContext@3@PAVEventWaitNode@23@@Z	61
66f07	Reset	57
66f40	?SweepWaitNode@WaitAllBlock@details@Concurrency@@UAE_NXZ	44
66f6c	?SweepResetNode@WaitAllBlock@details@Concurrency@@UAE_NXZ	32
66f8c	?Destroy@WaitAllBlock@details@Concurrency@@UAEXXZ	5
66f91	?Sweep@details@Concurrency@@YAPAVEventWaitNode@12@PAV312@_N@Z	63
66fd0	?Wait@StructuredEvent@details@Concurrency@@QAEXXZ	105
67039	??1?$_MallocaArrayHolder@PAVContext@Concurrency@@@details@Concurrency@@UAE@XZ	16
67049	??_E?$_MallocaArrayHolder@PAVContext@Concurrency@@@details@Concurrency@@UAEPAXI@Z	41
67072	scheduler_resource_allocation_error	34
67094	scheduler_resource_allocation_error	30
670b2	get_error_code	4
670b6	scheduler_worker_creation_error	30
670d4	scheduler_worker_creation_error	27
670ef	unsupported_os	28
6710b	unsupported_os	18
6711d	scheduler_not_attached	28
67139	scheduler_not_attached	18
6714b	improper_scheduler_attach	28
67167	improper_scheduler_attach	18
67179	improper_scheduler_detach	28
67195	improper_scheduler_detach	18
671a7	improper_scheduler_reference	28
671c3	improper_scheduler_reference	18
671d5	default_scheduler_exists	28
671f1	default_scheduler_exists	18
67203	context_unblock_unbalanced	28
6721f	context_unblock_unbalanced	18
67231	context_self_unblock	28
6724d	context_self_unblock	18
6725f	missing_wait	28
6727b	missing_wait	18
6728d	bad_target	28
672a9	bad_target	18
672bb	message_not_found	28
672d7	message_not_found	18
672e9	invalid_link_target	28
67305	invalid_link_target	18
67317	invalid_scheduler_policy_key	28
67333	invalid_scheduler_policy_key	18
67345	invalid_scheduler_policy_value	28
67361	invalid_scheduler_policy_value	18
67373	invalid_scheduler_policy_thread_specification	28
6738f	invalid_scheduler_policy_thread_specification	18
673a1	invalid_operation	28
673bd	invalid_operation	18
673cf	nested_scheduler_missing_detach	28
673eb	nested_scheduler_missing_detach	18
673fd	operation_timed_out	28
67419	operation_timed_out	18
6742b	invalid_multiple_scheduling	28
67447	invalid_multiple_scheduling	18
67459	invalid_oversubscribe_operation	28
67475	invalid_oversubscribe_operation	18
67487	improper_lock	28
674a3	improper_lock	18
674b5	task_canceled	28
674d1	task_canceled	18
674e3	_Interruption_exception	28
674ff	_Interruption_exception	18
67511	ExecutionResource	95
67570	?Remove@ExecutionResource@details@Concurrency@@UAEXPAUIScheduler@3@@Z	135
675f8	??0invalid_operation@Concurrency@@QAE@ABV01@@Z	27
67630	?IncrementUseCounts@ExecutionResource@details@Concurrency@@QAEXXZ	229
67715	?DecrementUseCounts@ExecutionResource@details@Concurrency@@QAEXXZ	156
677b1	?CurrentSubscriptionLevel@ExecutionResource@details@Concurrency@@UBEIXZ	121
6782a	?SpinYield@ExternalContextBase@details@Concurrency@@UAEXXZ	5
6782f	?GetVirtualProcessorId@ExternalContextBase@details@Concurrency@@UBEIXZ	4
67833	?IsSynchronouslyBlocked@ExternalContextBase@details@Concurrency@@UBE_NXZ	12
6783f	scheduler_resource_allocation_error	36
67863	??_EExternalContextBase@details@Concurrency@@UAEPAXI@Z	31
67882	?ImplicitDetachHandler@ExternalContextBase@details@Concurrency@@CGXPAU_TP_CALLBACK_INSTANCE@@PAXPAU_TP_WAIT@@K@Z	70
678c8	?ImplicitDetachHandlerXP@ExternalContextBase@details@Concurrency@@CGXPAXE@Z	37
678ed	?Block@ExternalContextBase@details@Concurrency@@UAEXXZ	55
67924	?Unblock@ExternalContextBase@details@Concurrency@@UAEXXZ	127
679a4	??0context_unblock_unbalanced@Concurrency@@QAE@ABV01@@Z	27
67a14	?Yield@ExternalContextBase@details@Concurrency@@UAEXXZ	28
67a30	?Oversubscribe@ExternalContextBase@details@Concurrency@@UAEX_N@Z	61
67a6e	??0invalid_oversubscribe_operation@Concurrency@@QAE@ABV01@@Z	27
67aa8	?Alloc@ExternalContextBase@details@Concurrency@@UAEPAXI@Z	99
67b0b	?Free@ExternalContextBase@details@Concurrency@@UAEXPAX@Z	62
67b49	??1ExternalContextBase@details@Concurrency@@UAE@XZ	116
67bbd	?LocateSegment@FairScheduleGroup@details@Concurrency@@UAEPAVScheduleGroupSegmentBase@23@PAVlocation@3@_N@Z	112
67c2d	FindSegment	44
67c59	?CurrentSubscriptionLevel@VirtualProcessorRoot@details@Concurrency@@UBEIXZ	8
67c61	AcquireActivatedContext	47
67c90	??_EVirtualProcessorRoot@details@Concurrency@@UAEPAXI@Z	39
67cb7	SpinUntilIdle	46
67ce5	DeleteThis	66
67d27	?ResetOnIdle@FreeVirtualProcessorRoot@details@Concurrency@@QAEXW4SwitchingProxyState@3@@Z	100
67d8b	?Activate@FreeVirtualProcessorRoot@details@Concurrency@@UAEXPAUIExecutionContext@3@@Z	195
67e4f	?Deactivate@FreeVirtualProcessorRoot@details@Concurrency@@UAE_NPAUIExecutionContext@3@@Z	189
67f0d	?EnsureAllTasksVisible@FreeVirtualProcessorRoot@details@Concurrency@@UAEXPAUIExecutionContext@3@@Z	175
67fbd	?Affinitize@FreeVirtualProcessorRoot@details@Concurrency@@QAEXPAVFreeThreadProxy@23@@Z	142
6804b	?SwitchTo@FreeThreadProxy@details@Concurrency@@UAEXPAUIExecutionContext@3@W4SwitchingProxyState@3@@Z	163
680ef	?SwitchOut@FreeThreadProxy@details@Concurrency@@UAEXW4SwitchingProxyState@3@@Z	97
68160	?Dispatch@FreeThreadProxy@details@Concurrency@@EAEXXZ	130
681e2	?InterlockedClear@ReferenceCountedQuickBitSet@details@Concurrency@@QAEII@Z	117
68257	?NotifySearching@SchedulerBase@details@Concurrency@@QAEXI_N@Z	66
68299	?IsSynchronouslyBlocked@InternalContextBase@details@Concurrency@@UBE_NXZ	12
682a5	?PrepareToRun@InternalContextBase@details@Concurrency@@MAEXPAVVirtualProcessor@23@@Z	23
682bc	?InternalRelease@ScheduleGroupBase@details@Concurrency@@IAEJXZ	53
682f1	InternalContextBase	115
6837c	`scalar_deleting_destructor'	31
6839b	?FindWorkForBlockingOrNesting@InternalContextBase@details@Concurrency@@AAEPAV123@AA_N0@Z	239
6848a	?Block@InternalContextBase@details@Concurrency@@UAEXXZ	272
6859a	?Unblock@InternalContextBase@details@Concurrency@@UAEXXZ	174
68649	?Yield@InternalContextBase@details@Concurrency@@UAEXXZ	279
68760	?SpinYield@InternalContextBase@details@Concurrency@@UAEXXZ	121
687d9	?Oversubscribe@InternalContextBase@details@Concurrency@@UAEX_N@Z	106
68844	GetAndResetOversubscribedVProc	46
68872	?GetVirtualProcessorId@InternalContextBase@details@Concurrency@@UBEIXZ	23
68889	?AddToRunnables@InternalContextBase@details@Concurrency@@MAEXVlocation@3@@Z	386
68a0b	SpinUntilBlocked	43
68a36	?SwapScheduleGroupSegment@InternalContextBase@details@Concurrency@@QAEXPAVScheduleGroupSegmentBase@23@_N@Z	105
68a9f	?SwitchTo@InternalContextBase@details@Concurrency@@IAEXPAV123@W4ReasonForSwitch@123@@Z	221
68b7c	?SwitchOut@InternalContextBase@details@Concurrency@@IAE_NW4ReasonForSwitch@123@@Z	278
68c92	?LeaveScheduler@InternalContextBase@details@Concurrency@@AAEXXZ	175
68d41	?WaitForWork@InternalContextBase@details@Concurrency@@IAEXXZ	232
68e29	?IsVirtualProcessorRetired@InternalContextBase@details@Concurrency@@IAE_NXZ	102
68e8f	?ExecuteChoreInline@InternalContextBase@details@Concurrency@@IAEXPAVWorkItem@23@@Z	137
68f18	?Dispatch@InternalContextBase@details@Concurrency@@UAEXPAUDispatchState@3@@Z	534
6915b	?ReclaimVirtualProcessor@InternalContextBase@details@Concurrency@@IAEXXZ	77
691a8	Cleanup	24
691c0	?Cancel@InternalContextBase@details@Concurrency@@MAEXXZ	122
6923a	~InternalContextBase	52
6926e	PrepareForUse	105
692d7	?GetScheduler@InternalContextBase@details@Concurrency@@UAEPAUIScheduler@3@XZ	8
692df	?GetProxy@InternalContextBase@details@Concurrency@@UAEPAUIThreadProxy@3@XZ	7
692e6	?SetProxy@InternalContextBase@details@Concurrency@@UAEXPAUIThreadProxy@3@@Z	63
69335	?Alloc@InternalContextBase@details@Concurrency@@UAEPAXI@Z	57
6936e	?Free@InternalContextBase@details@Concurrency@@UAEXPAX@Z	42
69398	?GrowAndPush@?$StructuredWorkStealingQueue@VInternalContextBase@details@Concurrency@@V_HyperNonReentrantLock@23@@details@Concurrency@@AAEXPAVInternalContextBase@23@VSlot@?$Mailbox@VInternalContextBase@details@Concurrency@@@23@@Z	382
69516	?GetId@InternalContextBase@details@Concurrency@@W3BEIXZ	8
6951e	??_EInternalContextBase@details@Concurrency@@W3AEPAXI@Z	8
69526	from_numa_node	119
6959e	_FastVPIntersects	72
695e6	current	93
69643	_Current_node	90
6969d	?MinHWThreads@SchedulerProxy@details@Concurrency@@QBEIXZ	29
696ba	?Update@HillClimbing@details@Concurrency@@QAEIIIII@Z	544
698e8	?RecommendControlSetting@HillClimbing@details@Concurrency@@AAEII@Z	209
699c8	?CalculateThroughputSlope@HillClimbing@details@Concurrency@@AAENHH@Z	174
69a80	?IsStableHistory@HillClimbing@details@Concurrency@@AAE_NPAVMeasuredHistory@123@@Z	97
69af0	?FlushHistories@HillClimbing@details@Concurrency@@AAEXXZ	68
69b34	GetHistory	43
69b5f	Mean	32
69b7f	?Variance@MeasuredHistory@HillClimbing@details@Concurrency@@QAENXZ	76
69bd8	??$sign@N@details@Concurrency@@YANN@Z	54
69c0e	?InitializeSystemFunctionPointers@platform@details@Concurrency@@YAXXZ	175
69d0c	?__GetLogicalProcessorInformationEx@platform@details@Concurrency@@YAPAU_SYSTEM_LOGICAL_PROCESSOR_INFORMATION_EX@@W4_LOGICAL_PROCESSOR_RELATIONSHIP@@PAK@Z	195
69df1	?__GetLogicalProcessorInformation@platform@details@Concurrency@@YAPAU_SYSTEM_LOGICAL_PROCESSOR_INFORMATION@@PAK@Z	160
69e92	?__DeleteTimerQueueTimer@platform@details@Concurrency@@YAXPAX00@Z	43
69ebd	_Value	6
69ec3	~_NonReentrantBlockingLock	8
69ecb	_TryAcquire	14
69ed9	_ReentrantLock	13
69ee6	_Acquire	85
69f3b	_TryAcquire	44
69f67	_Release	35
69f8a	_NonReentrantPPLLock	12
69f96	_Acquire	17
69fa7	_Release	5
69fac	_ReentrantPPLLock	23
69fc3	_Acquire	53
69ff8	_Release	18
6a00a	_AcquireRead	43
6a035	_ReleaseRead	8
6a03d	_AcquireWrite	48
6a06d	_ReleaseWrite	17
6a07e	_TryAcquireWrite	29
6a09b	?_WaitEquals@_ReaderWriterLock@details@Concurrency@@CAXADJJJ@Z	51
6a0ce	?Block@LockQueueNode@details@Concurrency@@QAEXI@Z	143
6a15d	Unblock	35
6a180	WaitForNextNode	43
6a1ab	DerefTimerNode	30
6a1c9	?DispatchNodeTimeoutTimer@LockQueueNode@details@Concurrency@@SGXPAU_TP_CALLBACK_INSTANCE@@PAXPAU_TP_TIMER@@@Z	55
6a200	?DispatchNodeTimeoutTimerXP@LockQueueNode@details@Concurrency@@SGXPAXE@Z	66
6a242	_Scoped_lock	69
6a287	~_Scoped_lock	7
6a28e	_Scoped_lock	67
6a2d1	~_Scoped_lock	7
6a2d8	critical_section	32
6a2f8	native_handle	3
6a2fb	lock	54
6a331	try_lock	85
6a386	try_lock_for	94
6a3e4	unlock	121
6a45d	?_Acquire_lock@critical_section@Concurrency@@QAE_NPAX_N@Z	198
6a524	??0improper_lock@Concurrency@@QAE@ABV01@@Z	27
6a55c	?_Switch_to_active@critical_section@Concurrency@@AAEXPAX@Z	81
6a5ad	scoped_lock	69
6a5f2	lock	54
6a628	try_lock	115
6a69b	try_lock_read	34
6a6bd	?_Switch_to_active@reader_writer_lock@Concurrency@@AAEXPAX@Z	81
6a70e	?Invoke@RealizedChore@details@Concurrency@@QAEXXZ	8
6a716	??1_Scoped_lock@_NonReentrantBlockingLock@details@Concurrency@@QAE@XZ	9
6a71f	??1_Scoped_lock@_NonReentrantLock@details@Concurrency@@QAE@XZ	9
6a732	?GetAvailableNodeCount@ResourceManager@details@Concurrency@@UBEIXZ	4
6a736	FindGroupAffinity	59
6a771	GetOSVersion	73
6a7ba	CreateResourceManager	8
6a7c2	GetProcessorCount	8
6a7ca	GetProcessorNodeCount	75
6a815	GetExecutionContextId	14
6a823	set_task_execution_resources	12
6a82f	set_task_execution_resources	15
6a83e	??0HardwareAffinity@details@Concurrency@@QAE@PAX@Z	84
6a892	?ApplyTo@HardwareAffinity@details@Concurrency@@QAEXPAX@Z	53
6a8c7	?GetCurrentNodeAndCore@ResourceManager@details@Concurrency@@QAEIPAI@Z	251
6a9c3	??0unsupported_os@Concurrency@@QAE@ABV01@@Z	27
6a9fc	DiscardExistingSchedulerStatistics	77
6aa49	?SetTaskExecutionResources@ResourceManager@details@Concurrency@@SAXK@Z	320
6ab9b	?SetTaskExecutionResources@ResourceManager@details@Concurrency@@SAXGPAU_GROUP_AFFINITY@@@Z	1000
6af95	?CreateDynamicRMWorker@ResourceManager@details@Concurrency@@AAEXXZ	153
6b02f	?ApplyAffinityRestrictions@ResourceManager@details@Concurrency@@CAXPAK@Z	44
6b05b	?GetTopologyInformation@ResourceManager@details@Concurrency@@CAXW4_LOGICAL_PROCESSOR_RELATIONSHIP@@@Z	29
6b078	?Release@ResourceManager@details@Concurrency@@UAEIXZ	133
6b0fd	?CreateNodeTopology@ResourceManager@details@Concurrency@@UAEXIPAIPAPAI0@Z	3
6b100	?RemoveExecutionResource@ResourceManager@details@Concurrency@@QAEXPAVExecutionResource@23@@Z	112
6b170	?Shutdown@ResourceManager@details@Concurrency@@QAEXPAVSchedulerProxy@23@@Z	216
6b248	?DistributeCoresToSurvivingScheduler@ResourceManager@details@Concurrency@@AAE_NXZ	427
6b3f3	?RoundUpScaledAllocations@ResourceManager@details@Concurrency@@CAXPAPAUAllocationData@23@II@Z	436
6b5b0	?RedistributeCoresAmongAll@ResourceManager@details@Concurrency@@AAEIPAVSchedulerProxy@23@III@Z	1032
6b9c0	ReleaseCoresOnExistingSchedulers	85
6ba15	?ReleaseSchedulerResources@ResourceManager@details@Concurrency@@AAE_NPAVSchedulerProxy@23@0I@Z	230
6bafb	CommitStolenCores	269
6bc08	ToggleRMIdleState	109
6bc75	?PopulateDynamicAllocationData@ResourceManager@details@Concurrency@@AAEXXZ	260
6bd79	HandleBorrowedCores	281
6be92	?HandleSharedCores@ResourceManager@details@Concurrency@@AAEXPAVSchedulerProxy@23@PAUDynamicAllocationData@23@@Z	324
6bfd6	?PreProcessDynamicAllocationData@ResourceManager@details@Concurrency@@AAEXXZ	191
6c095	?AdjustDynamicAllocation@ResourceManager@details@Concurrency@@AAEIIII@Z	209
6c166	PrepareReceiversForCoreTransfer	559
6c395	DynamicAssignCores	108
6c401	DynamicMigrateCores	360
6c569	FindCoreForPartiallyFilledNode	266
6c673	FindBestFitExclusiveAllocation	837
6c9b8	?DistributeExclusiveCores@ResourceManager@details@Concurrency@@AAEXIIIII@Z	314
6caf2	?FindBestFitIdleAllocation@ResourceManager@details@Concurrency@@AAEIIPAUDynamicAllocationData@23@I@Z	268
6cbfe	?DistributeIdleCores@ResourceManager@details@Concurrency@@AAEXII@Z	385
6cd7f	?DoCoreMigration@ResourceManager@details@Concurrency@@AAEXXZ	676
6d023	SendResourceNotifications	463
6d1f2	?DynamicResourceManager@ResourceManager@details@Concurrency@@AAEXXZ	258
6d2f4	?DynamicRMThreadProc@ResourceManager@details@Concurrency@@CGKPAX@Z	22
6d30a	??1ResourceManager@details@Concurrency@@AAE@XZ	235
6d3f5	??_GCacheLocalScheduleGroup@details@Concurrency@@UAEPAXI@Z	32
6d430	?SetDetached@WorkQueue@details@Concurrency@@QAEX_N@Z	70
6d476	?Id@ScheduleGroupBase@details@Concurrency@@UBEIXZ	4
6d47a	?Reference@ScheduleGroupBase@details@Concurrency@@UAEIXZ	24
6d492	?Release@ScheduleGroupBase@details@Concurrency@@UAEIXZ	5
6d497	??_EScheduleGroupSegmentBase@details@Concurrency@@UAEPAXI@Z	31
6d4b6	FindSegment	82
6d508	?LocateSegment@ScheduleGroupBase@details@Concurrency@@UAEPAVScheduleGroupSegmentBase@23@PAVlocation@3@_N@Z	318
6d646	RemoveSegments	63
6d685	?ScheduleTask@ScheduleGroupBase@details@Concurrency@@UAEXP6AXPAX@Z0@Z	22
6d69b	?AddRunnableContext@ScheduleGroupSegmentBase@details@Concurrency@@IAEXPAVInternalContextBase@23@Vlocation@3@@Z	188
6d757	?StealUnrealizedChore@ScheduleGroupSegmentBase@details@Concurrency@@IAEPAV_UnrealizedChore@23@_N@Z	441
6d910	LocateUnrealizedChores	83
6d963	?SafelyDeleteDetachedWorkQueue@ScheduleGroupSegmentBase@details@Concurrency@@IAE_NPAVWorkQueue@23@@Z	88
6d9bb	?ScheduleTask@ScheduleGroupSegmentBase@details@Concurrency@@QAEXP6AXPAX@Z0@Z	327
6db09	?GetDetachedWorkQueue@ScheduleGroupSegmentBase@details@Concurrency@@IAEPAVWorkQueue@23@XZ	150
6db9f	?GetRealizedChore@ScheduleGroupSegmentBase@details@Concurrency@@IAEPAVRealizedChore@23@XZ	64
6dbdf	GetInternalContext	51
6dc12	?ReleaseInternalContext@ScheduleGroupSegmentBase@details@Concurrency@@IAEXPAVInternalContextBase@23@@Z	63
6dc51	??1ScheduleGroupSegmentBase@details@Concurrency@@UAE@XZ	118
6dcc7	?Remove@ScheduleGroupSegmentBase@details@Concurrency@@IAEXXZ	59
6dd02	??1?$Mailbox@V_UnrealizedChore@details@Concurrency@@@details@Concurrency@@QAE@XZ	105
6dd6b	?Dequeue@?$Mailbox@V_UnrealizedChore@details@Concurrency@@@details@Concurrency@@QAE_NPAPAV_UnrealizedChore@23@@Z	245
6de60	??0?$ListArray@VScheduleGroupSegmentBase@details@Concurrency@@@details@Concurrency@@QAE@PAVSchedulerBase@12@HH@Z	200
6df28	??1?$ListArray@VWorkQueue@details@Concurrency@@@details@Concurrency@@QAE@XZ	142
6dfb6	??A?$ListArray@VVirtualProcessor@details@Concurrency@@@details@Concurrency@@QBEPAVVirtualProcessor@12@H@Z	70
6dffe	??1?$ListArray@U?$ListArrayInlineLink@VWorkQueue@details@Concurrency@@@details@Concurrency@@@details@Concurrency@@QAE@XZ	149
6e093	?Remove@?$ListArray@U?$ListArrayInlineLink@VWorkQueue@details@Concurrency@@@details@Concurrency@@@details@Concurrency@@QAE_NPAU?$ListArrayInlineLink@VWorkQueue@details@Concurrency@@@23@H_N@Z	114
6e105	??1Scheduler@Concurrency@@MAE@XZ	7
6e10c	??_EScheduler@Concurrency@@MAEPAXI@Z	32
6e12c	??_GRealizedChore@details@Concurrency@@UAEPAXI@Z	32
6e154	??1ReferenceCountedQuickBitSet@details@Concurrency@@QAE@XZ	23
6e16b	?GetFirstVirtualProcessor@SchedulingNode@details@Concurrency@@QAEPAVVirtualProcessor@23@PAH@Z	52
6e19f	?GetNumberOfVirtualProcessors@SchedulerBase@details@Concurrency@@UBEIXZ	4
6e1a3	?CreateScheduleGroup@SchedulerBase@details@Concurrency@@UAEPAVScheduleGroup@3@AAVlocation@3@@Z	9
6e1ac	?StartupNewVirtualProcessor@SchedulerBase@details@Concurrency@@UAEXPAVScheduleGroupSegmentBase@23@Vlocation@3@@Z	38
6e1d2	?VirtualProcessorActiveNotification@SchedulerBase@details@Concurrency@@MAEX_NJ@Z	3
6e1d5	?ThrottlerDispatchBridge@SchedulerBase@details@Concurrency@@CGXPAXE@Z	15
6e1e4	FindScheduleGroupSegment	43
6e20f	?GetNextScheduleGroupSegment@SchedulingRing@details@Concurrency@@AAEPAVScheduleGroupSegmentBase@23@PAHHPAV?$ListArray@VScheduleGroupSegmentBase@details@Concurrency@@@23@@Z	54
6e245	?GetRunnableContext@CacheLocalScheduleGroupSegment@details@Concurrency@@EAEPAVInternalContextBase@23@XZ	18
6e257	?MailChore@FairScheduleGroup@details@Concurrency@@UAE?AVSlot@?$Mailbox@V_UnrealizedChore@details@Concurrency@@@23@PAV_UnrealizedChore@23@PAVlocation@3@PAPAVScheduleGroupSegmentBase@23@@Z	17
6e268	?AllocateSegment@FairScheduleGroup@details@Concurrency@@MAEPAVScheduleGroupSegmentBase@23@PAVSchedulingRing@23@PAVlocation@3@@Z	151
6e314	RemoveSegments	14
6e322	Create	33
6e343	SetDefaultSchedulerPolicy	12
6e34f	ResetDefaultSchedulerPolicy	55
6e386	??_ESchedulerBase@details@Concurrency@@UAEPAXI@Z	31
6e3a5	??1SchedulerBase@details@Concurrency@@UAE@XZ	177
6e456	?Cleanup@SchedulerBase@details@Concurrency@@AAEXXZ	408
6e5ee	??1NumaInformation@SchedulerBase@details@Concurrency@@QAE@XZ	23
6e605	?GetNextSchedulingRing@SchedulerBase@details@Concurrency@@QAEPAVSchedulingRing@23@PBV423@PAV423@@Z	38
6e62b	?SetNextSchedulingRing@SchedulerBase@details@Concurrency@@QAEXPAVSchedulingRing@23@@Z	33
6e64c	?CheckOneShotStaticDestruction@SchedulerBase@details@Concurrency@@SAXXZ	69
6e691	SafeFastCurrentContext	28
6e6ad	?SafeFastCurrentScheduler@SchedulerBase@details@Concurrency@@SAPAV123@XZ	16
6e6bd	?SetDefaultSchedulerPolicy@SchedulerBase@details@Concurrency@@SAXABVSchedulerPolicy@3@@Z	172
6e797	?StartupVirtualProcessor@SchedulerBase@details@Concurrency@@QAE_NPAVScheduleGroupSegmentBase@23@Vlocation@3@K@Z	81
6e7e8	?FoundAvailableVirtualProcessor@SchedulerBase@details@Concurrency@@QAE_NAAVClaimTicket@VirtualProcessor@23@Vlocation@3@K@Z	252
6e8e4	PushRunnableToInactive	100
6e948	?ThrottlingTime@SchedulerBase@details@Concurrency@@QAEKK@Z	143
6e9d7	?DeferredGetInternalContext@SchedulerBase@details@Concurrency@@QAEXXZ	32
6e9f7	?ThrottlerTrampoline@SchedulerBase@details@Concurrency@@CGXPAXE@Z	71
6ea3e	?ThrottlerDispatch@SchedulerBase@details@Concurrency@@AAEXXZ	450
6ec00	?GetInternalContext@SchedulerBase@details@Concurrency@@QAEPAVInternalContextBase@23@_N@Z	266
6ed0a	Catch@1006ed0a	23
6ed3a	ReleaseInternalContext	64
6ed7a	GetRealizedChore	89
6eddc	ReleaseRealizedChore	68
6ee20	??0improper_scheduler_reference@Concurrency@@QAE@ABV01@@Z	27
6ee3b	?RegisterShutdownEvent@SchedulerBase@details@Concurrency@@UAEXPAX@Z	171
6eef4	?Attach@SchedulerBase@details@Concurrency@@UAEXXZ	84
6ef49	??0improper_scheduler_attach@Concurrency@@QAE@ABV01@@Z	27
6ef80	?Detach@SchedulerBase@details@Concurrency@@QAEXXZ	88
6f007	?DetachExternalContext@SchedulerBase@details@Concurrency@@AAEXPAVExternalContextBase@23@_N@Z	173
6f0b4	?ScheduleTask@SchedulerBase@details@Concurrency@@UAEXP6AXPAX@Z0@Z	43
6f0df	?ScheduleTask@SchedulerBase@details@Concurrency@@UAEXP6AXPAX@Z0AAVlocation@3@@Z	65
6f120	?IsAvailableLocation@SchedulerBase@details@Concurrency@@UBE_NABVlocation@3@@Z	60
6f15c	?DestroySchedulerEventHandlers@SchedulerBase@details@Concurrency@@MAEXXZ	53
6f191	PhaseOneShutdown	118
6f207	?AttemptSchedulerSweep@SchedulerBase@details@Concurrency@@IAEXXZ	38
6f22d	?FoundUnstartedChores@SchedulerBase@details@Concurrency@@AAE_NXZ	176
6f2dd	?TypeOfWorkPending@SchedulerBase@details@Concurrency@@MAE?AW4PendingWorkType@123@XZ	70
6f323	?CancelAllContexts@SchedulerBase@details@Concurrency@@MAEXXZ	109
6f390	?SweepSchedulerForFinalize@SchedulerBase@details@Concurrency@@AAEXXZ	103
6f3f7	?VirtualProcessorActive@SchedulerBase@details@Concurrency@@QAE_N_N@Z	192
6f4b7	VirtualProcessorIdle	92
6f513	?Resurrect@SchedulerBase@details@Concurrency@@AAEXXZ	104
6f57b	?PhaseTwoShutdown@SchedulerBase@details@Concurrency@@AAEXXZ	140
6f607	?Finalize@SchedulerBase@details@Concurrency@@AAEXXZ	315
6f742	?DecrementInternalContextCount@SchedulerBase@details@Concurrency@@QAEXXZ	28
6f75e	?ThrowSchedulerEvent@SchedulerBase@details@Concurrency@@CAXW4ConcRT_EventType@3@EI@Z	104
6f7d8	?RemoveVirtualProcessors@SchedulerBase@details@Concurrency@@IAEXPAPAUIVirtualProcessorRoot@3@I@Z	284
6f8f5	?Statistics@SchedulerBase@details@Concurrency@@IAEXPAI00@Z	497
6fae6	?GetSubAllocator@SchedulerBase@details@Concurrency@@SAPAVSubAllocator@23@_N@Z	128
6fb66	?ReturnSubAllocator@SchedulerBase@details@Concurrency@@SAXPAVSubAllocator@23@@Z	82
6fbb8	?CommitToVersion@SchedulerBase@details@Concurrency@@AAEXK@Z	170
6fc62	?ComputeSafePointCommitVersion@SchedulerBase@details@Concurrency@@AAEKXZ	137
6fceb	?CommitSafePoints@SchedulerBase@details@Concurrency@@QAEXXZ	169
6fd94	?InvokeOnSafePoint@SchedulerBase@details@Concurrency@@AAEXPAVSafePointInvocation@23@@Z	91
6fdef	InvokeAtNextSafePoint	51
6fe22	FindNodeByLocation	84
6fe76	?GetNextPriorityObject@SchedulerBase@details@Concurrency@@QAEPAUBoostedObject@23@XZ	99
6fed9	?PerformServiceScan@SchedulerBase@details@Concurrency@@AAEXK@Z	525
700e6	?RemovePrioritizedObject@SchedulerBase@details@Concurrency@@QAEXPAUBoostedObject@23@@Z	101
7014b	_Release	7
70152	??1?$Hash@II@details@Concurrency@@QAE@XZ	83
701a5	??0?$ListArray@VScheduleGroupBase@details@Concurrency@@@details@Concurrency@@QAE@PAVSchedulerBase@12@HH@Z	193
70266	??1?$ListArray@VScheduleGroupBase@details@Concurrency@@@details@Concurrency@@QAE@XZ	113
702d7	?AddTail@?$SafeRWList@VWaitNode@SchedulerBase@details@Concurrency@@VNoCount@CollectionTypes@34@V_ReaderWriterLock@34@@details@Concurrency@@QAEXPAVWaitNode@SchedulerBase@23@@Z	77
70324	??0?$ListArray@VExternalStatistics@details@Concurrency@@@details@Concurrency@@QAE@PAVSchedulerBase@12@HH@Z	193
703e5	AddHead	57
7041e	?Dequeue@?$SafeSQueue@VInternalContextBase@details@Concurrency@@V_HyperNonReentrantLock@23@@details@Concurrency@@QAEPAVInternalContextBase@23@XZ	57
70457	?Remove@?$ListArray@VScheduleGroupBase@details@Concurrency@@@details@Concurrency@@QAE_NPAVScheduleGroupBase@23@H_N@Z	248
7054f	DeleteElements	34
70571	?CheckForDeletionBridge@?$ListArray@VScheduleGroupBase@details@Concurrency@@@details@Concurrency@@CAXPAV123@@Z	49
705a2	SchedulerPolicy	16
705b2	??0invalid_scheduler_policy_key@Concurrency@@QAE@ABV01@@Z	27
7065c	operator=	30
7067a	SetPolicyValue	154
70715	SetConcurrencyLimits	149
707ab	?_StringFromPolicyKey@SchedulerPolicy@Concurrency@@CAPADI@Z	16
707bb	?_ValidPolicyValue@SchedulerPolicy@Concurrency@@CA_NW4PolicyElementKey@2@I@Z	11
70852	?DeleteThis@SchedulerProxy@details@Concurrency@@MAEXXZ	21
70867	?Shutdown@SchedulerProxy@details@Concurrency@@UAEXXZ	10
70871	?GetNewThreadProxy@SchedulerProxy@details@Concurrency@@UAEPAUIThreadProxy@3@PAUIExecutionContext@3@@Z	123
708ec	?BindContext@SchedulerProxy@details@Concurrency@@UAEXPAUIExecutionContext@3@@Z	82
7093f	?UnbindContext@SchedulerProxy@details@Concurrency@@UAEXPAUIExecutionContext@3@@Z	75
7098b	?ReferenceCurrentThreadExecutionResource@SchedulerProxy@details@Concurrency@@QAEPAVExecutionResource@23@XZ	199
70a52	IncrementFixedCoreCount	130
70ad4	DecrementFixedCoreCount	113
70b45	?SubscribeCurrentThread@SchedulerProxy@details@Concurrency@@UAEPAUIExecutionResource@3@XZ	79
70b94	?CreateOversubscriber@SchedulerProxy@details@Concurrency@@UAEPAUIVirtualProcessorRoot@3@PAUIExecutionResource@3@@Z	184
70c5f	?AddExecutionResource@SchedulerProxy@details@Concurrency@@QAEXPAVExecutionResource@23@@Z	84
70cb3	ToggleBorrowedState	53
70ce8	AddCore	184
70da0	?RemoveCore@SchedulerProxy@details@Concurrency@@QAEXPAUSchedulerNode@23@I@Z	202
70e6a	?SendCoreNotification@SchedulerProxy@details@Concurrency@@QAEXPAUSchedulerCore@23@_N@Z	193
70f2b	?DestroyVirtualProcessorRoot@SchedulerProxy@details@Concurrency@@QAEXPAVVirtualProcessorRoot@23@@Z	108
70f97	?DestroyExecutionResource@SchedulerProxy@details@Concurrency@@QAEXPAVExecutionResource@23@@Z	141
71024	IncrementCoreSubscription	92
71080	DecrementCoreSubscription	88
710d8	AdjustAllocationIncrease	112
71148	??1SchedulerProxy@details@Concurrency@@IAE@XZ	110
711b6	FinalShutdown	16
711c6	Cleanup	188
71282	Remove	54
712b8	FindMatchingVirtualProcessor	61
712f5	?FoundAvailableVirtualProcessor@SchedulingNode@details@Concurrency@@AAE_NAAVClaimTicket@VirtualProcessor@23@Vlocation@3@K@Z	113
71366	?GetLocation@SchedulingNode@details@Concurrency@@QAE?AVlocation@3@XZ	41
7138f	FindVirtualProcessorByLocation	93
713ec	?Steal@?$StructuredWorkStealingQueue@VInternalContextBase@details@Concurrency@@V_HyperNonReentrantLock@23@@details@Concurrency@@QAEPAVInternalContextBase@23@_N@Z	67
7142f	??1?$ListArray@VVirtualProcessor@details@Concurrency@@@details@Concurrency@@QAE@XZ	112
7149f	?UnlockedSteal@?$StructuredWorkStealingQueue@VInternalContextBase@details@Concurrency@@V_HyperNonReentrantLock@23@@details@Concurrency@@QAEPAVInternalContextBase@23@_N@Z	213
71574	DeleteElements	36
71598	?Claim@Slot@?$Mailbox@VInternalContextBase@details@Concurrency@@@details@Concurrency@@QAE_NPAPAVInternalContextBase@34@@Z	81
715e9	??1?$ListArray@VScheduleGroupSegmentBase@details@Concurrency@@@details@Concurrency@@QAE@XZ	112
71659	?Remove@?$ListArray@VScheduleGroupSegmentBase@details@Concurrency@@@details@Concurrency@@QAE_NPAVScheduleGroupSegmentBase@23@H_N@Z	253
71756	DeleteElements	36
7177a	?CheckForDeletionBridge@?$ListArray@VScheduleGroupSegmentBase@details@Concurrency@@@details@Concurrency@@CAXPAV123@@Z	49
717ab	GetNextSchedulingNode	77
717f8	?AcquireQuickCacheSlot@SchedulerBase@details@Concurrency@@QAEPAVScheduleGroupSegmentBase@23@I@Z	61
71835	?GetPseudoRRAffineScheduleGroupSegment@SchedulingRing@details@Concurrency@@QAEPAVScheduleGroupSegmentBase@23@PAH@Z	53
7186a	?GetPseudoRRNonAffineScheduleGroupSegment@SchedulingRing@details@Concurrency@@QAEPAVScheduleGroupSegmentBase@23@PAH@Z	56
718a2	?ResolveToken@WorkItem@details@Concurrency@@QAE_NXZ	110
71910	Bind	73
71959	BindTo	54
7198f	?StealLocalRunnable@WorkSearchContext@details@Concurrency@@AAE_NPAVWorkItem@23@PAVSchedulingNode@23@PAVVirtualProcessor@23@@Z	212
71a63	StealForeignLocalRunnable	66
71aa5	?PreSearch@WorkSearchContext@details@Concurrency@@AAE_NPAVWorkItem@23@@Z	56
71add	?GetLocalRunnable@WorkSearchContext@details@Concurrency@@AAE_NPAVWorkItem@23@PAVVirtualProcessor@23@_N@Z	186
71b97	?GetRunnableContext@WorkSearchContext@details@Concurrency@@AAE_NPAVWorkItem@23@PAVScheduleGroupSegmentBase@23@@Z	43
71bc2	?GetRealizedChore@WorkSearchContext@details@Concurrency@@AAE_NPAVWorkItem@23@PAVScheduleGroupSegmentBase@23@_N@Z	83
71c15	GetUnrealizedChore	83
71c68	?QuickSearch@WorkSearchContext@details@Concurrency@@AAE_NPAVScheduleGroupSegmentBase@23@PAVWorkItem@23@_NK@Z	115
71cdb	?QuickSearchYield@WorkSearchContext@details@Concurrency@@AAE_NPAVScheduleGroupSegmentBase@23@PAVWorkItem@23@_NK@Z	116
71d4f	?SkipSegmentSearch@WorkSearchContext@details@Concurrency@@AAE_NPAVScheduleGroupSegmentBase@23@0W4SearchAffinity@123@_N@Z	127
71dce	?GetRunnableContextWithinGroup@WorkSearchContext@details@Concurrency@@AAE_NPAVWorkItem@23@PAVScheduleGroupSegmentBase@23@W4SearchAffinity@123@_N@Z	153
71e67	?GetRealizedChoreWithinGroup@WorkSearchContext@details@Concurrency@@AAE_NPAVWorkItem@23@PAVScheduleGroupSegmentBase@23@_NW4SearchAffinity@123@2@Z	129
71ee8	?GetUnrealizedChoreWithinGroup@WorkSearchContext@details@Concurrency@@AAE_NPAVWorkItem@23@PAVScheduleGroupSegmentBase@23@_NW4SearchAffinity@123@2@Z	135
71f6f	?SearchFair_Runnables@WorkSearchContext@details@Concurrency@@AAE_NPAVWorkItem@23@PAVSchedulingRing@23@@Z	116
71fe3	?SearchFair_Realized@WorkSearchContext@details@Concurrency@@AAE_NPAVWorkItem@23@PAVSchedulingRing@23@_N@Z	143
72072	?SearchFair_Unrealized@WorkSearchContext@details@Concurrency@@AAE_NPAVWorkItem@23@PAVSchedulingRing@23@_N@Z	150
72108	?SearchFair@WorkSearchContext@details@Concurrency@@AAE_NPAVWorkItem@23@PAVScheduleGroupSegmentBase@23@_NK@Z	269
72215	?SearchFairYield@WorkSearchContext@details@Concurrency@@AAE_NPAVWorkItem@23@PAVScheduleGroupSegmentBase@23@_NK@Z	264
7231d	?SearchCacheLocal_Runnables@WorkSearchContext@details@Concurrency@@AAE_NPAVWorkItem@23@PAVSchedulingRing@23@PAVScheduleGroupSegmentBase@23@_NW4SearchAffinity@123@K3@Z	282
72437	?SearchCacheLocal_Realized@WorkSearchContext@details@Concurrency@@AAE_NPAVWorkItem@23@PAVSchedulingRing@23@PAVScheduleGroupSegmentBase@23@_NW4SearchAffinity@123@K3@Z	248
7252f	?SearchCacheLocal_Unrealized@WorkSearchContext@details@Concurrency@@AAE_NPAVWorkItem@23@PAVSchedulingRing@23@PAVScheduleGroupSegmentBase@23@_NW4SearchAffinity@123@K3@Z	251
7262a	?SearchCacheLocal@WorkSearchContext@details@Concurrency@@AAE_NPAVWorkItem@23@PAVScheduleGroupSegmentBase@23@_NK@Z	818
7295c	?SearchCacheLocalYield@WorkSearchContext@details@Concurrency@@AAE_NPAVWorkItem@23@PAVScheduleGroupSegmentBase@23@_NK@Z	700
72c18	?Pop@?$StructuredWorkStealingQueue@VInternalContextBase@details@Concurrency@@V_HyperNonReentrantLock@23@@details@Concurrency@@QAEPAVInternalContextBase@23@XZ	77
72c65	Alloc	74
72cb0	Free	26
72cca	?GetBucketIndex@SubAllocator@details@Concurrency@@SAHI@Z	76
72d16	?Alloc@SubAllocator@details@Concurrency@@QAEPAXI@Z	90
72d70	?Free@SubAllocator@details@Concurrency@@QAEXPAX@Z	65
72dbf	??1AllocatorBucket@details@Concurrency@@QAE@XZ	35
72de2	??1exception_ptr@std@@QAE@XZ	8
72dea	?GetArbitraryAlias@ContextBase@details@Concurrency@@QAEPAV_TaskCollection@23@PAV423@@Z	94
72e48	?AddArbitraryAlias@ContextBase@details@Concurrency@@QAEXPAV_TaskCollection@23@0@Z	190
72f06	Push	114
72f78	_StructuredTaskCollection	129
72ff9	?_CancelViaToken@_StructuredTaskCollection@details@Concurrency@@CAXPAV123@@Z	12
73005	_Schedule	93
73063	??0invalid_multiple_scheduling@Concurrency@@QAE@ABV01@@Z	27
7309c	_Schedule	90
730f7	_RunAndWait	573
732e8	Catch@100732e8	71
73340	Catch_All@10073340	30
733aa	_CleanupToken	51
733dd	_Abort	201
734a6	_Cancel	110
73514	_IsCanceling	115
73587	?_WaitOnStolenChores@_StructuredTaskCollection@details@Concurrency@@AAEXJ@Z	58
735c1	?_CountUp@_StructuredTaskCollection@details@Concurrency@@AAEXXZ	85
73616	_Initialize	81
73667	_TaskCollection	161
73708	_TaskCollection	192
737c8	?_TaskCleanup@_TaskCollection@details@Concurrency@@AAE_N_N@Z	88
73820	~_TaskCollection	195
738e3	??0_TaskCollection@details@Concurrency@@AAE@PAV012@_N@Z	252
739df	?_ReleaseAlias@_TaskCollection@details@Concurrency@@AAEXXZ	61
73a1c	?_Alias@_TaskCollection@details@Concurrency@@AAEPAV123@XZ	136
73aa4	?_IsIndirectAlias@_TaskCollection@details@Concurrency@@ABE_NXZ	19
73ab7	?_IsDirectAlias@_TaskCollection@details@Concurrency@@ABE_NXZ	19
73aca	_NotifyNewChore	38
73af0	?_NotifyCompletedChoreAndFree@_TaskCollection@details@Concurrency@@AAEXPAV_UnrealizedChore@23@@Z	72
73b38	?_FullAliasWait@_TaskCollection@details@Concurrency@@AAEXPAV123@@Z	248
73c30	_Schedule	213
73c5e	_CxxThrowException	5
73d0a	Catch_All@10073d0a	25
73d23	_Schedule	207
73d51	_CxxThrowException	5
73df7	Catch_All@10073df7	25
73e10	?_Reset@_TaskCollection@details@Concurrency@@AAEXPAV123@@Z	269
73f1d	?_CancelViaToken@_TaskCollection@details@Concurrency@@CAXPAV123@@Z	12
73f29	_RunAndWait	686
741d7	Catch@100741d7	60
742a4	Catch_All@100742a4	45
74328	?_AbortiveSweep@_TaskCollection@details@Concurrency@@AAEXPAX@Z	210
743fa	?_SweepAbortedChore@_TaskCollection@details@Concurrency@@CA_NPAV_UnrealizedChore@23@PAX@Z	25
74413	?_Abort@_TaskCollection@details@Concurrency@@AAEX_N@Z	292
74537	_Cancel	13
74544	?_CancelFromArbitraryThread@_TaskCollection@details@Concurrency@@AAEX_N@Z	159
745e3	?_Cancel@_TaskCollection@details@Concurrency@@AAEX_NPAV123@@Z	202
746ad	?_RaisedException@_TaskCollection@details@Concurrency@@AAEXXZ	27
746c8	_IsCanceling	162
7476a	?_Initialize@_TaskCollection@details@Concurrency@@AAEXXZ	31
74789	?_CancelStolenContexts@_TaskCollection@details@Concurrency@@AAEX_N0@Z	134
7480f	_NewCollection	98
74880	`scalar_deleting_destructor'	58
748ba	_CompletionHandler	12
748c6	_ReportUnobservedException	63
74905	_SetUnobservedExceptionHandler	18
74917	??1?$_MallocaArrayHolder@PAVevent@Concurrency@@@details@Concurrency@@UAE@XZ	16
74927	??_G?$_MallocaArrayHolder@PAVevent@Concurrency@@@details@Concurrency@@UAEPAXI@Z	41
74950	?_Current_exception@exception_ptr@std@@SA?AV12@XZ	58
7498a	?current_exception@std@@YA?AVexception_ptr@1@XZ	21
7499f	?_RaisedException@_TaskCollectionBase@details@Concurrency@@IAEXXZ	111
74a0e	?_RethrowException@_TaskCollectionBase@details@Concurrency@@IAEXXZ	131
74a91	_FinishCancelState	38
74ab7	_RaisedCancel	43
74ae2	?_WillInterruptForPendingCancel@_TaskCollectionBase@details@Concurrency@@IAE_NXZ	122
74b5c	_GetTokenState	40
74b84	`scalar_deleting_destructor'	44
74bb0	?Statistics@ThreadScheduler@details@Concurrency@@UAEXPAI00@Z	12
74bbc	?RemoveVirtualProcessors@ThreadScheduler@details@Concurrency@@UAEXPAPAUIVirtualProcessorRoot@3@I@Z	12
74bc8	??_EThreadScheduler@details@Concurrency@@UAEPAXI@Z	31
74be7	?CreateInternalContext@ThreadScheduler@details@Concurrency@@MAEPAVInternalContextBase@23@XZ	80
74c37	??1ThreadScheduler@details@Concurrency@@UAE@XZ	20
74c4b	?GetPolicy@ThreadScheduler@details@Concurrency@@W7BE?AVSchedulerPolicy@3@XZ	8
74c53	??_EThreadScheduler@details@Concurrency@@W7AEPAXI@Z	8
74c5b	??_EThreadInternalContext@details@Concurrency@@W3AEPAXI@Z	8
74c63	??0ThreadProxy@details@Concurrency@@QAE@PAUIThreadProxyFactory@12@I@Z	246
74d6c	`scalar_deleting_destructor'	31
74d8b	scheduler_worker_creation_error	27
74da6	~ThreadProxy	36
74dca	?GetId@ThreadProxy@details@Concurrency@@UBEIXZ	4
74dce	?SuspendExecution@ThreadProxy@details@Concurrency@@QAEXXZ	26
74de8	?ThreadProxyMain@ThreadProxy@details@Concurrency@@CGKPAX@Z	53
74e1d	?YieldToSystem@FreeThreadProxy@details@Concurrency@@UAEXXZ	6
74e23	`scalar_deleting_destructor'	37
74e48	??_G?$ThreadProxyFactory@VFreeThreadProxy@details@Concurrency@@@details@Concurrency@@UAEPAXI@Z	32
74e84	?CreateFactory@FreeThreadProxyFactory@details@Concurrency@@SAPAV123@PAVThreadProxyFactoryManager@23@@Z	99
74f40	?Reference@FreeThreadProxyFactory@details@Concurrency@@UAEJXZ	12
74f4c	Release	29
74f69	?ReclaimProxy@FreeThreadProxyFactory@details@Concurrency@@UAEXPAUIThreadProxy@3@@Z	145
74ffa	?ShutdownFactory@FreeThreadProxyFactory@details@Concurrency@@UAEXXZ	90
75054	?Create@FreeThreadProxyFactory@details@Concurrency@@EAEPAVFreeThreadProxy@23@I@Z	83
750a7	?Retire@FreeThreadProxyFactory@details@Concurrency@@EAEXPAVFreeThreadProxy@23@@Z	26
750c1	??1ThreadProxyFactoryManager@details@Concurrency@@QAE@XZ	69
75106	RequestProxy	110
75174	?ReclaimProxy@?$ThreadProxyFactory@VFreeThreadProxy@details@Concurrency@@@details@Concurrency@@UAEXPAUIThreadProxy@3@@Z	89
751cd	?GetExecutionResourceTls@?$ThreadProxyFactory@VFreeThreadProxy@details@Concurrency@@@details@Concurrency@@UAEKXZ	4
751d1	?Prepare@?$ThreadProxyFactory@VFreeThreadProxy@details@Concurrency@@@details@Concurrency@@MAEXPAVFreeThreadProxy@23@H@Z	81
75223	??_GThreadVirtualProcessor@details@Concurrency@@UAEPAXI@Z	37
75248	`vector_deleting_destructor'	74
75292	?FireTimer@_TimerStub@details@Concurrency@@SGXPAXE@Z	15
752a1	_Timer	31
752c0	_Start	98
75323	~_Timer	13
75330	_Stop	27
7534b	wait	87
753b8	??_ETimerObj@?6??wait@Concurrency@@YAXI@Z@UAEPAXI@Z	31
753d7	?Trace@Etw@details@Concurrency@@QAEK_KPAU_EVENT_TRACE_HEADER@@@Z	64
75417	?ControlCallback@details@Concurrency@@YGKW4WMIDPREQUESTCODE@@PAXPAK1@Z	317
75554	?PPL_Trace_Event@details@Concurrency@@YAXABU_GUID@@W4ConcRT_EventType@2@E@Z	96
755b4	_GetConcRTTraceInfo	22
755ca	_Trace_ppl_function	37
755ef	_Trace_agents	229
756e4	_UnderlyingYield	22
756fa	_GetConcurrency	5
75708	_ConcRT_CoreAssert	6
7570e	_ConcRT_Trace	166
757b4	Log2	13
757c1	?ReferenceLoadLibrary@details@Concurrency@@YAXXZ	147
75855	?LoadLibraryAndCreateThread@details@Concurrency@@YAPAXPAU_SECURITY_ATTRIBUTES@@KP6GKPAX@Z1KPAK@Z	43
75880	?FreeLibraryAndDestroyThread@details@Concurrency@@YAXK@Z	38
758a6	?DeleteAsyncTimerAndUnloadLibrary@details@Concurrency@@YAXPAU_TP_TIMER@@@Z	54
758dc	?UnRegisterAsyncTimerAndUnloadLibrary@details@Concurrency@@YAXPAU_TP_CALLBACK_INSTANCE@@PAU_TP_TIMER@@@Z	52
75910	?RegisterAsyncTimerAndLoadLibrary@details@Concurrency@@YAPAU_TP_TIMER@@KP6GXPAU_TP_CALLBACK_INSTANCE@@PAXPAU3@@Z1@Z	72
75958	??$ConcRT_FillBuffer@$0EAB@@details@Concurrency@@YAXAAY0EAB@_WPB_WPAD@Z	213
75a56	?ListenAffinity@SchedulerBase@details@Concurrency@@QAEXI@Z	52
75a8a	??_GVirtualProcessor@details@Concurrency@@UAEPAXI@Z	31
75aa9	??1VirtualProcessor@details@Concurrency@@UAE@XZ	82
75afb	?ExerciseClaim@VirtualProcessor@details@Concurrency@@AAE_NW4AvailabilityType@123@PAVScheduleGroupSegmentBase@23@PAVInternalContextBase@23@@Z	121
75b74	?StartupWorkerContext@VirtualProcessor@details@Concurrency@@EAE_NPAVScheduleGroupSegmentBase@23@PAVInternalContextBase@23@@Z	145
75c05	Affinitize	61
75c42	?MarkForRetirement@VirtualProcessor@details@Concurrency@@AAEXXZ	95
75ca1	?ClaimExclusiveOwnership@VirtualProcessor@details@Concurrency@@QAE_NAAVClaimTicket@123@K_N@Z	159
75d40	Oversubscribe	35
75d63	?Retire@VirtualProcessor@details@Concurrency@@MAEXXZ	415
75f02	?UpdateWorkState@VirtualProcessor@details@Concurrency@@QAEX_N0@Z	75
75f4d	?CheckAffinityNotification@VirtualProcessor@details@Concurrency@@QAE_NXZ	68
75f91	?ThrowVirtualProcessorEvent@VirtualProcessor@details@Concurrency@@CAXW4ConcRT_EventType@3@EKK@Z	111
76010	?ToInternalContext@VirtualProcessor@details@Concurrency@@MAEPAVInternalContextBase@23@PAUIExecutionContext@3@@Z	10
7601a	ExerciseWith	43
76045	?Remove@?$ListArray@VVirtualProcessor@details@Concurrency@@@details@Concurrency@@QAE_NPAVVirtualProcessor@23@H_N@Z	253
76142	?CheckForDeletionBridge@?$ListArray@VVirtualProcessor@details@Concurrency@@@details@Concurrency@@CAXPAV123@@Z	49
76173	?Remove@VirtualProcessorRoot@details@Concurrency@@UAEXPAUIScheduler@3@@Z	107
761df	?ResetSubscriptionLevel@VirtualProcessorRoot@details@Concurrency@@QAEXXZ	31
761fe	?Initialize@WinRT@details@Concurrency@@SAXXZ	177
762b0	??0WorkQueue@details@Concurrency@@QAE@XZ	234
7639a	?UnlockedSteal@WorkQueue@details@Concurrency@@AAEPAV_UnrealizedChore@23@_N@Z	174
76448	?TryToSteal@WorkQueue@details@Concurrency@@QAEPAV_UnrealizedChore@23@_NAA_N@Z	101
764dc	?Steal@WorkQueue@details@Concurrency@@QAEPAV_UnrealizedChore@23@_N@Z	69
76521	?StaticRetire@WorkQueue@details@Concurrency@@CAXPAV123@@Z	36
76545	?StaticRedetachFromScheduleGroup@WorkQueue@details@Concurrency@@CAXPAV123@@Z	26
7655f	?Reinitialize@WorkQueue@details@Concurrency@@AAEXXZ	74
765a9	?UnlockedSteal@?$StructuredWorkStealingQueue@V_UnrealizedChore@details@Concurrency@@V_CriticalNonReentrantLock@23@@details@Concurrency@@QAEPAV_UnrealizedChore@23@_N@Z	126
76627	UnlockedSteal	142
766b5	DeferToAffineSearchers	86
7670b	_Lock_shared_ptr_spin_lock	13
76718	_Unlock_shared_ptr_spin_lock	11
76723	_query_new_handler	13
76730	_set_new_handler	9
76739	_set_new_handler	53
7676e	_callnewh	38
76794	set_new_handler	11
7679f	_set_new_mode	49
767d0	_set_error_mode	64
76810	_Resetp<__ExceptionPtr>	75
7685b	Catch_All@1007685b	30
76890	reset<__ExceptionPtr>	55
768c7	??0bad_exception@std@@QAE@ABV01@@Z	27
76938	??1?$shared_ptr@V__ExceptionPtr@@@std@@QAE@XZ	12
7694f	operator=	57
76988	operator=	62
769c6	operator=	21
769db	`default_constructor_closure'	11
769f1	`default_constructor_closure'	11
76a07	??_G?$shared_ptr@V__ExceptionPtr@@@std@@QAEPAXI@Z	38
76a2d	??_Gbad_exception@std@@UAEPAXI@Z	37
76a52	_BadAllocException	42
76a7c	_CurrentException	217
76b47	Catch@10076b47	34
76b6e	Catch_All@10076b6e	5
76b81	?_Delete_this@?$_Ref_count@V__ExceptionPtr@@@std@@EAEXXZ	12
76b8d	?_Destroy@?$_Ref_count@V__ExceptionPtr@@@std@@EAEXXZ	24
76ba5	_Get_deleter	36
76bc9	?_Get_deleter@_Ref_count_base@std@@UBEPAXABVtype_info@@@Z	5
76bce	_Reset	35
76bf1	?_RethrowException@__ExceptionPtr@@QBEXXZ	268
76cfe	__ExceptionPtrAssign	16
76d0e	__ExceptionPtrCompare	20
76d22	__ExceptionPtrCopy	32
76d42	__ExceptionPtrCopyException	48
76d72	__ExceptionPtrCreate	19
76d85	__ExceptionPtrCurrentException	62
76dc3	__ExceptionPtrDestroy	15
76dd2	__ExceptionPtrRethrow	14
76de0	__ExceptionPtrSwap	33
76e01	__ExceptionPtrToBool	15
76e10	__setusermatherr	26
76e2a	__matherr	35
76e4d	___setargv	170
76ef7	parse_cmdline	402
77089	___copy_path_to_wide_string	176
77139	_amsg_exit	27
77155	_c_exit	15
77164	_exit	20
77178	_get_pgmptr	47
771a7	__FF_MSGBANNER	57
771e0	__GET_RTERRMSG	36
772c0	__NMSG_WRITE	442
774be	__p___argc	6
774c4	__p___argv	6
774ca	__p___initenv	6
774d0	__p___mb_cur_max	38
774f6	__p___wargv	6
774fc	__p___winitenv	6
77502	__p__acmdln	6
77508	__p__daylight	5
7750d	__p__dstbias	5
77512	__p__environ	6
77518	__p__mbcasemap	6
7751e	__p__mbctype	6
77524	__p__pctype	40
7754c	__p__pgmptr	6
77552	__p__pwctype	6
77558	__p__timezone	5
7755d	__p__tzname	5
77562	__p__wcmdln	6
77568	__p__wenviron	6
7756e	__p__wpgmptr	6
77574	__mtdeletelocks	84
775c8	_beginthread	159
77667	__callthreadstart	53
776c4	_endthread	42
776ef	__threadstart@4	87
77746	__initMTAoncurrentthread	88
7779e	__uninitMTAoncurrentthread	80
777ee	__threadhandle	6
777f4	__threadid	6
777fa	__mtterm	33
7781b	__cwild	191
778df	add	66
77921	find	151
77b8b	wfind	151
77e12	__setdefaultprecision	38
77e39	_atoi64	20
77e4d	_atoi64_l	23
77e64	_atoi_l	6
77e6a	_atol_l	23
77e81	_swab	105
77eea	_wtoi64	20
77efe	_wtoi64_l	23
77f15	_wtoi_l	6
77f1b	_wtol_l	23
77f32	x64toa	108
77f9e	_i64toa	48
77fce	_itoa	43
77ff9	_ltoa	42
78023	_ui64toa	27
7803e	_ultoa	24
78056	xtoa	73
78190	_i64toa_s	49
781c1	_itoa_s	41
781ea	_ui64toa_s	27
78205	x64tow	137
7828e	_i64tow	48
782be	_itow	43
782e9	_ltow	42
78313	_ui64tow	27
7832e	_ultow	24
78346	xtow	97
783a7	x64tow_s	282
784c1	_i64tow_s	49
784f2	_ui64tow_s	27
7850d	getdrives	6
78513	_getdiskfree	162
785b5	FID_conflict:convert_file_time_to_time_t<long>	122
7862f	_findclose	36
78653	_findfirst32	283
7876f	_findnext32	267
7887b	_findfirst64	305
789ad	_findnext64	293
78ad3	___time64_t_from_ft	124
78b4f	_findfirst64i32	292
78c74	_findnext64i32	276
78d89	_findfirst32i64	296
78eb2	_findnext32i64	284
78fcf	_seterrormode	14
78fdd	_beep	17
78fee	_sleep	20
79002	_wfindfirst32	283
7911e	_wfindnext32	267
7922a	_wfindfirst64	305
7935c	_wfindnext64	293
79482	_wfindfirst64i32	292
795a7	_wfindnext64i32	276
796bc	_wfindfirst32i64	296
797e5	_wfindnext32i64	284
79902	_access	22
79918	_access_s	72
79960	_chmod	68
799a4	_chdir	282
79abe	_get_doserrno	35
79ae1	_get_errno	35
79b04	_set_doserrno	31
79b23	_set_errno	31
79b42	_getdcwd	282
79c5c	__validdrive	122
79cd6	getpid	6
79cdc	_mkdir	64
79d1c	rename	193
79ddd	_rmdir	64
79e1d	stat32	68
79e61	stat64	68
79ea5	stat64i32	68
79ee9	stat32i64	68
79f2d	_unlink	6
79f33	remove	64
79f73	_wchmod	131
79ffa	_wgetdcwd	315
7a135	_wmkdir	49
7a166	_wrename	51
7a199	_wrmdir	46
7a1c7	_wstat32	1118
7a625	_wstat64	1151
7aaa4	_wstat32i64	1105
7aef5	__cenvarg	969
7b2ce	__dospawn	535
7b4e6	_execl	65
7b527	_execle	77
7b574	_execlp	62
7b5b2	_execlpe	77
7b5ff	_execv	68
7b643	_execve	488
7b82c	FID_conflict:_wcomexecmd	107
7b897	_execvp	21
7b8ac	_execvpe	604
7bb09	_getdllprocaddr	47
7bb38	_loaddll	31
7bb57	_unloaddll	27
7bb72	_spawnl	68
7bbb6	_spawnle	80
7bc06	_spawnlp	66
7bc48	_spawnlpe	80
7bc98	_spawnv	71
7bcdf	_spawnve	494
7bece	FID_conflict:_wcomexecmd	108
7bf3a	_spawnvp	24
7bf54	_spawnvpe	623
7c1c4	system	222
7c2a7	_cwait	140
7c333	_wexecl	66
7c375	_wexecle	102
7c3db	_wexeclp	64
7c41b	_wexeclpe	79
7c46a	_wexecv	92
7c4c6	_wexecve	489
7c6b0	FID_conflict:_wcomexecmd	107
7c71b	_wexecvp	21
7c730	_wexecvpe	531
7c944	_wspawnl	69
7c989	_wspawnle	82
7c9db	_wspawnlp	68
7ca1f	_wspawnlpe	82
7ca71	_wspawnv	95
7cad0	_wsystem	222
7cbb6	_mbclen	38
7cbdc	_mbclen_l	42
7cc06	_mbsinc	57
7cc3f	_mbsinc_l	37
7cc64	_mbsninc	21
7cc79	_mbsninc_l	35
7cc9c	_mbctohira	17
7ccad	_mbctohira_l	57
7cce6	_mbctokata	17
7ccf7	_mbctokata_l	42
7cd21	feof	38
7cd47	ferror	38
7cd6d	fgetc	235
7ce84	_fgetchar	13
7ce91	getchar	2
7ce93	fgets	305
7cff4	fgetwc	94
7d07c	getwc	9
7d085	_fgetwchar	13
7d092	getwchar	2
7d094	fputc	243
7d1b4	_fputchar	24
7d1cc	putchar	6
7d1d2	putwc	9
7d1db	_fputwchar	24
7d1f3	putwchar	6
7d1f9	__openfile	625
7d48c	clearerr	2
7d48e	clearerr_s	154
7d554	fgetpos	85
7d5a9	_fsopen	182
7d68c	fopen	21
7d6a1	fopen_s	69
7d6e6	_fprintf_l	26
7d700	_fprintf_p	25
7d719	_fprintf_p_l	26
7d733	_fprintf_s_l	26
7d74d	fprintf_s	25
7d766	_fread_nolock	27
7d781	__freopen_helper	195
7d874	freopen	36
7d898	freopen_s	30
7d8b6	_fscanf_l	31
7d8d5	_fscanf_s_l	31
7d8f4	fscanf	30
7d912	fscanf_s	30
7d930	_vfscanf	241
7da4c	_fseeki64	116
7daec	_fseeki64_nolock	177
7db9d	fsetpos	57
7dbd6	_ftelli64	99
7dc6c	_ftelli64_nolock	939
7e017	_fwprintf_l	26
7e031	_fwprintf_p	25
7e04a	_fwprintf_p_l	26
7e064	_fwprintf_s_l	26
7e07e	fwprintf	131
7e12c	fwprintf_s	25
7e145	_fwscanf_l	31
7e164	_fwscanf_s_l	31
7e183	fwscanf	30
7e1a1	fwscanf_s	30
7e1bf	vfwscanf	111
7e25c	__gets_helper	502
7e484	gets	20
7e498	gets_s	21
7e4ad	_getw	162
7e57c	_getws	20
7e590	__getws_helper	310
7e6fc	_getws_s	21
7e711	_get_output_format	6
7e717	_set_output_format	50
7e749	_pclose	195
7ed5c	_get_printf_count_output	21
7ed71	_printf_l	23
7ed88	_printf_p	22
7ed9e	_printf_p_l	23
7edb5	_printf_s_l	23
7edcc	_set_printf_count_output	40
7edf4	printf	150
7eebc	printf_s	22
7eed2	puts	319
7f044	_putw	152
7f10c	_scanf_l	28
7f128	_scanf_s_l	28
7f144	scanf	27
7f15f	scanf_s	27
7f17a	FID_conflict:_vwscanf	110
7f21c	_getmaxstdio	6
7f222	_setmaxstdio	238
7f33c	setbuf	40
7f364	_snprintf	170
7f40e	_snprintf_l	29
7f42b	_snprintf_c	186
7f4e5	_snprintf_c_l	29
7f502	_snscanf	33
7f523	_snscanf_l	34
7f545	_snscanf_s	33
7f566	_snscanf_s_l	34
7f588	vscan_fn	108
7f5f4	_snwprintf_l	29
7f611	_snwscanf	33
7f632	_snwscanf_l	34
7f654	_snwscanf_s	33
7f675	_snwscanf_s_l	34
7f697	vscan_fn	114
7f709	_scprintf	19
7f71c	_scprintf_l	23
7f733	_scprintf_p	19
7f746	_scprintf_p_l	23
7f75d	_snprintf_s	31
7f77c	_snprintf_s_l	32
7f79c	_sprintf_l	26
7f7b6	_sprintf_p	28
7f7d2	_sprintf_p_l	29
7f7ef	_sprintf_s_l	29
7f80c	_sscanf_l	31
7f82b	_sscanf_s_l	31
7f84a	__swprintf_l	26
7f864	_scwprintf	19
7f877	_scwprintf_l	23
7f88e	_scwprintf_p	19
7f8a1	_scwprintf_p_l	23
7f8b8	_snwprintf_s_l	32
7f8d8	_swprintf	161
7f979	_swprintf_p	28
7f995	_swprintf_p_l	29
7f9b2	_swprintf_s_l	29
7f9cf	_swprintf_c	234
7fab9	_swprintf_c_l	29
7fad6	_swscanf_l	31
7faf5	_swscanf_s_l	31
7fd6c	__tmpfile_helper	376
7ff1c	__tmpnam_helper	316
80237	tmpfile	26
80251	tmpfile_s	17
80262	tmpnam	37
80287	tmpnam_s	58
802c1	ungetc	94
8034c	ungetwc	98
803dc	_vprintf_l	27
803f7	_vprintf_p	26
80411	_vprintf_p_l	27
8042c	_vprintf_s_l	27
80447	vprintf	26
80461	FID_conflict:_vprintf_helper	123
8050c	vprintf_s	26
80526	_vfprintf_l	30
80544	_vfprintf_p	29
80561	_vfprintf_p_l	30
8057f	_vfprintf_s_l	30
8059d	vfprintf	29
805ba	_vfprintf_helper	259
806ec	vfprintf_s	29
80709	_vfwprintf_l	30
80727	_vfwprintf_p	29
80744	_vfwprintf_p_l	30
80762	_vfwprintf_s_l	30
80780	vfwprintf_s	29
8079d	_vscprintf	26
807b7	_vscprintf_l	27
807d2	_vscprintf_p	26
807ec	_vscprintf_p_l	27
80807	_vsprintf_l	130
80889	vsprintf	24
808a1	_vsnprintf	27
808bc	_vsnprintf_l	170
80966	_vsnprintf_c	39
8098d	_vsnprintf_c_l	40
809b5	_vsnprintf_s	30
809d3	_vsnprintf_s_l	251
80ace	_vsprintf_p	39
80af5	_vsprintf_p_l	40
80b1d	__vswprintf_l	6
80b23	_vscwprintf_l	27
80b3e	_vscwprintf_p	26
80b58	_vscwprintf_p_l	27
80b73	_vswprintf	24
80b8b	_vswprintf_l	162
80c2d	_vswprintf_c	39
80c54	_vswprintf_p	39
80c7b	_vswprintf_p_l	40
80ca3	_vwprintf_l	27
80cbe	_vwprintf_p	26
80cd8	_vwprintf_p_l	27
80cf3	_vwprintf_s_l	27
80d0e	vwprintf	26
80d28	vwprintf_s	26
80d42	_wfdopen	396
80efc	_wfopen	21
80f11	_wfreopen	36
80f35	__wfreopen_helper	195
81024	_wfreopen_s	30
81584	idtab	105
815ed	_wprintf_l	23
81604	_wprintf_p	22
8161a	_wprintf_p_l	23
81631	_wprintf_s_l	23
81648	wprintf	150
81714	wprintf_s	22
8172a	_wscanf_l	28
81746	_wscanf_s_l	28
81762	wscanf	27
8177d	wscanf_s	27
819e4	_wtmpnam	37
81a09	__wtmpnam_helper	320
81b74	_wtmpnam_s	58
81d77	__strncnt	32
81d97	_strset_s	71
81dde	_strnset_s	107
81e49	strtok	197
81f0e	strtok_s	235
81ff9	wcscat	47
82028	wcscpy	32
82048	wcsncat	67
8208b	__wcsncnt	35
820ae	wcsncpy	74
820f8	_wcsnset	40
82120	_wcsnset_s	120
82198	_wcsrev	58
821d2	_wcsset	34
821f4	_wcsset_s	78
82242	_wmemset	42
8226c	wmemmove_s	78
822ba	_ctime32	99
8231d	_ctime32_s	121
82396	_difftime32	50
823c8	_difftime64	71
8240f	___loctotime32_t	527
82621	ftime32_s	326
82768	___getgmtimebuf	53
8279d	_gmtime32	37
827c2	_gmtime32_s	308
828f6	_localtime32	37
8291b	_localtime32_s	509
82d54	_mkgmtime32	17
82d65	_mktime32	17
82d76	_strdate	26
82d90	_strdate_s	178
82e42	_strtime	26
82e5c	_strtime_s	169
82f05	_time32	76
82f51	_get_tzname	147
82fe4	futime32	435
83197	utime32	119
83210	ftime64_s	360
83379	_gmtime64	37
8339e	_localtime64	37
8366f	_mkgmtime64	17
83680	_mktime64	17
83691	_getsystime	136
83719	_setsystime	135
837a0	futime64	441
83959	utime64	119
839d0	_wasctime	74
83a1a	_wasctime_s	458
83be4	store_dt	33
83c05	_wctime32	99
83c68	_wctime32_s	122
83ce2	_wctime64	107
83d4d	_wctime64_s	145
83dde	_wstrdate	26
83df8	_wstrdate_s	205
83ec5	_wstrtime	26
83edf	_wstrtime_s	191
83f9e	wutime32	119
84015	wutime64	119
8408c	_vswprintf_l	146
8411e	vswprintf	27
84139	swprintf	28
84155	swprintf	145
841e6	__isascii	16
841f6	__iscsym	32
84216	__iscsymf	29
84233	__toascii	11
8423e	_iscntrl_l	80
8428e	_isgraph_l	86
842e4	_ispunct_l	80
84334	iscntrl	43
8435f	isgraph	45
8438c	ispunct	43
843b7	_mbstrlen	32
843d7	_mbstrlen_l	137
84460	_mbstrnlen	21
84475	_mbstrnlen_l	229
8455a	_iswalnum_l	20
8456e	_iswcntrl_l	17
8457f	__iswcsym	36
845a3	__iswcsymf	36
845c7	_iswlower_l	17
845d8	_iswpunct_l	17
845e9	_iswupper_l	17
845fa	_iswxdigit_l	20
8460e	_iswalpha_l	20
84622	_iswgraph_l	20
84636	_iswprint_l	20
8464a	_atodbl	21
8465f	_atoflt	21
84674	_atoldbl	21
84689	_atoldbl_l	141
84716	__STRINGTOLD	55
8474d	_fpcvt	117
847c2	_ecvt	95
84821	_ecvt_s	174
848cf	_fcvt	156
8496b	_fcvt_s	154
84a05	_gcvt	38
84a2b	_gcvt_s	276
84b3f	_iswctype_l	18
84b51	is_wctype	9
84b5a	_isctype	47
84b89	_isctype_l	175
84c38	_mblen_l	156
84cd4	mblen	37
84cf9	_mbstowcs_l	6
84cff	__mbstowcs_l_helper	352
84e5f	_mbstowcs_s_l	220
84f3b	mbstowcs	40
84f63	mbstowcs_s	30
84f81	_mbrtowc_s_l	412
8511d	__mbsrtowcs_helper	249
85216	btowc	80
85266	mbrlen	48
85296	mbrtowc	78
852e4	mbsrtowcs	9
852ed	mbsrtowcs_s	159
8538c	_strtod_l	277
854a1	strtod	21
854b6	_strtol_l	27
854d1	_strtoul_l	27
8575a	_strtoi64	42
85784	_strtoi64_l	27
8579f	_strtoui64	42
857c9	_strtoui64_l	27
857e4	_tolower	11
857ef	tolower	44
8581b	_toupper	11
85826	_toupper_l	322
85968	toupper	44
85994	_wcrtomb_s_l	170
85a3e	__wcsrtombs_helper	347
85b99	wcrtomb	45
85bc6	wcrtomb_s	119
85c3d	wcsrtombs	9
85c46	wcsrtombs_s	149
85cdb	wctob	87
85d32	_wcstod_l	249
85e2b	wcstod	21
8610e	_wcstoi64	42
86138	_wcstoi64_l	27
86153	_wcstoui64	42
8617d	_wcstoui64_l	27
86198	_wcstombs_l	69
861a1	wcstombs	24
861b9	_wctomb_l	77
86206	wctomb	49
86237	_ismbcalnum	17
86248	_ismbcalnum_l	162
862ea	_ismbcalpha	17
862fb	_ismbcalpha_l	164
8639f	_ismbbalnum	25
863b8	_ismbbalnum_l	26
863d2	_ismbbalpha	25
863eb	_ismbbalpha_l	26
86405	_ismbbgraph	25
8641e	_ismbbgraph_l	26
86438	_ismbbkalnum	22
8644e	_ismbbkalnum_l	23
86465	_ismbbkana	17
86476	_ismbbkana_l	74
864c0	_ismbbkprint	22
864d6	_ismbbkprint_l	23
864ed	_ismbbkpunct	22
86503	_ismbbkpunct_l	23
8651a	_ismbblead_l	23
86531	_ismbbprint	25
8654a	_ismbbprint_l	26
86564	_ismbbpunct	22
8657a	_ismbbpunct_l	23
86591	_ismbbtrail	22
865a7	_ismbbtrail_l	23
865be	_ismbcdigit	17
865cf	_ismbcdigit_l	164
86673	_ismbcgraph	17
86684	_ismbcgraph_l	164
86728	_ismbchira	17
86739	_ismbchira_l	64
86779	_ismbckata	17
8678a	_ismbckata_l	73
867d3	_ismbcsymbol	17
867e4	_ismbcsymbol_l	73
8682d	_ismbclegal	17
8683e	_ismbclegal_l	70
86884	_ismbclower	17
86895	_ismbclower_l	137
8691e	_ismbcprint	17
8692f	_ismbcprint_l	161
869d0	_ismbcpunct	17
869e1	_ismbcpunct_l	156
86a7d	_ismbslead	21
86a92	_ismbslead_l	141
86b1f	_ismbcspace	17
86b30	_ismbcspace_l	162
86bd2	_ismbstrail	21
86be7	_ismbstrail_l	139
86c72	_ismbcupper	17
86c83	_ismbcupper_l	137
86d0c	_mbbtype	21
86d21	_mbbtype_l	115
86d94	_mbccpy	25
86dad	_mbccpy_l	26
86dc7	_mbccpy_s	27
86de2	_mbccpy_s_l	208
86eb2	_mbscat_s_l	388
87036	_mbscpy_s_l	279
8714d	_mbsnbcat_s_l	592
8739d	_mbsnbcpy_s_l	461
8756a	_mbsnbset_s_l	527
87779	_mbsncat_s_l	556
879a5	_mbsncpy_s_l	474
87b7f	_mbsnset_s_l	513
87d80	_mbsset_s_l	283
87e9b	_ismbcl0	17
87eac	_ismbcl0_l	87
87f03	_ismbcl1	17
87f14	_ismbcl1_l	92
87f70	_ismbcl2	17
87f81	_ismbcl2_l	92
87fdd	CPtoLocaleName	58
88028	_mbsbtype	21
8803d	_mbsbtype_l	144
880cd	_mbscat_s	24
880e5	_mbschr	21
880fa	_mbschr_l	155
88195	_mbscpy_s	24
881ad	_mbscoll	21
881c2	_mbscoll_l	145
88253	_mbscspn	21
88268	_mbscspn_l	200
88330	_mbsicmp	21
88345	_mbsicmp_l	426
884ef	_mbsicoll	21
88504	_mbsicoll_l	145
88595	_mbslen	17
885a6	_mbslen_l	88
885fe	_mbsnlen	21
88613	_mbsnlen_l	119
8868a	_mbslwr	35
886ad	_mbslwr_l	36
886d1	_mbslwr_s	21
886e6	_mbslwr_s_l	247
887dd	_mbsnbcat	24
887f5	_mbsnbcat_l	285
88912	_mbsnbcat_s	27
8892d	_mbsnbcmp	24
88945	_mbsnbcmp_l	276
88a59	_mbsnbcnt	21
88a6e	_mbsnbcnt_l	113
88adf	_mbsnbcoll	24
88af7	_mbsnbcoll_l	202
88bc1	_mbsnbcpy	24
88bd9	_mbsnbcpy_l	196
88c9d	_mbsnbcpy_s	27
88cb8	_mbsnbicmp	24
88cd0	_mbsnbicmp_l	443
88e8b	_mbsnbicoll	24
88ea3	_mbsnbicoll_l	180
88f57	_mbsnbset	24
88f6f	_mbsnbset_l	190
8902d	_mbsnbset_s	27
89048	_mbsncat	24
89060	_mbsncat_l	263
89167	_mbsncat_s	27
89182	_mbsnccnt	21
89197	_mbsnccnt_l	117
8920c	_mbsncmp	24
89224	_mbsncmp_l	237
89311	_mbsncoll	24
89329	_mbsncoll_l	232
89411	_mbsncpy	24
89429	_mbsncpy_l	186
894e3	_mbsncpy_s	27
894fe	_mbsnextc	17
8950f	_mbsnextc_l	93
8956c	_mbsnicmp	24
89584	_mbsnicmp_l	404
89718	_mbsnicoll	24
89730	_mbsnicoll_l	232
89818	_mbsnset	24
89830	_mbsnset_l	312
89968	_mbsnset_s	27
89983	_mbspbrk	21
89998	_mbspbrk_l	202
89a62	_mbsrchr	21
89a77	_mbsrchr_l	143
89b06	_mbsrev	17
89b17	_mbsrev_l	155
89bb2	_mbsset	21
89bc7	_mbsset_l	154
89c61	_mbsset_s	24
89c79	_mbsspn	21
89c8e	_mbsspn_l	200
89d56	_mbsspnp	21
89d6b	_mbsspnp_l	212
89e3f	_mbsstr	21
89e54	_mbsstr_l	224
89f34	_mbstok	21
89f49	_mbstok_l	31
89f68	_mbstok_s	24
89f80	_mbstok_s_l	440
8a138	_mbsupr	35
8a15b	_mbsupr_l	36
8a17f	_mbsupr_s	21
8a194	_mbsupr_s_l	247
8a28b	_mbctolower	17
8a29c	_mbctolower_l	149
8a331	_mbctoupper	17
8a342	_mbctoupper_l	149
8a3d7	_mbcjistojms	17
8a3e8	_mbcjistojms_l	140
8a474	_mbcjmstojis	17
8a485	_mbcjmstojis_l	200
8a54d	_mbbtombc	17
8a55e	_mbbtombc_l	131
8a5e1	_mbctombb	17
8a5f2	_mbctombb_l	161
8b5c3	_cscanf	22
8b5d9	_cscanf_l	23
8b5f0	__hextodec	33
8b611	__whiteout	42
8c65a	_cscanf_s	22
8c670	_cscanf_s_l	23
8c687	__un_inc	17
8d866	_cwscanf	22
8d87c	_cwscanf_l	23
8d893	__un_inc	22
8d8a9	__whiteout	49
8eb3d	_cwscanf_s	22
8eb53	_cwscanf_s_l	23
8eb6a	__hextodec	49
8eb9b	_cprintf	22
8ebb1	_cprintf_l	23
8ebc8	_vcprintf	21
8ebdd	_vcprintf_l	2691
8f680	write_char	31
8f69f	_cprintf_p	22
8f6b5	_cprintf_p_l	23
8f6cc	_vcprintf_p	21
8f6e1	_vcprintf_p_l	4712
90969	_get_crtdouble_arg	19
9097c	write_multi_char	40
909a4	write_string	92
90a00	_cprintf_s	22
90a16	_cprintf_s_l	23
90a2d	_vcprintf_s	21
90a42	_vcprintf_s_l	2718
91500	_cwprintf	22
91516	_cwprintf_l	23
9152d	_vcwprintf	21
91542	_vcwprintf_l	2978
92104	_cwprintf_p	22
9211a	_cwprintf_p_l	23
92131	_vcwprintf_p	21
92146	_vcwprintf_p_l	4750
933f4	write_multi_char	40
9341c	_cwprintf_s	22
93432	_cwprintf_s_l	23
93449	_vcwprintf_s	21
9345e	_vcwprintf_s_l	3033
94057	write_char	34
94079	write_string	94
940d7	__output_p_l	4881
95408	__validate_param_reuseA	310
9553e	__validate_param_reuseW	374
956b4	__woutput_p_l	4815
969a3	_memicmp	96
96a03	_memicmp_l	169
96aac	_strcoll_l	142
96b3a	strcoll	21
96b4f	___ascii_stricmp	57
96b88	_stricoll	36
96bac	_stricoll_l	142
96c3a	_strlwr	91
96c95	_strlwr_l	24
96cad	_strncoll	107
96d18	_strncoll_l	198
96dde	_strnicoll	39
96e05	_strnicoll_l	195
96ec8	_strupr_s_l_stat	370
9703a	_strupr	91
97095	_strupr_l	24
970ad	_strupr_s	21
970c2	_strupr_s_l	50
970f4	_strxfrm_l	276
97208	strxfrm	24
97220	_wcscoll_l	133
972a5	wcscoll	71
972ec	_wcsicoll	147
9737f	_wcsicoll_l	207
9744e	_wcslwr_l	24
97466	_wcsncoll	107
974d1	_wcsncoll_l	157
9756e	_wcsupr	104
975d6	_wcsupr_l	24
975ee	_wcsxfrm_l	306
97720	wcsxfrm	24
97738	_Getdays	9
97741	__Getdays_l	228
97826	_Getmonths	9
9782f	__Getmonths_l	240
97920	_Gettnames	9
97929	_Strftime	30
97947	__Strftime_l	289
97a68	_strftime_l	30
97a86	strftime	29
97fb0	_W_store_num	111
9801f	_W_store_number	86
98075	_W_store_str	46
984b4	_W_Getdays	9
984bd	__W_Getdays_l	278
985d4	_W_Getmonths	9
985dd	__W_Getmonths_l	278
986f4	__W_Gettnames_l	1709
98da2	_Wcsftime	30
98dc0	__Wcsftime_l	321
98f01	_wcsftime_l	30
98f1f	wcsftime	29
98f3c	TranslatorGuardHandler	152
98fd8	_CallSETranslator	213
990ad	__CxxLongjmpUnwind	29
990ca	_inconsistency	48
99124	terminate	44
99174	unexpected	16
99184	__non_rtti_object	27
9919f	bad_cast	27
991ba	bad_cast	27
991d5	bad_cast	28
991f1	bad_typeid	27
9920c	bad_typeid	28
99228	exception	37
9924d	exception	17
9925e	??_Eexception@std@@UAEPAXI@Z	80
992ae	_Copy_str	62
992ec	what	13
9930e	operator==	30
9932c	`vector_deleting_destructor'	74
99376	_name_internal_method	18
99388	_type_info_dtor_internal_method	8
99390	raw_name	4
993bc	Catch_All@100993bc	23
993d4	FindHandlerForForeignException	282
99575	_is_exception_typeof	135
995fc	__CxxDetectRethrow	79
9964b	__FrameUnwindFilter	78
99699	__EH_epilog3_catch_GS	15
996a8	__EH_prolog3_catch_GS	57
996e1	`eh_vector_destructor_iterator'	83
9976c	__ArrayUnwind	50
997ec	_Name_base_internal	254
99914	_Type_info_dtor	104
999a4	__unDNameHelper	46
999d2	_set_se_translator	23
999e9	_set_se_translator	34
99a0b	set_terminate	23
99a22	set_terminate	46
99a50	set_unexpected	23
99a67	set_unexpected	46
99a95	get_terminate	9
99a9e	get_unexpected	9
99aa7	FindCompleteObject	29
99ac4	FindMITargetTypeInstance	275
99c5d	FindVITargetTypeInstance	381
99dda	PMDtoOffset	36
99dfe	__RTCastToVoid	48
99e7c	__RTDynamicCast	174
99f9c	DName	67
99fdf	DName	145
9a070	operator+	34
9a092	operator+	34
9a0b4	??HDName@@QBE?AV0@W4DNameStatus@@@Z	34
9a0d6	?getArgumentList@UnDecorator@@CA?AVDName@@XZ	265
9a1df	getArrayType	512
9a3e3	getBasedType	153
9a47f	getDataIndirectType	55
9a4b6	getEnumType	209
9a5bd	getExtendedDataIndirectType	434
9a776	getExternalDataType	119
9a7ed	getFunctionIndirectType	1045
9ac02	?getLastChar@DNameStatusNode@@UBEDXZ	12
9ac0e	?getLastChar@pDNameNode@@UBEDXZ	21
9ac23	getNumberOfDimensions	97
9ac88	getOperatorName	1515
9b3e1	getString	39
9b40d	getStringEncoding	176
9b4bd	getThisType	56
9b4f5	getVCallThunkType	74
9b547	getVdispMapType	84
9b59b	getVfTableType	355
9b703	make	134
9b79c	_recalloc_crt	80
9b7ec	_set_malloc_crt_max_wait	19
9b7ff	_get_heap_handle	6
9b805	__heap_term	8
9b80d	operator_delete[]	5
9b812	_aligned_free	24
9b82a	_aligned_malloc	21
9b83f	_aligned_msize	71
9b886	_aligned_offset_malloc	156
9b922	_aligned_offset_realloc	369
9ba93	_aligned_offset_recalloc	120
9bb0b	_aligned_realloc	24
9bb23	_aligned_recalloc	27
9bb3e	_expand	185
9bbf7	_heapadd	15
9bc06	_heapchk	31
9bc25	heapset	2
9bc27	_heapmin	22
9bc3d	_heapused	14
9bc4b	_heapwalk	247
9bd84	_resetstkoflw	206
9be52	__ioterm	82
9bea4	fstat32	833
9c214	___createFile	145
9c2b4	_wopen	124
9c384	_wsopen	49
9c3b5	fstat64	889
9c75c	fstat64i32	872
9caf4	fstat32i64	850
9ce74	_open	124
9cf44	_sopen	49
9cf75	__sopen_helper	149
9d05c	__sopen_nolock	76
9d0a8	_sopen_s	30
9d0c6	_commit	216
9d480	_open_osfhandle	235
9d5b4	_getch	54
9d614	_getch_nolock	219
9d6ef	_getche	54
9d754	_getche_nolock	54
9d78a	__getextendedkeycode	173
9db78	_kbhit	54
9dbdc	__kbhit_nolock	315
9dd17	_ungetch	58
9dd7c	_ungetch_nolock	35
9dd9f	_getwch	56
9de04	_getwch_nolock	258
9df06	_getwche	56
9df6c	_getwche_nolock	64
9dfac	_ungetwch	60
9e014	_ungetwch_nolock	41
9e03d	_putch	58
9e0a4	_putch_nolock	122
9e11e	_putwch	60
9e184	_putwch_nolock	65
9e1c5	_open	43
9e1f0	_sopen	44
9e21c	_wopen	43
9e247	_wsopen	44
9e273	_cgets	82
9e2c5	_cgets_s	254
9e3f4	_cgetws	81
9e445	_cgetws_s	425
9e61c	_chsize	26
9e636	__chsize_nolock	436
9e7ea	_chsize_s	219
9e8f4	_cputs	120
9e994	_cputws	196
9ea84	_creat	48
9eab4	_dup	206
9ebac	__dup_nolock	321
9ed34	extend_ioinfo_arrays	128
9edb4	_eof	288
9ef04	_filelengthi64	293
9f05c	_set_fmode	64
9f09c	_setmode	243
9f1bc	__setmode_nolock	205
9f289	_locking	249
9f3ac	__locking_nolock	224
9f48c	_mktemp	59
9f4c7	_mktemp_s	267
9f5d2	_tell	20
9f5e6	_telli64	22
9f5fc	_wcreat	48
9f62c	_wmktemp	59
9f667	_wmktemp_s	269
9f774	___initconin	31
9f7a2	___initconout	31
9f7d4	_invalid_parameter	5
9f7d9	__call_reportfault	285
9f8f6	_get_invalid_parameter_handler	13
9f903	invalid_parameter	42
9f92e	_invalid_parameter_noinfo	16
9f93e	_invalid_parameter_noinfo_noreturn	26
9f959	_invoke_watson	43
9f984	_get_purecall_handler	13
9f991	purecall	42
9f9bb	___crtCloseThreadpoolTimer	23
9f9d2	___crtCloseThreadpoolWait	23
9f9e9	___crtCreateSemaphoreExW@24	41
9fa12	__crtCreateSymbolicLinkW	41
9fa3b	___crtCreateThreadpoolTimer	33
9fa5c	___crtCreateThreadpoolWait	33
9fa7d	__crtFlsAlloc	30
9fa9b	__crtFlsFree	31
9faba	__crtFlsGetValue	31
9fad9	__crtFlsSetValue	34
9fafb	___crtFlushProcessWriteBuffers	16
9fb0b	___crtFreeLibraryWhenCallbackReturns	26
9fb25	___crtGetCurrentProcessorNumber	18
9fb37	___crtGetLogicalProcessorInformation	38
9fb5d	__crtInitializeCriticalSectionEx	46
9fb8b	__crtIsPackagedApp	62
9fbc9	___crtLoadWinApiPointers	575
a0070	__crtSetThreadStackGuarantee	27
a008b	___crtSetThreadpoolTimer	32
a00ab	___crtSetThreadpoolWait	29
a00c8	__crtTerminateProcess	21
a00dd	__crtUnhandledException	22
a00f3	___crtWaitForThreadpoolTimerCallbacks	26
a010d	rand_s	270
a024a	__fpecode	9
a0253	___get_sigabrt	13
a0260	__pxcptinfoptrs	9
a0324	raise	415
a0504	siglookup	60
a0540	FID_conflict:___crtMessageBoxW	482
a074a	___mbtow_environ	123
a07c5	___crtGetEnvironmentStringsW	91
a0820	__pwctype_func	6
a0826	_XcptFilter	347
a0981	__CppXcptFilter	30
a099f	_dupenv_s	200
a0b84	__getpath	139
a0c0f	_wgetenv	112
a0cac	___raise_securityfailure	61
a0ce9	__report_gsfailure	245
a0dde	___report_rangecheckfailure	14
a0dec	___report_securityfailure	202
a0eb6	___lc_collate_cp_func	38
a0edc	___mb_cur_max_l_func	23
a0ef3	___setlc_active_func	6
a0ef9	___unguarded_readlc_active_add_func	6
a0eff	__create_locale	9
a0f08	__free_locale	2
a0f0a	__get_current_locale	5
a0f0f	_configthreadlocale	90
a0f69	_free_locale	162
a1050	_get_current_locale	151
a1390	__crtCompareStringA	65
a13d1	_GetTableIndexFromLcid	53
a1406	FID_conflict:GetTableIndexFromLocaleName	78
a1b78	__crtCompareStringEx	76
a1bc4	___crtDownlevelLCIDToLocaleName	123
a1c40	FID_conflict:_AtlDownlevelLocaleNameToLCID	42
a1c7e	__crtEnumSystemLocalesEx	61
a1cbb	__crtGetDateFormatEx	73
a1d04	__crtGetLocaleInfoEx	47
a1d33	__crtGetTimeFormatEx	53
a1d68	__crtGetUserDefaultLocaleName	43
a1d93	__crtIsValidLocaleName	43
a1dbe	__crtLCMapStringEx	76
a1e0a	__wcsnicmp	110
a1e78	operator_new[]	14
a1e86	operator_delete	14
a1e94	operator_delete[]	14
a1ea2	chkesp	15
a1eba	__lconv_init	46
a1ee8	__sys_nerr	6
a1eee	__wcserror	221
a2084	__get_sys_err_msg	38
a20aa	_abs64	24
a20c2	abs	13
a20cf	assert	1512
a27e5	_byteswap_uint64	148
a2879	_byteswap_ulong	43
a28a4	_byteswap_ushort	19
a28b7	_crt_debugger_hook	8
a28bf	_lfind	135
a2946	_lfind_s	139
a29d1	_lrotl	16
a29e1	_rotl64	54
a2a17	_lrotr	16
a2a27	_rotr64	54
a2a5d	_lsearch	146
a2aef	_lsearch_s	150
a2b85	_makepath	30
a2ba3	_putenv	61
a2e09	_putenv_s	101
a2e9c	_searchenv	27
a2eb7	_searchenv_s	877
a3225	_set_abort_behavior	31
a3244	abort	66
a3287	_splitpath	74
a34d8	_strerror	189
a3596	_strerror_s	176
a3647	_umask	33
a3668	_umask_s	62
a36a6	_wassert	1687
a3f2e	_wcserror	110
a4020	_wcserror_s	102
a4087	_wmakepath	30
a41dc	_wputenv	61
a4244	_wsearchenv	27
a425f	_wsplitpath	74
a449e	bsearch_s	172
a454a	lldiv	42
a4574	perror	132
a4624	qsort_s	663
a492a	rand	35
a494d	srand	16
a495d	strerror	103
a4a08	strerror_s	79
a4aba	wfindenv	94
a4b18	___wtomb_environ	141
a4ba5	_GetLocaleNameFromLanguage	74
a4ca0	_TestDefaultCountry	74
a4eae	_GetPrimaryLen	42
a527e	_TestDefaultCountry	34
a531c	___get_qualified_locale_downlevel	538
a5540	FID_conflict:___crtMessageBoxW	482
a574a	_CallDestructExceptionObject	54
a583a	__ValidateEH3RN	821
a5bb4	___crtsetenv	581
a5e5c	findenv	91
a5eb7	__ld12told	205
a5f84	__STRINGTOLD_L	89
a5fdd	__cftoa_l	858
a6337	__cftoe	30
a6355	__cftof	27
a6370	__cftof2_l	234
a645a	__cftof_l	191
a6519	__cftog_l	253
a6616	__cropzeros_l	126
a6694	__forcdecpt_l	114
a6706	__shift	40
a672e	__control87_2	792
a6a46	___hw_cw_sse2	169
a6aef	___statusfp_sse2	65
a6b30	_clearfp	222
a6c0e	_controlfp	777
a6f17	_fpreset	54
a6f4d	__hw_cw	151
a6fe4	_set_controlfp	112
a7055	_statusfp	152
a70ed	_statusfp2	95
a714c	__libm_sse2_acos	1187
a8db8	__libm_sse2_acosf	989
a9dd0	__libm_sse2_asin	1097
ab9d0	__libm_sse2_asinf	957
ac9e8	__libm_sse2_atan	530
ad670	__libm_sse2_atan2	1300
ae748	__libm_sse2_atanf	416
aeea8	__libm_sse2_cos	417
af8d0	__libm_sse2_cosf	333
afe74	__libm_sse2_exp	534
b0548	__libm_sse2_expf	343
b093c	__libm_sse2_log	550
b1460	__libm_sse2_log10	574
b1fb0	__libm_sse2_log10f	377
b259c	__libm_sse2_logf	377
b2b84	__libm_sse2_pow	2680
b7b88	__libm_sse2_sin	430
b85d0	__libm_sse2_sinf	325
b8b7c	__libm_sse2_tan	587
ba460	__libm_sse2_tanf	406
baf68	_cabs	31
baf87	_hypot	31
bb1f0	_chgsign	43
bb21b	_copysign	38
bb241	_fpclass	156
bb2dd	_isnan	52
bb311	_logb	221
bb3ee	_nextafter	670
bb68c	_scalb	24
bb6a4	__AdjustLocation	26
bb6be	__AdjustStack	244
bb7b2	__FillOperand	398
bb940	__GetFpRegVal	44
bb96c	__PreventStackOverwrite	51
bb99f	__SetFpRegVal	113
bba10	__UpdateFpCtxt	57
bba49	__UpdateResult	285
bbb66	_fpieee_flt	1731
bc229	_hypotf	317
bc366	_j0	362
bc4d0	_j1	397
bc65d	_jn	379
bc7d8	_y0	426
bc982	_y1	445
bcb3f	_yn	221
bcc1c	domain_err	52
bcc50	_set_SSE2_enable	31
bcc6f	fabs	184
bcd27	frexp	214
bcdfd	ldexp	488
bcfe5	__d_inttype	102
bd04b	__powhlp	310
bd181	___get_fpsr_sse2	26
bd19b	___set_fpsr_sse2	72
bd234	__clrfp	15
bd243	__ctrlfp	41
bd26c	__set_statfp	86
bd2c2	__statfp	14
bd2d0	__decomp	210
bd3a2	__get_exp	23
bd3b9	__set_exp	43
bd3e4	__sptype	92
bd440	__errcode	50
bd472	__except1	200
bd53a	__except2	220
bd616	__handle_exc	476
bd7f2	__handle_qnan1	80
bd842	__handle_qnan2	96
bd8a2	__raise_exc	33
bd8c3	__raise_exc_ex	741
bdba8	__set_errno_from_matherr	45
bdbd5	__umatherr	158
bdc88	ax8	28
bdca4	ax32	27
bdcd4	cx8	28
bdcf0	cx32	27
bdd20	dx8	28
bdd3c	dx32	27
bdd6c	bx8	28
bdd88	bx32	27
bdda3	sib0	266
be17a	bp8	28
be196	bp32	27
be1c6	si8	28
be1e2	si32	27
be212	di8	28
be22e	di32	27
be249	_AdjustExceptionResult	378
be5ae	_LoadOperand	520
be7b6	_LoopDppxSimdValue	596
bea0a	_SetPniOperation	112
bea7a	_UpdateResult	249
beba7	__fpieee_flt_simd	4432
c09c8	___libm_error_support	686
c0fcb	__87except	265
c10d4	__frnd	18
c10e6	_Fill_FPIEEE_RECORD	200
c1349	__XMMI_FP_Emulation	4544
c25bb	fp32_is_qnan	35
c25de	isnanf	35
c2601	issnanf	36
c28b3	__XMMI2_FP_Emulation	7640
c4753	fp64_is_qnan	35
c4776	isnand	41
c479f	issnand	42
c4888	Unwind@100c4888	8
c4890	Unwind@100c4890	10
c489a	Unwind@100c489a	14
c48a8	Unwind@100c48a8	21
c48bd	Unwind@100c48bd	8
c4904	Unwind@100c4904	10
c490e	Unwind@100c490e	8
c4916	Unwind@100c4916	21
c496c	Unwind@100c496c	8
c49bc	Unwind@100c49bc	8
c4a4c	Unwind@100c4a4c	10
c4aa0	Unwind@100c4aa0	10
c4af4	Unwind@100c4af4	8
c4afc	Unwind@100c4afc	11
c4b48	Unwind@100c4b48	8
c4b50	Unwind@100c4b50	8
c4bd8	Unwind@100c4bd8	11
c4c58	Unwind@100c4c58	8
c4c60	Unwind@100c4c60	14
c4c6e	Unwind@100c4c6e	14
c4cbc	Unwind@100c4cbc	8
c4d0c	Unwind@100c4d0c	10
c4d16	Unwind@100c4d16	10
c4d60	Unwind@100c4d60	8
c4db0	Unwind@100c4db0	17
c4dc1	Unwind@100c4dc1	17
c4e14	Unwind@100c4e14	8
c4e64	Unwind@100c4e64	8
c4e6c	Unwind@100c4e6c	8
c4ec0	Unwind@100c4ec0	8
c4f10	Unwind@100c4f10	8
c4f60	Unwind@100c4f60	10
c4f6a	Unwind@100c4f6a	8
c4fb4	Unwind@100c4fb4	8
c4fbc	Unwind@100c4fbc	11
c500c	Unwind@100c500c	8
c505c	Unwind@100c505c	8
c50ac	Unwind@100c50ac	11
c5100	Unwind@100c5100	5
c5150	Unwind@100c5150	21
c51b0	Unwind@100c51b0	18
c520c	Unwind@100c520c	14
c5264	Unwind@100c5264	14
c52bc	Unwind@100c52bc	10
c5310	Unwind@100c5310	11
c531b	Unwind@100c531b	11
c5326	Unwind@100c5326	11
c5370	Unwind@100c5370	11
c537b	Unwind@100c537b	11
c53c8	Unwind@100c53c8	10
c5428	Unwind@100c5428	8
c5430	Unwind@100c5430	10
c547c	Unwind@100c547c	8
c5484	Unwind@100c5484	10
c548e	Unwind@100c548e	10
c54d8	Unwind@100c54d8	8
c5528	Unwind@100c5528	8
c5578	Unwind@100c5578	8
c55c8	Unwind@100c55c8	8
c5618	Unwind@100c5618	8
c566c	Unwind@100c566c	8
c56c8	Unwind@100c56c8	11
c56d3	Unwind@100c56d3	8
c56db	Unwind@100c56db	11
c56e6	Unwind@100c56e6	10
c56f0	Unwind@100c56f0	11
c56fb	Unwind@100c56fb	11
c5706	Unwind@100c5706	14
c5758	Unwind@100c5758	11
c57ac	Unwind@100c57ac	11
c5800	Unwind@100c5800	8
c5808	Unwind@100c5808	11
c5813	Unwind@100c5813	11
c581e	Unwind@100c581e	11
c5829	Unwind@100c5829	11
c5834	Unwind@100c5834	11
c583f	Unwind@100c583f	11
c584a	Unwind@100c584a	14
c5858	Unwind@100c5858	14
c5866	Unwind@100c5866	14
c5874	Unwind@100c5874	14
c58c8	Unwind@100c58c8	8
c58d0	Unwind@100c58d0	11
c58db	Unwind@100c58db	11
c58e6	Unwind@100c58e6	11
c58f1	Unwind@100c58f1	11
c58fc	Unwind@100c58fc	11
c5907	Unwind@100c5907	11
c5912	Unwind@100c5912	14
c5920	Unwind@100c5920	14
c592e	Unwind@100c592e	14
c593c	Unwind@100c593c	14
c5990	Unwind@100c5990	10
c59e4	Unwind@100c59e4	11
c59ef	Unwind@100c59ef	11
c59fa	Unwind@100c59fa	11
c5a05	Unwind@100c5a05	8
c5a4c	Unwind@100c5a4c	8
c5a54	Unwind@100c5a54	10
c5aa0	Unwind@100c5aa0	21
c5b00	Unwind@100c5b00	8
c5b08	Unwind@100c5b08	8
c5b50	Unwind@100c5b50	10
c5be4	Unwind@100c5be4	10
c5bee	Unwind@100c5bee	8
c5bf6	Unwind@100c5bf6	10
c5c00	Unwind@100c5c00	11
c5c0b	Unwind@100c5c0b	11
c5c16	Unwind@100c5c16	10
c5c20	Unwind@100c5c20	11
c5c2b	Unwind@100c5c2b	11
c5c80	Unwind@100c5c80	8
c5c88	Unwind@100c5c88	10
c5d14	Unwind@100c5d14	11
c5d68	Unwind@100c5d68	11
c5dbc	Unwind@100c5dbc	8
c5e0c	Unwind@100c5e0c	8
c5e5c	Unwind@100c5e5c	8
c5eac	Unwind@100c5eac	8
c5efc	Unwind@100c5efc	11
c5f50	Unwind@100c5f50	11
c5fa4	Unwind@100c5fa4	8
c5ff4	Unwind@100c5ff4	8
c6044	Unwind@100c6044	8
c6094	Unwind@100c6094	8
c60f0	Unwind@100c60f0	10
c60fa	Unwind@100c60fa	8
c6248	Unwind@100c6248	21
c62a8	Unwind@100c62a8	8
c62b0	Unwind@100c62b0	8
c62f8	Unwind@100c62f8	10
c6302	Unwind@100c6302	8
c634c	Unwind@100c634c	11
c63a0	Unwind@100c63a0	8
c63f0	Unwind@100c63f0	11
c63fb	Unwind@100c63fb	14
c6448	Unwind@100c6448	8
c6498	Unwind@100c6498	8
