rva	name	size
9940	?__abi_winrt_ptr_dtor@@YAXQ$ADVObject@Platform@@@Z	11
994b	?__abi_winrt_cast_to@@YAP$AAVObject@Platform@@_NP$AAV12@ABU_GUID@@@Z	57
9985	?__abi_winrt_ptrto_string_dtor@@YAXQ$ADVString@Platform@@@Z	8
998d	?Resolve@?QIWeakReference@Details@Platform@@WeakReferenceSource@23@U$AAAP$AAVObject@3@PAVGuid@3@@Z	126
9a0b	??0WeakReferenceSource@Details@Platform@@Q$AAA@P$AAVObject@2@@Z	61
9a48	??0__abi_FTMWeakRefData@@QAE@P$AAVObject@Platform@@@Z	151
9adf	__abi_dtor	53
9b14	?Increment@__abi_FTMWeakRefData@@QCGKXZ	25
9b2d	?Decrement@__abi_FTMWeakRefData@@QCGKXZ	83
9b80	?__abi_WinRTraiseException@@YGXJ@Z	191
9c3f	?__abi_winrt_ptrto_string_ctor@@YAPAXP$ADVString@Platform@@@Z	39
9c67	??0Guid@Platform@@QAA@ABU_GUID@@@Z	71
9cae	?Equals@Guid@Platform@@QAA_NABU_GUID@@@Z	54
9ce4	operator==	44
9d10	<Dispose>	25
9d29	?<Dispose>@?QIDisposable@Platform@@?$Array@I$00@2@U$AAAXXZ	30
9d47	?PlacementFree@Heap@Details@Platform@@SAXPAX0@Z	1
9d48	??0String@Platform@@Q$AAA@PB_W@Z	69
9d8e	?GetHashCode@String@Platform@@U$AAAHXZ	94
9dec	Attribute	14
9dfa	GetHashCode	3
9dfd	ToString	44
9e29	Equals	40
9e51	STAThreadAttribute	27
9e6c	ToString	44
9e98	MTAThreadAttribute	27
9eb3	GetHashCode	4
9eb7	ToString	44
9ee3	OnePhaseConstructedAttribute	27
9efe	ToString	44
9f2a	?__abi_Platform_Details_IWeakReference____abi_Resolve@?QIWeakReference@Details@Platform@@WeakReferenceSource@23@U$AAGJPAVGuid@3@PAP$AAVObject@3@@Z	40
9f52	Catch@10009f52	17
9f70	Catch_All@10009f70	5
9f76	?__abi_QueryInterface@?Q__abi_IUnknown@@WeakReferenceSource@Details@Platform@@U$AAGJAAVGuid@4@PAPAX@Z	85
9fcb	?__abi_AddRef@?Q__abi_IUnknown@@WeakReferenceSource@Details@Platform@@U$AAGKXZ	23
9fe2	?__abi_Release@?Q__abi_IUnknown@@WeakReferenceSource@Details@Platform@@U$AAGKXZ	56
a01a	?__abi_GetIids@?QObject@Platform@@WeakReferenceSource@Details@2@U$AAGJPAKPAPAVGuid@2@@Z	53
a04f	?__abi_GetRuntimeClassName@?QObject@Platform@@WeakReferenceSource@Details@2@U$AAGJPAPAUHSTRING__@@@Z	23
a066	?__abi_GetTrustLevel@COMException@Platform@@U$AAGJPAW4__abi_TrustLevel@@@Z	15
a075	?__abi_Platform_IDisposable____abi_<Dispose>@?QIDisposable@Platform@@Type@2@U$AAGJXZ	32
a095	Catch@1000a095	17
a0b3	Catch_All@1000a0b3	5
a0b9	?__abi_Platform_Details_IWeakReferenceSource____abi_GetWeakReference@?QIWeakReferenceSource@Details@Platform@@?$WriteOnlyArray@VSize@Foundation@Windows@@$00@3@U$AAGJPAP$AAUIWeakReference@23@@Z	51
a0ec	Catch@1000a0ec	17
a10a	Catch_All@1000a10a	5
a110	?__abi_QueryInterface@?QObject@Platform@@?$WriteOnlyArray@E$00@2@U$AAGJAAVGuid@2@PAPAX@Z	176
a1c0	?__abi_AddRef@?QObject@Platform@@?$WriteOnlyArray@P$AAVString@Platform@@$00@2@U$AAGKXZ	18
a1d2	?__abi_Release@?QObject@Platform@@?$WriteOnlyArray@_N$00@2@U$AAGKXZ	61
a20f	?__abi_GetIids@?QObject@Platform@@?$WriteOnlyArray@E$00@2@U$AAGJPAKPAPAVGuid@2@@Z	109
a27c	?__abi_GetRuntimeClassName@?QObject@Platform@@?$WriteOnlyArray@E$00@2@U$AAGJPAPAUHSTRING__@@@Z	23
a293	?GetWeakReference@?QIWeakReferenceSource@Details@Platform@@?$WriteOnlyArray@VSize@Foundation@Windows@@$00@3@U$AAAP$AAUIWeakReference@23@XZ	36
a2b7	?__abi_Platform_IDisposable____abi_<Dispose>@?QIDisposable@Platform@@?$Array@VRect@Foundation@Windows@@$00@2@U$AAGJXZ	18
a2c9	?__abi_Platform_Details_IWeakReferenceSource____abi_GetWeakReference@?QIWeakReferenceSource@Details@Platform@@?$Array@P$AAVString@Platform@@$00@3@U$AAGJPAP$AAUIWeakReference@23@@Z	92
a325	Catch@1000a325	17
a33b	Catch_All@1000a33b	5
a341	?__abi_Platform_?$IBoxArray@_N____abi_get_Value@?Q?$IBoxArray@_N@Platform@@?$Array@_N$00@2@U$AAGJPAIPAPA_N@Z	84
a395	Catch@1000a395	17
a3b3	Catch_All@1000a3b3	5
a3b9	?__abi_QueryInterface@?QObject@Platform@@?$Array@E$00@2@U$AAGJAAVGuid@2@PAPAX@Z	263
a4c0	?__abi_AddRef@?QObject@Platform@@?$Array@G$00@2@U$AAGKXZ	18
a4d2	?__abi_Release@?QObject@Platform@@?$Array@_K$00@2@U$AAGKXZ	61
a50f	?__abi_GetIids@?QObject@Platform@@?$Array@E$00@2@U$AAGJPAKPAPAVGuid@2@@Z	137
a598	?__abi_GetRuntimeClassName@?QObject@Platform@@?$Array@E$00@2@U$AAGJPAPAUHSTRING__@@@Z	23
a5af	?GetWeakReference@?QIWeakReferenceSource@Details@Platform@@?$Array@E$00@3@U$AAAP$AAUIWeakReference@23@XZ	36
a5d3	?__abi_Platform_IDisposable____abi_<Dispose>@?QIDisposable@Platform@@Exception@2@U$AAGJXZ	32
a5f3	Catch@1000a5f3	17
a611	Catch_All@1000a611	5
a617	?__abi_Platform_Details_IPrintable____abi_ToString@?QIPrintable@Details@Platform@@Exception@3@U$AAGJPAP$AAVString@3@@Z	51
a64a	Catch@1000a64a	17
a668	Catch_All@1000a668	5
a66e	?__abi_Platform_Details_IEquatable____abi_Equals@?QIEquatable@Details@Platform@@Exception@3@U$AAGJP$AAVObject@3@PA_N@Z	55
a6a5	Catch@1000a6a5	17
a6c3	Catch_All@1000a6c3	5
a6c9	?__abi_Platform_Details_IEquatable____abi_GetHashCode@?QIEquatable@Details@Platform@@Exception@3@U$AAGJPAH@Z	51
a6fc	Catch@1000a6fc	17
a71a	Catch_All@1000a71a	5
a720	?__abi_GetIids@Exception@Platform@@U$AAGJPAKPAPAVGuid@2@@Z	111
a78f	?__abi_GetRuntimeClassName@Exception@Platform@@U$AAGJPAPAUHSTRING__@@@Z	23
a7a6	?__abi_QueryInterface@STAThreadAttribute@Platform@@U$AAGJAAVGuid@2@PAPAX@Z	113
a817	?__abi_AddRef@MTAThreadAttribute@Platform@@U$AAGKXZ	18
a829	?__abi_Release@OnePhaseConstructedAttribute@CompilerServices@Runtime@Platform@@U$AAGKXZ	39
a850	?__abi_GetIids@DisconnectedException@Platform@@U$AAGJPAKPAPAVGuid@2@@Z	21
a865	?__abi_GetRuntimeClassName@STAThreadAttribute@Platform@@U$AAGJPAPAUHSTRING__@@@Z	23
a87c	?__abi_GetRuntimeClassName@MTAThreadAttribute@Platform@@U$AAGJPAPAUHSTRING__@@@Z	23
a893	?__abi_GetRuntimeClassName@OnePhaseConstructedAttribute@CompilerServices@Runtime@Platform@@U$AAGJPAPAUHSTRING__@@@Z	23
a8aa	?<Dispose>@IDisposable@Platform@@U$AAAXXZ	25
a8c3	?get@Value@?$IBox@P$AAVString@Platform@@@Platform@@U$AAAP$AAVString@3@XZ	71
a90a	?get@Value@?$IBoxArray@E@Platform@@U$AAAP$01$AAV?$Array@E$00@3@XZ	117
a980	~WriteOnlyArray<unsigned_char,1>	42
a9f2	?get@?Q?$IBoxArray@E@Platform@@Value@?$Array@E$00@2@U$AAAP$01$AAV42@XZ	84
a9fe	??0?$Array@E$00@Platform@@Q$AAA@PAEI@Z	108
aa6a	?CopyToOrDetach@?$Array@_N$00@Platform@@A$AAAXPAPA_NPAI@Z	117
aae0	??0?$WriteOnlyArray@E$00@Platform@@I$AAA@PAEI@Z	114
ab52	?AllocateAndCopyElements@?$WriteOnlyArray@_N$00@Platform@@KAPA_NPB_NI@Z	78
aba1	?__abi_GetIids@?QObject@Platform@@?$WriteOnlyArray@E$00@2@W3$AAGJPAKPAPAVGuid@2@@Z	10
abab	?__abi_GetRuntimeClassName@?QObject@Platform@@?$Array@E$00@2@WCA@$AAGJPAPAUHSTRING__@@@Z	10
abb5	?GetWeakReference@?QIWeakReferenceSource@Details@Platform@@?$Array@VRect@Foundation@Windows@@$00@3@WBM@$AAAP$AAUIWeakReference@23@XZ	10
abbf	?__abi_GetIids@?QObject@Platform@@?$Array@E$00@2@W3$AAGJPAKPAPAVGuid@2@@Z	10
abc9	?__abi_AddRef@?Q__abi_IUnknown@@WeakReferenceSource@Details@Platform@@W7$AAGKXZ	10
abd3	?__abi_QueryInterface@?QObject@Platform@@?$WriteOnlyArray@E$00@2@WBA@$AAGJAAVGuid@2@PAPAX@Z	10
abdd	?__abi_GetRuntimeClassName@?QObject@Platform@@?$Array@E$00@2@WEA@$AAGJPAPAUHSTRING__@@@Z	10
abe7	?GetWeakReference@?QIWeakReferenceSource@Details@Platform@@?$Array@VRect@Foundation@Windows@@$00@3@WDM@$AAAP$AAUIWeakReference@23@XZ	10
abf1	?__abi_QueryInterface@?QObject@Platform@@?$Array@E$00@2@WBA@$AAGJAAVGuid@2@PAPAX@Z	10
abfb	?__abi_AddRef@?QObject@Platform@@?$WriteOnlyArray@VGuid@Platform@@$00@2@W7$AAGKXZ	10
ac05	?__abi_GetTrustLevel@?QObject@Platform@@?$Array@VDateTime@Foundation@Windows@@$00@2@WCA@$AAGJPAW4__abi_TrustLevel@@@Z	10
ac0f	?__abi_Release@?QObject@Platform@@?$Array@VDateTime@Foundation@Windows@@$00@2@WCA@$AAGKXZ	10
ac19	?__abi_AddRef@?QObject@Platform@@?$Array@I$00@2@WM@$AAGKXZ	10
ac23	?__abi_GetIids@?QObject@Platform@@WeakReferenceSource@Details@2@W3$AAGJPAKPAPAVGuid@2@@Z	10
ac2d	?__abi_GetRuntimeClassName@?QObject@Platform@@?$WriteOnlyArray@E$00@2@W3$AAGJPAPAUHSTRING__@@@Z	10
ac37	?__abi_GetTrustLevel@?QObject@Platform@@?$Array@VGuid@Platform@@$00@2@WEA@$AAGJPAW4__abi_TrustLevel@@@Z	10
ac41	?__abi_Release@?QObject@Platform@@?$Array@_W$00@2@WEA@$AAGKXZ	10
ac4b	?__abi_GetRuntimeClassName@?QObject@Platform@@?$Array@E$00@2@W3$AAGJPAPAUHSTRING__@@@Z	10
ac55	?__abi_GetIids@?QObject@Platform@@?$WriteOnlyArray@E$00@2@W7$AAGJPAKPAPAVGuid@2@@Z	10
ac5f	?__abi_GetIids@?QObject@Platform@@?$Array@E$00@2@W7$AAGJPAKPAPAVGuid@2@@Z	10
ac69	?__abi_Release@?QObject@Platform@@?$WriteOnlyArray@VPoint@Foundation@Windows@@$00@2@W3$AAGKXZ	10
ac73	?__abi_Platform_Details_IWeakReferenceSource____abi_GetWeakReference@?QIWeakReferenceSource@Details@Platform@@?$Array@_J$00@3@WBM@$AAGJPAP$AAUIWeakReference@23@@Z	10
ac7d	?__abi_QueryInterface@?QObject@Platform@@?$Array@E$00@2@WBE@$AAGJAAVGuid@2@PAPAX@Z	10
ac87	?__abi_GetTrustLevel@?QObject@Platform@@?$Array@_K$00@2@W3$AAGJPAW4__abi_TrustLevel@@@Z	10
ac91	?__abi_Release@?QObject@Platform@@?$Array@VDateTime@Foundation@Windows@@$00@2@W3$AAGKXZ	10
ac9b	?__abi_GetRuntimeClassName@?QObject@Platform@@WeakReferenceSource@Details@2@W3$AAGJPAPAUHSTRING__@@@Z	10
aca5	?__abi_AddRef@?QObject@Platform@@?$WriteOnlyArray@_N$00@2@WM@$AAGKXZ	10
acaf	?__abi_Platform_Details_IWeakReferenceSource____abi_GetWeakReference@?QIWeakReferenceSource@Details@Platform@@?$Array@_N$00@3@WDM@$AAGJPAP$AAUIWeakReference@23@@Z	10
acb9	?__abi_AddRef@?QObject@Platform@@?$Array@VSize@Foundation@Windows@@$00@2@WBA@$AAGKXZ	10
acc3	?__abi_GetIids@?QObject@Platform@@WeakReferenceSource@Details@2@W7$AAGJPAKPAPAVGuid@2@@Z	10
accd	?__abi_GetRuntimeClassName@?QObject@Platform@@?$WriteOnlyArray@E$00@2@W7$AAGJPAPAUHSTRING__@@@Z	10
acd7	?__abi_GetRuntimeClassName@?QObject@Platform@@?$Array@E$00@2@W7$AAGJPAPAUHSTRING__@@@Z	10
ace1	?__abi_Release@?Q__abi_IUnknown@@WeakReferenceSource@Details@Platform@@W3$AAGKXZ	10
aceb	?__abi_Platform_IDisposable____abi_<Dispose>@?QIDisposable@Platform@@?$WriteOnlyArray@VGuid@Platform@@$00@2@W3$AAGJXZ	10
acf5	?__abi_GetIids@?QObject@Platform@@?$Array@E$00@2@WM@$AAGJPAKPAPAVGuid@2@@Z	10
acff	?__abi_Release@?QObject@Platform@@?$WriteOnlyArray@I$00@2@W7$AAGKXZ	10
ad09	?__abi_QueryInterface@?QObject@Platform@@?$Array@E$00@2@WBI@$AAGJAAVGuid@2@PAPAX@Z	10
ad13	?__abi_GetTrustLevel@OutOfBoundsException@Platform@@W7$AAGJPAW4__abi_TrustLevel@@@Z	10
ad1d	?__abi_Release@?QObject@Platform@@?$Array@_W$00@2@W7$AAGKXZ	10
ad27	?__abi_GetRuntimeClassName@?QObject@Platform@@WeakReferenceSource@Details@2@W7$AAGJPAPAUHSTRING__@@@Z	10
ad31	?__abi_AddRef@?QObject@Platform@@?$WriteOnlyArray@P$AAVObject@Platform@@$00@2@WBA@$AAGKXZ	10
ad3b	?<Dispose>@?QIDisposable@Platform@@?$WriteOnlyArray@VSize@Foundation@Windows@@$00@2@W3$AAAXXZ	10
ad45	?__abi_AddRef@?QObject@Platform@@?$Array@VTimeSpan@Foundation@Windows@@$00@2@WBE@$AAGKXZ	10
ad4f	?__abi_GetRuntimeClassName@?QObject@Platform@@?$Array@E$00@2@WM@$AAGJPAPAUHSTRING__@@@Z	10
ad59	?__abi_Release@?Q__abi_IUnknown@@WeakReferenceSource@Details@Platform@@W7$AAGKXZ	10
ad63	?__abi_GetIids@?QObject@Platform@@?$WriteOnlyArray@E$00@2@WBA@$AAGJPAKPAPAVGuid@2@@Z	10
ad6d	?__abi_GetIids@?QObject@Platform@@?$Array@E$00@2@WBA@$AAGJPAKPAPAVGuid@2@@Z	10
ad77	?__abi_Platform_IDisposable____abi_<Dispose>@?QIDisposable@Platform@@?$Array@VTimeSpan@Foundation@Windows@@$00@2@WM@$AAGJXZ	10
ad81	?__abi_Release@?QObject@Platform@@?$WriteOnlyArray@VSize@Foundation@Windows@@$00@2@WM@$AAGKXZ	10
ad8b	?__abi_QueryInterface@?QObject@Platform@@?$Array@E$00@2@WBM@$AAGJAAVGuid@2@PAPAX@Z	10
ad95	?__abi_GetTrustLevel@?QObject@Platform@@?$Array@VSize@Foundation@Windows@@$00@2@WM@$AAGJPAW4__abi_TrustLevel@@@Z	10
ad9f	?__abi_Release@?QObject@Platform@@?$Array@_N$00@2@WM@$AAGKXZ	10
ada9	?__abi_QueryInterface@?QObject@Platform@@?$Array@E$00@2@WDM@$AAGJAAVGuid@2@PAPAX@Z	10
adb3	?__abi_AddRef@?QObject@Platform@@?$Array@M$00@2@WBI@$AAGKXZ	10
adbd	?<Dispose>@?QIDisposable@Platform@@?$Array@M$00@2@WM@$AAAXXZ	10
adc7	?__abi_GetRuntimeClassName@?QObject@Platform@@?$WriteOnlyArray@E$00@2@WBA@$AAGJPAPAUHSTRING__@@@Z	10
add1	?GetWeakReference@?QIWeakReferenceSource@Details@Platform@@?$WriteOnlyArray@_N$00@3@WM@$AAAP$AAUIWeakReference@23@XZ	10
addb	?__abi_GetRuntimeClassName@?QObject@Platform@@?$Array@E$00@2@WBA@$AAGJPAPAUHSTRING__@@@Z	10
ade5	?__abi_GetIids@?QObject@Platform@@?$Array@E$00@2@WBE@$AAGJPAKPAPAVGuid@2@@Z	10
adef	?__abi_Release@?QObject@Platform@@?$WriteOnlyArray@M$00@2@WBA@$AAGKXZ	10
adf9	?__abi_QueryInterface@?QObject@Platform@@?$Array@E$00@2@WCA@$AAGJAAVGuid@2@PAPAX@Z	10
ae03	?__abi_GetTrustLevel@?QObject@Platform@@?$WriteOnlyArray@VTimeSpan@Foundation@Windows@@$00@2@WBA@$AAGJPAW4__abi_TrustLevel@@@Z	10
ae0d	?__abi_Release@?QObject@Platform@@?$Array@VDateTime@Foundation@Windows@@$00@2@WBA@$AAGKXZ	10
ae17	?__abi_QueryInterface@?QObject@Platform@@?$Array@E$00@2@WEA@$AAGJAAVGuid@2@PAPAX@Z	10
ae21	?__abi_AddRef@?QObject@Platform@@?$Array@M$00@2@WBM@$AAGKXZ	10
ae2b	?__abi_AddRef@?QObject@Platform@@?$Array@VDateTime@Foundation@Windows@@$00@2@WDM@$AAGKXZ	10
ae35	?__abi_GetRuntimeClassName@?QObject@Platform@@?$Array@E$00@2@WBE@$AAGJPAPAUHSTRING__@@@Z	10
ae3f	?__abi_Platform_Details_IWeakReferenceSource____abi_GetWeakReference@?QIWeakReferenceSource@Details@Platform@@?$WriteOnlyArray@I$00@3@WM@$AAGJPAP$AAUIWeakReference@23@@Z	10
ae49	?__abi_QueryInterface@?QObject@Platform@@?$WriteOnlyArray@E$00@2@W3$AAGJAAVGuid@2@PAPAX@Z	10
ae53	?__abi_GetIids@?QObject@Platform@@?$Array@E$00@2@WBI@$AAGJPAKPAPAVGuid@2@@Z	10
ae5d	?__abi_Platform_IDisposable____abi_<Dispose>@?QIDisposable@Platform@@?$Array@H$00@2@WBE@$AAGJXZ	10
ae67	?__abi_QueryInterface@?QObject@Platform@@?$Array@E$00@2@W3$AAGJAAVGuid@2@PAPAX@Z	10
ae71	?__abi_GetTrustLevel@?QObject@Platform@@?$Array@P$AAVObject@Platform@@$00@2@WBE@$AAGJPAW4__abi_TrustLevel@@@Z	10
ae7b	?__abi_Release@?QObject@Platform@@?$Array@VDateTime@Foundation@Windows@@$00@2@WBE@$AAGKXZ	10
ae85	?__abi_AddRef@?QObject@Platform@@?$Array@VSize@Foundation@Windows@@$00@2@WCA@$AAGKXZ	10
ae8f	?<Dispose>@?QIDisposable@Platform@@?$Array@E$00@2@WBE@$AAAXXZ	10
ae99	?__abi_QueryInterface@?Q__abi_IUnknown@@WeakReferenceSource@Details@Platform@@W3$AAGJAAVGuid@4@PAPAX@Z	10
aea3	?__abi_AddRef@?QObject@Platform@@?$Array@_W$00@2@WEA@$AAGKXZ	10
aead	?__abi_GetRuntimeClassName@?QObject@Platform@@?$Array@E$00@2@WBI@$AAGJPAPAUHSTRING__@@@Z	10
aeb7	?__abi_QueryInterface@?QObject@Platform@@?$WriteOnlyArray@E$00@2@W7$AAGJAAVGuid@2@PAPAX@Z	10
aec1	?__abi_QueryInterface@?QObject@Platform@@?$Array@E$00@2@W7$AAGJAAVGuid@2@PAPAX@Z	10
aecb	?__abi_GetTrustLevel@?QObject@Platform@@?$Array@VDateTime@Foundation@Windows@@$00@2@WBI@$AAGJPAW4__abi_TrustLevel@@@Z	10
aed5	?__abi_Release@?QObject@Platform@@?$Array@VDateTime@Foundation@Windows@@$00@2@WBI@$AAGKXZ	10
aedf	?__abi_AddRef@?QObject@Platform@@?$Array@_W$00@2@W3$AAGKXZ	10
aee9	?__abi_QueryInterface@?Q__abi_IUnknown@@WeakReferenceSource@Details@Platform@@W7$AAGJAAVGuid@4@PAPAX@Z	10
aef3	?__abi_AddRef@?Q__abi_IUnknown@@WeakReferenceSource@Details@Platform@@W3$AAGKXZ	10
aefd	?__abi_QueryInterface@?QObject@Platform@@?$WriteOnlyArray@E$00@2@WM@$AAGJAAVGuid@2@PAPAX@Z	10
af07	?__abi_GetIids@?QObject@Platform@@?$Array@E$00@2@WCA@$AAGJPAKPAPAVGuid@2@@Z	10
af11	?__abi_QueryInterface@?QObject@Platform@@?$Array@E$00@2@WM@$AAGJAAVGuid@2@PAPAX@Z	10
af1b	?__abi_AddRef@?QObject@Platform@@?$WriteOnlyArray@P$AAVObject@Platform@@$00@2@W3$AAGKXZ	10
af25	?__abi_GetIids@?QObject@Platform@@?$Array@E$00@2@WEA@$AAGJPAKPAPAVGuid@2@@Z	10
af2f	?__abi_Release@?QObject@Platform@@?$Array@VDateTime@Foundation@Windows@@$00@2@WBM@$AAGKXZ	10
af39	?__abi_AddRef@ObjectDisposedException@Platform@@W7$AAGKXZ	10
af43	?__abi_Release@?QObject@Platform@@?$Array@_W$00@2@WDM@$AAGKXZ	10
af4d	ToString	66
af8f	ToString	66
afd1	ToString	66
b013	ToString	66
b055	ToString	64
b095	ToString	64
b0d5	ToString	67
b118	ToString	67
b15b	ToString	69
b1a0	ToString	69
b1e5	ToString	57
b21e	GetHashCode	18
b230	GetHashCode	11
b23b	GetHashCode	11
b246	GetHashCode	19
b259	GetHashCode	11
b264	GetHashCode	10
b26e	GetHashCode	24
b286	GetHashCode	24
b29e	GetHashCode	27
b2b9	GetHashCode	35
b2dc	char16	15
b2eb	GetType	28
b307	Equals	121
b378	Catch@1000b378	6
b386	Boolean	13
b393	GetType	28
b3af	Equals	3
b3b2	GetType	28
b3ce	Equals	117
b43b	Catch@1000b43b	6
b449	GetType	28
b465	Equals	121
b4d6	Catch@1000b4d6	6
b4e4	GetType	28
b500	Equals	121
b571	Catch@1000b571	6
b57f	IntPtr	13
b58c	GetType	28
b5a8	Equals	117
b615	Catch@1000b615	6
b623	GetType	28
b63f	Equals	117
b6ac	Catch@1000b6ac	6
b6ba	int64	19
b6cd	GetType	28
b6e9	Equals	125
b75e	Catch@1000b75e	6
b76c	GetType	28
b788	Equals	125
b7fd	Catch@1000b7fd	6
b80b	float32	13
b818	GetType	28
b834	Equals	133
b8b1	Catch@1000b8b1	6
b8bf	float64	13
b8cc	GetType	28
b8e8	Equals	127
b95f	Catch@1000b95f	6
b96d	GetType	28
b989	Equals	117
b9f6	Catch@1000b9f6	6
ba04	ToString	57
ba3d	GetHashCode	15
ba4c	ToString	114
babe	GetType	28
bada	get	29
baf7	Rect	239
bbe6	get	44
bc12	Rect	85
bc67	get	42
bc91	get	43
bcbc	Contains	75
bd07	Union	55
bd3e	IntersectsWith	114
bdb0	Intersect	278
bec6	Union	410
c060	operator+	76
c0ac	operator-	73
c0f5	operator>	55
c12c	operator>=	76
c178	operator<	50
c1aa	operator<=	76
c1f6	Compare	117
c87a	get	40
c8a2	Invert	88
c8fa	operator*	718
cbc8	RepeatBehavior	67
cc0b	GridLength	80
cc5b	operator_void*	8
cc63	?__abi_GetRuntimeClassName@COMException@Platform@@U$AAGJPAPAUHSTRING__@@@Z	23
cc7a	?__abi_GetRuntimeClassName@InvalidArgumentException@Platform@@U$AAGJPAPAUHSTRING__@@@Z	23
cc91	?get@Type@IPropertyValue@Foundation@Windows@@U$AAA?AW4PropertyType@34@XZ	32
ccb1	?GetChar16@IPropertyValue@Foundation@Windows@@U$AAA_WXZ	33
ccd2	?GetUInt8@IPropertyValue@Foundation@Windows@@U$AAAEXZ	32
ccf2	?GetInt16@IPropertyValue@Foundation@Windows@@U$AAAFXZ	33
cd13	?GetUInt16@IPropertyValue@Foundation@Windows@@U$AAAGXZ	33
cd34	?GetInt32@IPropertyValue@Foundation@Windows@@U$AAAHXZ	32
cd54	?GetUInt32@IPropertyValue@Foundation@Windows@@U$AAAIXZ	32
cd74	?GetInt64@IPropertyValue@Foundation@Windows@@U$AAA_JXZ	37
cd9a	?GetUInt64@IPropertyValue@Foundation@Windows@@U$AAA_KXZ	37
cdc0	?GetSingle@IPropertyValue@Foundation@Windows@@U$AAAMXZ	32
cde0	?GetDouble@IPropertyValue@Foundation@Windows@@U$AAANXZ	34
ce03	?GetBoolean@IPropertyValue@Foundation@Windows@@U$AAA_NXZ	32
ce23	??$swprintf_s@$0CA@@@YAHAAY0CA@_WPB_WZZ	26
ce3d	??$swprintf_s@$0CH@@@YAHAAY0CH@_WPB_WZZ	26
ce57	?__abi_winrt_ptr_assign@@YAPAXPAPAXP$ADVObject@Platform@@@Z	39
ce7e	?__abi_winrt_ptrto_string_assign@@YAPAXPAPAXP$ADVString@Platform@@@Z	67
cec2	?QueryInterface@CustomPropertyValue@Details@Platform@@UAGJABU_GUID@@PAPAX@Z	24
ceda	?AddRef@CustomPropertyValueArray@Details@Platform@@UAGKXZ	19
ceed	?Release@CustomPropertyValueArray@Details@Platform@@UAGKXZ	19
cf00	?GetIids@CustomPropertyValueArray@Details@Platform@@UAGJPAKPAPAU_GUID@@@Z	25
cf19	?GetRuntimeClassName@CustomPropertyValueArray@Details@Platform@@UAGJPAPAUHSTRING__@@@Z	22
cf2f	?GetTrustLevel@CustomPropertyValue@Details@Platform@@UAGJPAW4TrustLevel@@@Z	22
cf45	?get_Type@CustomPropertyValue@Details@Platform@@UAGJPAW4PropertyType@Foundation@Windows@ABI@@@Z	18
cf57	?get_IsNumericScalar@CustomPropertyValue@Details@Platform@@UAGJPAE@Z	15
cf66	?GetChar16@CustomPropertyValueArray@Details@Platform@@UAGJPA_W@Z	8
cf6e	?GetUInt64Array@CustomPropertyValue@Details@Platform@@UAGJPAIPAPA_K@Z	18
cf80	GetIBoxVtable	8
cf88	?CreatePropertyValue@?$PropertyValueTraits@E@Details@Platform@@SAP$AAVObject@3@P$01$AAV?$Array@E$00@3@@Z	117
cffd	?CreatePropertyValue@?$PropertyValueTraits@F@Details@Platform@@SAP$AAVObject@3@P$01$AAV?$Array@F$00@3@@Z	117
d072	?CreatePropertyValue@?$PropertyValueTraits@G@Details@Platform@@SAP$AAVObject@3@P$01$AAV?$Array@G$00@3@@Z	117
d0e7	?CreatePropertyValue@?$PropertyValueTraits@H@Details@Platform@@SAP$AAVObject@3@P$01$AAV?$Array@H$00@3@@Z	117
d15c	?CreatePropertyValue@?$PropertyValueTraits@I@Details@Platform@@SAP$AAVObject@3@P$01$AAV?$Array@I$00@3@@Z	117
d1d1	?CreatePropertyValue@?$PropertyValueTraits@_J@Details@Platform@@SAP$AAVObject@3@P$01$AAV?$Array@_J$00@3@@Z	117
d246	?CreatePropertyValue@?$PropertyValueTraits@_K@Details@Platform@@SAP$AAVObject@3@P$01$AAV?$Array@_K$00@3@@Z	117
d2bb	?CreatePropertyValue@?$PropertyValueTraits@M@Details@Platform@@SAP$AAVObject@3@P$01$AAV?$Array@M$00@3@@Z	117
d330	?CreatePropertyValue@?$PropertyValueTraits@N@Details@Platform@@SAP$AAVObject@3@P$01$AAV?$Array@N$00@3@@Z	117
d3a5	?CreatePropertyValue@?$PropertyValueTraits@_W@Details@Platform@@SAP$AAVObject@3@P$01$AAV?$Array@_W$00@3@@Z	117
d41a	?CreatePropertyValue@?$PropertyValueTraits@_N@Details@Platform@@SAP$AAVObject@3@P$01$AAV?$Array@_N$00@3@@Z	117
d48f	?CreatePropertyValue@?$PropertyValueTraits@P$AAVString@Platform@@@Details@Platform@@SAP$AAVObject@3@P$01$AAV?$Array@P$AAVString@Platform@@$00@3@@Z	117
d504	?<Dispose>@?QIDisposable@Platform@@?$WriteOnlyArray@P$AAVString@Platform@@$00@2@U$AAAXXZ	25
d51d	?<Dispose>@?QIDisposable@Platform@@?$Array@P$AAVString@Platform@@$00@2@U$AAAXXZ	30
d53b	?CreatePropertyValue@?$PropertyValueTraits@P$AAVObject@Platform@@@Details@Platform@@SAP$AAVObject@3@P$01$AAV?$Array@P$AAVObject@Platform@@$00@3@@Z	117
d5b0	?<Dispose>@?QIDisposable@Platform@@?$WriteOnlyArray@P$AAVObject@Platform@@$00@2@U$AAAXXZ	25
d5c9	?<Dispose>@?QIDisposable@Platform@@?$Array@P$AAVObject@Platform@@$00@2@U$AAAXXZ	30
d5e7	?CreatePropertyValue@?$PropertyValueTraits@VGuid@Platform@@@Details@Platform@@SAP$AAVObject@3@P$01$AAV?$Array@VGuid@Platform@@$00@3@@Z	117
d65c	?CreatePropertyValue@?$PropertyValueTraits@VDateTime@Foundation@Windows@@@Details@Platform@@SAP$AAVObject@3@P$01$AAV?$Array@VDateTime@Foundation@Windows@@$00@3@@Z	117
d6d1	?CreatePropertyValue@?$PropertyValueTraits@VTimeSpan@Foundation@Windows@@@Details@Platform@@SAP$AAVObject@3@P$01$AAV?$Array@VTimeSpan@Foundation@Windows@@$00@3@@Z	117
d746	?CreatePropertyValue@?$PropertyValueTraits@VPoint@Foundation@Windows@@@Details@Platform@@SAP$AAVObject@3@P$01$AAV?$Array@VPoint@Foundation@Windows@@$00@3@@Z	117
d7bb	?CreatePropertyValue@?$PropertyValueTraits@VSize@Foundation@Windows@@@Details@Platform@@SAP$AAVObject@3@P$01$AAV?$Array@VSize@Foundation@Windows@@$00@3@@Z	117
d830	?CreatePropertyValue@?$PropertyValueTraits@VRect@Foundation@Windows@@@Details@Platform@@SAP$AAVObject@3@P$01$AAV?$Array@VRect@Foundation@Windows@@$00@3@@Z	117
d8a5	?CreatePropertyValue@Details@Platform@@YAJPAXPAPAUIPropertyValuePriv@@@Z	785
dbb6	?get_Type@CustomPropertyValueArray@Details@Platform@@UAGJPAW4PropertyType@Foundation@Windows@ABI@@@Z	103
dc1d	?get_IsNumericScalar@CustomPropertyValueArray@Details@Platform@@UAGJPAE@Z	98
dc7f	?GetUInt8Array@CustomPropertyValueArray@Details@Platform@@UAGJPAIPAPAE@Z	96
dcdf	?GetInt16Array@CustomPropertyValueArray@Details@Platform@@UAGJPAIPAPAF@Z	96
dd3f	?GetUInt16Array@CustomPropertyValueArray@Details@Platform@@UAGJPAIPAPAG@Z	96
dd9f	?GetInt32Array@CustomPropertyValueArray@Details@Platform@@UAGJPAIPAPAH@Z	96
ddff	?GetUInt32Array@CustomPropertyValueArray@Details@Platform@@UAGJPAIPAPAI@Z	96
de5f	?GetInt64Array@CustomPropertyValueArray@Details@Platform@@UAGJPAIPAPA_J@Z	96
debf	?GetUInt64Array@CustomPropertyValueArray@Details@Platform@@UAGJPAIPAPA_K@Z	99
df22	?GetSingleArray@CustomPropertyValueArray@Details@Platform@@UAGJPAIPAPAM@Z	99
df85	?GetDoubleArray@CustomPropertyValueArray@Details@Platform@@UAGJPAIPAPAN@Z	99
dfe8	?GetChar16Array@CustomPropertyValueArray@Details@Platform@@UAGJPAIPAPA_W@Z	99
e04b	?GetBooleanArray@CustomPropertyValueArray@Details@Platform@@UAGJPAIPAPAE@Z	99
e0ae	?GetStringArray@CustomPropertyValueArray@Details@Platform@@UAGJPAIPAPAPAUHSTRING__@@@Z	99
e111	?GetInspectableArray@CustomPropertyValueArray@Details@Platform@@UAGJPAIPAPAPAUIInspectable@@@Z	99
e174	?GetGuidArray@CustomPropertyValueArray@Details@Platform@@UAGJPAIPAPAU_GUID@@@Z	99
e1d7	?GetDateTimeArray@CustomPropertyValueArray@Details@Platform@@UAGJPAIPAPAUDateTime@Foundation@Windows@ABI@@@Z	99
e23a	?GetTimeSpanArray@CustomPropertyValueArray@Details@Platform@@UAGJPAIPAPAUTimeSpan@Foundation@Windows@ABI@@@Z	99
e29d	?GetPointArray@CustomPropertyValueArray@Details@Platform@@UAGJPAIPAPAUPoint@Foundation@Windows@ABI@@@Z	99
e300	?GetSizeArray@CustomPropertyValueArray@Details@Platform@@UAGJPAIPAPAUSize@Foundation@Windows@ABI@@@Z	99
e363	?GetRectArray@CustomPropertyValueArray@Details@Platform@@UAGJPAIPAPAURect@Foundation@Windows@ABI@@@Z	99
e3c6	GetIBoxArrayVtable	8
e3ce	CreateValue	364
e58e	?CreateUInt8@PropertyValue@Foundation@Windows@@SAP$AAVObject@Platform@@E@Z	169
e637	?CreateInt16@PropertyValue@Foundation@Windows@@SAP$AAVObject@Platform@@F@Z	169
e6e0	?CreateUInt16@PropertyValue@Foundation@Windows@@SAP$AAVObject@Platform@@G@Z	169
e789	?CreateInt32@PropertyValue@Foundation@Windows@@SAP$AAVObject@Platform@@H@Z	169
e832	?CreateUInt32@PropertyValue@Foundation@Windows@@SAP$AAVObject@Platform@@I@Z	169
e8db	?CreateInt64@PropertyValue@Foundation@Windows@@SAP$AAVObject@Platform@@_J@Z	173
e988	?CreateUInt64@PropertyValue@Foundation@Windows@@SAP$AAVObject@Platform@@_K@Z	173
ea35	?CreateSingle@PropertyValue@Foundation@Windows@@SAP$AAVObject@Platform@@M@Z	173
eae2	?CreateDouble@PropertyValue@Foundation@Windows@@SAP$AAVObject@Platform@@N@Z	175
eb91	?CreateChar16@PropertyValue@Foundation@Windows@@SAP$AAVObject@Platform@@_W@Z	169
ec3a	?CreateBoolean@PropertyValue@Foundation@Windows@@SAP$AAVObject@Platform@@_N@Z	169
ece3	?CreateString@PropertyValue@Foundation@Windows@@SAP$AAVObject@Platform@@P$AAVString@5@@Z	117
ed58	?CreateGuid@PropertyValue@Foundation@Windows@@SAP$AAVObject@Platform@@VGuid@5@@Z	181
ee0d	?CreateDateTime@PropertyValue@Foundation@Windows@@SAP$AAVObject@Platform@@VDateTime@23@@Z	173
eeba	?CreateTimeSpan@PropertyValue@Foundation@Windows@@SAP$AAVObject@Platform@@VTimeSpan@23@@Z	173
ef67	?CreatePoint@PropertyValue@Foundation@Windows@@SAP$AAVObject@Platform@@VPoint@23@@Z	173
f014	?CreateSize@PropertyValue@Foundation@Windows@@SAP$AAVObject@Platform@@VSize@23@@Z	173
f0c1	?CreateRect@PropertyValue@Foundation@Windows@@SAP$AAVObject@Platform@@VRect@23@@Z	181
f176	?__abi_QueryInterface@?QObject@Platform@@?$WriteOnlyArray@F$00@2@U$AAGJAAVGuid@2@PAPAX@Z	176
f226	?__abi_GetIids@?QObject@Platform@@?$WriteOnlyArray@F$00@2@U$AAGJPAKPAPAVGuid@2@@Z	109
f293	?__abi_GetRuntimeClassName@?QObject@Platform@@?$WriteOnlyArray@F$00@2@U$AAGJPAPAUHSTRING__@@@Z	23
f2aa	?__abi_Platform_?$IBoxArray@_W____abi_get_Value@?Q?$IBoxArray@_W@Platform@@?$Array@_W$00@2@U$AAGJPAIPAPA_W@Z	84
f2fe	Catch@1000f2fe	17
f31c	Catch_All@1000f31c	5
f322	?__abi_QueryInterface@?QObject@Platform@@?$Array@F$00@2@U$AAGJAAVGuid@2@PAPAX@Z	263
f429	?__abi_GetIids@?QObject@Platform@@?$Array@F$00@2@U$AAGJPAKPAPAVGuid@2@@Z	137
f4b2	?__abi_GetRuntimeClassName@?QObject@Platform@@?$Array@F$00@2@U$AAGJPAPAUHSTRING__@@@Z	23
f4c9	?__abi_QueryInterface@?QObject@Platform@@?$WriteOnlyArray@G$00@2@U$AAGJAAVGuid@2@PAPAX@Z	176
f579	?__abi_GetIids@?QObject@Platform@@?$WriteOnlyArray@G$00@2@U$AAGJPAKPAPAVGuid@2@@Z	109
f5e6	?__abi_GetRuntimeClassName@?QObject@Platform@@?$WriteOnlyArray@G$00@2@U$AAGJPAPAUHSTRING__@@@Z	23
f5fd	?__abi_QueryInterface@?QObject@Platform@@?$Array@G$00@2@U$AAGJAAVGuid@2@PAPAX@Z	263
f704	?__abi_GetIids@?QObject@Platform@@?$Array@G$00@2@U$AAGJPAKPAPAVGuid@2@@Z	137
f78d	?__abi_GetRuntimeClassName@?QObject@Platform@@?$Array@G$00@2@U$AAGJPAPAUHSTRING__@@@Z	23
f7a4	?__abi_QueryInterface@?QObject@Platform@@?$WriteOnlyArray@H$00@2@U$AAGJAAVGuid@2@PAPAX@Z	176
f854	?__abi_GetIids@?QObject@Platform@@?$WriteOnlyArray@H$00@2@U$AAGJPAKPAPAVGuid@2@@Z	109
f8c1	?__abi_GetRuntimeClassName@?QObject@Platform@@?$WriteOnlyArray@H$00@2@U$AAGJPAPAUHSTRING__@@@Z	23
f8d8	?__abi_Platform_?$IBoxArray@H____abi_get_Value@?Q?$IBoxArray@H@Platform@@?$Array@H$00@2@U$AAGJPAIPAPAH@Z	84
f92c	Catch@1000f92c	17
f94a	Catch_All@1000f94a	5
f950	?__abi_QueryInterface@?QObject@Platform@@?$Array@H$00@2@U$AAGJAAVGuid@2@PAPAX@Z	263
fa57	?__abi_GetIids@?QObject@Platform@@?$Array@H$00@2@U$AAGJPAKPAPAVGuid@2@@Z	137
fae0	?__abi_GetRuntimeClassName@?QObject@Platform@@?$Array@H$00@2@U$AAGJPAPAUHSTRING__@@@Z	23
faf7	?__abi_QueryInterface@?QObject@Platform@@?$WriteOnlyArray@I$00@2@U$AAGJAAVGuid@2@PAPAX@Z	176
fba7	?__abi_GetIids@?QObject@Platform@@?$WriteOnlyArray@I$00@2@U$AAGJPAKPAPAVGuid@2@@Z	109
fc14	?__abi_GetRuntimeClassName@?QObject@Platform@@?$WriteOnlyArray@I$00@2@U$AAGJPAPAUHSTRING__@@@Z	23
fc2b	?__abi_QueryInterface@?QObject@Platform@@?$Array@I$00@2@U$AAGJAAVGuid@2@PAPAX@Z	263
fd32	?__abi_GetIids@?QObject@Platform@@?$Array@I$00@2@U$AAGJPAKPAPAVGuid@2@@Z	137
fdbb	?__abi_GetRuntimeClassName@?QObject@Platform@@?$Array@I$00@2@U$AAGJPAPAUHSTRING__@@@Z	23
fdd2	?__abi_QueryInterface@?QObject@Platform@@?$WriteOnlyArray@_J$00@2@U$AAGJAAVGuid@2@PAPAX@Z	176
fe82	?__abi_GetIids@?QObject@Platform@@?$WriteOnlyArray@_J$00@2@U$AAGJPAKPAPAVGuid@2@@Z	109
feef	?__abi_GetRuntimeClassName@?QObject@Platform@@?$WriteOnlyArray@_J$00@2@U$AAGJPAPAUHSTRING__@@@Z	23
ff06	?__abi_Platform_?$IBoxArray@_K____abi_get_Value@?Q?$IBoxArray@_K@Platform@@?$Array@_K$00@2@U$AAGJPAIPAPA_K@Z	84
ff5a	Catch@1000ff5a	17
ff78	Catch_All@1000ff78	5
ff7e	?__abi_QueryInterface@?QObject@Platform@@?$Array@_J$00@2@U$AAGJAAVGuid@2@PAPAX@Z	263
10085	?__abi_GetIids@?QObject@Platform@@?$Array@_J$00@2@U$AAGJPAKPAPAVGuid@2@@Z	137
1010e	?__abi_GetRuntimeClassName@?QObject@Platform@@?$Array@_J$00@2@U$AAGJPAPAUHSTRING__@@@Z	23
10125	?__abi_QueryInterface@?QObject@Platform@@?$WriteOnlyArray@_K$00@2@U$AAGJAAVGuid@2@PAPAX@Z	176
101d5	?__abi_GetIids@?QObject@Platform@@?$WriteOnlyArray@_K$00@2@U$AAGJPAKPAPAVGuid@2@@Z	109
10242	?__abi_GetRuntimeClassName@?QObject@Platform@@?$WriteOnlyArray@_K$00@2@U$AAGJPAPAUHSTRING__@@@Z	23
10259	?__abi_QueryInterface@?QObject@Platform@@?$Array@_K$00@2@U$AAGJAAVGuid@2@PAPAX@Z	263
10360	?__abi_GetIids@?QObject@Platform@@?$Array@_K$00@2@U$AAGJPAKPAPAVGuid@2@@Z	137
103e9	?__abi_GetRuntimeClassName@?QObject@Platform@@?$Array@_K$00@2@U$AAGJPAPAUHSTRING__@@@Z	23
10400	?__abi_QueryInterface@?QObject@Platform@@?$WriteOnlyArray@M$00@2@U$AAGJAAVGuid@2@PAPAX@Z	176
104b0	?__abi_GetIids@?QObject@Platform@@?$WriteOnlyArray@M$00@2@U$AAGJPAKPAPAVGuid@2@@Z	109
1051d	?__abi_GetRuntimeClassName@?QObject@Platform@@?$WriteOnlyArray@M$00@2@U$AAGJPAPAUHSTRING__@@@Z	23
10534	?__abi_Platform_?$IBoxArray@M____abi_get_Value@?Q?$IBoxArray@M@Platform@@?$Array@M$00@2@U$AAGJPAIPAPAM@Z	84
10588	Catch@10010588	17
105a6	Catch_All@100105a6	5
105ac	?__abi_QueryInterface@?QObject@Platform@@?$Array@M$00@2@U$AAGJAAVGuid@2@PAPAX@Z	263
106b3	?__abi_GetIids@?QObject@Platform@@?$Array@M$00@2@U$AAGJPAKPAPAVGuid@2@@Z	137
1073c	?__abi_GetRuntimeClassName@?QObject@Platform@@?$Array@M$00@2@U$AAGJPAPAUHSTRING__@@@Z	23
10753	?__abi_QueryInterface@?QObject@Platform@@?$WriteOnlyArray@N$00@2@U$AAGJAAVGuid@2@PAPAX@Z	176
10803	?__abi_GetIids@?QObject@Platform@@?$WriteOnlyArray@N$00@2@U$AAGJPAKPAPAVGuid@2@@Z	109
10870	?__abi_GetRuntimeClassName@?QObject@Platform@@?$WriteOnlyArray@N$00@2@U$AAGJPAPAUHSTRING__@@@Z	23
10887	?__abi_Platform_?$IBoxArray@N____abi_get_Value@?Q?$IBoxArray@N@Platform@@?$Array@N$00@2@U$AAGJPAIPAPAN@Z	84
108db	Catch@100108db	17
108f9	Catch_All@100108f9	5
108ff	?__abi_QueryInterface@?QObject@Platform@@?$Array@N$00@2@U$AAGJAAVGuid@2@PAPAX@Z	263
10a06	?__abi_GetIids@?QObject@Platform@@?$Array@N$00@2@U$AAGJPAKPAPAVGuid@2@@Z	137
10a8f	?__abi_GetRuntimeClassName@?QObject@Platform@@?$Array@N$00@2@U$AAGJPAPAUHSTRING__@@@Z	23
10aa6	?__abi_QueryInterface@?QObject@Platform@@?$WriteOnlyArray@_W$00@2@U$AAGJAAVGuid@2@PAPAX@Z	176
10b56	?__abi_GetIids@?QObject@Platform@@?$WriteOnlyArray@_W$00@2@U$AAGJPAKPAPAVGuid@2@@Z	109
10bc3	?__abi_GetRuntimeClassName@?QObject@Platform@@?$WriteOnlyArray@_W$00@2@U$AAGJPAPAUHSTRING__@@@Z	23
10bda	?__abi_QueryInterface@?QObject@Platform@@?$Array@_W$00@2@U$AAGJAAVGuid@2@PAPAX@Z	263
10ce1	?__abi_GetIids@?QObject@Platform@@?$Array@_W$00@2@U$AAGJPAKPAPAVGuid@2@@Z	137
10d6a	?__abi_GetRuntimeClassName@?QObject@Platform@@?$Array@_W$00@2@U$AAGJPAPAUHSTRING__@@@Z	23
10d81	?__abi_QueryInterface@?QObject@Platform@@?$WriteOnlyArray@_N$00@2@U$AAGJAAVGuid@2@PAPAX@Z	176
10e31	?__abi_GetIids@?QObject@Platform@@?$WriteOnlyArray@_N$00@2@U$AAGJPAKPAPAVGuid@2@@Z	109
10e9e	?__abi_GetRuntimeClassName@?QObject@Platform@@?$WriteOnlyArray@_N$00@2@U$AAGJPAPAUHSTRING__@@@Z	23
10eb5	?__abi_QueryInterface@?QObject@Platform@@?$Array@_N$00@2@U$AAGJAAVGuid@2@PAPAX@Z	263
10fbc	?__abi_GetIids@?QObject@Platform@@?$Array@_N$00@2@U$AAGJPAKPAPAVGuid@2@@Z	137
11045	?__abi_GetRuntimeClassName@?QObject@Platform@@?$Array@_N$00@2@U$AAGJPAPAUHSTRING__@@@Z	23
1105c	?__abi_QueryInterface@?QObject@Platform@@?$WriteOnlyArray@P$AAVString@Platform@@$00@2@U$AAGJAAVGuid@2@PAPAX@Z	176
1110c	?__abi_GetIids@?QObject@Platform@@?$WriteOnlyArray@P$AAVString@Platform@@$00@2@U$AAGJPAKPAPAVGuid@2@@Z	109
11179	?__abi_GetRuntimeClassName@?QObject@Platform@@?$WriteOnlyArray@P$AAVString@Platform@@$00@2@U$AAGJPAPAUHSTRING__@@@Z	23
11190	?__abi_Platform_IDisposable____abi_<Dispose>@?QIDisposable@Platform@@?$Array@P$AAVString@Platform@@$00@2@U$AAGJXZ	18
111a2	?__abi_Platform_?$IBoxArray@P$AAVString@Platform@@____abi_get_Value@?Q?$IBoxArray@P$AAVString@Platform@@@Platform@@?$Array@P$AAVString@Platform@@$00@2@U$AAGJPAIPAPAP$AAVString@2@@Z	84
111f6	Catch@100111f6	17
11214	Catch_All@10011214	5
1121a	?__abi_QueryInterface@?QObject@Platform@@?$Array@P$AAVString@Platform@@$00@2@U$AAGJAAVGuid@2@PAPAX@Z	263
11321	?__abi_GetIids@?QObject@Platform@@?$Array@P$AAVString@Platform@@$00@2@U$AAGJPAKPAPAVGuid@2@@Z	137
113aa	?__abi_GetRuntimeClassName@?QObject@Platform@@?$Array@P$AAVString@Platform@@$00@2@U$AAGJPAPAUHSTRING__@@@Z	23
113c1	?__abi_QueryInterface@?QObject@Platform@@?$WriteOnlyArray@P$AAVObject@Platform@@$00@2@U$AAGJAAVGuid@2@PAPAX@Z	176
11471	?__abi_GetIids@?QObject@Platform@@?$WriteOnlyArray@P$AAVObject@Platform@@$00@2@U$AAGJPAKPAPAVGuid@2@@Z	109
114de	?__abi_GetRuntimeClassName@?QObject@Platform@@?$WriteOnlyArray@P$AAVObject@Platform@@$00@2@U$AAGJPAPAUHSTRING__@@@Z	23
114f5	?__abi_Platform_IDisposable____abi_<Dispose>@?QIDisposable@Platform@@?$Array@P$AAVObject@Platform@@$00@2@U$AAGJXZ	28
11511	Catch@10011511	17
1152f	Catch_All@1001152f	5
11535	?__abi_Platform_?$IBoxArray@P$AAVObject@Platform@@____abi_get_Value@?Q?$IBoxArray@P$AAVObject@Platform@@@Platform@@?$Array@P$AAVObject@Platform@@$00@2@U$AAGJPAIPAPAP$AAVObject@2@@Z	84
11589	Catch@10011589	17
115a7	Catch_All@100115a7	5
115ad	?__abi_QueryInterface@?QObject@Platform@@?$Array@P$AAVObject@Platform@@$00@2@U$AAGJAAVGuid@2@PAPAX@Z	263
116b4	?__abi_GetIids@?QObject@Platform@@?$Array@P$AAVObject@Platform@@$00@2@U$AAGJPAKPAPAVGuid@2@@Z	137
1173d	?__abi_GetRuntimeClassName@?QObject@Platform@@?$Array@P$AAVObject@Platform@@$00@2@U$AAGJPAPAUHSTRING__@@@Z	23
11754	?__abi_QueryInterface@?QObject@Platform@@?$WriteOnlyArray@VGuid@Platform@@$00@2@U$AAGJAAVGuid@2@PAPAX@Z	176
11804	?__abi_GetIids@?QObject@Platform@@?$WriteOnlyArray@VGuid@Platform@@$00@2@U$AAGJPAKPAPAVGuid@2@@Z	109
11871	?__abi_GetRuntimeClassName@?QObject@Platform@@?$WriteOnlyArray@VGuid@Platform@@$00@2@U$AAGJPAPAUHSTRING__@@@Z	23
11888	?__abi_Platform_?$IBoxArray@VRect@Foundation@Windows@@____abi_get_Value@?Q?$IBoxArray@VRect@Foundation@Windows@@@Platform@@?$Array@VRect@Foundation@Windows@@$00@2@U$AAGJPAIPAPAVRect@Foundation@Windows@@@Z	84
118dc	Catch@100118dc	17
118fa	Catch_All@100118fa	5
11900	?__abi_QueryInterface@?QObject@Platform@@?$Array@VGuid@Platform@@$00@2@U$AAGJAAVGuid@2@PAPAX@Z	263
11a07	?__abi_GetIids@?QObject@Platform@@?$Array@VGuid@Platform@@$00@2@U$AAGJPAKPAPAVGuid@2@@Z	137
11a90	?__abi_GetRuntimeClassName@?QObject@Platform@@?$Array@VGuid@Platform@@$00@2@U$AAGJPAPAUHSTRING__@@@Z	23
11aa7	?__abi_QueryInterface@?QObject@Platform@@?$WriteOnlyArray@VDateTime@Foundation@Windows@@$00@2@U$AAGJAAVGuid@2@PAPAX@Z	176
11b57	?__abi_GetIids@?QObject@Platform@@?$WriteOnlyArray@VDateTime@Foundation@Windows@@$00@2@U$AAGJPAKPAPAVGuid@2@@Z	109
11bc4	?__abi_GetRuntimeClassName@?QObject@Platform@@?$WriteOnlyArray@VDateTime@Foundation@Windows@@$00@2@U$AAGJPAPAUHSTRING__@@@Z	23
11bdb	?__abi_QueryInterface@?QObject@Platform@@?$Array@VDateTime@Foundation@Windows@@$00@2@U$AAGJAAVGuid@2@PAPAX@Z	263
11ce2	?__abi_GetIids@?QObject@Platform@@?$Array@VDateTime@Foundation@Windows@@$00@2@U$AAGJPAKPAPAVGuid@2@@Z	137
11d6b	?__abi_GetRuntimeClassName@?QObject@Platform@@?$Array@VDateTime@Foundation@Windows@@$00@2@U$AAGJPAPAUHSTRING__@@@Z	23
11d82	?__abi_QueryInterface@?QObject@Platform@@?$WriteOnlyArray@VTimeSpan@Foundation@Windows@@$00@2@U$AAGJAAVGuid@2@PAPAX@Z	176
11e32	?__abi_GetIids@?QObject@Platform@@?$WriteOnlyArray@VTimeSpan@Foundation@Windows@@$00@2@U$AAGJPAKPAPAVGuid@2@@Z	109
11e9f	?__abi_GetRuntimeClassName@?QObject@Platform@@?$WriteOnlyArray@VTimeSpan@Foundation@Windows@@$00@2@U$AAGJPAPAUHSTRING__@@@Z	23
11eb6	?__abi_QueryInterface@?QObject@Platform@@?$Array@VTimeSpan@Foundation@Windows@@$00@2@U$AAGJAAVGuid@2@PAPAX@Z	263
11fbd	?__abi_GetIids@?QObject@Platform@@?$Array@VTimeSpan@Foundation@Windows@@$00@2@U$AAGJPAKPAPAVGuid@2@@Z	137
12046	?__abi_GetRuntimeClassName@?QObject@Platform@@?$Array@VTimeSpan@Foundation@Windows@@$00@2@U$AAGJPAPAUHSTRING__@@@Z	23
1205d	?__abi_QueryInterface@?QObject@Platform@@?$WriteOnlyArray@VPoint@Foundation@Windows@@$00@2@U$AAGJAAVGuid@2@PAPAX@Z	176
1210d	?__abi_GetIids@?QObject@Platform@@?$WriteOnlyArray@VPoint@Foundation@Windows@@$00@2@U$AAGJPAKPAPAVGuid@2@@Z	109
1217a	?__abi_GetRuntimeClassName@?QObject@Platform@@?$WriteOnlyArray@VPoint@Foundation@Windows@@$00@2@U$AAGJPAPAUHSTRING__@@@Z	23
12191	?__abi_QueryInterface@?QObject@Platform@@?$Array@VPoint@Foundation@Windows@@$00@2@U$AAGJAAVGuid@2@PAPAX@Z	263
12298	?__abi_GetIids@?QObject@Platform@@?$Array@VPoint@Foundation@Windows@@$00@2@U$AAGJPAKPAPAVGuid@2@@Z	137
12321	?__abi_GetRuntimeClassName@?QObject@Platform@@?$Array@VPoint@Foundation@Windows@@$00@2@U$AAGJPAPAUHSTRING__@@@Z	23
12338	?__abi_QueryInterface@?QObject@Platform@@?$WriteOnlyArray@VSize@Foundation@Windows@@$00@2@U$AAGJAAVGuid@2@PAPAX@Z	176
123e8	?__abi_GetIids@?QObject@Platform@@?$WriteOnlyArray@VSize@Foundation@Windows@@$00@2@U$AAGJPAKPAPAVGuid@2@@Z	109
12455	?__abi_GetRuntimeClassName@?QObject@Platform@@?$WriteOnlyArray@VSize@Foundation@Windows@@$00@2@U$AAGJPAPAUHSTRING__@@@Z	23
1246c	?__abi_QueryInterface@?QObject@Platform@@?$Array@VSize@Foundation@Windows@@$00@2@U$AAGJAAVGuid@2@PAPAX@Z	263
12573	?__abi_GetIids@?QObject@Platform@@?$Array@VSize@Foundation@Windows@@$00@2@U$AAGJPAKPAPAVGuid@2@@Z	137
125fc	?__abi_GetRuntimeClassName@?QObject@Platform@@?$Array@VSize@Foundation@Windows@@$00@2@U$AAGJPAPAUHSTRING__@@@Z	23
12613	?__abi_QueryInterface@?QObject@Platform@@?$WriteOnlyArray@VRect@Foundation@Windows@@$00@2@U$AAGJAAVGuid@2@PAPAX@Z	176
126c3	?__abi_GetIids@?QObject@Platform@@?$WriteOnlyArray@VRect@Foundation@Windows@@$00@2@U$AAGJPAKPAPAVGuid@2@@Z	109
12730	?__abi_GetRuntimeClassName@?QObject@Platform@@?$WriteOnlyArray@VRect@Foundation@Windows@@$00@2@U$AAGJPAPAUHSTRING__@@@Z	23
12747	?__abi_QueryInterface@?QObject@Platform@@?$Array@VRect@Foundation@Windows@@$00@2@U$AAGJAAVGuid@2@PAPAX@Z	263
1284e	?__abi_GetIids@?QObject@Platform@@?$Array@VRect@Foundation@Windows@@$00@2@U$AAGJPAKPAPAVGuid@2@@Z	137
128d7	?__abi_GetRuntimeClassName@?QObject@Platform@@?$Array@VRect@Foundation@Windows@@$00@2@U$AAGJPAPAUHSTRING__@@@Z	23
128ee	?__abi_Platform_Details_IPrintable____abi_ToString@?QIPrintable@Details@Platform@@Type@3@U$AAGJPAP$AAVString@3@@Z	51
12921	Catch@10012921	17
1293f	Catch_All@1001293f	5
12945	?__abi_Platform_Details_IEquatable____abi_Equals@?QIEquatable@Details@Platform@@Type@3@U$AAGJP$AAVObject@3@PA_N@Z	55
1297c	Catch@1001297c	17
1299a	Catch_All@1001299a	5
129a0	?__abi_Platform_Details_IEquatable____abi_GetHashCode@?QIEquatable@Details@Platform@@Type@3@U$AAGJPAH@Z	51
129d3	Catch@100129d3	17
129f1	Catch_All@100129f1	5
129f7	?__abi_QueryInterface@Type@Platform@@U$AAGJAAVGuid@2@PAPAX@Z	185
12ab0	?__abi_AddRef@Type@Platform@@U$AAGKXZ	18
12ac2	?__abi_Release@Type@Platform@@U$AAGKXZ	61
12aff	?__abi_GetIids@Type@Platform@@U$AAGJPAKPAPAVGuid@2@@Z	111
12b6e	?__abi_GetRuntimeClassName@Type@Platform@@U$AAGJPAPAUHSTRING__@@@Z	23
12b85	??1?$ComPtr@UIPropertyValuePriv@@@WRL@Microsoft@@QAE@XZ	16
12b95	?get@Value@?$IBoxArray@F@Platform@@U$AAAP$01$AAV?$Array@F$00@3@XZ	120
12c0e	?get@Value@?$IBoxArray@G@Platform@@U$AAAP$01$AAV?$Array@G$00@3@XZ	120
12c87	?get@Value@?$IBoxArray@H@Platform@@U$AAAP$01$AAV?$Array@H$00@3@XZ	120
12d00	?get@Value@?$IBoxArray@I@Platform@@U$AAAP$01$AAV?$Array@I$00@3@XZ	120
12d79	?get@Value@?$IBoxArray@_J@Platform@@U$AAAP$01$AAV?$Array@_J$00@3@XZ	120
12df2	?get@Value@?$IBoxArray@_K@Platform@@U$AAAP$01$AAV?$Array@_K$00@3@XZ	120
12e6b	?get@Value@?$IBoxArray@M@Platform@@U$AAAP$01$AAV?$Array@M$00@3@XZ	120
12ee4	?get@Value@?$IBoxArray@N@Platform@@U$AAAP$01$AAV?$Array@N$00@3@XZ	120
12f5d	?get@Value@?$IBoxArray@_W@Platform@@U$AAAP$01$AAV?$Array@_W$00@3@XZ	120
12fd6	?get@Value@?$IBoxArray@_N@Platform@@U$AAAP$01$AAV?$Array@_N$00@3@XZ	117
1304c	?get@Value@?$IBoxArray@P$AAVString@Platform@@@Platform@@U$AAAP$01$AAV?$Array@P$AAVString@Platform@@$00@3@XZ	120
130c5	?get@Value@?$IBoxArray@P$AAVObject@Platform@@@Platform@@U$AAAP$01$AAV?$Array@P$AAVObject@Platform@@$00@3@XZ	120
1313e	?get@Value@?$IBoxArray@VGuid@Platform@@@Platform@@U$AAAP$01$AAV?$Array@VGuid@Platform@@$00@3@XZ	120
131b7	?get@Value@?$IBoxArray@VDateTime@Foundation@Windows@@@Platform@@U$AAAP$01$AAV?$Array@VDateTime@Foundation@Windows@@$00@3@XZ	120
13230	?get@Value@?$IBoxArray@VTimeSpan@Foundation@Windows@@@Platform@@U$AAAP$01$AAV?$Array@VTimeSpan@Foundation@Windows@@$00@3@XZ	120
132a9	?get@Value@?$IBoxArray@VPoint@Foundation@Windows@@@Platform@@U$AAAP$01$AAV?$Array@VPoint@Foundation@Windows@@$00@3@XZ	120
13322	?get@Value@?$IBoxArray@VSize@Foundation@Windows@@@Platform@@U$AAAP$01$AAV?$Array@VSize@Foundation@Windows@@$00@3@XZ	120
1339b	?get@Value@?$IBoxArray@VRect@Foundation@Windows@@@Platform@@U$AAAP$01$AAV?$Array@VRect@Foundation@Windows@@$00@3@XZ	120
13414	?CreateUInt8@IPropertyValueStatics@Foundation@Windows@@U$AAAP$AAVObject@Platform@@E@Z	87
1346b	?CreateInt16@IPropertyValueStatics@Foundation@Windows@@U$AAAP$AAVObject@Platform@@F@Z	87
134c2	?CreateUInt16@IPropertyValueStatics@Foundation@Windows@@U$AAAP$AAVObject@Platform@@G@Z	87
13519	?CreateInt32@IPropertyValueStatics@Foundation@Windows@@U$AAAP$AAVObject@Platform@@H@Z	87
13570	?CreateUInt32@IPropertyValueStatics@Foundation@Windows@@U$AAAP$AAVObject@Platform@@I@Z	87
135c7	?CreateInt64@IPropertyValueStatics@Foundation@Windows@@U$AAAP$AAVObject@Platform@@_J@Z	90
13621	?CreateUInt64@IPropertyValueStatics@Foundation@Windows@@U$AAAP$AAVObject@Platform@@_K@Z	90
1367b	?CreateSingle@IPropertyValueStatics@Foundation@Windows@@U$AAAP$AAVObject@Platform@@M@Z	91
136d6	?CreateDouble@IPropertyValueStatics@Foundation@Windows@@U$AAAP$AAVObject@Platform@@N@Z	92
13732	?CreateChar16@IPropertyValueStatics@Foundation@Windows@@U$AAAP$AAVObject@Platform@@_W@Z	87
13789	?CreateBoolean@IPropertyValueStatics@Foundation@Windows@@U$AAAP$AAVObject@Platform@@_N@Z	87
137e0	?CreateString@IPropertyValueStatics@Foundation@Windows@@U$AAAP$AAVObject@Platform@@P$AAVString@5@@Z	87
13837	?CreateGuid@IPropertyValueStatics@Foundation@Windows@@U$AAAP$AAVObject@Platform@@VGuid@5@@Z	96
13897	?CreateDateTime@IPropertyValueStatics@Foundation@Windows@@U$AAAP$AAVObject@Platform@@VDateTime@23@@Z	90
138f1	?CreateTimeSpan@IPropertyValueStatics@Foundation@Windows@@U$AAAP$AAVObject@Platform@@VTimeSpan@23@@Z	90
1394b	?CreatePoint@IPropertyValueStatics@Foundation@Windows@@U$AAAP$AAVObject@Platform@@VPoint@23@@Z	90
139a5	?CreateSize@IPropertyValueStatics@Foundation@Windows@@U$AAAP$AAVObject@Platform@@VSize@23@@Z	90
139ff	?CreateRect@IPropertyValueStatics@Foundation@Windows@@U$AAAP$AAVObject@Platform@@VRect@23@@Z	96
13a5f	?CreateUInt8Array@IPropertyValueStatics@Foundation@Windows@@U$AAAP$AAVObject@Platform@@P$01$ABV?$Array@E$00@5@@Z	107
13aca	?CreateInt16Array@IPropertyValueStatics@Foundation@Windows@@U$AAAP$AAVObject@Platform@@P$01$ABV?$Array@F$00@5@@Z	107
13b35	?CreateUInt16Array@IPropertyValueStatics@Foundation@Windows@@U$AAAP$AAVObject@Platform@@P$01$ABV?$Array@G$00@5@@Z	107
13ba0	?CreateInt32Array@IPropertyValueStatics@Foundation@Windows@@U$AAAP$AAVObject@Platform@@P$01$ABV?$Array@H$00@5@@Z	107
13c0b	?CreateUInt32Array@IPropertyValueStatics@Foundation@Windows@@U$AAAP$AAVObject@Platform@@P$01$ABV?$Array@I$00@5@@Z	107
13c76	?CreateInt64Array@IPropertyValueStatics@Foundation@Windows@@U$AAAP$AAVObject@Platform@@P$01$ABV?$Array@_J$00@5@@Z	107
13ce1	?CreateUInt64Array@IPropertyValueStatics@Foundation@Windows@@U$AAAP$AAVObject@Platform@@P$01$ABV?$Array@_K$00@5@@Z	110
13d4f	?CreateSingleArray@IPropertyValueStatics@Foundation@Windows@@U$AAAP$AAVObject@Platform@@P$01$ABV?$Array@M$00@5@@Z	110
13dbd	?CreateDoubleArray@IPropertyValueStatics@Foundation@Windows@@U$AAAP$AAVObject@Platform@@P$01$ABV?$Array@N$00@5@@Z	110
13e2b	?CreateChar16Array@IPropertyValueStatics@Foundation@Windows@@U$AAAP$AAVObject@Platform@@P$01$ABV?$Array@_W$00@5@@Z	110
13e99	?CreateBooleanArray@IPropertyValueStatics@Foundation@Windows@@U$AAAP$AAVObject@Platform@@P$01$ABV?$Array@_N$00@5@@Z	110
13f07	?CreateStringArray@IPropertyValueStatics@Foundation@Windows@@U$AAAP$AAVObject@Platform@@P$01$ABV?$Array@P$AAVString@Platform@@$00@5@@Z	110
13f75	?CreateInspectableArray@IPropertyValueStatics@Foundation@Windows@@U$AAAP$AAVObject@Platform@@P$01$ABV?$Array@P$AAVObject@Platform@@$00@5@@Z	110
13fe3	?CreateGuidArray@IPropertyValueStatics@Foundation@Windows@@U$AAAP$AAVObject@Platform@@P$01$ABV?$Array@VGuid@Platform@@$00@5@@Z	110
14051	?CreateDateTimeArray@IPropertyValueStatics@Foundation@Windows@@U$AAAP$AAVObject@Platform@@P$01$ABV?$Array@VDateTime@Foundation@Windows@@$00@5@@Z	110
140bf	?CreateTimeSpanArray@IPropertyValueStatics@Foundation@Windows@@U$AAAP$AAVObject@Platform@@P$01$ABV?$Array@VTimeSpan@Foundation@Windows@@$00@5@@Z	110
1412d	?CreatePointArray@IPropertyValueStatics@Foundation@Windows@@U$AAAP$AAVObject@Platform@@P$01$ABV?$Array@VPoint@Foundation@Windows@@$00@5@@Z	110
1419b	?CreateSizeArray@IPropertyValueStatics@Foundation@Windows@@U$AAAP$AAVObject@Platform@@P$01$ABV?$Array@VSize@Foundation@Windows@@$00@5@@Z	110
14209	?CreateRectArray@IPropertyValueStatics@Foundation@Windows@@U$AAAP$AAVObject@Platform@@P$01$ABV?$Array@VRect@Foundation@Windows@@$00@5@@Z	110
14277	??$__abi_winrt_ptrto_array_ctor@F$00@@YAPAXQ$01$ADV?$Array@F$00@Platform@@@Z	72
142bf	??$__abi_winrt_ptrto_array_ctor@G$00@@YAPAXQ$01$ADV?$Array@G$00@Platform@@@Z	72
14307	??$__abi_winrt_ptrto_array_ctor@H$00@@YAPAXQ$01$ADV?$Array@H$00@Platform@@@Z	72
1434f	??$__abi_winrt_ptrto_array_ctor@I$00@@YAPAXQ$01$ADV?$Array@I$00@Platform@@@Z	72
14397	??$__abi_winrt_ptrto_array_ctor@_J$00@@YAPAXQ$01$ADV?$Array@_J$00@Platform@@@Z	72
143df	??$__abi_winrt_ptrto_array_ctor@_K$00@@YAPAXQ$01$ADV?$Array@_K$00@Platform@@@Z	72
14427	??$__abi_winrt_ptrto_array_ctor@M$00@@YAPAXQ$01$ADV?$Array@M$00@Platform@@@Z	72
1446f	??$__abi_winrt_ptrto_array_ctor@N$00@@YAPAXQ$01$ADV?$Array@N$00@Platform@@@Z	72
144b7	??$__abi_winrt_ptrto_array_ctor@_W$00@@YAPAXQ$01$ADV?$Array@_W$00@Platform@@@Z	72
144ff	??$__abi_winrt_ptrto_array_ctor@_N$00@@YAPAXQ$01$ADV?$Array@_N$00@Platform@@@Z	72
14547	??1?$WriteOnlyArray@P$AAVString@Platform@@$00@Platform@@Q$AAA@XZ	75
14592	??$__abi_winrt_ptrto_array_ctor@P$AAVString@Platform@@$00@@YAPAXQ$01$ADV?$Array@P$AAVString@Platform@@$00@Platform@@@Z	72
145da	??1?$WriteOnlyArray@P$AAVObject@Platform@@$00@Platform@@Q$AAA@XZ	79
14629	??$__abi_winrt_ptrto_array_ctor@P$AAVObject@Platform@@$00@@YAPAXQ$01$ADV?$Array@P$AAVObject@Platform@@$00@Platform@@@Z	72
14671	??$__abi_winrt_ptrto_array_ctor@VGuid@Platform@@$00@@YAPAXQ$01$ADV?$Array@VGuid@Platform@@$00@Platform@@@Z	72
146b9	??$__abi_winrt_ptrto_array_ctor@VDateTime@Foundation@Windows@@$00@@YAPAXQ$01$ADV?$Array@VDateTime@Foundation@Windows@@$00@Platform@@@Z	72
14701	??$__abi_winrt_ptrto_array_ctor@VTimeSpan@Foundation@Windows@@$00@@YAPAXQ$01$ADV?$Array@VTimeSpan@Foundation@Windows@@$00@Platform@@@Z	72
14749	??$__abi_winrt_ptrto_array_ctor@VPoint@Foundation@Windows@@$00@@YAPAXQ$01$ADV?$Array@VPoint@Foundation@Windows@@$00@Platform@@@Z	72
14791	??$__abi_winrt_ptrto_array_ctor@VSize@Foundation@Windows@@$00@@YAPAXQ$01$ADV?$Array@VSize@Foundation@Windows@@$00@Platform@@@Z	72
147d9	??$__abi_winrt_ptrto_array_ctor@VRect@Foundation@Windows@@$00@@YAPAXQ$01$ADV?$Array@VRect@Foundation@Windows@@$00@Platform@@@Z	72
14821	??$CreateSystemPropertyValue@E@Details@Platform@@YAJPAUIUnknown@@PAPAUIPropertyValuePriv@@@Z	200
148e9	Catch@100148e9	15
14923	??$CreateSystemPropertyValue@F@Details@Platform@@YAJPAUIUnknown@@PAPAUIPropertyValuePriv@@@Z	200
149eb	Catch@100149eb	15
14a25	??$CreateSystemPropertyValue@G@Details@Platform@@YAJPAUIUnknown@@PAPAUIPropertyValuePriv@@@Z	200
14aed	Catch@10014aed	15
14b27	??$CreateSystemPropertyValue@H@Details@Platform@@YAJPAUIUnknown@@PAPAUIPropertyValuePriv@@@Z	200
14bef	Catch@10014bef	15
14c29	??$CreateSystemPropertyValue@I@Details@Platform@@YAJPAUIUnknown@@PAPAUIPropertyValuePriv@@@Z	200
14cf1	Catch@10014cf1	15
14d2b	??$CreateSystemPropertyValue@_J@Details@Platform@@YAJPAUIUnknown@@PAPAUIPropertyValuePriv@@@Z	200
14df3	Catch@10014df3	15
14e2d	??$CreateSystemPropertyValue@_K@Details@Platform@@YAJPAUIUnknown@@PAPAUIPropertyValuePriv@@@Z	200
14ef5	Catch@10014ef5	15
14f2f	??$CreateSystemPropertyValue@M@Details@Platform@@YAJPAUIUnknown@@PAPAUIPropertyValuePriv@@@Z	200
14ff7	Catch@10014ff7	15
15031	??$CreateSystemPropertyValue@N@Details@Platform@@YAJPAUIUnknown@@PAPAUIPropertyValuePriv@@@Z	200
150f9	Catch@100150f9	15
15133	??$CreateSystemPropertyValue@_W@Details@Platform@@YAJPAUIUnknown@@PAPAUIPropertyValuePriv@@@Z	200
151fb	Catch@100151fb	15
15235	??$CreateSystemPropertyValue@_N@Details@Platform@@YAJPAUIUnknown@@PAPAUIPropertyValuePriv@@@Z	200
152fd	Catch@100152fd	15
15337	??$CreateSystemPropertyValue@P$AAVString@Platform@@@Details@Platform@@YAJPAUIUnknown@@PAPAUIPropertyValuePriv@@@Z	200
153ff	Catch@100153ff	15
15439	??$CreateSystemPropertyValue@P$AAVObject@Platform@@@Details@Platform@@YAJPAUIUnknown@@PAPAUIPropertyValuePriv@@@Z	200
15501	Catch@10015501	15
1553b	??$CreateSystemPropertyValue@VGuid@Platform@@@Details@Platform@@YAJPAUIUnknown@@PAPAUIPropertyValuePriv@@@Z	200
15603	Catch@10015603	15
1563d	??$CreateSystemPropertyValue@VDateTime@Foundation@Windows@@@Details@Platform@@YAJPAUIUnknown@@PAPAUIPropertyValuePriv@@@Z	200
15705	Catch@10015705	15
1573f	??$CreateSystemPropertyValue@VTimeSpan@Foundation@Windows@@@Details@Platform@@YAJPAUIUnknown@@PAPAUIPropertyValuePriv@@@Z	200
15807	Catch@10015807	15
15841	??$CreateSystemPropertyValue@VPoint@Foundation@Windows@@@Details@Platform@@YAJPAUIUnknown@@PAPAUIPropertyValuePriv@@@Z	200
15909	Catch@10015909	15
15943	??$CreateSystemPropertyValue@VSize@Foundation@Windows@@@Details@Platform@@YAJPAUIUnknown@@PAPAUIPropertyValuePriv@@@Z	200
15a0b	Catch@10015a0b	15
15a45	??$CreateSystemPropertyValue@VRect@Foundation@Windows@@@Details@Platform@@YAJPAUIUnknown@@PAPAUIPropertyValuePriv@@@Z	200
15b0d	Catch@10015b0d	15
15b47	?get@?Q?$IBoxArray@F@Platform@@Value@?$Array@F$00@2@U$AAAP$01$AAV42@XZ	12
15b53	?get@?Q?$IBoxArray@G@Platform@@Value@?$Array@G$00@2@U$AAAP$01$AAV42@XZ	12
15b5f	?get@?Q?$IBoxArray@H@Platform@@Value@?$Array@H$00@2@U$AAAP$01$AAV42@XZ	12
15b6b	?get@?Q?$IBoxArray@I@Platform@@Value@?$Array@I$00@2@U$AAAP$01$AAV42@XZ	12
15b77	?get@?Q?$IBoxArray@_J@Platform@@Value@?$Array@_J$00@2@U$AAAP$01$AAV42@XZ	12
15b83	?get@?Q?$IBoxArray@_K@Platform@@Value@?$Array@_K$00@2@U$AAAP$01$AAV42@XZ	12
15b8f	?get@?Q?$IBoxArray@M@Platform@@Value@?$Array@M$00@2@U$AAAP$01$AAV42@XZ	12
15b9b	?get@?Q?$IBoxArray@N@Platform@@Value@?$Array@N$00@2@U$AAAP$01$AAV42@XZ	12
15ba7	?get@?Q?$IBoxArray@_W@Platform@@Value@?$Array@_W$00@2@U$AAAP$01$AAV42@XZ	12
15bb3	?get@?Q?$IBoxArray@_N@Platform@@Value@?$Array@_N$00@2@U$AAAP$01$AAV42@XZ	12
15bbf	?get@?Q?$IBoxArray@P$AAVString@Platform@@@Platform@@Value@?$Array@P$AAVString@Platform@@$00@2@U$AAAP$01$AAV42@XZ	12
15bcb	?get@?Q?$IBoxArray@P$AAVObject@Platform@@@Platform@@Value@?$Array@P$AAVObject@Platform@@$00@2@U$AAAP$01$AAV42@XZ	12
15bd7	?get@?Q?$IBoxArray@VGuid@Platform@@@Platform@@Value@?$Array@VGuid@Platform@@$00@2@U$AAAP$01$AAV42@XZ	12
15be3	?get@?Q?$IBoxArray@VDateTime@Foundation@Windows@@@Platform@@Value@?$Array@VDateTime@Foundation@Windows@@$00@2@U$AAAP$01$AAV42@XZ	12
15bef	?get@?Q?$IBoxArray@VTimeSpan@Foundation@Windows@@@Platform@@Value@?$Array@VTimeSpan@Foundation@Windows@@$00@2@U$AAAP$01$AAV42@XZ	12
15bfb	?get@?Q?$IBoxArray@VPoint@Foundation@Windows@@@Platform@@Value@?$Array@VPoint@Foundation@Windows@@$00@2@U$AAAP$01$AAV42@XZ	12
15c07	?get@?Q?$IBoxArray@VSize@Foundation@Windows@@@Platform@@Value@?$Array@VSize@Foundation@Windows@@$00@2@U$AAAP$01$AAV42@XZ	12
15c13	?get@?Q?$IBoxArray@VRect@Foundation@Windows@@@Platform@@Value@?$Array@VRect@Foundation@Windows@@$00@2@U$AAAP$01$AAV42@XZ	12
15c1f	??0?$Array@F$00@Platform@@Q$AAA@PAFI@Z	108
15c8b	?CopyToOrDetach@?$Array@_W$00@Platform@@A$AAAXPAPA_WPAI@Z	117
15d01	??0?$Array@G$00@Platform@@Q$AAA@PAGI@Z	108
15d6d	??0?$Array@H$00@Platform@@Q$AAA@PAHI@Z	108
15dd9	?CopyToOrDetach@?$Array@I$00@Platform@@A$AAAXPAPAIPAI@Z	117
15e4f	??0?$Array@I$00@Platform@@Q$AAA@PAII@Z	108
15ebb	??0?$Array@_J$00@Platform@@Q$AAA@PA_JI@Z	108
15f27	?CopyToOrDetach@?$Array@VSize@Foundation@Windows@@$00@Platform@@A$AAAXPAPAVSize@Foundation@Windows@@PAI@Z	117
15f9e	??0?$Array@_K$00@Platform@@Q$AAA@PA_KI@Z	108
1600a	??0?$Array@M$00@Platform@@Q$AAA@PAMI@Z	108
16076	?CopyToOrDetach@?$Array@M$00@Platform@@A$AAAXPAPAMPAI@Z	117
160ec	??0?$Array@N$00@Platform@@Q$AAA@PANI@Z	108
16158	?CopyToOrDetach@?$Array@N$00@Platform@@A$AAAXPAPANPAI@Z	117
161ce	??0?$Array@_W$00@Platform@@Q$AAA@PA_WI@Z	108
1623a	??0?$Array@_N$00@Platform@@Q$AAA@PA_NI@Z	108
162a6	??0?$Array@P$AAVString@Platform@@$00@Platform@@Q$AAA@PAP$AAVString@1@I@Z	108
16312	?CopyToOrDetach@?$Array@P$AAVString@Platform@@$00@Platform@@A$AAAXPAPAP$AAVString@2@PAI@Z	117
16388	??0?$Array@P$AAVObject@Platform@@$00@Platform@@Q$AAA@PAP$AAVObject@1@I@Z	108
163f4	?CopyToOrDetach@?$Array@P$AAVObject@Platform@@$00@Platform@@A$AAAXPAPAP$AAVObject@2@PAI@Z	117
1646a	??0?$Array@VGuid@Platform@@$00@Platform@@Q$AAA@PAVGuid@1@I@Z	108
164d6	?CopyToOrDetach@?$Array@VRect@Foundation@Windows@@$00@Platform@@A$AAAXPAPAVRect@Foundation@Windows@@PAI@Z	117
1654c	??0?$Array@VDateTime@Foundation@Windows@@$00@Platform@@Q$AAA@PAVDateTime@Foundation@Windows@@I@Z	108
165b8	??0?$Array@VTimeSpan@Foundation@Windows@@$00@Platform@@Q$AAA@PAVTimeSpan@Foundation@Windows@@I@Z	108
16624	??0?$Array@VPoint@Foundation@Windows@@$00@Platform@@Q$AAA@PAVPoint@Foundation@Windows@@I@Z	108
16690	??0?$Array@VSize@Foundation@Windows@@$00@Platform@@Q$AAA@PAVSize@Foundation@Windows@@I@Z	108
166fc	??0?$Array@VRect@Foundation@Windows@@$00@Platform@@Q$AAA@PAVRect@Foundation@Windows@@I@Z	108
16768	??0?$WriteOnlyArray@F$00@Platform@@I$AAA@PAFI@Z	114
167da	?AllocateAndCopyElements@?$WriteOnlyArray@_W$00@Platform@@KAPA_WPB_WI@Z	91
16836	??0?$WriteOnlyArray@G$00@Platform@@I$AAA@PAGI@Z	114
168a8	??0?$WriteOnlyArray@H$00@Platform@@I$AAA@PAHI@Z	114
1691a	?AllocateAndCopyElements@?$WriteOnlyArray@I$00@Platform@@KAPAIPBII@Z	93
16978	??0?$WriteOnlyArray@I$00@Platform@@I$AAA@PAII@Z	114
169ea	??0?$WriteOnlyArray@_J$00@Platform@@I$AAA@PA_JI@Z	114
16a5c	?AllocateAndCopyElements@?$WriteOnlyArray@VPoint@Foundation@Windows@@$00@Platform@@KAPAVPoint@Foundation@Windows@@PBV345@I@Z	100
16ac1	??0?$WriteOnlyArray@_K$00@Platform@@I$AAA@PA_KI@Z	114
16b33	??0?$WriteOnlyArray@M$00@Platform@@I$AAA@PAMI@Z	114
16ba5	?AllocateAndCopyElements@?$WriteOnlyArray@M$00@Platform@@KAPAMPBMI@Z	93
16c03	??0?$WriteOnlyArray@N$00@Platform@@I$AAA@PANI@Z	114
16c75	?AllocateAndCopyElements@?$WriteOnlyArray@N$00@Platform@@KAPANPBNI@Z	93
16cd3	??0?$WriteOnlyArray@_W$00@Platform@@I$AAA@PA_WI@Z	114
16d45	??0?$WriteOnlyArray@_N$00@Platform@@I$AAA@PA_NI@Z	114
16db7	??0?$WriteOnlyArray@P$AAVString@Platform@@$00@Platform@@I$AAA@PAP$AAVString@1@I@Z	114
16e29	?AllocateAndCopyElements@?$WriteOnlyArray@P$AAVString@Platform@@$00@Platform@@KAPAP$AAVString@2@PBQ$AAV32@I@Z	119
16ea1	??0?$WriteOnlyArray@P$AAVObject@Platform@@$00@Platform@@I$AAA@PAP$AAVObject@1@I@Z	114
16f13	?AllocateAndCopyElements@?$WriteOnlyArray@P$AAVObject@Platform@@$00@Platform@@KAPAP$AAVObject@2@PBQ$AAV32@I@Z	119
16f8b	??0?$WriteOnlyArray@VGuid@Platform@@$00@Platform@@I$AAA@PAVGuid@1@I@Z	114
16ffd	?AllocateAndCopyElements@?$WriteOnlyArray@VGuid@Platform@@$00@Platform@@KAPAVGuid@2@PBV32@I@Z	107
17069	??0?$WriteOnlyArray@VDateTime@Foundation@Windows@@$00@Platform@@I$AAA@PAVDateTime@Foundation@Windows@@I@Z	114
170db	??0?$WriteOnlyArray@VTimeSpan@Foundation@Windows@@$00@Platform@@I$AAA@PAVTimeSpan@Foundation@Windows@@I@Z	114
1714d	??0?$WriteOnlyArray@VPoint@Foundation@Windows@@$00@Platform@@I$AAA@PAVPoint@Foundation@Windows@@I@Z	114
171bf	??0?$WriteOnlyArray@VSize@Foundation@Windows@@$00@Platform@@I$AAA@PAVSize@Foundation@Windows@@I@Z	114
17231	??0?$WriteOnlyArray@VRect@Foundation@Windows@@$00@Platform@@I$AAA@PAVRect@Foundation@Windows@@I@Z	114
172a3	?__abi_GetRuntimeClassName@?QObject@Platform@@?$WriteOnlyArray@VRect@Foundation@Windows@@$00@2@WBA@$AAGJPAPAUHSTRING__@@@Z	10
172ad	?__abi_GetIids@?QObject@Platform@@?$WriteOnlyArray@VSize@Foundation@Windows@@$00@2@W3$AAGJPAKPAPAVGuid@2@@Z	10
172b7	?__abi_GetIids@?QObject@Platform@@?$WriteOnlyArray@P$AAVObject@Platform@@$00@2@W3$AAGJPAKPAPAVGuid@2@@Z	10
172c1	?__abi_GetRuntimeClassName@?QObject@Platform@@?$WriteOnlyArray@P$AAVString@Platform@@$00@2@W7$AAGJPAPAUHSTRING__@@@Z	10
172cb	?__abi_QueryInterface@?QObject@Platform@@?$WriteOnlyArray@M$00@2@W3$AAGJAAVGuid@2@PAPAX@Z	10
172d5	?__abi_QueryInterface@?QObject@Platform@@?$WriteOnlyArray@_K$00@2@WM@$AAGJAAVGuid@2@PAPAX@Z	10
172df	?__abi_GetRuntimeClassName@?QObject@Platform@@?$WriteOnlyArray@_J$00@2@W3$AAGJPAPAUHSTRING__@@@Z	10
172e9	?__abi_GetRuntimeClassName@?QObject@Platform@@?$WriteOnlyArray@I$00@2@W3$AAGJPAPAUHSTRING__@@@Z	10
172f3	?__abi_QueryInterface@?QObject@Platform@@?$WriteOnlyArray@F$00@2@W3$AAGJAAVGuid@2@PAPAX@Z	10
172fd	?__abi_GetIids@?QObject@Platform@@?$Array@VSize@Foundation@Windows@@$00@2@WBE@$AAGJPAKPAPAVGuid@2@@Z	10
17307	?__abi_GetRuntimeClassName@?QObject@Platform@@?$Array@VPoint@Foundation@Windows@@$00@2@W7$AAGJPAPAUHSTRING__@@@Z	10
17311	?__abi_GetRuntimeClassName@?QObject@Platform@@?$Array@VTimeSpan@Foundation@Windows@@$00@2@WBA@$AAGJPAPAUHSTRING__@@@Z	10
1731b	?__abi_GetRuntimeClassName@?QObject@Platform@@?$Array@VGuid@Platform@@$00@2@WEA@$AAGJPAPAUHSTRING__@@@Z	10
17325	?__abi_QueryInterface@?QObject@Platform@@?$Array@VGuid@Platform@@$00@2@WBA@$AAGJAAVGuid@2@PAPAX@Z	10
1732f	?__abi_GetRuntimeClassName@?QObject@Platform@@?$Array@P$AAVObject@Platform@@$00@2@WCA@$AAGJPAPAUHSTRING__@@@Z	10
17339	?__abi_QueryInterface@?QObject@Platform@@?$Array@P$AAVString@Platform@@$00@2@WBI@$AAGJAAVGuid@2@PAPAX@Z	10
17343	?__abi_QueryInterface@?QObject@Platform@@?$Array@_W$00@2@WDM@$AAGJAAVGuid@2@PAPAX@Z	10
1734d	?__abi_GetIids@?QObject@Platform@@?$Array@N$00@2@WBA@$AAGJPAKPAPAVGuid@2@@Z	10
17357	?__abi_GetRuntimeClassName@?QObject@Platform@@?$Array@_J$00@2@WBA@$AAGJPAPAUHSTRING__@@@Z	10
17361	?__abi_GetRuntimeClassName@?QObject@Platform@@?$Array@I$00@2@WCA@$AAGJPAPAUHSTRING__@@@Z	10
1736b	?__abi_GetIids@?QObject@Platform@@?$Array@I$00@2@W3$AAGJPAKPAPAVGuid@2@@Z	10
17375	?__abi_QueryInterface@?QObject@Platform@@?$Array@G$00@2@WBM@$AAGJAAVGuid@2@PAPAX@Z	10
1737f	?__abi_QueryInterface@?QObject@Platform@@?$Array@F$00@2@WBM@$AAGJAAVGuid@2@PAPAX@Z	10
17389	?__abi_QueryInterface@?QObject@Platform@@?$WriteOnlyArray@VRect@Foundation@Windows@@$00@2@W3$AAGJAAVGuid@2@PAPAX@Z	10
17393	?__abi_QueryInterface@?QObject@Platform@@?$WriteOnlyArray@VSize@Foundation@Windows@@$00@2@WBA@$AAGJAAVGuid@2@PAPAX@Z	10
1739d	?__abi_QueryInterface@?QObject@Platform@@?$WriteOnlyArray@P$AAVObject@Platform@@$00@2@WBA@$AAGJAAVGuid@2@PAPAX@Z	10
173a7	?__abi_GetIids@?QObject@Platform@@?$WriteOnlyArray@P$AAVString@Platform@@$00@2@W7$AAGJPAKPAPAVGuid@2@@Z	10
173b1	?__abi_GetRuntimeClassName@?QObject@Platform@@?$WriteOnlyArray@_N$00@2@WBA@$AAGJPAPAUHSTRING__@@@Z	10
173bb	?__abi_GetIids@?QObject@Platform@@?$WriteOnlyArray@_J$00@2@W7$AAGJPAKPAPAVGuid@2@@Z	10
173c5	?__abi_GetIids@?QObject@Platform@@?$WriteOnlyArray@I$00@2@W3$AAGJPAKPAPAVGuid@2@@Z	10
173cf	?__abi_GetRuntimeClassName@?QObject@Platform@@?$WriteOnlyArray@G$00@2@WBA@$AAGJPAPAUHSTRING__@@@Z	10
173d9	?__abi_GetIids@?QObject@Platform@@?$Array@VRect@Foundation@Windows@@$00@2@WCA@$AAGJPAKPAPAVGuid@2@@Z	10
173e3	?__abi_QueryInterface@?QObject@Platform@@?$Array@VRect@Foundation@Windows@@$00@2@WM@$AAGJAAVGuid@2@PAPAX@Z	10
173ed	?__abi_QueryInterface@?QObject@Platform@@?$Array@VSize@Foundation@Windows@@$00@2@WCA@$AAGJAAVGuid@2@PAPAX@Z	10
173f7	?__abi_GetIids@?QObject@Platform@@?$Array@VPoint@Foundation@Windows@@$00@2@WM@$AAGJPAKPAPAVGuid@2@@Z	10
17401	?__abi_GetIids@?QObject@Platform@@?$Array@VTimeSpan@Foundation@Windows@@$00@2@WBE@$AAGJPAKPAPAVGuid@2@@Z	10
1740b	?__abi_GetRuntimeClassName@?QObject@Platform@@?$Array@P$AAVObject@Platform@@$00@2@WEA@$AAGJPAPAUHSTRING__@@@Z	10
17415	?__abi_GetIids@?QObject@Platform@@?$Array@P$AAVObject@Platform@@$00@2@WCA@$AAGJPAKPAPAVGuid@2@@Z	10
1741f	?__abi_QueryInterface@?QObject@Platform@@?$Array@P$AAVObject@Platform@@$00@2@WBA@$AAGJAAVGuid@2@PAPAX@Z	10
17429	?__abi_GetIids@?QObject@Platform@@?$Array@_N$00@2@WCA@$AAGJPAKPAPAVGuid@2@@Z	10
17433	?__abi_QueryInterface@?QObject@Platform@@?$Array@_N$00@2@WBA@$AAGJAAVGuid@2@PAPAX@Z	10
1743d	?__abi_GetRuntimeClassName@?QObject@Platform@@?$Array@_W$00@2@WBA@$AAGJPAPAUHSTRING__@@@Z	10
17447	?__abi_QueryInterface@?QObject@Platform@@?$Array@N$00@2@WBM@$AAGJAAVGuid@2@PAPAX@Z	10
17451	?__abi_GetRuntimeClassName@?QObject@Platform@@?$Array@M$00@2@WCA@$AAGJPAPAUHSTRING__@@@Z	10
1745b	?__abi_GetIids@?QObject@Platform@@?$Array@M$00@2@W3$AAGJPAKPAPAVGuid@2@@Z	10
17465	?__abi_GetIids@?QObject@Platform@@?$Array@_J$00@2@WBE@$AAGJPAKPAPAVGuid@2@@Z	10
1746f	?__abi_GetRuntimeClassName@?QObject@Platform@@?$Array@I$00@2@WEA@$AAGJPAPAUHSTRING__@@@Z	10
17479	?__abi_QueryInterface@?QObject@Platform@@?$Array@I$00@2@WBA@$AAGJAAVGuid@2@PAPAX@Z	10
17483	?__abi_GetRuntimeClassName@?QObject@Platform@@?$Array@H$00@2@WBI@$AAGJPAPAUHSTRING__@@@Z	10
1748d	?__abi_QueryInterface@?QObject@Platform@@?$Array@G$00@2@WDM@$AAGJAAVGuid@2@PAPAX@Z	10
17497	?__abi_QueryInterface@?QObject@Platform@@?$Array@F$00@2@WDM@$AAGJAAVGuid@2@PAPAX@Z	10
174a1	?__abi_QueryInterface@?QObject@Platform@@?$WriteOnlyArray@VDateTime@Foundation@Windows@@$00@2@WM@$AAGJAAVGuid@2@PAPAX@Z	10
174ab	?__abi_GetIids@?QObject@Platform@@?$WriteOnlyArray@N$00@2@WBA@$AAGJPAKPAPAVGuid@2@@Z	10
174b5	?__abi_GetIids@?QObject@Platform@@?$Array@VRect@Foundation@Windows@@$00@2@WEA@$AAGJPAKPAPAVGuid@2@@Z	10
174bf	?__abi_QueryInterface@?QObject@Platform@@?$Array@VSize@Foundation@Windows@@$00@2@WEA@$AAGJAAVGuid@2@PAPAX@Z	10
174c9	?__abi_QueryInterface@?QObject@Platform@@?$Array@VPoint@Foundation@Windows@@$00@2@WBM@$AAGJAAVGuid@2@PAPAX@Z	10
174d3	?__abi_QueryInterface@?QObject@Platform@@?$Array@VTimeSpan@Foundation@Windows@@$00@2@WCA@$AAGJAAVGuid@2@PAPAX@Z	10
174dd	?__abi_GetRuntimeClassName@?QObject@Platform@@?$Array@VDateTime@Foundation@Windows@@$00@2@WBI@$AAGJPAPAUHSTRING__@@@Z	10
174e7	?__abi_GetRuntimeClassName@?QObject@Platform@@?$Array@VGuid@Platform@@$00@2@W3$AAGJPAPAUHSTRING__@@@Z	10
174f1	?__abi_GetIids@?QObject@Platform@@?$Array@P$AAVObject@Platform@@$00@2@WEA@$AAGJPAKPAPAVGuid@2@@Z	10
174fb	?__abi_GetRuntimeClassName@?QObject@Platform@@?$Array@P$AAVString@Platform@@$00@2@WM@$AAGJPAPAUHSTRING__@@@Z	10
17505	?__abi_GetIids@?QObject@Platform@@?$Array@_N$00@2@WEA@$AAGJPAKPAPAVGuid@2@@Z	10
1750f	?__abi_GetIids@?QObject@Platform@@?$Array@_W$00@2@WBE@$AAGJPAKPAPAVGuid@2@@Z	10
17519	?__abi_QueryInterface@?QObject@Platform@@?$Array@N$00@2@WDM@$AAGJAAVGuid@2@PAPAX@Z	10
17523	?__abi_GetRuntimeClassName@?QObject@Platform@@?$Array@M$00@2@WEA@$AAGJPAPAUHSTRING__@@@Z	10
1752d	?__abi_QueryInterface@?QObject@Platform@@?$Array@M$00@2@WBE@$AAGJAAVGuid@2@PAPAX@Z	10
17537	?__abi_GetIids@?QObject@Platform@@?$Array@_K$00@2@WCA@$AAGJPAKPAPAVGuid@2@@Z	10
17541	?__abi_QueryInterface@?QObject@Platform@@?$Array@_K$00@2@WM@$AAGJAAVGuid@2@PAPAX@Z	10
1754b	?__abi_QueryInterface@?QObject@Platform@@?$Array@_J$00@2@WCA@$AAGJAAVGuid@2@PAPAX@Z	10
17555	?__abi_QueryInterface@?QObject@Platform@@?$Array@H$00@2@W7$AAGJAAVGuid@2@PAPAX@Z	10
1755f	?__abi_GetRuntimeClassName@?QObject@Platform@@?$Array@G$00@2@WM@$AAGJPAPAUHSTRING__@@@Z	10
17569	?__abi_GetRuntimeClassName@?QObject@Platform@@?$Array@F$00@2@WBA@$AAGJPAPAUHSTRING__@@@Z	10
17573	?__abi_GetRuntimeClassName@?QObject@Platform@@?$WriteOnlyArray@VSize@Foundation@Windows@@$00@2@W3$AAGJPAPAUHSTRING__@@@Z	10
1757d	?__abi_QueryInterface@?QObject@Platform@@?$WriteOnlyArray@VPoint@Foundation@Windows@@$00@2@W7$AAGJAAVGuid@2@PAPAX@Z	10
17587	?__abi_GetRuntimeClassName@?QObject@Platform@@?$WriteOnlyArray@P$AAVObject@Platform@@$00@2@W3$AAGJPAPAUHSTRING__@@@Z	10
17591	?<Dispose>@?QIDisposable@Platform@@?$WriteOnlyArray@P$AAVString@Platform@@$00@2@W3$AAAXXZ	10
1759b	?__abi_QueryInterface@?QObject@Platform@@?$WriteOnlyArray@_W$00@2@W3$AAGJAAVGuid@2@PAPAX@Z	10
175a5	?__abi_GetIids@?QObject@Platform@@?$WriteOnlyArray@_K$00@2@W3$AAGJPAKPAPAVGuid@2@@Z	10
175af	?__abi_QueryInterface@?QObject@Platform@@?$WriteOnlyArray@H$00@2@W3$AAGJAAVGuid@2@PAPAX@Z	10
175b9	?__abi_GetRuntimeClassName@?QObject@Platform@@?$Array@VSize@Foundation@Windows@@$00@2@WBE@$AAGJPAPAUHSTRING__@@@Z	10
175c3	?__abi_QueryInterface@?QObject@Platform@@?$Array@VPoint@Foundation@Windows@@$00@2@WDM@$AAGJAAVGuid@2@PAPAX@Z	10
175cd	?__abi_QueryInterface@?QObject@Platform@@?$Array@VTimeSpan@Foundation@Windows@@$00@2@WEA@$AAGJAAVGuid@2@PAPAX@Z	10
175d7	?__abi_GetIids@?QObject@Platform@@?$Array@VDateTime@Foundation@Windows@@$00@2@WBI@$AAGJPAKPAPAVGuid@2@@Z	10
175e1	?__abi_QueryInterface@?QObject@Platform@@?$Array@VDateTime@Foundation@Windows@@$00@2@W7$AAGJAAVGuid@2@PAPAX@Z	10
175eb	?__abi_GetIids@?QObject@Platform@@?$Array@VGuid@Platform@@$00@2@W7$AAGJPAKPAPAVGuid@2@@Z	10
175f5	?__abi_GetRuntimeClassName@?QObject@Platform@@?$Array@P$AAVObject@Platform@@$00@2@W3$AAGJPAPAUHSTRING__@@@Z	10
175ff	?__abi_GetIids@?QObject@Platform@@?$Array@P$AAVString@Platform@@$00@2@WBA@$AAGJPAKPAPAVGuid@2@@Z	10
17609	?__abi_Platform_IDisposable____abi_<Dispose>@?QIDisposable@Platform@@?$Array@P$AAVString@Platform@@$00@2@WM@$AAGJXZ	10
17613	?__abi_QueryInterface@?QObject@Platform@@?$Array@_W$00@2@WCA@$AAGJAAVGuid@2@PAPAX@Z	10
1761d	?__abi_GetRuntimeClassName@?QObject@Platform@@?$Array@N$00@2@WBA@$AAGJPAPAUHSTRING__@@@Z	10
17627	?__abi_GetIids@?QObject@Platform@@?$Array@_K$00@2@WEA@$AAGJPAKPAPAVGuid@2@@Z	10
17631	?__abi_QueryInterface@?QObject@Platform@@?$Array@_J$00@2@WEA@$AAGJAAVGuid@2@PAPAX@Z	10
1763b	?__abi_GetRuntimeClassName@?QObject@Platform@@?$Array@I$00@2@W3$AAGJPAPAUHSTRING__@@@Z	10
17645	?__abi_GetIids@?QObject@Platform@@?$Array@G$00@2@WBA@$AAGJPAKPAPAVGuid@2@@Z	10
1764f	?__abi_GetIids@?QObject@Platform@@?$Array@F$00@2@WBE@$AAGJPAKPAPAVGuid@2@@Z	10
17659	?__abi_GetIids@?QObject@Platform@@?$WriteOnlyArray@VSize@Foundation@Windows@@$00@2@W7$AAGJPAKPAPAVGuid@2@@Z	10
17663	?__abi_QueryInterface@?QObject@Platform@@?$WriteOnlyArray@VTimeSpan@Foundation@Windows@@$00@2@W3$AAGJAAVGuid@2@PAPAX@Z	10
1766d	?__abi_QueryInterface@?QObject@Platform@@?$WriteOnlyArray@VGuid@Platform@@$00@2@W3$AAGJAAVGuid@2@PAPAX@Z	10
17677	?__abi_GetIids@?QObject@Platform@@?$WriteOnlyArray@P$AAVObject@Platform@@$00@2@W7$AAGJPAKPAPAVGuid@2@@Z	10
17681	?__abi_QueryInterface@?QObject@Platform@@?$WriteOnlyArray@M$00@2@W7$AAGJAAVGuid@2@PAPAX@Z	10
1768b	?__abi_QueryInterface@?QObject@Platform@@?$WriteOnlyArray@_K$00@2@WBA@$AAGJAAVGuid@2@PAPAX@Z	10
17695	?__abi_GetRuntimeClassName@?QObject@Platform@@?$WriteOnlyArray@_J$00@2@W7$AAGJPAPAUHSTRING__@@@Z	10
1769f	?__abi_GetRuntimeClassName@?QObject@Platform@@?$WriteOnlyArray@I$00@2@W7$AAGJPAPAUHSTRING__@@@Z	10
176a9	?__abi_QueryInterface@?QObject@Platform@@?$WriteOnlyArray@F$00@2@W7$AAGJAAVGuid@2@PAPAX@Z	10
176b3	?__abi_GetRuntimeClassName@?QObject@Platform@@?$Array@VRect@Foundation@Windows@@$00@2@WCA@$AAGJPAPAUHSTRING__@@@Z	10
176bd	?__abi_GetIids@?QObject@Platform@@?$Array@VRect@Foundation@Windows@@$00@2@W3$AAGJPAKPAPAVGuid@2@@Z	10
176c7	?__abi_GetIids@?QObject@Platform@@?$Array@VSize@Foundation@Windows@@$00@2@WBI@$AAGJPAKPAPAVGuid@2@@Z	10
176d1	?__abi_QueryInterface@?QObject@Platform@@?$Array@VSize@Foundation@Windows@@$00@2@W3$AAGJAAVGuid@2@PAPAX@Z	10
176db	?__abi_GetRuntimeClassName@?QObject@Platform@@?$Array@VPoint@Foundation@Windows@@$00@2@WM@$AAGJPAPAUHSTRING__@@@Z	10
176e5	?__abi_GetRuntimeClassName@?QObject@Platform@@?$Array@VTimeSpan@Foundation@Windows@@$00@2@WBE@$AAGJPAPAUHSTRING__@@@Z	10
176ef	?__abi_QueryInterface@?QObject@Platform@@?$Array@VGuid@Platform@@$00@2@WBE@$AAGJAAVGuid@2@PAPAX@Z	10
176f9	?__abi_GetIids@?QObject@Platform@@?$Array@P$AAVObject@Platform@@$00@2@W3$AAGJPAKPAPAVGuid@2@@Z	10
17703	?__abi_QueryInterface@?QObject@Platform@@?$Array@P$AAVString@Platform@@$00@2@WBM@$AAGJAAVGuid@2@PAPAX@Z	10
1770d	?__abi_GetRuntimeClassName@?QObject@Platform@@?$Array@_N$00@2@WCA@$AAGJPAPAUHSTRING__@@@Z	10
17717	?__abi_GetIids@?QObject@Platform@@?$Array@_N$00@2@W3$AAGJPAKPAPAVGuid@2@@Z	10
17721	?__abi_QueryInterface@?QObject@Platform@@?$Array@_W$00@2@WEA@$AAGJAAVGuid@2@PAPAX@Z	10
1772b	?__abi_GetIids@?QObject@Platform@@?$Array@N$00@2@WBE@$AAGJPAKPAPAVGuid@2@@Z	10
17735	?__abi_GetRuntimeClassName@?QObject@Platform@@?$Array@M$00@2@W3$AAGJPAPAUHSTRING__@@@Z	10
1773f	?__abi_GetRuntimeClassName@?QObject@Platform@@?$Array@_J$00@2@WBE@$AAGJPAPAUHSTRING__@@@Z	10
17749	?__abi_GetIids@?QObject@Platform@@?$Array@I$00@2@W7$AAGJPAKPAPAVGuid@2@@Z	10
17753	?__abi_QueryInterface@?QObject@Platform@@?$Array@G$00@2@WCA@$AAGJAAVGuid@2@PAPAX@Z	10
1775d	?__abi_QueryInterface@?QObject@Platform@@?$Array@F$00@2@WCA@$AAGJAAVGuid@2@PAPAX@Z	10
17767	?__abi_QueryInterface@?QObject@Platform@@?$WriteOnlyArray@VRect@Foundation@Windows@@$00@2@W7$AAGJAAVGuid@2@PAPAX@Z	10
17771	?__abi_GetRuntimeClassName@?QObject@Platform@@?$WriteOnlyArray@N$00@2@WBA@$AAGJPAPAUHSTRING__@@@Z	10
1777b	?__abi_GetIids@?QObject@Platform@@?$WriteOnlyArray@I$00@2@W7$AAGJPAKPAPAVGuid@2@@Z	10
17785	?__abi_GetRuntimeClassName@?QObject@Platform@@?$Array@VRect@Foundation@Windows@@$00@2@WEA@$AAGJPAPAUHSTRING__@@@Z	10
1778f	?__abi_QueryInterface@?QObject@Platform@@?$Array@VRect@Foundation@Windows@@$00@2@WBA@$AAGJAAVGuid@2@PAPAX@Z	10
17799	?__abi_GetIids@?QObject@Platform@@?$Array@VPoint@Foundation@Windows@@$00@2@WBA@$AAGJPAKPAPAVGuid@2@@Z	10
177a3	?__abi_GetIids@?QObject@Platform@@?$Array@VTimeSpan@Foundation@Windows@@$00@2@WBI@$AAGJPAKPAPAVGuid@2@@Z	10
177ad	?__abi_QueryInterface@?QObject@Platform@@?$Array@VTimeSpan@Foundation@Windows@@$00@2@W3$AAGJAAVGuid@2@PAPAX@Z	10
177b7	?__abi_QueryInterface@?QObject@Platform@@?$Array@P$AAVObject@Platform@@$00@2@WBE@$AAGJAAVGuid@2@PAPAX@Z	10
177c1	?__abi_QueryInterface@?QObject@Platform@@?$Array@P$AAVString@Platform@@$00@2@WDM@$AAGJAAVGuid@2@PAPAX@Z	10
177cb	?<Dispose>@?QIDisposable@Platform@@?$Array@P$AAVString@Platform@@$00@2@WM@$AAAXXZ	10
177d5	?__abi_GetRuntimeClassName@?QObject@Platform@@?$Array@_N$00@2@WEA@$AAGJPAPAUHSTRING__@@@Z	10
177df	?__abi_QueryInterface@?QObject@Platform@@?$Array@_N$00@2@WBE@$AAGJAAVGuid@2@PAPAX@Z	10
177e9	?__abi_GetRuntimeClassName@?QObject@Platform@@?$Array@_W$00@2@WBE@$AAGJPAPAUHSTRING__@@@Z	10
177f3	?__abi_QueryInterface@?QObject@Platform@@?$Array@N$00@2@WCA@$AAGJAAVGuid@2@PAPAX@Z	10
177fd	?__abi_GetIids@?QObject@Platform@@?$Array@M$00@2@W7$AAGJPAKPAPAVGuid@2@@Z	10
17807	?__abi_GetRuntimeClassName@?QObject@Platform@@?$Array@_K$00@2@WCA@$AAGJPAPAUHSTRING__@@@Z	10
17811	?__abi_GetIids@?QObject@Platform@@?$Array@_K$00@2@W3$AAGJPAKPAPAVGuid@2@@Z	10
1781b	?__abi_GetIids@?QObject@Platform@@?$Array@_J$00@2@WBI@$AAGJPAKPAPAVGuid@2@@Z	10
17825	?__abi_QueryInterface@?QObject@Platform@@?$Array@_J$00@2@W3$AAGJAAVGuid@2@PAPAX@Z	10
1782f	?__abi_QueryInterface@?QObject@Platform@@?$Array@I$00@2@WBE@$AAGJAAVGuid@2@PAPAX@Z	10
17839	?__abi_QueryInterface@?QObject@Platform@@?$Array@G$00@2@WEA@$AAGJAAVGuid@2@PAPAX@Z	10
17843	?__abi_QueryInterface@?QObject@Platform@@?$Array@F$00@2@WEA@$AAGJAAVGuid@2@PAPAX@Z	10
1784d	?__abi_QueryInterface@?QObject@Platform@@?$WriteOnlyArray@VDateTime@Foundation@Windows@@$00@2@WBA@$AAGJAAVGuid@2@PAPAX@Z	10
17857	?<Dispose>@?QIDisposable@Platform@@?$WriteOnlyArray@P$AAVObject@Platform@@$00@2@W3$AAAXXZ	10
17861	?__abi_QueryInterface@?QObject@Platform@@?$WriteOnlyArray@_N$00@2@W3$AAGJAAVGuid@2@PAPAX@Z	10
1786b	?__abi_QueryInterface@?QObject@Platform@@?$WriteOnlyArray@N$00@2@W3$AAGJAAVGuid@2@PAPAX@Z	10
17875	?__abi_GetRuntimeClassName@?QObject@Platform@@?$WriteOnlyArray@_K$00@2@W3$AAGJPAPAUHSTRING__@@@Z	10
1787f	?__abi_QueryInterface@?QObject@Platform@@?$WriteOnlyArray@G$00@2@W3$AAGJAAVGuid@2@PAPAX@Z	10
17889	?__abi_QueryInterface@?QObject@Platform@@?$Array@VPoint@Foundation@Windows@@$00@2@WCA@$AAGJAAVGuid@2@PAPAX@Z	10
17893	?__abi_GetRuntimeClassName@?QObject@Platform@@?$Array@VGuid@Platform@@$00@2@W7$AAGJPAPAUHSTRING__@@@Z	10
1789d	?__abi_GetRuntimeClassName@?QObject@Platform@@?$Array@P$AAVString@Platform@@$00@2@WBA@$AAGJPAPAUHSTRING__@@@Z	10
178a7	?__abi_GetIids@?QObject@Platform@@?$Array@_W$00@2@WBI@$AAGJPAKPAPAVGuid@2@@Z	10
178b1	?__abi_QueryInterface@?QObject@Platform@@?$Array@_W$00@2@W3$AAGJAAVGuid@2@PAPAX@Z	10
178bb	?__abi_QueryInterface@?QObject@Platform@@?$Array@N$00@2@WEA@$AAGJAAVGuid@2@PAPAX@Z	10
178c5	?__abi_QueryInterface@?QObject@Platform@@?$Array@M$00@2@WBI@$AAGJAAVGuid@2@PAPAX@Z	10
178cf	?__abi_GetRuntimeClassName@?QObject@Platform@@?$Array@_K$00@2@WEA@$AAGJPAPAUHSTRING__@@@Z	10
178d9	?__abi_QueryInterface@?QObject@Platform@@?$Array@_K$00@2@WBA@$AAGJAAVGuid@2@PAPAX@Z	10
178e3	?__abi_GetIids@?QObject@Platform@@?$Array@H$00@2@WCA@$AAGJPAKPAPAVGuid@2@@Z	10
178ed	?__abi_QueryInterface@?QObject@Platform@@?$Array@H$00@2@WM@$AAGJAAVGuid@2@PAPAX@Z	10
178f7	?__abi_GetRuntimeClassName@?QObject@Platform@@?$Array@G$00@2@WBA@$AAGJPAPAUHSTRING__@@@Z	10
17901	?__abi_GetRuntimeClassName@?QObject@Platform@@?$Array@F$00@2@WBE@$AAGJPAPAUHSTRING__@@@Z	10
1790b	?__abi_GetRuntimeClassName@?QObject@Platform@@?$WriteOnlyArray@VSize@Foundation@Windows@@$00@2@W7$AAGJPAPAUHSTRING__@@@Z	10
17915	?__abi_QueryInterface@?QObject@Platform@@?$WriteOnlyArray@VPoint@Foundation@Windows@@$00@2@WM@$AAGJAAVGuid@2@PAPAX@Z	10
1791f	?__abi_GetRuntimeClassName@?QObject@Platform@@?$WriteOnlyArray@P$AAVObject@Platform@@$00@2@W7$AAGJPAPAUHSTRING__@@@Z	10
17929	?__abi_QueryInterface@?QObject@Platform@@?$WriteOnlyArray@_W$00@2@W7$AAGJAAVGuid@2@PAPAX@Z	10
17933	?__abi_GetIids@?QObject@Platform@@?$WriteOnlyArray@_K$00@2@W7$AAGJPAKPAPAVGuid@2@@Z	10
1793d	?__abi_QueryInterface@?QObject@Platform@@?$WriteOnlyArray@H$00@2@W7$AAGJAAVGuid@2@PAPAX@Z	10
17947	?__abi_GetRuntimeClassName@?QObject@Platform@@?$Array@VRect@Foundation@Windows@@$00@2@W3$AAGJPAPAUHSTRING__@@@Z	10
17951	?__abi_GetRuntimeClassName@?QObject@Platform@@?$Array@VSize@Foundation@Windows@@$00@2@WBI@$AAGJPAPAUHSTRING__@@@Z	10
1795b	?__abi_QueryInterface@?QObject@Platform@@?$Array@VPoint@Foundation@Windows@@$00@2@WEA@$AAGJAAVGuid@2@PAPAX@Z	10
17965	?__abi_QueryInterface@?QObject@Platform@@?$Array@VDateTime@Foundation@Windows@@$00@2@WM@$AAGJAAVGuid@2@PAPAX@Z	10
1796f	?__abi_GetIids@?QObject@Platform@@?$Array@VGuid@Platform@@$00@2@WM@$AAGJPAKPAPAVGuid@2@@Z	10
17979	?__abi_GetRuntimeClassName@?QObject@Platform@@?$Array@P$AAVObject@Platform@@$00@2@W7$AAGJPAPAUHSTRING__@@@Z	10
17983	?__abi_GetIids@?QObject@Platform@@?$Array@P$AAVString@Platform@@$00@2@WBE@$AAGJPAKPAPAVGuid@2@@Z	10
1798d	?__abi_GetRuntimeClassName@?QObject@Platform@@?$Array@_N$00@2@W3$AAGJPAPAUHSTRING__@@@Z	10
17997	?__abi_GetRuntimeClassName@?QObject@Platform@@?$Array@N$00@2@WBE@$AAGJPAPAUHSTRING__@@@Z	10
179a1	?__abi_GetRuntimeClassName@?QObject@Platform@@?$Array@I$00@2@W7$AAGJPAPAUHSTRING__@@@Z	10
179ab	?__abi_GetIids@?QObject@Platform@@?$Array@H$00@2@WEA@$AAGJPAKPAPAVGuid@2@@Z	10
179b5	?__abi_GetIids@?QObject@Platform@@?$Array@G$00@2@WBE@$AAGJPAKPAPAVGuid@2@@Z	10
179bf	?__abi_QueryInterface@?QObject@Platform@@?$Array@G$00@2@W3$AAGJAAVGuid@2@PAPAX@Z	10
179c9	?__abi_GetIids@?QObject@Platform@@?$Array@F$00@2@WBI@$AAGJPAKPAPAVGuid@2@@Z	10
179d3	?__abi_QueryInterface@?QObject@Platform@@?$Array@F$00@2@W3$AAGJAAVGuid@2@PAPAX@Z	10
179dd	?__abi_QueryInterface@?QObject@Platform@@?$WriteOnlyArray@VTimeSpan@Foundation@Windows@@$00@2@W7$AAGJAAVGuid@2@PAPAX@Z	10
179e7	?__abi_QueryInterface@?QObject@Platform@@?$WriteOnlyArray@VGuid@Platform@@$00@2@W7$AAGJAAVGuid@2@PAPAX@Z	10
179f1	?__abi_GetRuntimeClassName@?QObject@Platform@@?$WriteOnlyArray@P$AAVString@Platform@@$00@2@WBA@$AAGJPAPAUHSTRING__@@@Z	10
179fb	?__abi_QueryInterface@?QObject@Platform@@?$WriteOnlyArray@M$00@2@WM@$AAGJAAVGuid@2@PAPAX@Z	10
17a05	?__abi_QueryInterface@?QObject@Platform@@?$WriteOnlyArray@F$00@2@WM@$AAGJAAVGuid@2@PAPAX@Z	10
17a0f	?__abi_GetIids@?QObject@Platform@@?$Array@VRect@Foundation@Windows@@$00@2@W7$AAGJPAKPAPAVGuid@2@@Z	10
17a19	?__abi_QueryInterface@?QObject@Platform@@?$Array@VSize@Foundation@Windows@@$00@2@W7$AAGJAAVGuid@2@PAPAX@Z	10
17a23	?__abi_GetRuntimeClassName@?QObject@Platform@@?$Array@VPoint@Foundation@Windows@@$00@2@WBA@$AAGJPAPAUHSTRING__@@@Z	10
17a2d	?__abi_GetRuntimeClassName@?QObject@Platform@@?$Array@VTimeSpan@Foundation@Windows@@$00@2@WBI@$AAGJPAPAUHSTRING__@@@Z	10
17a37	?__abi_QueryInterface@?QObject@Platform@@?$Array@VGuid@Platform@@$00@2@WBI@$AAGJAAVGuid@2@PAPAX@Z	10
17a41	?__abi_GetIids@?QObject@Platform@@?$Array@P$AAVObject@Platform@@$00@2@W7$AAGJPAKPAPAVGuid@2@@Z	10
17a4b	?__abi_QueryInterface@?QObject@Platform@@?$Array@P$AAVString@Platform@@$00@2@WCA@$AAGJAAVGuid@2@PAPAX@Z	10
17a55	?__abi_GetIids@?QObject@Platform@@?$Array@_N$00@2@W7$AAGJPAKPAPAVGuid@2@@Z	10
17a5f	?__abi_GetIids@?QObject@Platform@@?$Array@N$00@2@WBI@$AAGJPAKPAPAVGuid@2@@Z	10
17a69	?__abi_QueryInterface@?QObject@Platform@@?$Array@N$00@2@W3$AAGJAAVGuid@2@PAPAX@Z	10
17a73	?__abi_GetRuntimeClassName@?QObject@Platform@@?$Array@M$00@2@W7$AAGJPAPAUHSTRING__@@@Z	10
17a7d	?__abi_GetRuntimeClassName@?QObject@Platform@@?$Array@_K$00@2@W3$AAGJPAPAUHSTRING__@@@Z	10
17a87	?__abi_GetRuntimeClassName@?QObject@Platform@@?$Array@_J$00@2@WBI@$AAGJPAPAUHSTRING__@@@Z	10
17a91	?__abi_GetIids@?QObject@Platform@@?$Array@I$00@2@WM@$AAGJPAKPAPAVGuid@2@@Z	10
17a9b	?__abi_QueryInterface@?QObject@Platform@@?$WriteOnlyArray@VRect@Foundation@Windows@@$00@2@WM@$AAGJAAVGuid@2@PAPAX@Z	10
17aa5	?__abi_GetIids@?QObject@Platform@@?$WriteOnlyArray@VDateTime@Foundation@Windows@@$00@2@W3$AAGJPAKPAPAVGuid@2@@Z	10
17aaf	?__abi_GetIids@?QObject@Platform@@?$WriteOnlyArray@P$AAVString@Platform@@$00@2@WBA@$AAGJPAKPAPAVGuid@2@@Z	10
17ab9	?__abi_GetIids@?QObject@Platform@@?$WriteOnlyArray@_J$00@2@WBA@$AAGJPAKPAPAVGuid@2@@Z	10
17ac3	?__abi_QueryInterface@?QObject@Platform@@?$Array@VRect@Foundation@Windows@@$00@2@WBE@$AAGJAAVGuid@2@PAPAX@Z	10
17acd	?__abi_GetIids@?QObject@Platform@@?$Array@VPoint@Foundation@Windows@@$00@2@WBE@$AAGJPAKPAPAVGuid@2@@Z	10
17ad7	?__abi_QueryInterface@?QObject@Platform@@?$Array@VPoint@Foundation@Windows@@$00@2@W3$AAGJAAVGuid@2@PAPAX@Z	10
17ae1	?__abi_QueryInterface@?QObject@Platform@@?$Array@VTimeSpan@Foundation@Windows@@$00@2@W7$AAGJAAVGuid@2@PAPAX@Z	10
17aeb	?__abi_QueryInterface@?QObject@Platform@@?$Array@P$AAVObject@Platform@@$00@2@WBI@$AAGJAAVGuid@2@PAPAX@Z	10
17af5	?__abi_QueryInterface@?QObject@Platform@@?$Array@P$AAVString@Platform@@$00@2@WEA@$AAGJAAVGuid@2@PAPAX@Z	10
17aff	?__abi_QueryInterface@?QObject@Platform@@?$Array@_N$00@2@WBI@$AAGJAAVGuid@2@PAPAX@Z	10
17b09	?__abi_GetRuntimeClassName@?QObject@Platform@@?$Array@_W$00@2@WBI@$AAGJPAPAUHSTRING__@@@Z	10
17b13	?__abi_GetIids@?QObject@Platform@@?$Array@M$00@2@WM@$AAGJPAKPAPAVGuid@2@@Z	10
17b1d	?__abi_GetIids@?QObject@Platform@@?$Array@_K$00@2@W7$AAGJPAKPAPAVGuid@2@@Z	10
17b27	?__abi_QueryInterface@?QObject@Platform@@?$Array@_J$00@2@W7$AAGJAAVGuid@2@PAPAX@Z	10
17b31	?__abi_QueryInterface@?QObject@Platform@@?$Array@I$00@2@WBI@$AAGJAAVGuid@2@PAPAX@Z	10
17b3b	?__abi_GetRuntimeClassName@?QObject@Platform@@?$Array@H$00@2@WCA@$AAGJPAPAUHSTRING__@@@Z	10
17b45	?__abi_GetIids@?QObject@Platform@@?$Array@H$00@2@W3$AAGJPAKPAPAVGuid@2@@Z	10
17b4f	?__abi_GetIids@?QObject@Platform@@?$WriteOnlyArray@VPoint@Foundation@Windows@@$00@2@W3$AAGJPAKPAPAVGuid@2@@Z	10
17b59	?__abi_QueryInterface@?QObject@Platform@@?$WriteOnlyArray@_N$00@2@W7$AAGJAAVGuid@2@PAPAX@Z	10
17b63	?__abi_QueryInterface@?QObject@Platform@@?$WriteOnlyArray@N$00@2@W7$AAGJAAVGuid@2@PAPAX@Z	10
17b6d	?__abi_GetRuntimeClassName@?QObject@Platform@@?$WriteOnlyArray@_K$00@2@W7$AAGJPAPAUHSTRING__@@@Z	10
17b77	?__abi_QueryInterface@?QObject@Platform@@?$WriteOnlyArray@G$00@2@W7$AAGJAAVGuid@2@PAPAX@Z	10
17b81	?__abi_GetRuntimeClassName@?QObject@Platform@@?$Array@VDateTime@Foundation@Windows@@$00@2@WCA@$AAGJPAPAUHSTRING__@@@Z	10
17b8b	?__abi_GetRuntimeClassName@?QObject@Platform@@?$Array@VGuid@Platform@@$00@2@WM@$AAGJPAPAUHSTRING__@@@Z	10
17b95	?__abi_GetRuntimeClassName@?QObject@Platform@@?$Array@P$AAVString@Platform@@$00@2@WBE@$AAGJPAPAUHSTRING__@@@Z	10
17b9f	?__abi_QueryInterface@?QObject@Platform@@?$Array@_W$00@2@W7$AAGJAAVGuid@2@PAPAX@Z	10
17ba9	?__abi_QueryInterface@?QObject@Platform@@?$Array@M$00@2@WBM@$AAGJAAVGuid@2@PAPAX@Z	10
17bb3	?__abi_QueryInterface@?QObject@Platform@@?$Array@_K$00@2@WBE@$AAGJAAVGuid@2@PAPAX@Z	10
17bbd	?__abi_GetRuntimeClassName@?QObject@Platform@@?$Array@H$00@2@WEA@$AAGJPAPAUHSTRING__@@@Z	10
17bc7	?__abi_QueryInterface@?QObject@Platform@@?$Array@H$00@2@WBA@$AAGJAAVGuid@2@PAPAX@Z	10
17bd1	?__abi_GetRuntimeClassName@?QObject@Platform@@?$Array@G$00@2@WBE@$AAGJPAPAUHSTRING__@@@Z	10
17bdb	?__abi_GetRuntimeClassName@?QObject@Platform@@?$Array@F$00@2@WBI@$AAGJPAPAUHSTRING__@@@Z	10
17be5	?__abi_QueryInterface@?QObject@Platform@@?$WriteOnlyArray@VPoint@Foundation@Windows@@$00@2@WBA@$AAGJAAVGuid@2@PAPAX@Z	10
17bef	?__abi_QueryInterface@?QObject@Platform@@?$WriteOnlyArray@_W$00@2@WM@$AAGJAAVGuid@2@PAPAX@Z	10
17bf9	?__abi_GetIids@?QObject@Platform@@?$WriteOnlyArray@M$00@2@W3$AAGJPAKPAPAVGuid@2@@Z	10
17c03	?__abi_QueryInterface@?QObject@Platform@@?$WriteOnlyArray@H$00@2@WM@$AAGJAAVGuid@2@PAPAX@Z	10
17c0d	?__abi_GetRuntimeClassName@?QObject@Platform@@?$Array@VRect@Foundation@Windows@@$00@2@W7$AAGJPAPAUHSTRING__@@@Z	10
17c17	?__abi_GetRuntimeClassName@?QObject@Platform@@?$Array@VDateTime@Foundation@Windows@@$00@2@WEA@$AAGJPAPAUHSTRING__@@@Z	10
17c21	?__abi_GetIids@?QObject@Platform@@?$Array@VDateTime@Foundation@Windows@@$00@2@WCA@$AAGJPAKPAPAVGuid@2@@Z	10
17c2b	?__abi_QueryInterface@?QObject@Platform@@?$Array@VDateTime@Foundation@Windows@@$00@2@WBA@$AAGJAAVGuid@2@PAPAX@Z	10
17c35	?__abi_GetIids@?QObject@Platform@@?$Array@VGuid@Platform@@$00@2@WBA@$AAGJPAKPAPAVGuid@2@@Z	10
17c3f	?__abi_GetRuntimeClassName@?QObject@Platform@@?$Array@P$AAVObject@Platform@@$00@2@WM@$AAGJPAPAUHSTRING__@@@Z	10
17c49	?__abi_GetIids@?QObject@Platform@@?$Array@P$AAVString@Platform@@$00@2@WBI@$AAGJPAKPAPAVGuid@2@@Z	10
17c53	?__abi_Platform_IDisposable____abi_<Dispose>@?QIDisposable@Platform@@?$Array@P$AAVString@Platform@@$00@2@WBE@$AAGJXZ	10
17c5d	?__abi_QueryInterface@?QObject@Platform@@?$Array@P$AAVString@Platform@@$00@2@W3$AAGJAAVGuid@2@PAPAX@Z	10
17c67	?__abi_GetRuntimeClassName@?QObject@Platform@@?$Array@_N$00@2@W7$AAGJPAPAUHSTRING__@@@Z	10
17c71	?__abi_GetRuntimeClassName@?QObject@Platform@@?$Array@N$00@2@WBI@$AAGJPAPAUHSTRING__@@@Z	10
17c7b	?__abi_QueryInterface@?QObject@Platform@@?$Array@M$00@2@WDM@$AAGJAAVGuid@2@PAPAX@Z	10
17c85	?__abi_GetRuntimeClassName@?QObject@Platform@@?$Array@I$00@2@WM@$AAGJPAPAUHSTRING__@@@Z	10
17c8f	?__abi_GetIids@?QObject@Platform@@?$Array@G$00@2@WBI@$AAGJPAKPAPAVGuid@2@@Z	10
17c99	?__abi_QueryInterface@?QObject@Platform@@?$Array@G$00@2@W7$AAGJAAVGuid@2@PAPAX@Z	10
17ca3	?__abi_QueryInterface@?QObject@Platform@@?$Array@F$00@2@W7$AAGJAAVGuid@2@PAPAX@Z	10
17cad	?__abi_GetIids@?QObject@Platform@@?$WriteOnlyArray@VSize@Foundation@Windows@@$00@2@WBA@$AAGJPAKPAPAVGuid@2@@Z	10
17cb7	?__abi_QueryInterface@?QObject@Platform@@?$WriteOnlyArray@VTimeSpan@Foundation@Windows@@$00@2@WM@$AAGJAAVGuid@2@PAPAX@Z	10
17cc1	?__abi_GetRuntimeClassName@?QObject@Platform@@?$WriteOnlyArray@VDateTime@Foundation@Windows@@$00@2@W3$AAGJPAPAUHSTRING__@@@Z	10
17ccb	?__abi_QueryInterface@?QObject@Platform@@?$WriteOnlyArray@VGuid@Platform@@$00@2@WM@$AAGJAAVGuid@2@PAPAX@Z	10
17cd5	?__abi_GetIids@?QObject@Platform@@?$WriteOnlyArray@P$AAVObject@Platform@@$00@2@WBA@$AAGJPAKPAPAVGuid@2@@Z	10
17cdf	?__abi_QueryInterface@?QObject@Platform@@?$WriteOnlyArray@M$00@2@WBA@$AAGJAAVGuid@2@PAPAX@Z	10
17ce9	?__abi_GetRuntimeClassName@?QObject@Platform@@?$WriteOnlyArray@_J$00@2@WBA@$AAGJPAPAUHSTRING__@@@Z	10
17cf3	?__abi_GetRuntimeClassName@?QObject@Platform@@?$WriteOnlyArray@I$00@2@WBA@$AAGJPAPAUHSTRING__@@@Z	10
17cfd	?__abi_QueryInterface@?QObject@Platform@@?$WriteOnlyArray@F$00@2@WBA@$AAGJAAVGuid@2@PAPAX@Z	10
17d07	?__abi_GetIids@?QObject@Platform@@?$Array@VRect@Foundation@Windows@@$00@2@WM@$AAGJPAKPAPAVGuid@2@@Z	10
17d11	?__abi_GetIids@?QObject@Platform@@?$Array@VSize@Foundation@Windows@@$00@2@WCA@$AAGJPAKPAPAVGuid@2@@Z	10
17d1b	?__abi_QueryInterface@?QObject@Platform@@?$Array@VSize@Foundation@Windows@@$00@2@WM@$AAGJAAVGuid@2@PAPAX@Z	10
17d25	?__abi_GetRuntimeClassName@?QObject@Platform@@?$Array@VPoint@Foundation@Windows@@$00@2@WBE@$AAGJPAPAUHSTRING__@@@Z	10
17d2f	?__abi_GetIids@?QObject@Platform@@?$Array@VDateTime@Foundation@Windows@@$00@2@WEA@$AAGJPAKPAPAVGuid@2@@Z	10
17d39	?__abi_QueryInterface@?QObject@Platform@@?$Array@VGuid@Platform@@$00@2@WBM@$AAGJAAVGuid@2@PAPAX@Z	10
17d43	?__abi_GetIids@?QObject@Platform@@?$Array@P$AAVObject@Platform@@$00@2@WM@$AAGJPAKPAPAVGuid@2@@Z	10
17d4d	?__abi_GetIids@?QObject@Platform@@?$Array@_N$00@2@WM@$AAGJPAKPAPAVGuid@2@@Z	10
17d57	?__abi_QueryInterface@?QObject@Platform@@?$Array@N$00@2@W7$AAGJAAVGuid@2@PAPAX@Z	10
17d61	?__abi_GetRuntimeClassName@?QObject@Platform@@?$Array@M$00@2@WM@$AAGJPAPAUHSTRING__@@@Z	10
17d6b	?__abi_GetRuntimeClassName@?QObject@Platform@@?$Array@_K$00@2@W7$AAGJPAPAUHSTRING__@@@Z	10
17d75	?__abi_GetIids@?QObject@Platform@@?$Array@I$00@2@WBA@$AAGJPAKPAPAVGuid@2@@Z	10
17d7f	?__abi_GetRuntimeClassName@?QObject@Platform@@?$Array@H$00@2@W3$AAGJPAPAUHSTRING__@@@Z	10
17d89	?__abi_QueryInterface@?QObject@Platform@@?$WriteOnlyArray@VRect@Foundation@Windows@@$00@2@WBA@$AAGJAAVGuid@2@PAPAX@Z	10
17d93	?__abi_GetRuntimeClassName@?QObject@Platform@@?$WriteOnlyArray@VPoint@Foundation@Windows@@$00@2@W3$AAGJPAPAUHSTRING__@@@Z	10
17d9d	?__abi_GetIids@?QObject@Platform@@?$WriteOnlyArray@VDateTime@Foundation@Windows@@$00@2@W7$AAGJPAKPAPAVGuid@2@@Z	10
17da7	?__abi_QueryInterface@?QObject@Platform@@?$WriteOnlyArray@P$AAVString@Platform@@$00@2@W3$AAGJAAVGuid@2@PAPAX@Z	10
17db1	?__abi_GetIids@?QObject@Platform@@?$WriteOnlyArray@I$00@2@WBA@$AAGJPAKPAPAVGuid@2@@Z	10
17dbb	?__abi_QueryInterface@?QObject@Platform@@?$Array@VRect@Foundation@Windows@@$00@2@WBI@$AAGJAAVGuid@2@PAPAX@Z	10
17dc5	?__abi_GetIids@?QObject@Platform@@?$Array@VSize@Foundation@Windows@@$00@2@WEA@$AAGJPAKPAPAVGuid@2@@Z	10
17dcf	?__abi_GetIids@?QObject@Platform@@?$Array@VPoint@Foundation@Windows@@$00@2@WBI@$AAGJPAKPAPAVGuid@2@@Z	10
17dd9	?__abi_QueryInterface@?QObject@Platform@@?$Array@VPoint@Foundation@Windows@@$00@2@W7$AAGJAAVGuid@2@PAPAX@Z	10
17de3	?__abi_GetIids@?QObject@Platform@@?$Array@VTimeSpan@Foundation@Windows@@$00@2@WCA@$AAGJPAKPAPAVGuid@2@@Z	10
17ded	?__abi_QueryInterface@?QObject@Platform@@?$Array@VTimeSpan@Foundation@Windows@@$00@2@WM@$AAGJAAVGuid@2@PAPAX@Z	10
17df7	?__abi_GetRuntimeClassName@?QObject@Platform@@?$Array@VDateTime@Foundation@Windows@@$00@2@W3$AAGJPAPAUHSTRING__@@@Z	10
17e01	?__abi_QueryInterface@?QObject@Platform@@?$Array@VGuid@Platform@@$00@2@WDM@$AAGJAAVGuid@2@PAPAX@Z	10
17e0b	?__abi_QueryInterface@?QObject@Platform@@?$Array@P$AAVObject@Platform@@$00@2@WBM@$AAGJAAVGuid@2@PAPAX@Z	10
17e15	?<Dispose>@?QIDisposable@Platform@@?$Array@P$AAVString@Platform@@$00@2@WBE@$AAAXXZ	10
17e1f	?__abi_QueryInterface@?QObject@Platform@@?$Array@_N$00@2@WBM@$AAGJAAVGuid@2@PAPAX@Z	10
17e29	?__abi_GetIids@?QObject@Platform@@?$Array@M$00@2@WBA@$AAGJPAKPAPAVGuid@2@@Z	10
17e33	?__abi_GetIids@?QObject@Platform@@?$Array@_K$00@2@WM@$AAGJPAKPAPAVGuid@2@@Z	10
17e3d	?__abi_GetIids@?QObject@Platform@@?$Array@_J$00@2@WCA@$AAGJPAKPAPAVGuid@2@@Z	10
17e47	?__abi_QueryInterface@?QObject@Platform@@?$Array@_J$00@2@WM@$AAGJAAVGuid@2@PAPAX@Z	10
17e51	?__abi_QueryInterface@?QObject@Platform@@?$Array@I$00@2@WBM@$AAGJAAVGuid@2@PAPAX@Z	10
17e5b	?__abi_GetIids@?QObject@Platform@@?$Array@H$00@2@W7$AAGJPAKPAPAVGuid@2@@Z	10
17e65	?__abi_GetIids@?QObject@Platform@@?$WriteOnlyArray@VPoint@Foundation@Windows@@$00@2@W7$AAGJPAKPAPAVGuid@2@@Z	10
17e6f	?__abi_QueryInterface@?QObject@Platform@@?$WriteOnlyArray@_N$00@2@WM@$AAGJAAVGuid@2@PAPAX@Z	10
17e79	?__abi_GetIids@?QObject@Platform@@?$WriteOnlyArray@_W$00@2@W3$AAGJPAKPAPAVGuid@2@@Z	10
17e83	?__abi_QueryInterface@?QObject@Platform@@?$WriteOnlyArray@N$00@2@WM@$AAGJAAVGuid@2@PAPAX@Z	10
17e8d	?__abi_GetRuntimeClassName@?QObject@Platform@@?$WriteOnlyArray@M$00@2@W3$AAGJPAPAUHSTRING__@@@Z	10
17e97	?__abi_GetIids@?QObject@Platform@@?$WriteOnlyArray@H$00@2@W3$AAGJPAKPAPAVGuid@2@@Z	10
17ea1	?__abi_QueryInterface@?QObject@Platform@@?$WriteOnlyArray@G$00@2@WM@$AAGJAAVGuid@2@PAPAX@Z	10
17eab	?__abi_GetIids@?QObject@Platform@@?$Array@VTimeSpan@Foundation@Windows@@$00@2@WEA@$AAGJPAKPAPAVGuid@2@@Z	10
17eb5	?__abi_GetIids@?QObject@Platform@@?$Array@VDateTime@Foundation@Windows@@$00@2@W3$AAGJPAKPAPAVGuid@2@@Z	10
17ebf	?__abi_GetRuntimeClassName@?QObject@Platform@@?$Array@VGuid@Platform@@$00@2@WBA@$AAGJPAPAUHSTRING__@@@Z	10
17ec9	?__abi_QueryInterface@?QObject@Platform@@?$Array@P$AAVObject@Platform@@$00@2@WDM@$AAGJAAVGuid@2@PAPAX@Z	10
17ed3	?__abi_GetRuntimeClassName@?QObject@Platform@@?$Array@P$AAVString@Platform@@$00@2@WBI@$AAGJPAPAUHSTRING__@@@Z	10
17edd	?__abi_QueryInterface@?QObject@Platform@@?$Array@_N$00@2@WDM@$AAGJAAVGuid@2@PAPAX@Z	10
17ee7	?__abi_GetIids@?QObject@Platform@@?$Array@_W$00@2@WCA@$AAGJPAKPAPAVGuid@2@@Z	10
17ef1	?__abi_QueryInterface@?QObject@Platform@@?$Array@_W$00@2@WM@$AAGJAAVGuid@2@PAPAX@Z	10
17efb	?__abi_QueryInterface@?QObject@Platform@@?$Array@M$00@2@WCA@$AAGJAAVGuid@2@PAPAX@Z	10
17f05	?__abi_QueryInterface@?QObject@Platform@@?$Array@_K$00@2@WBI@$AAGJAAVGuid@2@PAPAX@Z	10
17f0f	?__abi_GetIids@?QObject@Platform@@?$Array@_J$00@2@WEA@$AAGJPAKPAPAVGuid@2@@Z	10
17f19	?__abi_QueryInterface@?QObject@Platform@@?$Array@I$00@2@WDM@$AAGJAAVGuid@2@PAPAX@Z	10
17f23	?__abi_QueryInterface@?QObject@Platform@@?$Array@H$00@2@WBE@$AAGJAAVGuid@2@PAPAX@Z	10
17f2d	?__abi_GetRuntimeClassName@?QObject@Platform@@?$Array@G$00@2@WBI@$AAGJPAPAUHSTRING__@@@Z	10
17f37	?__abi_GetRuntimeClassName@?QObject@Platform@@?$WriteOnlyArray@VSize@Foundation@Windows@@$00@2@WBA@$AAGJPAPAUHSTRING__@@@Z	10
17f41	?__abi_GetIids@?QObject@Platform@@?$WriteOnlyArray@VTimeSpan@Foundation@Windows@@$00@2@W3$AAGJPAKPAPAVGuid@2@@Z	10
17f4b	?__abi_GetIids@?QObject@Platform@@?$WriteOnlyArray@VGuid@Platform@@$00@2@W3$AAGJPAKPAPAVGuid@2@@Z	10
17f55	?__abi_GetRuntimeClassName@?QObject@Platform@@?$WriteOnlyArray@P$AAVObject@Platform@@$00@2@WBA@$AAGJPAPAUHSTRING__@@@Z	10
17f5f	?__abi_QueryInterface@?QObject@Platform@@?$WriteOnlyArray@_W$00@2@WBA@$AAGJAAVGuid@2@PAPAX@Z	10
17f69	?__abi_GetIids@?QObject@Platform@@?$WriteOnlyArray@M$00@2@W7$AAGJPAKPAPAVGuid@2@@Z	10
17f73	?__abi_GetIids@?QObject@Platform@@?$WriteOnlyArray@_K$00@2@WBA@$AAGJPAKPAPAVGuid@2@@Z	10
17f7d	?__abi_QueryInterface@?QObject@Platform@@?$WriteOnlyArray@H$00@2@WBA@$AAGJAAVGuid@2@PAPAX@Z	10
17f87	?__abi_GetIids@?QObject@Platform@@?$WriteOnlyArray@F$00@2@W3$AAGJPAKPAPAVGuid@2@@Z	10
17f91	?__abi_GetRuntimeClassName@?QObject@Platform@@?$Array@VRect@Foundation@Windows@@$00@2@WM@$AAGJPAPAUHSTRING__@@@Z	10
17f9b	?__abi_GetRuntimeClassName@?QObject@Platform@@?$Array@VSize@Foundation@Windows@@$00@2@WCA@$AAGJPAPAUHSTRING__@@@Z	10
17fa5	?__abi_GetIids@?QObject@Platform@@?$Array@VSize@Foundation@Windows@@$00@2@W3$AAGJPAKPAPAVGuid@2@@Z	10
17faf	?__abi_QueryInterface@?QObject@Platform@@?$Array@VDateTime@Foundation@Windows@@$00@2@WBE@$AAGJAAVGuid@2@PAPAX@Z	10
17fb9	?__abi_GetIids@?QObject@Platform@@?$Array@VGuid@Platform@@$00@2@WBE@$AAGJPAKPAPAVGuid@2@@Z	10
17fc3	?__abi_GetRuntimeClassName@?QObject@Platform@@?$Array@P$AAVObject@Platform@@$00@2@WBA@$AAGJPAPAUHSTRING__@@@Z	10
17fcd	?__abi_QueryInterface@?QObject@Platform@@?$Array@P$AAVString@Platform@@$00@2@W7$AAGJAAVGuid@2@PAPAX@Z	10
17fd7	?__abi_GetRuntimeClassName@?QObject@Platform@@?$Array@_N$00@2@WM@$AAGJPAPAUHSTRING__@@@Z	10
17fe1	?__abi_GetIids@?QObject@Platform@@?$Array@_W$00@2@WEA@$AAGJPAKPAPAVGuid@2@@Z	10
17feb	?__abi_QueryInterface@?QObject@Platform@@?$Array@M$00@2@WEA@$AAGJAAVGuid@2@PAPAX@Z	10
17ff5	?__abi_GetRuntimeClassName@?QObject@Platform@@?$Array@I$00@2@WBA@$AAGJPAPAUHSTRING__@@@Z	10
17fff	?__abi_QueryInterface@?QObject@Platform@@?$Array@G$00@2@WM@$AAGJAAVGuid@2@PAPAX@Z	10
18009	?__abi_GetIids@?QObject@Platform@@?$Array@F$00@2@WCA@$AAGJPAKPAPAVGuid@2@@Z	10
18013	?__abi_QueryInterface@?QObject@Platform@@?$Array@F$00@2@WM@$AAGJAAVGuid@2@PAPAX@Z	10
1801d	?__abi_GetIids@?QObject@Platform@@?$WriteOnlyArray@VRect@Foundation@Windows@@$00@2@W3$AAGJPAKPAPAVGuid@2@@Z	10
18027	?__abi_QueryInterface@?QObject@Platform@@?$WriteOnlyArray@VTimeSpan@Foundation@Windows@@$00@2@WBA@$AAGJAAVGuid@2@PAPAX@Z	10
18031	?__abi_GetRuntimeClassName@?QObject@Platform@@?$WriteOnlyArray@VDateTime@Foundation@Windows@@$00@2@W7$AAGJPAPAUHSTRING__@@@Z	10
1803b	?__abi_QueryInterface@?QObject@Platform@@?$WriteOnlyArray@VGuid@Platform@@$00@2@WBA@$AAGJAAVGuid@2@PAPAX@Z	10
18045	?__abi_GetIids@?QObject@Platform@@?$Array@VRect@Foundation@Windows@@$00@2@WBA@$AAGJPAKPAPAVGuid@2@@Z	10
1804f	?__abi_GetRuntimeClassName@?QObject@Platform@@?$Array@VSize@Foundation@Windows@@$00@2@WEA@$AAGJPAPAUHSTRING__@@@Z	10
18059	?__abi_QueryInterface@?QObject@Platform@@?$Array@VSize@Foundation@Windows@@$00@2@WBA@$AAGJAAVGuid@2@PAPAX@Z	10
18063	?__abi_GetRuntimeClassName@?QObject@Platform@@?$Array@VPoint@Foundation@Windows@@$00@2@WBI@$AAGJPAPAUHSTRING__@@@Z	10
1806d	?__abi_GetRuntimeClassName@?QObject@Platform@@?$Array@VTimeSpan@Foundation@Windows@@$00@2@WCA@$AAGJPAPAUHSTRING__@@@Z	10
18077	?__abi_GetIids@?QObject@Platform@@?$Array@VTimeSpan@Foundation@Windows@@$00@2@W3$AAGJPAKPAPAVGuid@2@@Z	10
18081	?__abi_QueryInterface@?QObject@Platform@@?$Array@VGuid@Platform@@$00@2@WCA@$AAGJAAVGuid@2@PAPAX@Z	10
1808b	?__abi_GetIids@?QObject@Platform@@?$Array@P$AAVObject@Platform@@$00@2@WBA@$AAGJPAKPAPAVGuid@2@@Z	10
18095	?__abi_Platform_IDisposable____abi_<Dispose>@?QIDisposable@Platform@@?$Array@P$AAVObject@Platform@@$00@2@WM@$AAGJXZ	10
1809f	?__abi_GetIids@?QObject@Platform@@?$Array@_N$00@2@WBA@$AAGJPAKPAPAVGuid@2@@Z	10
180a9	?__abi_GetIids@?QObject@Platform@@?$Array@N$00@2@WCA@$AAGJPAKPAPAVGuid@2@@Z	10
180b3	?__abi_QueryInterface@?QObject@Platform@@?$Array@N$00@2@WM@$AAGJAAVGuid@2@PAPAX@Z	10
180bd	?__abi_GetRuntimeClassName@?QObject@Platform@@?$Array@M$00@2@WBA@$AAGJPAPAUHSTRING__@@@Z	10
180c7	?__abi_GetRuntimeClassName@?QObject@Platform@@?$Array@_K$00@2@WM@$AAGJPAPAUHSTRING__@@@Z	10
180d1	?__abi_GetRuntimeClassName@?QObject@Platform@@?$Array@_J$00@2@WCA@$AAGJPAPAUHSTRING__@@@Z	10
180db	?__abi_GetIids@?QObject@Platform@@?$Array@_J$00@2@W3$AAGJPAKPAPAVGuid@2@@Z	10
180e5	?__abi_GetIids@?QObject@Platform@@?$Array@I$00@2@WBE@$AAGJPAKPAPAVGuid@2@@Z	10
180ef	?__abi_GetRuntimeClassName@?QObject@Platform@@?$Array@H$00@2@W7$AAGJPAPAUHSTRING__@@@Z	10
180f9	?__abi_GetIids@?QObject@Platform@@?$Array@F$00@2@WEA@$AAGJPAKPAPAVGuid@2@@Z	10
18103	?__abi_GetRuntimeClassName@?QObject@Platform@@?$WriteOnlyArray@VPoint@Foundation@Windows@@$00@2@W7$AAGJPAPAUHSTRING__@@@Z	10
1810d	?__abi_QueryInterface@?QObject@Platform@@?$WriteOnlyArray@P$AAVString@Platform@@$00@2@W7$AAGJAAVGuid@2@PAPAX@Z	10
18117	?__abi_GetIids@?QObject@Platform@@?$WriteOnlyArray@_N$00@2@W3$AAGJPAKPAPAVGuid@2@@Z	10
18121	?__abi_GetRuntimeClassName@?QObject@Platform@@?$WriteOnlyArray@_W$00@2@W3$AAGJPAPAUHSTRING__@@@Z	10
1812b	?__abi_QueryInterface@?QObject@Platform@@?$WriteOnlyArray@_J$00@2@W3$AAGJAAVGuid@2@PAPAX@Z	10
18135	?__abi_QueryInterface@?QObject@Platform@@?$WriteOnlyArray@I$00@2@W3$AAGJAAVGuid@2@PAPAX@Z	10
1813f	?__abi_GetRuntimeClassName@?QObject@Platform@@?$WriteOnlyArray@H$00@2@W3$AAGJPAPAUHSTRING__@@@Z	10
18149	?__abi_GetIids@?QObject@Platform@@?$WriteOnlyArray@G$00@2@W3$AAGJPAKPAPAVGuid@2@@Z	10
18153	?__abi_QueryInterface@?QObject@Platform@@?$Array@VRect@Foundation@Windows@@$00@2@WBM@$AAGJAAVGuid@2@PAPAX@Z	10
1815d	?__abi_QueryInterface@?QObject@Platform@@?$Array@VPoint@Foundation@Windows@@$00@2@WM@$AAGJAAVGuid@2@PAPAX@Z	10
18167	?__abi_GetRuntimeClassName@?QObject@Platform@@?$Array@VTimeSpan@Foundation@Windows@@$00@2@WEA@$AAGJPAPAUHSTRING__@@@Z	10
18171	?__abi_QueryInterface@?QObject@Platform@@?$Array@VTimeSpan@Foundation@Windows@@$00@2@WBA@$AAGJAAVGuid@2@PAPAX@Z	10
1817b	?__abi_GetRuntimeClassName@?QObject@Platform@@?$Array@VDateTime@Foundation@Windows@@$00@2@W7$AAGJPAPAUHSTRING__@@@Z	10
18185	?__abi_QueryInterface@?QObject@Platform@@?$Array@VGuid@Platform@@$00@2@WEA@$AAGJAAVGuid@2@PAPAX@Z	10
1818f	?__abi_QueryInterface@?QObject@Platform@@?$Array@P$AAVObject@Platform@@$00@2@WCA@$AAGJAAVGuid@2@PAPAX@Z	10
18199	?__abi_QueryInterface@?QObject@Platform@@?$Array@_N$00@2@WCA@$AAGJAAVGuid@2@PAPAX@Z	10
181a3	?__abi_GetRuntimeClassName@?QObject@Platform@@?$Array@_W$00@2@WCA@$AAGJPAPAUHSTRING__@@@Z	10
181ad	?__abi_GetIids@?QObject@Platform@@?$Array@_W$00@2@W3$AAGJPAKPAPAVGuid@2@@Z	10
181b7	?__abi_GetIids@?QObject@Platform@@?$Array@N$00@2@WEA@$AAGJPAKPAPAVGuid@2@@Z	10
181c1	?__abi_GetIids@?QObject@Platform@@?$Array@M$00@2@WBE@$AAGJPAKPAPAVGuid@2@@Z	10
181cb	?__abi_QueryInterface@?QObject@Platform@@?$Array@M$00@2@W3$AAGJAAVGuid@2@PAPAX@Z	10
181d5	?__abi_GetIids@?QObject@Platform@@?$Array@_K$00@2@WBA@$AAGJPAKPAPAVGuid@2@@Z	10
181df	?__abi_GetRuntimeClassName@?QObject@Platform@@?$Array@_J$00@2@WEA@$AAGJPAPAUHSTRING__@@@Z	10
181e9	?__abi_QueryInterface@?QObject@Platform@@?$Array@_J$00@2@WBA@$AAGJAAVGuid@2@PAPAX@Z	10
181f3	?__abi_QueryInterface@?QObject@Platform@@?$Array@I$00@2@WCA@$AAGJAAVGuid@2@PAPAX@Z	10
181fd	?__abi_GetIids@?QObject@Platform@@?$Array@H$00@2@WM@$AAGJPAKPAPAVGuid@2@@Z	10
18207	?__abi_GetRuntimeClassName@?QObject@Platform@@?$WriteOnlyArray@VTimeSpan@Foundation@Windows@@$00@2@W3$AAGJPAPAUHSTRING__@@@Z	10
18211	?__abi_GetRuntimeClassName@?QObject@Platform@@?$WriteOnlyArray@VGuid@Platform@@$00@2@W3$AAGJPAPAUHSTRING__@@@Z	10
1821b	?__abi_QueryInterface@?QObject@Platform@@?$WriteOnlyArray@_N$00@2@WBA@$AAGJAAVGuid@2@PAPAX@Z	10
18225	?__abi_GetIids@?QObject@Platform@@?$WriteOnlyArray@_W$00@2@W7$AAGJPAKPAPAVGuid@2@@Z	10
1822f	?__abi_QueryInterface@?QObject@Platform@@?$WriteOnlyArray@N$00@2@WBA@$AAGJAAVGuid@2@PAPAX@Z	10
18239	?__abi_GetRuntimeClassName@?QObject@Platform@@?$WriteOnlyArray@M$00@2@W7$AAGJPAPAUHSTRING__@@@Z	10
18243	?__abi_GetRuntimeClassName@?QObject@Platform@@?$WriteOnlyArray@_K$00@2@WBA@$AAGJPAPAUHSTRING__@@@Z	10
1824d	?__abi_GetIids@?QObject@Platform@@?$WriteOnlyArray@H$00@2@W7$AAGJPAKPAPAVGuid@2@@Z	10
18257	?__abi_QueryInterface@?QObject@Platform@@?$WriteOnlyArray@G$00@2@WBA@$AAGJAAVGuid@2@PAPAX@Z	10
18261	?__abi_GetRuntimeClassName@?QObject@Platform@@?$WriteOnlyArray@F$00@2@W3$AAGJPAPAUHSTRING__@@@Z	10
1826b	?__abi_QueryInterface@?QObject@Platform@@?$Array@VRect@Foundation@Windows@@$00@2@WDM@$AAGJAAVGuid@2@PAPAX@Z	10
18275	?__abi_GetRuntimeClassName@?QObject@Platform@@?$Array@VSize@Foundation@Windows@@$00@2@W3$AAGJPAPAUHSTRING__@@@Z	10
1827f	?__abi_GetIids@?QObject@Platform@@?$Array@VDateTime@Foundation@Windows@@$00@2@W7$AAGJPAKPAPAVGuid@2@@Z	10
18289	?__abi_GetRuntimeClassName@?QObject@Platform@@?$Array@VGuid@Platform@@$00@2@WBE@$AAGJPAPAUHSTRING__@@@Z	10
18293	?__abi_QueryInterface@?QObject@Platform@@?$Array@P$AAVObject@Platform@@$00@2@WEA@$AAGJAAVGuid@2@PAPAX@Z	10
1829d	?<Dispose>@?QIDisposable@Platform@@?$Array@P$AAVObject@Platform@@$00@2@WM@$AAAXXZ	10
182a7	?__abi_QueryInterface@?QObject@Platform@@?$Array@_N$00@2@WEA@$AAGJAAVGuid@2@PAPAX@Z	10
182b1	?__abi_GetRuntimeClassName@?QObject@Platform@@?$Array@_W$00@2@WEA@$AAGJPAPAUHSTRING__@@@Z	10
182bb	?__abi_QueryInterface@?QObject@Platform@@?$Array@_W$00@2@WBA@$AAGJAAVGuid@2@PAPAX@Z	10
182c5	?__abi_QueryInterface@?QObject@Platform@@?$Array@_K$00@2@WBM@$AAGJAAVGuid@2@PAPAX@Z	10
182cf	?__abi_QueryInterface@?QObject@Platform@@?$Array@I$00@2@WEA@$AAGJAAVGuid@2@PAPAX@Z	10
182d9	?__abi_QueryInterface@?QObject@Platform@@?$Array@H$00@2@WBI@$AAGJAAVGuid@2@PAPAX@Z	10
182e3	?__abi_GetRuntimeClassName@?QObject@Platform@@?$Array@F$00@2@WCA@$AAGJPAPAUHSTRING__@@@Z	10
182ed	?__abi_GetIids@?QObject@Platform@@?$Array@F$00@2@W3$AAGJPAKPAPAVGuid@2@@Z	10
182f7	?__abi_GetRuntimeClassName@?QObject@Platform@@?$WriteOnlyArray@VRect@Foundation@Windows@@$00@2@W3$AAGJPAPAUHSTRING__@@@Z	10
18301	?__abi_GetIids@?QObject@Platform@@?$WriteOnlyArray@VTimeSpan@Foundation@Windows@@$00@2@W7$AAGJPAKPAPAVGuid@2@@Z	10
1830b	?__abi_GetIids@?QObject@Platform@@?$WriteOnlyArray@VGuid@Platform@@$00@2@W7$AAGJPAKPAPAVGuid@2@@Z	10
18315	?__abi_GetIids@?QObject@Platform@@?$WriteOnlyArray@F$00@2@W7$AAGJPAKPAPAVGuid@2@@Z	10
1831f	?__abi_GetRuntimeClassName@?QObject@Platform@@?$Array@VRect@Foundation@Windows@@$00@2@WBA@$AAGJPAPAUHSTRING__@@@Z	10
18329	?__abi_GetIids@?QObject@Platform@@?$Array@VSize@Foundation@Windows@@$00@2@W7$AAGJPAKPAPAVGuid@2@@Z	10
18333	?__abi_GetRuntimeClassName@?QObject@Platform@@?$Array@VTimeSpan@Foundation@Windows@@$00@2@W3$AAGJPAPAUHSTRING__@@@Z	10
1833d	?__abi_QueryInterface@?QObject@Platform@@?$Array@VDateTime@Foundation@Windows@@$00@2@WBI@$AAGJAAVGuid@2@PAPAX@Z	10
18347	?__abi_GetIids@?QObject@Platform@@?$Array@VGuid@Platform@@$00@2@WBI@$AAGJPAKPAPAVGuid@2@@Z	10
18351	?__abi_QueryInterface@?QObject@Platform@@?$Array@VGuid@Platform@@$00@2@W3$AAGJAAVGuid@2@PAPAX@Z	10
1835b	?__abi_GetRuntimeClassName@?QObject@Platform@@?$Array@P$AAVObject@Platform@@$00@2@WBE@$AAGJPAPAUHSTRING__@@@Z	10
18365	?__abi_GetIids@?QObject@Platform@@?$Array@P$AAVString@Platform@@$00@2@WCA@$AAGJPAKPAPAVGuid@2@@Z	10
1836f	?__abi_QueryInterface@?QObject@Platform@@?$Array@P$AAVString@Platform@@$00@2@WM@$AAGJAAVGuid@2@PAPAX@Z	10
18379	?__abi_GetRuntimeClassName@?QObject@Platform@@?$Array@_N$00@2@WBA@$AAGJPAPAUHSTRING__@@@Z	10
18383	?__abi_GetRuntimeClassName@?QObject@Platform@@?$Array@N$00@2@WCA@$AAGJPAPAUHSTRING__@@@Z	10
1838d	?__abi_GetIids@?QObject@Platform@@?$Array@N$00@2@W3$AAGJPAKPAPAVGuid@2@@Z	10
18397	?__abi_QueryInterface@?QObject@Platform@@?$Array@_K$00@2@WDM@$AAGJAAVGuid@2@PAPAX@Z	10
183a1	?__abi_GetRuntimeClassName@?QObject@Platform@@?$Array@_J$00@2@W3$AAGJPAPAUHSTRING__@@@Z	10
183ab	?__abi_GetRuntimeClassName@?QObject@Platform@@?$Array@I$00@2@WBE@$AAGJPAPAUHSTRING__@@@Z	10
183b5	?__abi_GetIids@?QObject@Platform@@?$Array@G$00@2@WCA@$AAGJPAKPAPAVGuid@2@@Z	10
183bf	?__abi_QueryInterface@?QObject@Platform@@?$Array@G$00@2@WBA@$AAGJAAVGuid@2@PAPAX@Z	10
183c9	?__abi_GetRuntimeClassName@?QObject@Platform@@?$Array@F$00@2@WEA@$AAGJPAPAUHSTRING__@@@Z	10
183d3	?__abi_QueryInterface@?QObject@Platform@@?$Array@F$00@2@WBA@$AAGJAAVGuid@2@PAPAX@Z	10
183dd	?__abi_GetIids@?QObject@Platform@@?$WriteOnlyArray@VRect@Foundation@Windows@@$00@2@W7$AAGJPAKPAPAVGuid@2@@Z	10
183e7	?__abi_QueryInterface@?QObject@Platform@@?$WriteOnlyArray@VSize@Foundation@Windows@@$00@2@W3$AAGJAAVGuid@2@PAPAX@Z	10
183f1	?__abi_QueryInterface@?QObject@Platform@@?$WriteOnlyArray@P$AAVObject@Platform@@$00@2@W3$AAGJAAVGuid@2@PAPAX@Z	10
183fb	?__abi_GetRuntimeClassName@?QObject@Platform@@?$WriteOnlyArray@_N$00@2@W3$AAGJPAPAUHSTRING__@@@Z	10
18405	?__abi_GetRuntimeClassName@?QObject@Platform@@?$WriteOnlyArray@G$00@2@W3$AAGJPAPAUHSTRING__@@@Z	10
1840f	?__abi_GetIids@?QObject@Platform@@?$Array@VRect@Foundation@Windows@@$00@2@WBE@$AAGJPAKPAPAVGuid@2@@Z	10
18419	?__abi_QueryInterface@?QObject@Platform@@?$Array@VSize@Foundation@Windows@@$00@2@WBE@$AAGJAAVGuid@2@PAPAX@Z	10
18423	?__abi_GetIids@?QObject@Platform@@?$Array@VTimeSpan@Foundation@Windows@@$00@2@W7$AAGJPAKPAPAVGuid@2@@Z	10
1842d	?__abi_GetIids@?QObject@Platform@@?$Array@P$AAVObject@Platform@@$00@2@WBE@$AAGJPAKPAPAVGuid@2@@Z	10
18437	?__abi_QueryInterface@?QObject@Platform@@?$Array@P$AAVObject@Platform@@$00@2@W3$AAGJAAVGuid@2@PAPAX@Z	10
18441	?__abi_GetIids@?QObject@Platform@@?$Array@P$AAVString@Platform@@$00@2@WEA@$AAGJPAKPAPAVGuid@2@@Z	10
1844b	?__abi_GetIids@?QObject@Platform@@?$Array@_N$00@2@WBE@$AAGJPAKPAPAVGuid@2@@Z	10
18455	?__abi_QueryInterface@?QObject@Platform@@?$Array@_N$00@2@W3$AAGJAAVGuid@2@PAPAX@Z	10
1845f	?__abi_GetRuntimeClassName@?QObject@Platform@@?$Array@_W$00@2@W3$AAGJPAPAUHSTRING__@@@Z	10
18469	?__abi_GetRuntimeClassName@?QObject@Platform@@?$Array@N$00@2@WEA@$AAGJPAPAUHSTRING__@@@Z	10
18473	?__abi_QueryInterface@?QObject@Platform@@?$Array@N$00@2@WBA@$AAGJAAVGuid@2@PAPAX@Z	10
1847d	?__abi_GetRuntimeClassName@?QObject@Platform@@?$Array@M$00@2@WBE@$AAGJPAPAUHSTRING__@@@Z	10
18487	?__abi_GetRuntimeClassName@?QObject@Platform@@?$Array@_K$00@2@WBA@$AAGJPAPAUHSTRING__@@@Z	10
18491	?__abi_GetIids@?QObject@Platform@@?$Array@_J$00@2@W7$AAGJPAKPAPAVGuid@2@@Z	10
1849b	?__abi_GetIids@?QObject@Platform@@?$Array@I$00@2@WBI@$AAGJPAKPAPAVGuid@2@@Z	10
184a5	?__abi_QueryInterface@?QObject@Platform@@?$Array@I$00@2@W3$AAGJAAVGuid@2@PAPAX@Z	10
184af	?__abi_GetRuntimeClassName@?QObject@Platform@@?$Array@H$00@2@WM@$AAGJPAPAUHSTRING__@@@Z	10
184b9	?__abi_GetIids@?QObject@Platform@@?$Array@G$00@2@WEA@$AAGJPAKPAPAVGuid@2@@Z	10
184c3	?__abi_GetIids@?QObject@Platform@@?$WriteOnlyArray@VDateTime@Foundation@Windows@@$00@2@WBA@$AAGJPAKPAPAVGuid@2@@Z	10
184cd	?__abi_QueryInterface@?QObject@Platform@@?$WriteOnlyArray@P$AAVString@Platform@@$00@2@WM@$AAGJAAVGuid@2@PAPAX@Z	10
184d7	?__abi_GetIids@?QObject@Platform@@?$WriteOnlyArray@_N$00@2@W7$AAGJPAKPAPAVGuid@2@@Z	10
184e1	?__abi_GetRuntimeClassName@?QObject@Platform@@?$WriteOnlyArray@_W$00@2@W7$AAGJPAPAUHSTRING__@@@Z	10
184eb	?__abi_GetIids@?QObject@Platform@@?$WriteOnlyArray@N$00@2@W3$AAGJPAKPAPAVGuid@2@@Z	10
184f5	?__abi_QueryInterface@?QObject@Platform@@?$WriteOnlyArray@_J$00@2@W7$AAGJAAVGuid@2@PAPAX@Z	10
184ff	?__abi_QueryInterface@?QObject@Platform@@?$WriteOnlyArray@I$00@2@W7$AAGJAAVGuid@2@PAPAX@Z	10
18509	?__abi_GetRuntimeClassName@?QObject@Platform@@?$WriteOnlyArray@H$00@2@W7$AAGJPAPAUHSTRING__@@@Z	10
18513	?__abi_GetIids@?QObject@Platform@@?$WriteOnlyArray@G$00@2@W7$AAGJPAKPAPAVGuid@2@@Z	10
1851d	?__abi_QueryInterface@?QObject@Platform@@?$Array@VRect@Foundation@Windows@@$00@2@WCA@$AAGJAAVGuid@2@PAPAX@Z	10
18527	?__abi_GetIids@?QObject@Platform@@?$Array@VPoint@Foundation@Windows@@$00@2@WCA@$AAGJPAKPAPAVGuid@2@@Z	10
18531	?__abi_QueryInterface@?QObject@Platform@@?$Array@VPoint@Foundation@Windows@@$00@2@WBA@$AAGJAAVGuid@2@PAPAX@Z	10
1853b	?__abi_QueryInterface@?QObject@Platform@@?$Array@VTimeSpan@Foundation@Windows@@$00@2@WBE@$AAGJAAVGuid@2@PAPAX@Z	10
18545	?__abi_GetRuntimeClassName@?QObject@Platform@@?$Array@VDateTime@Foundation@Windows@@$00@2@WM@$AAGJPAPAUHSTRING__@@@Z	10
1854f	?__abi_GetIids@?QObject@Platform@@?$Array@_W$00@2@W7$AAGJPAKPAPAVGuid@2@@Z	10
18559	?__abi_GetIids@?QObject@Platform@@?$Array@M$00@2@WBI@$AAGJPAKPAPAVGuid@2@@Z	10
18563	?__abi_QueryInterface@?QObject@Platform@@?$Array@M$00@2@W7$AAGJAAVGuid@2@PAPAX@Z	10
1856d	?__abi_GetIids@?QObject@Platform@@?$Array@_K$00@2@WBE@$AAGJPAKPAPAVGuid@2@@Z	10
18577	?__abi_QueryInterface@?QObject@Platform@@?$Array@_J$00@2@WBE@$AAGJAAVGuid@2@PAPAX@Z	10
18581	?__abi_GetIids@?QObject@Platform@@?$Array@H$00@2@WBA@$AAGJPAKPAPAVGuid@2@@Z	10
1858b	?__abi_GetRuntimeClassName@?QObject@Platform@@?$Array@F$00@2@W3$AAGJPAPAUHSTRING__@@@Z	10
18595	?__abi_GetIids@?QObject@Platform@@?$WriteOnlyArray@VPoint@Foundation@Windows@@$00@2@WBA@$AAGJPAKPAPAVGuid@2@@Z	10
1859f	?__abi_GetRuntimeClassName@?QObject@Platform@@?$WriteOnlyArray@VTimeSpan@Foundation@Windows@@$00@2@W7$AAGJPAPAUHSTRING__@@@Z	10
185a9	?__abi_GetRuntimeClassName@?QObject@Platform@@?$WriteOnlyArray@VGuid@Platform@@$00@2@W7$AAGJPAPAUHSTRING__@@@Z	10
185b3	?__abi_GetRuntimeClassName@?QObject@Platform@@?$WriteOnlyArray@F$00@2@W7$AAGJPAPAUHSTRING__@@@Z	10
185bd	?__abi_QueryInterface@?QObject@Platform@@?$Array@VRect@Foundation@Windows@@$00@2@WEA@$AAGJAAVGuid@2@PAPAX@Z	10
185c7	?__abi_GetRuntimeClassName@?QObject@Platform@@?$Array@VSize@Foundation@Windows@@$00@2@W7$AAGJPAPAUHSTRING__@@@Z	10
185d1	?__abi_GetIids@?QObject@Platform@@?$Array@VPoint@Foundation@Windows@@$00@2@WEA@$AAGJPAKPAPAVGuid@2@@Z	10
185db	?__abi_GetIids@?QObject@Platform@@?$Array@VDateTime@Foundation@Windows@@$00@2@WM@$AAGJPAKPAPAVGuid@2@@Z	10
185e5	?__abi_GetRuntimeClassName@?QObject@Platform@@?$Array@VGuid@Platform@@$00@2@WBI@$AAGJPAPAUHSTRING__@@@Z	10
185ef	?__abi_GetRuntimeClassName@?QObject@Platform@@?$Array@P$AAVString@Platform@@$00@2@WCA@$AAGJPAPAUHSTRING__@@@Z	10
185f9	?__abi_GetIids@?QObject@Platform@@?$Array@P$AAVString@Platform@@$00@2@W3$AAGJPAKPAPAVGuid@2@@Z	10
18603	?__abi_QueryInterface@?QObject@Platform@@?$Array@_W$00@2@WBE@$AAGJAAVGuid@2@PAPAX@Z	10
1860d	?__abi_GetRuntimeClassName@?QObject@Platform@@?$Array@N$00@2@W3$AAGJPAPAUHSTRING__@@@Z	10
18617	?__abi_QueryInterface@?QObject@Platform@@?$Array@_K$00@2@WCA@$AAGJAAVGuid@2@PAPAX@Z	10
18621	?__abi_QueryInterface@?QObject@Platform@@?$Array@H$00@2@WBM@$AAGJAAVGuid@2@PAPAX@Z	10
1862b	?__abi_GetRuntimeClassName@?QObject@Platform@@?$Array@G$00@2@WCA@$AAGJPAPAUHSTRING__@@@Z	10
18635	?__abi_GetIids@?QObject@Platform@@?$Array@G$00@2@W3$AAGJPAKPAPAVGuid@2@@Z	10
1863f	?__abi_GetIids@?QObject@Platform@@?$Array@F$00@2@W7$AAGJPAKPAPAVGuid@2@@Z	10
18649	?__abi_GetRuntimeClassName@?QObject@Platform@@?$WriteOnlyArray@VRect@Foundation@Windows@@$00@2@W7$AAGJPAPAUHSTRING__@@@Z	10
18653	?__abi_GetIids@?QObject@Platform@@?$WriteOnlyArray@M$00@2@WBA@$AAGJPAKPAPAVGuid@2@@Z	10
1865d	?__abi_QueryInterface@?QObject@Platform@@?$WriteOnlyArray@_K$00@2@W3$AAGJAAVGuid@2@PAPAX@Z	10
18667	?__abi_GetRuntimeClassName@?QObject@Platform@@?$Array@VRect@Foundation@Windows@@$00@2@WBE@$AAGJPAPAUHSTRING__@@@Z	10
18671	?__abi_GetIids@?QObject@Platform@@?$Array@VSize@Foundation@Windows@@$00@2@WM@$AAGJPAKPAPAVGuid@2@@Z	10
1867b	?__abi_GetRuntimeClassName@?QObject@Platform@@?$Array@VTimeSpan@Foundation@Windows@@$00@2@W7$AAGJPAPAUHSTRING__@@@Z	10
18685	?__abi_QueryInterface@?QObject@Platform@@?$Array@VDateTime@Foundation@Windows@@$00@2@WBM@$AAGJAAVGuid@2@PAPAX@Z	10
1868f	?__abi_QueryInterface@?QObject@Platform@@?$Array@VGuid@Platform@@$00@2@W7$AAGJAAVGuid@2@PAPAX@Z	10
18699	?__abi_GetRuntimeClassName@?QObject@Platform@@?$Array@P$AAVObject@Platform@@$00@2@WBI@$AAGJPAPAUHSTRING__@@@Z	10
186a3	?__abi_GetRuntimeClassName@?QObject@Platform@@?$Array@P$AAVString@Platform@@$00@2@WEA@$AAGJPAPAUHSTRING__@@@Z	10
186ad	?__abi_QueryInterface@?QObject@Platform@@?$Array@P$AAVString@Platform@@$00@2@WBA@$AAGJAAVGuid@2@PAPAX@Z	10
186b7	?__abi_GetRuntimeClassName@?QObject@Platform@@?$Array@_N$00@2@WBE@$AAGJPAPAUHSTRING__@@@Z	10
186c1	?__abi_GetIids@?QObject@Platform@@?$Array@N$00@2@W7$AAGJPAKPAPAVGuid@2@@Z	10
186cb	?__abi_QueryInterface@?QObject@Platform@@?$Array@_K$00@2@WEA@$AAGJAAVGuid@2@PAPAX@Z	10
186d5	?__abi_GetRuntimeClassName@?QObject@Platform@@?$Array@_J$00@2@W7$AAGJPAPAUHSTRING__@@@Z	10
186df	?__abi_GetRuntimeClassName@?QObject@Platform@@?$Array@I$00@2@WBI@$AAGJPAPAUHSTRING__@@@Z	10
186e9	?__abi_QueryInterface@?QObject@Platform@@?$Array@H$00@2@WDM@$AAGJAAVGuid@2@PAPAX@Z	10
186f3	?__abi_GetRuntimeClassName@?QObject@Platform@@?$Array@G$00@2@WEA@$AAGJPAPAUHSTRING__@@@Z	10
186fd	?__abi_QueryInterface@?QObject@Platform@@?$Array@G$00@2@WBE@$AAGJAAVGuid@2@PAPAX@Z	10
18707	?__abi_QueryInterface@?QObject@Platform@@?$Array@F$00@2@WBE@$AAGJAAVGuid@2@PAPAX@Z	10
18711	?__abi_QueryInterface@?QObject@Platform@@?$WriteOnlyArray@VSize@Foundation@Windows@@$00@2@W7$AAGJAAVGuid@2@PAPAX@Z	10
1871b	?__abi_GetRuntimeClassName@?QObject@Platform@@?$WriteOnlyArray@VDateTime@Foundation@Windows@@$00@2@WBA@$AAGJPAPAUHSTRING__@@@Z	10
18725	?__abi_QueryInterface@?QObject@Platform@@?$WriteOnlyArray@P$AAVObject@Platform@@$00@2@W7$AAGJAAVGuid@2@PAPAX@Z	10
1872f	?__abi_GetRuntimeClassName@?QObject@Platform@@?$WriteOnlyArray@_N$00@2@W7$AAGJPAPAUHSTRING__@@@Z	10
18739	?__abi_GetRuntimeClassName@?QObject@Platform@@?$WriteOnlyArray@N$00@2@W3$AAGJPAPAUHSTRING__@@@Z	10
18743	?__abi_GetRuntimeClassName@?QObject@Platform@@?$WriteOnlyArray@G$00@2@W7$AAGJPAPAUHSTRING__@@@Z	10
1874d	?__abi_GetIids@?QObject@Platform@@?$Array@VRect@Foundation@Windows@@$00@2@WBI@$AAGJPAKPAPAVGuid@2@@Z	10
18757	?__abi_QueryInterface@?QObject@Platform@@?$Array@VRect@Foundation@Windows@@$00@2@W3$AAGJAAVGuid@2@PAPAX@Z	10
18761	?__abi_QueryInterface@?QObject@Platform@@?$Array@VSize@Foundation@Windows@@$00@2@WBI@$AAGJAAVGuid@2@PAPAX@Z	10
1876b	?__abi_GetRuntimeClassName@?QObject@Platform@@?$Array@VPoint@Foundation@Windows@@$00@2@WCA@$AAGJPAPAUHSTRING__@@@Z	10
18775	?__abi_GetIids@?QObject@Platform@@?$Array@VPoint@Foundation@Windows@@$00@2@W3$AAGJPAKPAPAVGuid@2@@Z	10
1877f	?__abi_GetIids@?QObject@Platform@@?$Array@VTimeSpan@Foundation@Windows@@$00@2@WM@$AAGJPAKPAPAVGuid@2@@Z	10
18789	?__abi_QueryInterface@?QObject@Platform@@?$Array@VDateTime@Foundation@Windows@@$00@2@WDM@$AAGJAAVGuid@2@PAPAX@Z	10
18793	?__abi_GetIids@?QObject@Platform@@?$Array@P$AAVObject@Platform@@$00@2@WBI@$AAGJPAKPAPAVGuid@2@@Z	10
1879d	?__abi_Platform_IDisposable____abi_<Dispose>@?QIDisposable@Platform@@?$Array@P$AAVObject@Platform@@$00@2@WBE@$AAGJXZ	10
187a7	?__abi_QueryInterface@?QObject@Platform@@?$Array@P$AAVObject@Platform@@$00@2@W7$AAGJAAVGuid@2@PAPAX@Z	10
187b1	?__abi_GetIids@?QObject@Platform@@?$Array@_N$00@2@WBI@$AAGJPAKPAPAVGuid@2@@Z	10
187bb	?__abi_QueryInterface@?QObject@Platform@@?$Array@_N$00@2@W7$AAGJAAVGuid@2@PAPAX@Z	10
187c5	?__abi_GetRuntimeClassName@?QObject@Platform@@?$Array@_W$00@2@W7$AAGJPAPAUHSTRING__@@@Z	10
187cf	?__abi_QueryInterface@?QObject@Platform@@?$Array@N$00@2@WBE@$AAGJAAVGuid@2@PAPAX@Z	10
187d9	?__abi_GetRuntimeClassName@?QObject@Platform@@?$Array@M$00@2@WBI@$AAGJPAPAUHSTRING__@@@Z	10
187e3	?__abi_GetRuntimeClassName@?QObject@Platform@@?$Array@_K$00@2@WBE@$AAGJPAPAUHSTRING__@@@Z	10
187ed	?__abi_GetIids@?QObject@Platform@@?$Array@_J$00@2@WM@$AAGJPAKPAPAVGuid@2@@Z	10
187f7	?__abi_QueryInterface@?QObject@Platform@@?$Array@I$00@2@W7$AAGJAAVGuid@2@PAPAX@Z	10
18801	?__abi_GetRuntimeClassName@?QObject@Platform@@?$Array@H$00@2@WBA@$AAGJPAPAUHSTRING__@@@Z	10
1880b	?__abi_GetRuntimeClassName@?QObject@Platform@@?$WriteOnlyArray@VPoint@Foundation@Windows@@$00@2@WBA@$AAGJPAPAUHSTRING__@@@Z	10
18815	?__abi_QueryInterface@?QObject@Platform@@?$WriteOnlyArray@VDateTime@Foundation@Windows@@$00@2@W3$AAGJAAVGuid@2@PAPAX@Z	10
1881f	?__abi_QueryInterface@?QObject@Platform@@?$WriteOnlyArray@P$AAVString@Platform@@$00@2@WBA@$AAGJAAVGuid@2@PAPAX@Z	10
18829	?__abi_GetIids@?QObject@Platform@@?$WriteOnlyArray@N$00@2@W7$AAGJPAKPAPAVGuid@2@@Z	10
18833	?__abi_QueryInterface@?QObject@Platform@@?$WriteOnlyArray@_J$00@2@WM@$AAGJAAVGuid@2@PAPAX@Z	10
1883d	?__abi_QueryInterface@?QObject@Platform@@?$WriteOnlyArray@I$00@2@WM@$AAGJAAVGuid@2@PAPAX@Z	10
18847	?__abi_GetRuntimeClassName@?QObject@Platform@@?$Array@VPoint@Foundation@Windows@@$00@2@WEA@$AAGJPAPAUHSTRING__@@@Z	10
18851	?__abi_QueryInterface@?QObject@Platform@@?$Array@VPoint@Foundation@Windows@@$00@2@WBE@$AAGJAAVGuid@2@PAPAX@Z	10
1885b	?__abi_QueryInterface@?QObject@Platform@@?$Array@VTimeSpan@Foundation@Windows@@$00@2@WBI@$AAGJAAVGuid@2@PAPAX@Z	10
18865	?__abi_GetRuntimeClassName@?QObject@Platform@@?$Array@VDateTime@Foundation@Windows@@$00@2@WBA@$AAGJPAPAUHSTRING__@@@Z	10
1886f	?__abi_GetRuntimeClassName@?QObject@Platform@@?$Array@P$AAVString@Platform@@$00@2@W3$AAGJPAPAUHSTRING__@@@Z	10
18879	?__abi_GetIids@?QObject@Platform@@?$Array@_W$00@2@WM@$AAGJPAKPAPAVGuid@2@@Z	10
18883	?__abi_QueryInterface@?QObject@Platform@@?$Array@M$00@2@WM@$AAGJAAVGuid@2@PAPAX@Z	10
1888d	?__abi_GetIids@?QObject@Platform@@?$Array@_K$00@2@WBI@$AAGJPAKPAPAVGuid@2@@Z	10
18897	?__abi_QueryInterface@?QObject@Platform@@?$Array@_K$00@2@W3$AAGJAAVGuid@2@PAPAX@Z	10
188a1	?__abi_QueryInterface@?QObject@Platform@@?$Array@_J$00@2@WBI@$AAGJAAVGuid@2@PAPAX@Z	10
188ab	?__abi_GetIids@?QObject@Platform@@?$Array@H$00@2@WBE@$AAGJPAKPAPAVGuid@2@@Z	10
188b5	?__abi_GetRuntimeClassName@?QObject@Platform@@?$Array@G$00@2@W3$AAGJPAPAUHSTRING__@@@Z	10
188bf	?__abi_GetRuntimeClassName@?QObject@Platform@@?$Array@F$00@2@W7$AAGJPAPAUHSTRING__@@@Z	10
188c9	?__abi_GetIids@?QObject@Platform@@?$WriteOnlyArray@_W$00@2@WBA@$AAGJPAKPAPAVGuid@2@@Z	10
188d3	?__abi_GetRuntimeClassName@?QObject@Platform@@?$WriteOnlyArray@M$00@2@WBA@$AAGJPAPAUHSTRING__@@@Z	10
188dd	?__abi_GetIids@?QObject@Platform@@?$WriteOnlyArray@H$00@2@WBA@$AAGJPAKPAPAVGuid@2@@Z	10
188e7	?__abi_GetRuntimeClassName@?QObject@Platform@@?$Array@VSize@Foundation@Windows@@$00@2@WM@$AAGJPAPAUHSTRING__@@@Z	10
188f1	?__abi_GetIids@?QObject@Platform@@?$Array@VDateTime@Foundation@Windows@@$00@2@WBA@$AAGJPAKPAPAVGuid@2@@Z	10
188fb	?<Dispose>@?QIDisposable@Platform@@?$Array@P$AAVObject@Platform@@$00@2@WBE@$AAAXXZ	10
18905	?__abi_GetIids@?QObject@Platform@@?$Array@P$AAVString@Platform@@$00@2@W7$AAGJPAKPAPAVGuid@2@@Z	10
1890f	?__abi_QueryInterface@?QObject@Platform@@?$Array@_W$00@2@WBI@$AAGJAAVGuid@2@PAPAX@Z	10
18919	?__abi_GetRuntimeClassName@?QObject@Platform@@?$Array@N$00@2@W7$AAGJPAPAUHSTRING__@@@Z	10
18923	?__abi_QueryInterface@?QObject@Platform@@?$Array@H$00@2@WCA@$AAGJAAVGuid@2@PAPAX@Z	10
1892d	?__abi_GetIids@?QObject@Platform@@?$Array@G$00@2@W7$AAGJPAKPAPAVGuid@2@@Z	10
18937	?__abi_GetIids@?QObject@Platform@@?$Array@F$00@2@WM@$AAGJPAKPAPAVGuid@2@@Z	10
18941	?__abi_GetIids@?QObject@Platform@@?$WriteOnlyArray@VTimeSpan@Foundation@Windows@@$00@2@WBA@$AAGJPAKPAPAVGuid@2@@Z	10
1894b	?__abi_GetIids@?QObject@Platform@@?$WriteOnlyArray@VGuid@Platform@@$00@2@WBA@$AAGJPAKPAPAVGuid@2@@Z	10
18955	?__abi_GetRuntimeClassName@?QObject@Platform@@?$WriteOnlyArray@P$AAVString@Platform@@$00@2@W3$AAGJPAPAUHSTRING__@@@Z	10
1895f	?__abi_QueryInterface@?QObject@Platform@@?$WriteOnlyArray@_K$00@2@W7$AAGJAAVGuid@2@PAPAX@Z	10
18969	?__abi_GetIids@?QObject@Platform@@?$WriteOnlyArray@F$00@2@WBA@$AAGJPAKPAPAVGuid@2@@Z	10
18973	?__abi_GetRuntimeClassName@?QObject@Platform@@?$Array@VRect@Foundation@Windows@@$00@2@WBI@$AAGJPAPAUHSTRING__@@@Z	10
1897d	?__abi_GetIids@?QObject@Platform@@?$Array@VSize@Foundation@Windows@@$00@2@WBA@$AAGJPAKPAPAVGuid@2@@Z	10
18987	?__abi_GetRuntimeClassName@?QObject@Platform@@?$Array@VPoint@Foundation@Windows@@$00@2@W3$AAGJPAPAUHSTRING__@@@Z	10
18991	?__abi_GetRuntimeClassName@?QObject@Platform@@?$Array@VTimeSpan@Foundation@Windows@@$00@2@WM@$AAGJPAPAUHSTRING__@@@Z	10
1899b	?__abi_QueryInterface@?QObject@Platform@@?$Array@VDateTime@Foundation@Windows@@$00@2@WCA@$AAGJAAVGuid@2@PAPAX@Z	10
189a5	?__abi_GetIids@?QObject@Platform@@?$Array@VGuid@Platform@@$00@2@WCA@$AAGJPAKPAPAVGuid@2@@Z	10
189af	?__abi_QueryInterface@?QObject@Platform@@?$Array@VGuid@Platform@@$00@2@WM@$AAGJAAVGuid@2@PAPAX@Z	10
189b9	?__abi_QueryInterface@?QObject@Platform@@?$Array@P$AAVString@Platform@@$00@2@WBE@$AAGJAAVGuid@2@PAPAX@Z	10
189c3	?__abi_GetRuntimeClassName@?QObject@Platform@@?$Array@_N$00@2@WBI@$AAGJPAPAUHSTRING__@@@Z	10
189cd	?__abi_GetIids@?QObject@Platform@@?$Array@N$00@2@WM@$AAGJPAKPAPAVGuid@2@@Z	10
189d7	?__abi_GetRuntimeClassName@?QObject@Platform@@?$Array@_J$00@2@WM@$AAGJPAPAUHSTRING__@@@Z	10
189e1	?__abi_QueryInterface@?QObject@Platform@@?$Array@H$00@2@WEA@$AAGJAAVGuid@2@PAPAX@Z	10
189eb	?__abi_QueryInterface@?QObject@Platform@@?$Array@G$00@2@WBI@$AAGJAAVGuid@2@PAPAX@Z	10
189f5	?__abi_QueryInterface@?QObject@Platform@@?$Array@F$00@2@WBI@$AAGJAAVGuid@2@PAPAX@Z	10
189ff	?__abi_GetIids@?QObject@Platform@@?$WriteOnlyArray@VRect@Foundation@Windows@@$00@2@WBA@$AAGJPAKPAPAVGuid@2@@Z	10
18a09	?__abi_QueryInterface@?QObject@Platform@@?$WriteOnlyArray@VSize@Foundation@Windows@@$00@2@WM@$AAGJAAVGuid@2@PAPAX@Z	10
18a13	?__abi_QueryInterface@?QObject@Platform@@?$WriteOnlyArray@P$AAVObject@Platform@@$00@2@WM@$AAGJAAVGuid@2@PAPAX@Z	10
18a1d	?__abi_GetIids@?QObject@Platform@@?$WriteOnlyArray@P$AAVString@Platform@@$00@2@W3$AAGJPAKPAPAVGuid@2@@Z	10
18a27	?__abi_GetRuntimeClassName@?QObject@Platform@@?$WriteOnlyArray@N$00@2@W7$AAGJPAPAUHSTRING__@@@Z	10
18a31	?__abi_GetIids@?QObject@Platform@@?$WriteOnlyArray@_J$00@2@W3$AAGJPAKPAPAVGuid@2@@Z	10
18a3b	?__abi_QueryInterface@?QObject@Platform@@?$Array@VRect@Foundation@Windows@@$00@2@W7$AAGJAAVGuid@2@PAPAX@Z	10
18a45	?__abi_QueryInterface@?QObject@Platform@@?$Array@VSize@Foundation@Windows@@$00@2@WBM@$AAGJAAVGuid@2@PAPAX@Z	10
18a4f	?__abi_GetIids@?QObject@Platform@@?$Array@VPoint@Foundation@Windows@@$00@2@W7$AAGJPAKPAPAVGuid@2@@Z	10
18a59	?__abi_GetIids@?QObject@Platform@@?$Array@VTimeSpan@Foundation@Windows@@$00@2@WBA@$AAGJPAKPAPAVGuid@2@@Z	10
18a63	?__abi_QueryInterface@?QObject@Platform@@?$Array@VDateTime@Foundation@Windows@@$00@2@WEA@$AAGJAAVGuid@2@PAPAX@Z	10
18a6d	?__abi_GetIids@?QObject@Platform@@?$Array@VGuid@Platform@@$00@2@WEA@$AAGJPAKPAPAVGuid@2@@Z	10
18a77	?__abi_QueryInterface@?QObject@Platform@@?$Array@P$AAVObject@Platform@@$00@2@WM@$AAGJAAVGuid@2@PAPAX@Z	10
18a81	?__abi_QueryInterface@?QObject@Platform@@?$Array@_N$00@2@WM@$AAGJAAVGuid@2@PAPAX@Z	10
18a8b	?__abi_GetRuntimeClassName@?QObject@Platform@@?$Array@_W$00@2@WM@$AAGJPAPAUHSTRING__@@@Z	10
18a95	?__abi_QueryInterface@?QObject@Platform@@?$Array@N$00@2@WBI@$AAGJAAVGuid@2@PAPAX@Z	10
18a9f	?__abi_GetRuntimeClassName@?QObject@Platform@@?$Array@_K$00@2@WBI@$AAGJPAPAUHSTRING__@@@Z	10
18aa9	?__abi_GetIids@?QObject@Platform@@?$Array@_J$00@2@WBA@$AAGJPAKPAPAVGuid@2@@Z	10
18ab3	?__abi_GetIids@?QObject@Platform@@?$Array@I$00@2@WCA@$AAGJPAKPAPAVGuid@2@@Z	10
18abd	?__abi_QueryInterface@?QObject@Platform@@?$Array@I$00@2@WM@$AAGJAAVGuid@2@PAPAX@Z	10
18ac7	?__abi_GetRuntimeClassName@?QObject@Platform@@?$Array@H$00@2@WBE@$AAGJPAPAUHSTRING__@@@Z	10
18ad1	?__abi_QueryInterface@?QObject@Platform@@?$WriteOnlyArray@VDateTime@Foundation@Windows@@$00@2@W7$AAGJAAVGuid@2@PAPAX@Z	10
18adb	?__abi_GetIids@?QObject@Platform@@?$WriteOnlyArray@_N$00@2@WBA@$AAGJPAKPAPAVGuid@2@@Z	10
18ae5	?__abi_GetRuntimeClassName@?QObject@Platform@@?$WriteOnlyArray@_W$00@2@WBA@$AAGJPAPAUHSTRING__@@@Z	10
18aef	?__abi_QueryInterface@?QObject@Platform@@?$WriteOnlyArray@_J$00@2@WBA@$AAGJAAVGuid@2@PAPAX@Z	10
18af9	?__abi_QueryInterface@?QObject@Platform@@?$WriteOnlyArray@I$00@2@WBA@$AAGJAAVGuid@2@PAPAX@Z	10
18b03	?__abi_GetRuntimeClassName@?QObject@Platform@@?$WriteOnlyArray@H$00@2@WBA@$AAGJPAPAUHSTRING__@@@Z	10
18b0d	?__abi_GetIids@?QObject@Platform@@?$WriteOnlyArray@G$00@2@WBA@$AAGJPAKPAPAVGuid@2@@Z	10
18b17	?__abi_QueryInterface@?QObject@Platform@@?$Array@VSize@Foundation@Windows@@$00@2@WDM@$AAGJAAVGuid@2@PAPAX@Z	10
18b21	?__abi_QueryInterface@?QObject@Platform@@?$Array@VPoint@Foundation@Windows@@$00@2@WBI@$AAGJAAVGuid@2@PAPAX@Z	10
18b2b	?__abi_QueryInterface@?QObject@Platform@@?$Array@VTimeSpan@Foundation@Windows@@$00@2@WBM@$AAGJAAVGuid@2@PAPAX@Z	10
18b35	?__abi_GetRuntimeClassName@?QObject@Platform@@?$Array@VDateTime@Foundation@Windows@@$00@2@WBE@$AAGJPAPAUHSTRING__@@@Z	10
18b3f	?__abi_GetRuntimeClassName@?QObject@Platform@@?$Array@P$AAVString@Platform@@$00@2@W7$AAGJPAPAUHSTRING__@@@Z	10
18b49	?__abi_GetIids@?QObject@Platform@@?$Array@_W$00@2@WBA@$AAGJPAKPAPAVGuid@2@@Z	10
18b53	?__abi_GetIids@?QObject@Platform@@?$Array@M$00@2@WCA@$AAGJPAKPAPAVGuid@2@@Z	10
18b5d	?__abi_QueryInterface@?QObject@Platform@@?$Array@M$00@2@WBA@$AAGJAAVGuid@2@PAPAX@Z	10
18b67	?__abi_QueryInterface@?QObject@Platform@@?$Array@_K$00@2@W7$AAGJAAVGuid@2@PAPAX@Z	10
18b71	?__abi_QueryInterface@?QObject@Platform@@?$Array@_J$00@2@WBM@$AAGJAAVGuid@2@PAPAX@Z	10
18b7b	?__abi_GetIids@?QObject@Platform@@?$Array@I$00@2@WEA@$AAGJPAKPAPAVGuid@2@@Z	10
18b85	?__abi_GetIids@?QObject@Platform@@?$Array@H$00@2@WBI@$AAGJPAKPAPAVGuid@2@@Z	10
18b8f	?__abi_QueryInterface@?QObject@Platform@@?$Array@H$00@2@W3$AAGJAAVGuid@2@PAPAX@Z	10
18b99	?__abi_GetRuntimeClassName@?QObject@Platform@@?$Array@G$00@2@W7$AAGJPAPAUHSTRING__@@@Z	10
18ba3	?__abi_GetRuntimeClassName@?QObject@Platform@@?$Array@F$00@2@WM@$AAGJPAPAUHSTRING__@@@Z	10
18bad	?__abi_QueryInterface@?QObject@Platform@@?$WriteOnlyArray@VPoint@Foundation@Windows@@$00@2@W3$AAGJAAVGuid@2@PAPAX@Z	10
18bb7	?__abi_GetRuntimeClassName@?QObject@Platform@@?$WriteOnlyArray@VTimeSpan@Foundation@Windows@@$00@2@WBA@$AAGJPAPAUHSTRING__@@@Z	10
18bc1	?__abi_GetRuntimeClassName@?QObject@Platform@@?$WriteOnlyArray@VGuid@Platform@@$00@2@WBA@$AAGJPAPAUHSTRING__@@@Z	10
18bcb	?__abi_GetRuntimeClassName@?QObject@Platform@@?$WriteOnlyArray@F$00@2@WBA@$AAGJPAPAUHSTRING__@@@Z	10
18bd5	?__abi_GetRuntimeClassName@?QObject@Platform@@?$Array@VSize@Foundation@Windows@@$00@2@WBA@$AAGJPAPAUHSTRING__@@@Z	10
18bdf	?__abi_QueryInterface@?QObject@Platform@@?$Array@VTimeSpan@Foundation@Windows@@$00@2@WDM@$AAGJAAVGuid@2@PAPAX@Z	10
18be9	?__abi_GetIids@?QObject@Platform@@?$Array@VDateTime@Foundation@Windows@@$00@2@WBE@$AAGJPAKPAPAVGuid@2@@Z	10
18bf3	?__abi_QueryInterface@?QObject@Platform@@?$Array@VDateTime@Foundation@Windows@@$00@2@W3$AAGJAAVGuid@2@PAPAX@Z	10
18bfd	?__abi_GetRuntimeClassName@?QObject@Platform@@?$Array@VGuid@Platform@@$00@2@WCA@$AAGJPAPAUHSTRING__@@@Z	10
18c07	?__abi_GetIids@?QObject@Platform@@?$Array@VGuid@Platform@@$00@2@W3$AAGJPAKPAPAVGuid@2@@Z	10
18c11	?__abi_GetIids@?QObject@Platform@@?$Array@P$AAVString@Platform@@$00@2@WM@$AAGJPAKPAPAVGuid@2@@Z	10
18c1b	?__abi_QueryInterface@?QObject@Platform@@?$Array@_W$00@2@WBM@$AAGJAAVGuid@2@PAPAX@Z	10
18c25	?__abi_GetRuntimeClassName@?QObject@Platform@@?$Array@N$00@2@WM@$AAGJPAPAUHSTRING__@@@Z	10
18c2f	?__abi_GetIids@?QObject@Platform@@?$Array@M$00@2@WEA@$AAGJPAKPAPAVGuid@2@@Z	10
18c39	?__abi_QueryInterface@?QObject@Platform@@?$Array@_J$00@2@WDM@$AAGJAAVGuid@2@PAPAX@Z	10
18c43	?__abi_GetIids@?QObject@Platform@@?$Array@G$00@2@WM@$AAGJPAKPAPAVGuid@2@@Z	10
18c4d	?__abi_GetIids@?QObject@Platform@@?$Array@F$00@2@WBA@$AAGJPAKPAPAVGuid@2@@Z	10
18c57	WriteLine	30
18c75	WriteLine	70
18cbb	WriteLine	13
18cc8	ToString	44
18cf4	Delegate	14
18d02	Equals	16
18d12	??0FtmBase@WRL@Microsoft@@QAE@XZ	101
18d77	?GetUnmarshalClass@FtmBase@WRL@Microsoft@@UAGJABU_GUID@@PAXK1KPAU4@@Z	48
18da7	?GetMarshalSizeMax@FtmBase@WRL@Microsoft@@UAGJABU_GUID@@PAXK1KPAK@Z	48
18dd7	?MarshalInterface@FtmBase@WRL@Microsoft@@UAGJPAUIStream@@ABU_GUID@@PAXK2K@Z	48
18e07	?UnmarshalInterface@FtmBase@WRL@Microsoft@@UAGJPAUIStream@@ABU_GUID@@PAPAX@Z	39
18e2e	?ReleaseMarshalData@FtmBase@WRL@Microsoft@@UAGJPAUIStream@@@Z	33
18e4f	?DisconnectObject@FtmBase@WRL@Microsoft@@UAGJK@Z	33
18e70	?Resolve@WeakReference@Details@WRL@Microsoft@@UAGJABU_GUID@@PAPAUIInspectable@@@Z	75
18ebb	??_EWeakReference@Details@WRL@Microsoft@@UAEPAXI@Z	40
18ee3	?LockExclusive@SRWLock@Wrappers@WRL@Microsoft@@SA?AV?$SyncLockT@USRWLockExclusiveTraits@HandleTraits@Wrappers@WRL@Microsoft@@@Details@234@PAU_RTL_SRWLOCK@@@Z	20
18ef7	?LockShared@SRWLock@Wrappers@WRL@Microsoft@@SA?AV?$SyncLockT@USRWLockSharedTraits@HandleTraits@Wrappers@WRL@Microsoft@@@Details@234@PAU_RTL_SRWLOCK@@@Z	20
18f0b	_Decref	44
18f37	?__abi_DecrementObjectCount@InternalModule@Details@Platform@@UAGKXZ	5
18f3c	??_E?$_Ref_count_obj@V?$Agile@VObject@Platform@@$00@Platform@@@std@@UAEPAXI@Z	33
18f5d	?GetIids@EventTargetArray@Details@Platform@@UAGJPAKPAPAU_GUID@@@Z	9
18f66	?QueryInterface@EventTargetArray@Details@Platform@@UAGJABU_GUID@@PAPAX@Z	9
18f6f	?Release@EventTargetArray@Details@Platform@@UAGKXZ	9
18f78	?AddRef@EventTargetArray@Details@Platform@@UAGKXZ	26
18f92	??0EventTargetArray@Details@Platform@@QAE@XZ	93
18fef	?RuntimeClassInitialize@EventTargetArray@Details@Platform@@QAEJI@Z	110
1905d	?AddTail@EventTargetArray@Details@Platform@@QAE_JPAV?$shared_ptr@V?$Agile@VObject@Platform@@$00@Platform@@@std@@@Z	70
190a3	??_EEventTargetArray@Details@Platform@@UAEPAXI@Z	96
19103	EventSourceInitialize	13
19110	EventSourceUninitialize	27
1912b	EventSourceGetTargetArray	65
1916c	EventSourceGetTargetArraySize	19
1917f	EventSourceGetTargetArrayEvent	72
191c7	EventSourceAdd	383
19347	Catch@10019347	57
19386	EventSourceRemove	351
194e5	?__abi_GetRuntimeClassName@OutOfMemoryException@Platform@@U$AAGJPAPAUHSTRING__@@@Z	23
194fc	?QueryInterface@?$RuntimeClass@U?$InterfaceList@UIWeakReference@@VNil@Details@WRL@Microsoft@@@Details@WRL@Microsoft@@U?$RuntimeClassFlags@$01@34@$00$0A@$00@Details@WRL@Microsoft@@UAGJABU_GUID@@PAPAX@Z	87
19553	?AddRef@?$RuntimeClass@U?$InterfaceList@UIWeakReference@@VNil@Details@WRL@Microsoft@@@Details@WRL@Microsoft@@U?$RuntimeClassFlags@$01@34@$00$0A@$00@Details@WRL@Microsoft@@UAGKXZ	23
1956a	?Release@?$RuntimeClass@U?$InterfaceList@UIWeakReference@@VNil@Details@WRL@Microsoft@@@Details@WRL@Microsoft@@U?$RuntimeClassFlags@$01@34@$00$0A@$00@Details@WRL@Microsoft@@UAGKXZ	54
195a0	??1?$SyncLockT@USRWLockExclusiveTraits@HandleTraits@Wrappers@WRL@Microsoft@@@Details@Wrappers@WRL@Microsoft@@QAE@XZ	21
195b5	??1?$SyncLockT@USRWLockSharedTraits@HandleTraits@Wrappers@WRL@Microsoft@@@Details@Wrappers@WRL@Microsoft@@QAE@XZ	21
195ca	?QueryInterface@?$RuntimeClass@U?$InterfaceList@UIInspectable@@U?$InterfaceList@VFtmBase@WRL@Microsoft@@VNil@Details@23@@Details@WRL@Microsoft@@@Details@WRL@Microsoft@@U?$RuntimeClassFlags@$00@34@$00$00$0A@@Details@WRL@Microsoft@@UAGJABU_GUID@@PAPAX@Z	107
19635	?Release@?$RuntimeClass@U?$InterfaceList@UIInspectable@@U?$InterfaceList@VFtmBase@WRL@Microsoft@@VNil@Details@23@@Details@WRL@Microsoft@@@Details@WRL@Microsoft@@U?$RuntimeClassFlags@$00@34@$00$00$0A@@Details@WRL@Microsoft@@UAGKXZ	57
1966e	?GetIids@?$RuntimeClass@U?$InterfaceList@UIInspectable@@U?$InterfaceList@VFtmBase@WRL@Microsoft@@VNil@Details@23@@Details@WRL@Microsoft@@@Details@WRL@Microsoft@@U?$RuntimeClassFlags@$00@34@$00$00$0A@@Details@WRL@Microsoft@@UAGJPAKPAPAU_GUID@@@Z	83
196c1	?GetRuntimeClassName@?$RuntimeClass@U?$InterfaceList@UIInspectable@@U?$InterfaceList@VFtmBase@WRL@Microsoft@@VNil@Details@23@@Details@WRL@Microsoft@@@Details@WRL@Microsoft@@U?$RuntimeClassFlags@$04@34@$0A@$00$0A@@Details@WRL@Microsoft@@UAGJPAPAUHSTRING__@@@Z	18
196d3	?GetWeakReference@?$RuntimeClass@U?$InterfaceList@UIInspectable@@U?$InterfaceList@VFtmBase@WRL@Microsoft@@VNil@Details@23@@Details@WRL@Microsoft@@@Details@WRL@Microsoft@@U?$RuntimeClassFlags@$00@34@$00$00$0A@@Details@WRL@Microsoft@@UAGJPAPAUIWeakReference@@@Z	26
196ed	??1?$RuntimeClass@U?$InterfaceList@UIInspectable@@U?$InterfaceList@VFtmBase@WRL@Microsoft@@VNil@Details@23@@Details@WRL@Microsoft@@@Details@WRL@Microsoft@@U?$RuntimeClassFlags@$00@34@$00$00$0A@@Details@WRL@Microsoft@@UAE@XZ	35
1971a	??1?$shared_ptr@V?$Agile@VObject@Platform@@$00@Platform@@@std@@QAE@XZ	12
19726	?Get@?$Agile@VObject@Platform@@$00@Platform@@QBEP$AAVObject@2@XZ	314
19860	??_G?$RuntimeClass@U?$RuntimeClassFlags@$01@WRL@Microsoft@@UIWeakReference@@VNil@Details@23@V5623@V5623@V5623@V5623@V5623@V5623@V5623@@WRL@Microsoft@@UAEPAXI@Z	34
19882	??_G?$RuntimeClass@UIInspectable@@VNil@Details@WRL@Microsoft@@V2345@V2345@V2345@V2345@V2345@V2345@V2345@V2345@@WRL@Microsoft@@UAEPAXI@Z	32
198a2	??$make_shared@V?$Agile@VObject@Platform@@$00@Platform@@AAP$AAVDelegate@2@@std@@YA?AV?$shared_ptr@V?$Agile@VObject@Platform@@$00@Platform@@@0@AAP$AAVDelegate@Platform@@@Z	103
19909	??$MakeAndInitialize@VEventTargetArray@Details@Platform@@V123@I@Details@WRL@Microsoft@@YAJPAPAVEventTargetArray@0Platform@@$$QAI@Z	144
19999	?CanCastTo@?$ImplementsHelper@U?$RuntimeClassFlags@$00@WRL@Microsoft@@U?$InterfaceList@UIInspectable@@U?$InterfaceList@UIWeakReferenceSource@@U?$InterfaceList@VFtmBase@WRL@Microsoft@@VNil@Details@23@@Details@WRL@Microsoft@@@Details@WRL@Microsoft@@@Details@23@$0A@$0A@@Details@WRL@Microsoft@@IAEJABU_GUID@@PAPAXPA_N@Z	95
199f8	?_Destroy@?$_Ref_count_obj@V?$Agile@VObject@Platform@@$00@Platform@@@std@@EAEXXZ	42
19a22	?_Delete_this@?$_Ref_count_obj@V?$Agile@VObject@Platform@@$00@Platform@@@std@@EAEXXZ	12
19a2e	?Allocate@?$MakeAllocator@VEventTargetArray@Details@Platform@@$00@Details@WRL@Microsoft@@QAEPAXXZ	114
19aa0	?Release@?$Agile@VObject@Platform@@$00@Platform@@QAEXXZ	98
19b03	?CanCastTo@?$Implements@U?$RuntimeClassFlags@$02@WRL@Microsoft@@U?$CloakedIid@UIMarshal@@@23@U?$CloakedIid@UIAgileObject@@@23@VNil@Details@23@V6723@V6723@V6723@V6723@V6723@V6723@@WRL@Microsoft@@IAEJABU_GUID@@PAPAX@Z	86
19b59	?SetObject@?$Agile@VObject@Platform@@$00@Platform@@AAEXP$AAVObject@2@@Z	149
19bee	?Release@EventTargetArray@Details@Platform@@WM@AGKXZ	10
19bf8	?AddRef@?$RuntimeClass@U?$InterfaceList@UIInspectable@@U?$InterfaceList@VFtmBase@WRL@Microsoft@@VNil@Details@23@@Details@WRL@Microsoft@@@Details@WRL@Microsoft@@U?$RuntimeClassFlags@$00@34@$00$00$0A@@Details@WRL@Microsoft@@W3AGKXZ	10
19c02	?Release@?$RuntimeClass@U?$InterfaceList@UIInspectable@@U?$InterfaceList@VFtmBase@WRL@Microsoft@@VNil@Details@23@@Details@WRL@Microsoft@@@Details@WRL@Microsoft@@U?$RuntimeClassFlags@$00@34@$00$00$0A@@Details@WRL@Microsoft@@W7AGKXZ	10
19c0c	?AddRef@EventTargetArray@Details@Platform@@W7AGKXZ	10
19c16	?Release@?$RuntimeClass@U?$InterfaceList@UIInspectable@@U?$InterfaceList@VFtmBase@WRL@Microsoft@@VNil@Details@23@@Details@WRL@Microsoft@@@Details@WRL@Microsoft@@U?$RuntimeClassFlags@$00@34@$00$00$0A@@Details@WRL@Microsoft@@WM@AGKXZ	10
19c20	?QueryInterface@EventTargetArray@Details@Platform@@W3AGJABU_GUID@@PAPAX@Z	10
19c2a	?AddRef@EventTargetArray@Details@Platform@@WM@AGKXZ	10
19c34	?QueryInterface@EventTargetArray@Details@Platform@@W7AGJABU_GUID@@PAPAX@Z	10
19c3e	?QueryInterface@?$RuntimeClass@U?$InterfaceList@UIInspectable@@U?$InterfaceList@VFtmBase@WRL@Microsoft@@VNil@Details@23@@Details@WRL@Microsoft@@@Details@WRL@Microsoft@@U?$RuntimeClassFlags@$00@34@$00$00$0A@@Details@WRL@Microsoft@@W3AGJABU_GUID@@PAPAX@Z	10
19c48	?QueryInterface@EventTargetArray@Details@Platform@@WM@AGJABU_GUID@@PAPAX@Z	10
19c52	?QueryInterface@?$RuntimeClass@U?$InterfaceList@UIInspectable@@U?$InterfaceList@VFtmBase@WRL@Microsoft@@VNil@Details@23@@Details@WRL@Microsoft@@@Details@WRL@Microsoft@@U?$RuntimeClassFlags@$00@34@$00$00$0A@@Details@WRL@Microsoft@@W7AGJABU_GUID@@PAPAX@Z	10
19c5c	?QueryInterface@?$RuntimeClass@U?$InterfaceList@UIInspectable@@U?$InterfaceList@VFtmBase@WRL@Microsoft@@VNil@Details@23@@Details@WRL@Microsoft@@@Details@WRL@Microsoft@@U?$RuntimeClassFlags@$00@34@$00$00$0A@@Details@WRL@Microsoft@@WM@AGJABU_GUID@@PAPAX@Z	10
19c66	?Release@EventTargetArray@Details@Platform@@W3AGKXZ	10
19c70	?Release@EventTargetArray@Details@Platform@@W7AGKXZ	10
19c7a	?Release@?$RuntimeClass@U?$InterfaceList@UIInspectable@@U?$InterfaceList@VFtmBase@WRL@Microsoft@@VNil@Details@23@@Details@WRL@Microsoft@@@Details@WRL@Microsoft@@U?$RuntimeClassFlags@$00@34@$00$00$0A@@Details@WRL@Microsoft@@W3AGKXZ	10
19c84	?SetCppExceptionInformation@Platform@@YAXPAX0P$AAVString@1@@Z	112
19cf4	ReCreateFromException	74
19d3e	?SetErrorInformation@Details@Platform@@YAXPAXPAUIRestrictedErrorInfo@@H@Z	123
19db9	Exception	188
19e75	Exception	187
19f30	<Dispose>	61
19f6d	ToString	39
19f94	Equals	133
1a019	GetHashCode	11
1a024	get	138
1a0ae	COMException	60
1a0ea	COMException	64
1a12a	OutOfMemoryException	62
1a168	OutOfMemoryException	66
1a1aa	InvalidArgumentException	62
1a1e8	InvalidArgumentException	66
1a22a	InvalidCastException	62
1a268	InvalidCastException	66
1a2aa	NullReferenceException	62
1a2e8	NullReferenceException	66
1a32a	NotImplementedException	62
1a368	NotImplementedException	66
1a3aa	AccessDeniedException	62
1a3e8	AccessDeniedException	66
1a42a	FailureException	62
1a468	FailureException	66
1a4aa	OutOfBoundsException	62
1a4e8	OutOfBoundsException	66
1a52a	ChangedStateException	62
1a568	ChangedStateException	66
1a5aa	OperationCanceledException	62
1a5e8	OperationCanceledException	66
1a62a	ClassNotRegisteredException	62
1a668	ClassNotRegisteredException	66
1a6aa	DisconnectedException	62
1a6e8	DisconnectedException	66
1a72a	WrongThreadException	62
1a768	WrongThreadException	66
1a7aa	ObjectDisposedException	62
1a7e8	ObjectDisposedException	66
1a82a	__abi_WinRTraiseNotImplementedException	161
1a8cc	__abi_WinRTraiseInvalidCastException	161
1a96e	__abi_WinRTraiseNullReferenceException	161
1aa10	__abi_WinRTraiseOperationCanceledException	161
1aab2	__abi_WinRTraiseFailureException	161
1ab54	__abi_WinRTraiseAccessDeniedException	161
1abf6	__abi_WinRTraiseOutOfMemoryException	161
1ac98	__abi_WinRTraiseInvalidArgumentException	161
1ad3a	__abi_WinRTraiseOutOfBoundsException	161
1addc	__abi_WinRTraiseChangedStateException	161
1ae7e	__abi_WinRTraiseClassNotRegisteredException	161
1af20	__abi_WinRTraiseWrongThreadException	161
1afc2	__abi_WinRTraiseDisconnectedException	161
1b064	__abi_WinRTraiseObjectDisposedException	161
1b106	__abi_WinRTraiseCOMException	165
1b1ac	ReCreateException	97
1b20d	CreateException	632
1b485	CreateException	691
1b738	?__abi_GetRuntimeClassName@NullReferenceException@Platform@@U$AAGJPAPAUHSTRING__@@@Z	23
1b74f	?__abi_GetRuntimeClassName@InvalidCastException@Platform@@U$AAGJPAPAUHSTRING__@@@Z	23
1b766	?__abi_GetRuntimeClassName@NotImplementedException@Platform@@U$AAGJPAPAUHSTRING__@@@Z	23
1b77d	?__abi_GetRuntimeClassName@AccessDeniedException@Platform@@U$AAGJPAPAUHSTRING__@@@Z	23
1b794	?__abi_GetRuntimeClassName@FailureException@Platform@@U$AAGJPAPAUHSTRING__@@@Z	23
1b7ab	?__abi_GetRuntimeClassName@OutOfBoundsException@Platform@@U$AAGJPAPAUHSTRING__@@@Z	23
1b7c2	?__abi_GetRuntimeClassName@ChangedStateException@Platform@@U$AAGJPAPAUHSTRING__@@@Z	23
1b7d9	?__abi_GetRuntimeClassName@OperationCanceledException@Platform@@U$AAGJPAPAUHSTRING__@@@Z	23
1b7f0	?__abi_Release@AccessDeniedException@Platform@@U$AAGKXZ	59
1b82b	?__abi_GetRuntimeClassName@ClassNotRegisteredException@Platform@@U$AAGJPAPAUHSTRING__@@@Z	23
1b842	?__abi_GetRuntimeClassName@DisconnectedException@Platform@@U$AAGJPAPAUHSTRING__@@@Z	23
1b859	?__abi_GetRuntimeClassName@WrongThreadException@Platform@@U$AAGJPAPAUHSTRING__@@@Z	23
1b870	?__abi_QueryInterface@ChangedStateException@Platform@@U$AAGJAAVGuid@2@PAPAX@Z	185
1b929	?__abi_GetRuntimeClassName@ObjectDisposedException@Platform@@U$AAGJPAPAUHSTRING__@@@Z	23
1b940	?__abi_GetIids@InvalidArgumentException@Platform@@W7$AAGJPAKPAPAVGuid@2@@Z	10
1b94a	?__abi_QueryInterface@NotImplementedException@Platform@@W3$AAGJAAVGuid@2@PAPAX@Z	10
1b954	?__abi_GetRuntimeClassName@NullReferenceException@Platform@@WM@$AAGJPAPAUHSTRING__@@@Z	10
1b95e	?__abi_GetRuntimeClassName@DisconnectedException@Platform@@W7$AAGJPAPAUHSTRING__@@@Z	10
1b968	?__abi_Release@OutOfBoundsException@Platform@@WM@$AAGKXZ	10
1b972	?__abi_Platform_Details_IEquatable____abi_GetHashCode@?QIEquatable@Details@Platform@@Exception@3@W7$AAGJPAH@Z	10
1b97c	?__abi_Release@InvalidCastException@Platform@@W3$AAGKXZ	10
1b986	?__abi_GetIids@ObjectDisposedException@Platform@@WM@$AAGJPAKPAPAVGuid@2@@Z	10
1b990	?__abi_GetIids@OutOfBoundsException@Platform@@W3$AAGJPAKPAPAVGuid@2@@Z	10
1b99a	?__abi_QueryInterface@ClassNotRegisteredException@Platform@@WM@$AAGJAAVGuid@2@PAPAX@Z	10
1b9a4	?__abi_Release@FailureException@Platform@@W7$AAGKXZ	10
1b9ae	?__abi_GetRuntimeClassName@WrongThreadException@Platform@@W7$AAGJPAPAUHSTRING__@@@Z	10
1b9b8	?__abi_GetRuntimeClassName@OutOfBoundsException@Platform@@W7$AAGJPAPAUHSTRING__@@@Z	10
1b9c2	?__abi_QueryInterface@ClassNotRegisteredException@Platform@@W7$AAGJAAVGuid@2@PAPAX@Z	10
1b9cc	?__abi_GetRuntimeClassName@DisconnectedException@Platform@@WM@$AAGJPAPAUHSTRING__@@@Z	10
1b9d6	?__abi_GetRuntimeClassName@COMException@Platform@@W3$AAGJPAPAUHSTRING__@@@Z	10
1b9e0	?__abi_GetRuntimeClassName@AccessDeniedException@Platform@@W3$AAGJPAPAUHSTRING__@@@Z	10
1b9ea	?__abi_GetIids@Exception@Platform@@W3$AAGJPAKPAPAVGuid@2@@Z	10
1b9f4	?__abi_GetRuntimeClassName@WrongThreadException@Platform@@WM@$AAGJPAPAUHSTRING__@@@Z	10
1b9fe	?__abi_GetRuntimeClassName@OutOfBoundsException@Platform@@WM@$AAGJPAPAUHSTRING__@@@Z	10
1ba08	?Equals@Exception@Platform@@W7$AAA_NP$AAVObject@2@@Z	10
1ba12	?__abi_Platform_Details_IPrintable____abi_ToString@?QIPrintable@Details@Platform@@Exception@3@W3$AAGJPAP$AAVString@3@@Z	10
1ba1c	?__abi_GetRuntimeClassName@ObjectDisposedException@Platform@@W3$AAGJPAPAUHSTRING__@@@Z	10
1ba26	?__abi_GetRuntimeClassName@ChangedStateException@Platform@@W3$AAGJPAPAUHSTRING__@@@Z	10
1ba30	?__abi_GetRuntimeClassName@InvalidArgumentException@Platform@@W3$AAGJPAPAUHSTRING__@@@Z	10
1ba3a	?__abi_GetRuntimeClassName@COMException@Platform@@W7$AAGJPAPAUHSTRING__@@@Z	10
1ba44	?__abi_GetRuntimeClassName@Exception@Platform@@W3$AAGJPAPAUHSTRING__@@@Z	10
1ba4e	?__abi_GetRuntimeClassName@AccessDeniedException@Platform@@W7$AAGJPAPAUHSTRING__@@@Z	10
1ba58	?__abi_GetRuntimeClassName@OutOfMemoryException@Platform@@W3$AAGJPAPAUHSTRING__@@@Z	10
1ba62	?__abi_GetIids@Exception@Platform@@W7$AAGJPAKPAPAVGuid@2@@Z	10
1ba6c	?__abi_GetRuntimeClassName@ObjectDisposedException@Platform@@W7$AAGJPAPAUHSTRING__@@@Z	10
1ba76	?__abi_GetRuntimeClassName@ChangedStateException@Platform@@W7$AAGJPAPAUHSTRING__@@@Z	10
1ba80	?__abi_GetRuntimeClassName@InvalidArgumentException@Platform@@W7$AAGJPAPAUHSTRING__@@@Z	10
1ba8a	?__abi_GetRuntimeClassName@COMException@Platform@@WM@$AAGJPAPAUHSTRING__@@@Z	10
1ba94	?__abi_GetRuntimeClassName@Exception@Platform@@W7$AAGJPAPAUHSTRING__@@@Z	10
1ba9e	?__abi_GetRuntimeClassName@AccessDeniedException@Platform@@WM@$AAGJPAPAUHSTRING__@@@Z	10
1baa8	?__abi_GetRuntimeClassName@OutOfMemoryException@Platform@@W7$AAGJPAPAUHSTRING__@@@Z	10
1bab2	?__abi_GetIids@Exception@Platform@@WM@$AAGJPAKPAPAVGuid@2@@Z	10
1babc	?__abi_GetRuntimeClassName@OperationCanceledException@Platform@@W3$AAGJPAPAUHSTRING__@@@Z	10
1bac6	?ToString@Exception@Platform@@W3$AAAP$AAVString@2@XZ	10
1bad0	?__abi_GetRuntimeClassName@ObjectDisposedException@Platform@@WM@$AAGJPAPAUHSTRING__@@@Z	10
1bada	?__abi_GetRuntimeClassName@ChangedStateException@Platform@@WM@$AAGJPAPAUHSTRING__@@@Z	10
1bae4	?__abi_GetRuntimeClassName@NotImplementedException@Platform@@W3$AAGJPAPAUHSTRING__@@@Z	10
1baee	?__abi_GetRuntimeClassName@InvalidCastException@Platform@@W3$AAGJPAPAUHSTRING__@@@Z	10
1baf8	?__abi_GetRuntimeClassName@InvalidArgumentException@Platform@@WM@$AAGJPAPAUHSTRING__@@@Z	10
1bb02	?__abi_GetRuntimeClassName@Exception@Platform@@WM@$AAGJPAPAUHSTRING__@@@Z	10
1bb0c	?__abi_GetRuntimeClassName@FailureException@Platform@@W3$AAGJPAPAUHSTRING__@@@Z	10
1bb16	?__abi_GetRuntimeClassName@OutOfMemoryException@Platform@@WM@$AAGJPAPAUHSTRING__@@@Z	10
1bb20	?__abi_Platform_IDisposable____abi_<Dispose>@?QIDisposable@Platform@@Exception@2@WM@$AAGJXZ	10
1bb2a	?__abi_GetRuntimeClassName@OperationCanceledException@Platform@@W7$AAGJPAPAUHSTRING__@@@Z	10
1bb34	?<Dispose>@Exception@Platform@@WM@$AAAXXZ	10
1bb3e	?__abi_GetRuntimeClassName@NotImplementedException@Platform@@W7$AAGJPAPAUHSTRING__@@@Z	10
1bb48	?__abi_GetRuntimeClassName@InvalidCastException@Platform@@W7$AAGJPAPAUHSTRING__@@@Z	10
1bb52	?__abi_GetRuntimeClassName@FailureException@Platform@@W7$AAGJPAPAUHSTRING__@@@Z	10
1bb5c	?__abi_GetRuntimeClassName@ClassNotRegisteredException@Platform@@W3$AAGJPAPAUHSTRING__@@@Z	10
1bb66	?__abi_Platform_Details_IEquatable____abi_Equals@?QIEquatable@Details@Platform@@Exception@3@W7$AAGJP$AAVObject@3@PA_N@Z	10
1bb70	?__abi_GetRuntimeClassName@OperationCanceledException@Platform@@WM@$AAGJPAPAUHSTRING__@@@Z	10
1bb7a	?__abi_GetRuntimeClassName@NullReferenceException@Platform@@W3$AAGJPAPAUHSTRING__@@@Z	10
1bb84	?__abi_GetRuntimeClassName@NotImplementedException@Platform@@WM@$AAGJPAPAUHSTRING__@@@Z	10
1bb8e	?__abi_GetRuntimeClassName@InvalidCastException@Platform@@WM@$AAGJPAPAUHSTRING__@@@Z	10
1bb98	?__abi_GetRuntimeClassName@FailureException@Platform@@WM@$AAGJPAPAUHSTRING__@@@Z	10
1bba2	?__abi_GetRuntimeClassName@ClassNotRegisteredException@Platform@@W7$AAGJPAPAUHSTRING__@@@Z	10
1bbac	?__abi_GetRuntimeClassName@NullReferenceException@Platform@@W7$AAGJPAPAUHSTRING__@@@Z	10
1bbb6	?__abi_GetRuntimeClassName@DisconnectedException@Platform@@W3$AAGJPAPAUHSTRING__@@@Z	10
1bbc0	?__abi_GetRuntimeClassName@ClassNotRegisteredException@Platform@@WM@$AAGJPAPAUHSTRING__@@@Z	10
1bbca	?__abi_GetRuntimeClassName@WrongThreadException@Platform@@W3$AAGJPAPAUHSTRING__@@@Z	10
1bbd4	?__abi_GetRuntimeClassName@OutOfBoundsException@Platform@@W3$AAGJPAPAUHSTRING__@@@Z	10
1bbde	?GetHashCode@Exception@Platform@@W7$AAAHXZ	10
1bbe8	?__abi_heap_getcritsec@Details@Platform@@YAPAU_RTL_CRITICAL_SECTION@@XZ	177
1bfb8	Allocate	139
1c043	Free	14
1c051	AlignedAllocate	24
1c069	AlignedFree	14
1c077	AllocateException	21
1c08c	FreeException	17
1c09d	AlignedAllocateException	30
1c0bb	AlignedFreeException	17
1c0cc	get	6
1c0d2	set	103
1c139	get	6
1c13f	get	6
1c145	set	13
1c152	get	6
1c158	set	13
1c165	get	6
1c16b	EnumerateAllocatedObjects	93
1c1c8	?__abi_Platform_Details_HeapEntryHandler___abi_IDelegate____abi_Invoke@?Q__abi_IDelegate@HeapEntryHandler@Details@Platform@@234@U$AAGJP$AAVObject@4@H@Z	36
1c1ec	Catch@1001c1ec	17
1c20a	Catch_All@1001c20a	5
1c210	?__abi_QueryInterface@HeapEntryHandler@Details@Platform@@U$AAGJAAVGuid@3@PAPAX@Z	129
1c291	?__abi_AddRef@HeapEntryHandler@Details@Platform@@U$AAGKXZ	18
1c2a3	?__abi_Release@HeapEntryHandler@Details@Platform@@U$AAGKXZ	69
1c2e8	?Invoke@HeapEntryHandler@Details@Platform@@U$AAAXP$AAVObject@3@H@Z	42
1c312	?Invoke@__abi_IDelegate@HeapEntryHandler@Details@Platform@@U$AAAXP$AAVObject@4@H@Z	31
1c331	Object	14
1c33f	GetHashCode	425
1c4e8	GetType	44
1c514	Equals	582
1c75a	ReferenceEquals	34
1c77c	Enum	14
1c78a	ValueType	14
1c798	GetHashCode	9
1c7a1	ToString	48
1c7d1	Equals	9
1c7da	__abi_ObjectToString	397
1c967	?GetHashCode@IEquatable@Details@Platform@@U$AAAHXZ	32
1c987	?Equals@IEquatable@Details@Platform@@U$AAA_NP$AAVObject@3@@Z	35
1c9aa	??$PropertyValueScalarCallback@VGetHashCodeCallback@Platform@@PAH@Platform@@YA_NP$AAUIPropertyValue@Foundation@Windows@@VGetHashCodeCallback@0@PAH@Z	351
1cb5e	??$PropertyValueScalarCallback@VEqualsCallback@Platform@@P$AAUIPropertyValue@Foundation@Windows@@@Platform@@YA_NP$AAUIPropertyValue@Foundation@Windows@@VEqualsCallback@0@0@Z	571
1cdee	??$PropertyValueScalarCallback@VToStringCallback@Platform@@PAP$AAVString@2@@Platform@@YA_NP$AAUIPropertyValue@Foundation@Windows@@VToStringCallback@0@PAP$AAVString@0@@Z	629
1d0ba	?GetDateTime@IPropertyValue@Foundation@Windows@@U$AAA?AVDateTime@23@XZ	31
1d0d9	?GetGuid@IPropertyValue@Foundation@Windows@@U$AAA?AVGuid@Platform@@XZ	48
1d10a	?GetPoint@IPropertyValue@Foundation@Windows@@U$AAA?AVPoint@23@XZ	31
1d129	?GetRect@IPropertyValue@Foundation@Windows@@U$AAA?AVRect@23@XZ	31
1d148	?GetSize@IPropertyValue@Foundation@Windows@@U$AAA?AVSize@23@XZ	31
1d167	?GetString@IPropertyValue@Foundation@Windows@@U$AAAP$AAVString@Platform@@XZ	71
1d1ae	?GetTimeSpan@IPropertyValue@Foundation@Windows@@U$AAA?AVTimeSpan@23@XZ	31
1d1cd	??$PropertyValueScalarCallback@VEqualsCallbackHelper@Platform@@_N@Platform@@YA_NP$AAUIPropertyValue@Foundation@Windows@@VEqualsCallbackHelper@0@_N@Z	279
1d339	??$PropertyValueScalarCallback@VEqualsCallbackHelper@Platform@@_W@Platform@@YA_NP$AAUIPropertyValue@Foundation@Windows@@VEqualsCallbackHelper@0@_W@Z	288
1d4ad	??$PropertyValueScalarCallback@VEqualsCallbackHelper@Platform@@VDateTime@Foundation@Windows@@@Platform@@YA_NP$AAUIPropertyValue@Foundation@Windows@@VEqualsCallbackHelper@0@VDateTime@23@@Z	307
1d635	??$PropertyValueScalarCallback@VEqualsCallbackHelper@Platform@@N@Platform@@YA_NP$AAUIPropertyValue@Foundation@Windows@@VEqualsCallbackHelper@0@N@Z	274
1d79d	??$PropertyValueScalarCallback@VEqualsCallbackHelper@Platform@@VGuid@2@@Platform@@YA_NP$AAUIPropertyValue@Foundation@Windows@@VEqualsCallbackHelper@0@VGuid@0@@Z	326
1d939	??$PropertyValueScalarCallback@VEqualsCallbackHelper@Platform@@F@Platform@@YA_NP$AAUIPropertyValue@Foundation@Windows@@VEqualsCallbackHelper@0@F@Z	291
1dab1	??$PropertyValueScalarCallback@VEqualsCallbackHelper@Platform@@H@Platform@@YA_NP$AAUIPropertyValue@Foundation@Windows@@VEqualsCallbackHelper@0@H@Z	282
1dc21	??$PropertyValueScalarCallback@VEqualsCallbackHelper@Platform@@_J@Platform@@YA_NP$AAUIPropertyValue@Foundation@Windows@@VEqualsCallbackHelper@0@_J@Z	308
1dda9	??$PropertyValueScalarCallback@VEqualsCallbackHelper@Platform@@VPoint@Foundation@Windows@@@Platform@@YA_NP$AAUIPropertyValue@Foundation@Windows@@VEqualsCallbackHelper@0@VPoint@23@@Z	320
1df3d	??$PropertyValueScalarCallback@VEqualsCallbackHelper@Platform@@VRect@Foundation@Windows@@@Platform@@YA_NP$AAUIPropertyValue@Foundation@Windows@@VEqualsCallbackHelper@0@VRect@23@@Z	323
1e0d5	??$PropertyValueScalarCallback@VEqualsCallbackHelper@Platform@@M@Platform@@YA_NP$AAUIPropertyValue@Foundation@Windows@@VEqualsCallbackHelper@0@M@Z	276
1e23d	??$PropertyValueScalarCallback@VEqualsCallbackHelper@Platform@@VSize@Foundation@Windows@@@Platform@@YA_NP$AAUIPropertyValue@Foundation@Windows@@VEqualsCallbackHelper@0@VSize@23@@Z	311
1e3c9	??$PropertyValueScalarCallback@VEqualsCallbackHelper@Platform@@P$AAVString@2@@Platform@@YA_NP$AAUIPropertyValue@Foundation@Windows@@VEqualsCallbackHelper@0@P$AAVString@0@@Z	349
1e57d	??$PropertyValueScalarCallback@VEqualsCallbackHelper@Platform@@VTimeSpan@Foundation@Windows@@@Platform@@YA_NP$AAUIPropertyValue@Foundation@Windows@@VEqualsCallbackHelper@0@VTimeSpan@23@@Z	308
1e705	??$PropertyValueScalarCallback@VEqualsCallbackHelper@Platform@@E@Platform@@YA_NP$AAUIPropertyValue@Foundation@Windows@@VEqualsCallbackHelper@0@E@Z	285
1e879	??$PropertyValueScalarCallback@VEqualsCallbackHelper@Platform@@G@Platform@@YA_NP$AAUIPropertyValue@Foundation@Windows@@VEqualsCallbackHelper@0@G@Z	297
1e9f9	??$PropertyValueScalarCallback@VEqualsCallbackHelper@Platform@@I@Platform@@YA_NP$AAUIPropertyValue@Foundation@Windows@@VEqualsCallbackHelper@0@I@Z	285
1eb6d	??$PropertyValueScalarCallback@VEqualsCallbackHelper@Platform@@_K@Platform@@YA_NP$AAUIPropertyValue@Foundation@Windows@@VEqualsCallbackHelper@0@_K@Z	292
1ece5	?GetObjectCount@ModuleBase@Details@WRL@Microsoft@@UBGKXZ	8
1eced	?GetFirstEntryPointer@ModuleBase@Details@WRL@Microsoft@@UBGPAPBUCreatorMap@234@XZ	8
1ecf5	?GetMidEntryPointer@ModuleBase@Details@WRL@Microsoft@@UBGPAPBUCreatorMap@234@XZ	8
1ecfd	?GetLastEntryPointer@ModuleBase@Details@WRL@Microsoft@@UBGPAPBUCreatorMap@234@XZ	8
1ed05	?GetLock@ModuleBase@Details@WRL@Microsoft@@UBGPAU_RTL_SRWLOCK@@XZ	8
1ed0d	?IsServerNameEqual@Details@WRL@Microsoft@@YA_NPBUCreatorMap@123@PB_W@Z	68
1ed51	?TerminateMap@Details@WRL@Microsoft@@YA_NPAVModuleBase@123@PB_W_N@Z	215
1ee28	?GetCacheEntry@Details@WRL@Microsoft@@YAJPAVModuleBase@123@PAIABU_GUID@@PBUCreatorMap@123@PAPAUIUnknown@@@Z	255
1ef27	?CountObjectEntries@Details@WRL@Microsoft@@YAIPAPBUCreatorMap@123@0PB_W@Z	48
1ef57	?UnregisterObjects@Details@WRL@Microsoft@@YAJPAVModuleBase@123@PB_W@Z	426
1f101	?GetIids@OutOfProcModule@Details@Platform@@UAGJPAKPAPAU_GUID@@@Z	9
1f10a	?Release@OutOfProcModule@Details@Platform@@UAGKXZ	9
1f113	?AddRef@OutOfProcModule@Details@Platform@@UAGKXZ	23
1f12a	??0OutOfProcModule@Details@Platform@@QAE@XZ	130
1f1ac	??1OutOfProcModule@Details@Platform@@UAE@XZ	235
1f302	?RuntimeClassInitialize@OutOfProcModule@Details@Platform@@QAEJPAPAVModuleBase@2WRL@Microsoft@@PAPAU__abi_Module@@PAXPB_W_N@Z	338
1f454	?IncrementObjectCount@?$Module@$01VOutOfProcModule@Details@Platform@@@WRL@Microsoft@@UAGKXZ	9
1f45d	?__abi_DecrementObjectCount@OutOfProcModule@Details@Platform@@UAGKXZ	19
1f470	?GetFirstEntryPointer@OutOfProcModule@Details@Platform@@UBGPAPBUCreatorMap@2WRL@Microsoft@@XZ	19
1f483	?GetMidEntryPointer@OutOfProcModule@Details@Platform@@UBGPAPBUCreatorMap@2WRL@Microsoft@@XZ	19
1f496	?GetLastEntryPointer@OutOfProcModule@Details@Platform@@UBGPAPBUCreatorMap@2WRL@Microsoft@@XZ	19
1f4a9	?GetLock@OutOfProcModule@Details@Platform@@UBGPAU_RTL_SRWLOCK@@XZ	19
1f4bc	??_GOutOfProcModule@Details@Platform@@UAEPAXI@Z	32
1f4dc	??1?$RuntimeClass@U?$RuntimeClassFlags@$04@WRL@Microsoft@@UIInspectable@@VNil@Details@23@V5623@V5623@V5623@V5623@V5623@V5623@V5623@@WRL@Microsoft@@UAE@XZ	5
1f4e1	??1?$Module@$05VOutOfProcModule@Details@Platform@@@WRL@Microsoft@@UAE@XZ	5
1f4e6	??_E?$Module@$01VOutOfProcModule@Details@Platform@@@WRL@Microsoft@@UAEPAXI@Z	32
1f506	RegisterFactories	163
1f5a9	RunServer	269
1f6b6	??1Event@Wrappers@WRL@Microsoft@@QAE@XZ	5
1f6bb	RunApplicationServer	70
1f702	??1?$HandleT@UEventTraits@HandleTraits@Wrappers@WRL@Microsoft@@@Wrappers@WRL@Microsoft@@QAE@XZ	65
1f743	?InternalClose@?$HandleT@UEventTraits@HandleTraits@Wrappers@WRL@Microsoft@@@Wrappers@WRL@Microsoft@@MAE_NXZ	16
1f753	?QueryInterface@OutOfProcModule@Details@Platform@@UAGJABU_GUID@@PAPAX@Z	22
1f769	?Release@?$RuntimeClass@U?$InterfaceList@UIInspectable@@U?$InterfaceList@VFtmBase@WRL@Microsoft@@VNil@Details@23@@Details@WRL@Microsoft@@@Details@WRL@Microsoft@@U?$RuntimeClassFlags@$04@34@$0A@$00$0A@@Details@WRL@Microsoft@@UAGKXZ	54
1f79f	?GetIids@?$RuntimeClass@U?$InterfaceList@UIInspectable@@U?$InterfaceList@VFtmBase@WRL@Microsoft@@VNil@Details@23@@Details@WRL@Microsoft@@@Details@WRL@Microsoft@@U?$RuntimeClassFlags@$04@34@$0A@$00$0A@@Details@WRL@Microsoft@@UAGJPAKPAPAU_GUID@@@Z	71
1f7e6	??1?$RuntimeClass@U?$InterfaceList@UIInspectable@@U?$InterfaceList@VFtmBase@WRL@Microsoft@@VNil@Details@23@@Details@WRL@Microsoft@@@Details@WRL@Microsoft@@U?$RuntimeClassFlags@$04@34@$0A@$00$0A@@Details@WRL@Microsoft@@MAE@XZ	25
1f7ff	?RegisterWinRTObject@?$Module@$05VOutOfProcModule@Details@Platform@@@WRL@Microsoft@@UAGJPB_WPAPB_WPAPAU<unnamed-type-RO_REGISTRATION_COOKIE>@@I@Z	23
1f816	??1?$Module@$01VOutOfProcModule@Details@Platform@@@WRL@Microsoft@@UAE@XZ	40
1f83e	?RegisterCOMObject@?$Module@$01VOutOfProcModule@Details@Platform@@@WRL@Microsoft@@UAGJPB_WPAU_GUID@@PAPAUIClassFactory@@PAKI@Z	5
1f843	?UnregisterCOMObject@?$Module@$01VOutOfProcModule@Details@Platform@@@WRL@Microsoft@@UAGJPB_WPAKI@Z	5
1f848	?RegisterWinRTObject@?$Module@$01VOutOfProcModule@Details@Platform@@@WRL@Microsoft@@UAGJPB_WPAPB_WPAPAU<unnamed-type-RO_REGISTRATION_COOKIE>@@I@Z	23
1f85f	?UnregisterWinRTObject@?$Module@$01VOutOfProcModule@Details@Platform@@@WRL@Microsoft@@UAGJPB_WPAU<unnamed-type-RO_REGISTRATION_COOKIE>@@@Z	18
1f871	?DecrementObjectCount@?$Module@$01VOutOfProcModule@Details@Platform@@@WRL@Microsoft@@UAGKXZ	34
1f893	??1?$Module@$00VOutOfProcModule@Details@Platform@@@WRL@Microsoft@@UAE@XZ	24
1f8ab	?IncrementObjectCount@?$Module@$00VOutOfProcModule@Details@Platform@@@WRL@Microsoft@@UAGKXZ	16
1f8bb	?DecrementObjectCount@?$Module@$00VOutOfProcModule@Details@Platform@@@WRL@Microsoft@@UAGKXZ	16
1f8cb	?RegisterWinRTObject@?$Module@$00VOutOfProcModule@Details@Platform@@@WRL@Microsoft@@UAGJPB_WPAPB_WPAPAU<unnamed-type-RO_REGISTRATION_COOKIE>@@I@Z	8
1f8d3	?UnregisterWinRTObject@?$Module@$00VOutOfProcModule@Details@Platform@@@WRL@Microsoft@@UAGJPB_WPAU<unnamed-type-RO_REGISTRATION_COOKIE>@@@Z	8
1f8db	?RegisterCOMObject@?$Module@$00VOutOfProcModule@Details@Platform@@@WRL@Microsoft@@UAGJPB_WPAU_GUID@@PAPAUIClassFactory@@PAKI@Z	8
1f8e3	?UnregisterCOMObject@?$Module@$00VOutOfProcModule@Details@Platform@@@WRL@Microsoft@@UAGJPB_WPAKI@Z	8
1f8eb	??_G?$RuntimeClass@U?$RuntimeClassFlags@$04@WRL@Microsoft@@UIInspectable@@VNil@Details@23@V5623@V5623@V5623@V5623@V5623@V5623@V5623@@WRL@Microsoft@@UAEPAXI@Z	32
1f90b	??_E?$Module@$00VOutOfProcModule@Details@Platform@@@WRL@Microsoft@@UAEPAXI@Z	32
1f92b	??_E?$MethodReleaseNotifier@VOutOfProcModule@Details@Platform@@@?$Module@$01VOutOfProcModule@Details@Platform@@@WRL@Microsoft@@UAEPAXI@Z	33
1f94c	??$MakeAndInitialize@VOutOfProcModule@Details@Platform@@UIInspectable@@AAPAPAVModuleBase@2WRL@Microsoft@@AAPAPAU__abi_Module@@AAPAXAAPB_W_N@Details@WRL@Microsoft@@YAJPAPAUIInspectable@@AAPAPAVModuleBase@012@AAPAPAU__abi_Module@@AAPAXAAPB_W$$QA_N@Z	115
1f9bf	??$AsIID@V?$RuntimeClass@U?$InterfaceList@UIInspectable@@U?$InterfaceList@VFtmBase@WRL@Microsoft@@VNil@Details@23@@Details@WRL@Microsoft@@@Details@WRL@Microsoft@@U?$RuntimeClassFlags@$04@34@$0A@$00$0A@@Details@WRL@Microsoft@@@?$RuntimeClassBaseT@$04@Details@WRL@Microsoft@@KAJPAV?$RuntimeClass@U?$InterfaceList@UIInspectable@@U?$InterfaceList@VFtmBase@WRL@Microsoft@@VNil@Details@23@@Details@WRL@Microsoft@@@Details@WRL@Microsoft@@U?$RuntimeClassFlags@$04@34@$0A@$00$0A@@123@ABU_GUID@@PAPAX@Z	136
1fa47	??$RegisterObjects@$05@Details@WRL@Microsoft@@YAJPAVModuleBase@012@PB_W@Z	793
1fd60	??$RegisterWinRTObject@$05@Details@WRL@Microsoft@@YAJPB_WPAPB_WPAPAU<unnamed-type-RO_REGISTRATION_COOKIE>@@I@Z	280
1fe78	??$RegisterWinRTObject@$01@Details@WRL@Microsoft@@YAJPB_WPAPB_WPAPAU<unnamed-type-RO_REGISTRATION_COOKIE>@@I@Z	280
1ff90	?Invoke@?$MethodReleaseNotifier@VOutOfProcModule@Details@Platform@@@?$Module@$01VOutOfProcModule@Details@Platform@@@WRL@Microsoft@@UAEXXZ	11
1ffb5	??$ActivationFactoryCallback@$01@Details@WRL@Microsoft@@YGJPAUHSTRING__@@PAPAUIActivationFactory@@@Z	26
1ffcf	??$GetActivationFactory@$05@Details@WRL@Microsoft@@YAJPAVModuleBase@012@PB_WPAUHSTRING__@@PAPAUIActivationFactory@@@Z	225
200b0	??$GetActivationFactory@$01@Details@WRL@Microsoft@@YAJPAVModuleBase@012@PB_WPAUHSTRING__@@PAPAUIActivationFactory@@@Z	230
20196	?AddRef@?$RuntimeClass@U?$InterfaceList@UIInspectable@@U?$InterfaceList@VFtmBase@WRL@Microsoft@@VNil@Details@23@@Details@WRL@Microsoft@@@Details@WRL@Microsoft@@U?$RuntimeClassFlags@$04@34@$0A@$00$0A@@Details@WRL@Microsoft@@W3AGKXZ	10
201a0	?QueryInterface@?$RuntimeClass@U?$InterfaceList@UIInspectable@@U?$InterfaceList@VFtmBase@WRL@Microsoft@@VNil@Details@23@@Details@WRL@Microsoft@@@Details@WRL@Microsoft@@U?$RuntimeClassFlags@$04@34@$0A@$00$0A@@Details@WRL@Microsoft@@W7AGJABU_GUID@@PAPAX@Z	10
201aa	?AddRef@?$RuntimeClass@U?$InterfaceList@UIInspectable@@U?$InterfaceList@VFtmBase@WRL@Microsoft@@VNil@Details@23@@Details@WRL@Microsoft@@@Details@WRL@Microsoft@@U?$RuntimeClassFlags@$04@34@$0A@$00$0A@@Details@WRL@Microsoft@@W7AGKXZ	10
201b4	?QueryInterface@?$RuntimeClass@U?$InterfaceList@UIInspectable@@U?$InterfaceList@VFtmBase@WRL@Microsoft@@VNil@Details@23@@Details@WRL@Microsoft@@@Details@WRL@Microsoft@@U?$RuntimeClassFlags@$04@34@$0A@$00$0A@@Details@WRL@Microsoft@@W3AGJABU_GUID@@PAPAX@Z	10
201da	?Release@?$RuntimeClass@U?$InterfaceList@UIInspectable@@U?$InterfaceList@VFtmBase@WRL@Microsoft@@VNil@Details@23@@Details@WRL@Microsoft@@@Details@WRL@Microsoft@@U?$RuntimeClassFlags@$04@34@$0A@$00$0A@@Details@WRL@Microsoft@@W3AGKXZ	10
201e4	?Release@?$RuntimeClass@U?$InterfaceList@UIInspectable@@U?$InterfaceList@VFtmBase@WRL@Microsoft@@VNil@Details@23@@Details@WRL@Microsoft@@@Details@WRL@Microsoft@@U?$RuntimeClassFlags@$04@34@$0A@$00$0A@@Details@WRL@Microsoft@@W7AGKXZ	10
201ee	__abi_cast_String_to_Object	21
20203	__abi_cast_Object_to_String	150
20299	<Dispose>	14
202a7	?SafeAdd@@YAIII@Z	76
202f4	?CreateDescriptior@@YAPAU__abi_type_descriptor@@PB_WH@Z	132
20378	<Dispose>	25
20391	Type	58
203cb	Type	317
20508	??1TypeName@Interop@Xaml@UI@Windows@@QAE@XZ	9
20511	Type	254
2060f	get	47
2063e	GetTypeCode	14
2064c	ToString	39
20673	Equals	76
206bf	operator_class_Windows::UI::Xaml::Interop::TypeName	262
207f0	operator_class_Platform::Type_^	94
2084e	__abi_make_type_id	46
2087c	?__abi_Release@Type@Platform@@W3$AAGKXZ	10
20886	?<Dispose>@Type@Platform@@W3$AAAXXZ	10
20890	?__abi_GetRuntimeClassName@Type@Platform@@WM@$AAGJPAPAUHSTRING__@@@Z	10
2089a	?__abi_GetIids@Type@Platform@@WM@$AAGJPAKPAPAVGuid@2@@Z	10
208a4	?__abi_Release@Type@Platform@@W7$AAGKXZ	10
208ae	?__abi_Platform_Details_IPrintable____abi_ToString@?QIPrintable@Details@Platform@@Type@3@WM@$AAGJPAP$AAVString@3@@Z	10
208b8	?__abi_Platform_Details_IEquatable____abi_Equals@?QIEquatable@Details@Platform@@Type@3@W7$AAGJP$AAVObject@3@PA_N@Z	10
208c2	?__abi_Release@Type@Platform@@WM@$AAGKXZ	10
208cc	?ToString@Type@Platform@@WM@$AAAP$AAVString@2@XZ	10
208d6	?__abi_QueryInterface@Type@Platform@@W3$AAGJAAVGuid@2@PAPAX@Z	10
208e0	?__abi_QueryInterface@Type@Platform@@W7$AAGJAAVGuid@2@PAPAX@Z	10
208ea	?GetHashCode@Type@Platform@@W7$AAAHXZ	10
208f4	?__abi_Platform_Details_IEquatable____abi_GetHashCode@?QIEquatable@Details@Platform@@Type@3@W7$AAGJPAH@Z	10
208fe	?__abi_QueryInterface@Type@Platform@@WM@$AAGJAAVGuid@2@PAPAX@Z	10
20908	?__abi_AddRef@Type@Platform@@W3$AAGKXZ	10
20912	?Equals@Type@Platform@@W7$AAA_NP$AAVObject@2@@Z	10
2091c	?__abi_AddRef@Type@Platform@@W7$AAGKXZ	10
20926	?__abi_GetRuntimeClassName@Type@Platform@@W3$AAGJPAPAUHSTRING__@@@Z	10
20930	?__abi_GetIids@Type@Platform@@W3$AAGJPAKPAPAVGuid@2@@Z	10
2093a	?__abi_AddRef@Type@Platform@@WM@$AAGKXZ	10
20944	?__abi_GetRuntimeClassName@Type@Platform@@W7$AAGJPAPAUHSTRING__@@@Z	10
2094e	?__abi_GetIids@Type@Platform@@W7$AAGJPAKPAPAVGuid@2@@Z	10
20958	__abi_FailFast	14
20966	??_EInternalModule@Details@Platform@@UAEPAXI@Z	40
2098e	InitializeData	48
209be	UninitializeData	37
209e3	GetActivationFactory	23
209fa	TerminateModule	20
20a0e	GetCmdArguments	58
20a48	??$GetActivationFactory@$04@Details@WRL@Microsoft@@YAJPAVModuleBase@012@PB_WPAUHSTRING__@@PAPAUIActivationFactory@@@Z	225
20b29	?Lock@CriticalSection@Wrappers@WRL@Microsoft@@QAE?AV?$SyncLockT@UCriticalSectionTraits@HandleTraits@Wrappers@WRL@Microsoft@@@Details@234@XZ	20
20b3d	?Lock@CriticalSection@Wrappers@WRL@Microsoft@@SA?AV?$SyncLockT@UCriticalSectionTraits@HandleTraits@Wrappers@WRL@Microsoft@@@Details@234@PAU_RTL_CRITICAL_SECTION@@@Z	20
20b51	??_Gbad_alloc@std@@UAEPAXI@Z	39
20b78	??_Eerror_category@std@@UAEPAXI@Z	33
20b99	?default_error_condition@error_category@std@@UBE?AVerror_condition@2@H@Z	18
20bab	?equivalent@error_category@std@@UBE_NHABVerror_condition@2@@Z	45
20bd8	equivalent	29
20bf5	?name@_Generic_error_category@std@@UBEPBDXZ	6
20bfb	?message@_Generic_error_category@std@@UBE?AV?$basic_string@DU?$char_traits@D@std@@V?$allocator@D@2@@2@H@Z	43
20c26	?name@_Iostream_error_category@std@@UBEPBDXZ	6
20c2c	message	47
20c5b	?name@_System_error_category@std@@UBEPBDXZ	6
20c61	?message@_System_error_category@std@@UBE?AV?$basic_string@DU?$char_traits@D@std@@V?$allocator@D@2@@2@H@Z	43
20c8c	?default_error_condition@_System_error_category@std@@UBE?AVerror_condition@2@H@Z	45
20cb9	__getActivationFactoryByHSTRING	61
20cf6	?AddFactory@PerApartmentFactoryCache@@QAEJPB_WPAUIUnknown@@@Z	266
20e00	Catch@10020e00	22
20e1d	Catch@10020e1d	15
20e39	?GetFactory@PerApartmentFactoryCache@@QAEJPB_WAAVGuid@Platform@@PAPAX@Z	194
20efb	Catch@10020efb	22
20f18	Catch@10020f18	15
20f27	?PreInitialize@PerApartmentFactoryCache@@UAGJKK@Z	5
20f2c	?PostInitialize@PerApartmentFactoryCache@@UAGJJKK@Z	10
20f36	?PostUninitialize@PerApartmentFactoryCache@@UAGJK@Z	5
20f3b	??1?$pair@V?$basic_string@_WU?$char_traits@_W@std@@V?$allocator@_W@2@@std@@V?$ComPtr@UIUnknown@@@WRL@Microsoft@@@std@@QAE@XZ	28
20fc1	?GetFactory@FactoryCache@@QAEJPB_WAAVGuid@Platform@@PAPAX@Z	702
2127f	?RemoveApartmentCache@FactoryCache@@QAEJT_ULARGE_INTEGER@@@Z	198
21345	??1?$pair@T_ULARGE_INTEGER@@V?$ComPtr@VPerApartmentFactoryCache@@@WRL@Microsoft@@@std@@QAE@XZ	18
21357	??1?$pair@KU?$pair@T_ULARGE_INTEGER@@V?$ComPtr@VPerApartmentFactoryCache@@@WRL@Microsoft@@@std@@@std@@QAE@XZ	18
21369	?PreUninitialize@PerApartmentFactoryCache@@UAGJK@Z	29
21386	EnableFactoryCache	15
21395	FlushFactoryCache	120
213a3	GetActivationFactoryByPCWSTR	129
21424	GetIidsFn	68
21468	??1?$SyncLockT@UCriticalSectionTraits@HandleTraits@Wrappers@WRL@Microsoft@@@Details@Wrappers@WRL@Microsoft@@QAE@XZ	21
2147d	??0?$basic_string@DU?$char_traits@D@std@@V?$allocator@D@2@@std@@QAE@PBD@Z	59
214b8	??0?$basic_string@_WU?$char_traits@_W@std@@V?$allocator@_W@2@@std@@QAE@PB_W@Z	73
21501	??1?$basic_string@_WU?$char_traits@_W@std@@V?$allocator@_W@2@@std@@QAE@XZ	36
21525	?QueryInterface@?$RuntimeClass@U?$InterfaceList@UIInitializeSpy@@VNil@Details@WRL@Microsoft@@@Details@WRL@Microsoft@@U?$RuntimeClassFlags@$01@34@$00$0A@$00@Details@WRL@Microsoft@@UAGJABU_GUID@@PAPAX@Z	87
2157c	?Release@?$RuntimeClass@U?$InterfaceList@UIInitializeSpy@@VNil@Details@WRL@Microsoft@@@Details@WRL@Microsoft@@U?$RuntimeClassFlags@$01@34@$00$0A@$00@Details@WRL@Microsoft@@UAGKXZ	54
215b2	?find@?$_Hash@V?$_Umap_traits@V?$basic_string@_WU?$char_traits@_W@std@@V?$allocator@_W@2@@std@@V?$ComPtr@UIUnknown@@@WRL@Microsoft@@V?$_Uhash_compare@V?$basic_string@_WU?$char_traits@_W@std@@V?$allocator@_W@2@@std@@U?$hash@V?$basic_string@_WU?$char_traits@_W@std@@V?$allocator@_W@2@@std@@@2@U?$equal_to@V?$basic_string@_WU?$char_traits@_W@std@@V?$allocator@_W@2@@std@@@2@@2@V?$allocator@U?$pair@$$CBV?$basic_string@_WU?$char_traits@_W@std@@V?$allocator@_W@2@@std@@V?$ComPtr@UIUnknown@@@WRL@Microsoft@@@std@@@2@$0A@@std@@@std@@QAE?AV?$_List_iterator@V?$_List_val@U?$_List_simple_types@U?$pair@$$CBV?$basic_string@_WU?$char_traits@_W@std@@V?$allocator@_W@2@@std@@V?$ComPtr@UIUnknown@@@WRL@Microsoft@@@std@@@std@@@std@@@2@ABV?$basic_string@_WU?$char_traits@_W@std@@V?$allocator@_W@2@@2@@Z	118
21628	?push_back@?$vector@U?$pair@KU?$pair@T_ULARGE_INTEGER@@V?$ComPtr@VPerApartmentFactoryCache@@@WRL@Microsoft@@@std@@@std@@V?$allocator@U?$pair@KU?$pair@T_ULARGE_INTEGER@@V?$ComPtr@VPerApartmentFactoryCache@@@WRL@Microsoft@@@std@@@std@@@2@@std@@QAEX$$QAU?$pair@KU?$pair@T_ULARGE_INTEGER@@V?$ComPtr@VPerApartmentFactoryCache@@@WRL@Microsoft@@@std@@@2@@Z	99
2168b	??1?$vector@U?$pair@KU?$pair@T_ULARGE_INTEGER@@V?$ComPtr@VPerApartmentFactoryCache@@@WRL@Microsoft@@@std@@@std@@V?$allocator@U?$pair@KU?$pair@T_ULARGE_INTEGER@@V?$ComPtr@VPerApartmentFactoryCache@@@WRL@Microsoft@@@std@@@std@@@2@@std@@QAE@XZ	39
216b2	?_Destroy@?$vector@U?$pair@KU?$pair@T_ULARGE_INTEGER@@V?$ComPtr@VPerApartmentFactoryCache@@@WRL@Microsoft@@@std@@@std@@V?$allocator@U?$pair@KU?$pair@T_ULARGE_INTEGER@@V?$ComPtr@VPerApartmentFactoryCache@@@WRL@Microsoft@@@std@@@std@@@2@@std@@IAEXPAU?$pair@KU?$pair@T_ULARGE_INTEGER@@V?$ComPtr@VPerApartmentFactoryCache@@@WRL@Microsoft@@@std@@@2@0@Z	46
216e0	?_Reserve@?$vector@U?$pair@KU?$pair@T_ULARGE_INTEGER@@V?$ComPtr@VPerApartmentFactoryCache@@@WRL@Microsoft@@@std@@@std@@V?$allocator@U?$pair@KU?$pair@T_ULARGE_INTEGER@@V?$ComPtr@VPerApartmentFactoryCache@@@WRL@Microsoft@@@std@@@std@@@2@@std@@IAEXI@Z	107
2174b	?assign@?$basic_string@DU?$char_traits@D@std@@V?$allocator@D@2@@std@@QAEAAV12@PBDI@Z	147
217de	?assign@?$basic_string@_WU?$char_traits@_W@std@@V?$allocator@_W@2@@std@@QAEAAV12@PB_WI@Z	155
21879	?_Hashval@?$_Hash@V?$_Umap_traits@V?$basic_string@_WU?$char_traits@_W@std@@V?$allocator@_W@2@@std@@V?$ComPtr@UIUnknown@@@WRL@Microsoft@@V?$_Uhash_compare@V?$basic_string@_WU?$char_traits@_W@std@@V?$allocator@_W@2@@std@@U?$hash@V?$basic_string@_WU?$char_traits@_W@std@@V?$allocator@_W@2@@std@@@2@U?$equal_to@V?$basic_string@_WU?$char_traits@_W@std@@V?$allocator@_W@2@@std@@@2@@2@V?$allocator@U?$pair@$$CBV?$basic_string@_WU?$char_traits@_W@std@@V?$allocator@_W@2@@std@@V?$ComPtr@UIUnknown@@@WRL@Microsoft@@@std@@@2@$0A@@std@@@std@@IBEIABV?$basic_string@_WU?$char_traits@_W@std@@V?$allocator@_W@2@@2@@Z	78
218c7	??R?$_Uhash_compare@V?$basic_string@_WU?$char_traits@_W@std@@V?$allocator@_W@2@@std@@U?$hash@V?$basic_string@_WU?$char_traits@_W@std@@V?$allocator@_W@2@@std@@@2@U?$equal_to@V?$basic_string@_WU?$char_traits@_W@std@@V?$allocator@_W@2@@std@@@2@@std@@QBE_NABV?$basic_string@_WU?$char_traits@_W@std@@V?$allocator@_W@2@@1@0@Z	107
21932	?_Reallocate@?$vector@U?$pair@KU?$pair@T_ULARGE_INTEGER@@V?$ComPtr@VPerApartmentFactoryCache@@@WRL@Microsoft@@@std@@@std@@V?$allocator@U?$pair@KU?$pair@T_ULARGE_INTEGER@@V?$ComPtr@VPerApartmentFactoryCache@@@WRL@Microsoft@@@std@@@std@@@2@@std@@IAEXI@Z	135
219b9	?assign@?$basic_string@DU?$char_traits@D@std@@V?$allocator@D@2@@std@@QAEAAV12@ABV12@II@Z	163
21a5c	?_Grow@?$basic_string@DU?$char_traits@D@std@@V?$allocator@D@2@@std@@QAE_NI_N@Z	70
21aa2	?assign@?$basic_string@_WU?$char_traits@_W@std@@V?$allocator@_W@2@@std@@QAEAAV12@ABV12@II@Z	171
21b4d	?_Grow@?$basic_string@_WU?$char_traits@_W@std@@V?$allocator@_W@2@@std@@QAE_NI_N@Z	75
21b98	?erase@?$basic_string@DU?$char_traits@D@std@@V?$allocator@D@2@@std@@QAEAAV12@II@Z	95
21bf7	?_Copy@?$basic_string@DU?$char_traits@D@std@@V?$allocator@D@2@@std@@QAEXII@Z	96
21c57	Catch_All@10021c57	29
21cd3	Catch_All@10021cd3	39
21cfb	?erase@?$basic_string@_WU?$char_traits@_W@std@@V?$allocator@_W@2@@std@@QAEAAV12@II@Z	107
21d66	?_Copy@?$basic_string@_WU?$char_traits@_W@std@@V?$allocator@_W@2@@std@@QAEXII@Z	97
21dc7	Catch_All@10021dc7	29
21e44	Catch_All@10021e44	42
21e6f	?allocate@?$_Wrap_alloc@V?$allocator@D@std@@@std@@QAEPADI@Z	43
21e9a	?allocate@?$_Wrap_alloc@V?$allocator@_W@std@@@std@@QAEPA_WI@Z	47
21ec9	??$construct@U?$pair@KU?$pair@T_ULARGE_INTEGER@@V?$ComPtr@VPerApartmentFactoryCache@@@WRL@Microsoft@@@std@@@std@@U12@@?$_Wrap_alloc@V?$allocator@U?$pair@KU?$pair@T_ULARGE_INTEGER@@V?$ComPtr@VPerApartmentFactoryCache@@@WRL@Microsoft@@@std@@@std@@@std@@@std@@QAEXPAU?$pair@KU?$pair@T_ULARGE_INTEGER@@V?$ComPtr@VPerApartmentFactoryCache@@@WRL@Microsoft@@@std@@@1@$$QAU21@@Z	53
21efe	??$_Insert@AAU?$pair@$$CBV?$basic_string@_WU?$char_traits@_W@std@@V?$allocator@_W@2@@std@@V?$ComPtr@UIUnknown@@@WRL@Microsoft@@@std@@V?$_List_unchecked_iterator@V?$_List_val@U?$_List_simple_types@U?$pair@$$CBV?$basic_string@_WU?$char_traits@_W@std@@V?$allocator@_W@2@@std@@V?$ComPtr@UIUnknown@@@WRL@Microsoft@@@std@@@std@@@std@@@2@@?$_Hash@V?$_Umap_traits@V?$basic_string@_WU?$char_traits@_W@std@@V?$allocator@_W@2@@std@@V?$ComPtr@UIUnknown@@@WRL@Microsoft@@V?$_Uhash_compare@V?$basic_string@_WU?$char_traits@_W@std@@V?$allocator@_W@2@@std@@U?$hash@V?$basic_string@_WU?$char_traits@_W@std@@V?$allocator@_W@2@@std@@@2@U?$equal_to@V?$basic_string@_WU?$char_traits@_W@std@@V?$allocator@_W@2@@std@@@2@@2@V?$allocator@U?$pair@$$CBV?$basic_string@_WU?$char_traits@_W@std@@V?$allocator@_W@2@@std@@V?$ComPtr@UIUnknown@@@WRL@Microsoft@@@std@@@2@$0A@@std@@@std@@IAE?AU?$pair@V?$_List_iterator@V?$_List_val@U?$_List_simple_types@U?$pair@$$CBV?$basic_string@_WU?$char_traits@_W@std@@V?$allocator@_W@2@@std@@V?$ComPtr@UIUnknown@@@WRL@Microsoft@@@std@@@std@@@std@@@std@@_N@1@AAU?$pair@$$CBV?$basic_string@_WU?$char_traits@_W@std@@V?$allocator@_W@2@@std@@V?$ComPtr@UIUnknown@@@WRL@Microsoft@@@1@V?$_List_unchecked_iterator@V?$_List_val@U?$_List_simple_types@U?$pair@$$CBV?$basic_string@_WU?$char_traits@_W@std@@V?$allocator@_W@2@@std@@V?$ComPtr@UIUnknown@@@WRL@Microsoft@@@std@@@std@@@std@@@1@@Z	256
21ffe	??$MakeAndInitialize@VPerApartmentFactoryCache@@V1@AAK@Details@WRL@Microsoft@@YAJPAPAVPerApartmentFactoryCache@@AAK@Z	125
2207b	??0PerApartmentFactoryCache@@QAE@XZ	124
220f7	??_GPerApartmentFactoryCache@@UAEPAXI@Z	52
2212b	??1?$RuntimeClass@U?$RuntimeClassFlags@$01@WRL@Microsoft@@UIInitializeSpy@@VNil@Details@23@V5623@V5623@V5623@V5623@V5623@V5623@V5623@@WRL@Microsoft@@UAE@XZ	8
22133	??1?$_Hash@V?$_Umap_traits@V?$basic_string@_WU?$char_traits@_W@std@@V?$allocator@_W@2@@std@@V?$ComPtr@UIUnknown@@@WRL@Microsoft@@V?$_Uhash_compare@V?$basic_string@_WU?$char_traits@_W@std@@V?$allocator@_W@2@@std@@U?$hash@V?$basic_string@_WU?$char_traits@_W@std@@V?$allocator@_W@2@@std@@@2@U?$equal_to@V?$basic_string@_WU?$char_traits@_W@std@@V?$allocator@_W@2@@std@@@2@@2@V?$allocator@U?$pair@$$CBV?$basic_string@_WU?$char_traits@_W@std@@V?$allocator@_W@2@@std@@V?$ComPtr@UIUnknown@@@WRL@Microsoft@@@std@@@2@$0A@@std@@@std@@QAE@XZ	38
22159	?_Check_size@?$_Hash@V?$_Umap_traits@V?$basic_string@_WU?$char_traits@_W@std@@V?$allocator@_W@2@@std@@V?$ComPtr@UIUnknown@@@WRL@Microsoft@@V?$_Uhash_compare@V?$basic_string@_WU?$char_traits@_W@std@@V?$allocator@_W@2@@std@@U?$hash@V?$basic_string@_WU?$char_traits@_W@std@@V?$allocator@_W@2@@std@@@2@U?$equal_to@V?$basic_string@_WU?$char_traits@_W@std@@V?$allocator@_W@2@@std@@@2@@2@V?$allocator@U?$pair@$$CBV?$basic_string@_WU?$char_traits@_W@std@@V?$allocator@_W@2@@std@@V?$ComPtr@UIUnknown@@@WRL@Microsoft@@@std@@@2@$0A@@std@@@std@@IAEXXZ	143
221e8	?_Init@?$_Hash@V?$_Umap_traits@V?$basic_string@_WU?$char_traits@_W@std@@V?$allocator@_W@2@@std@@V?$ComPtr@UIUnknown@@@WRL@Microsoft@@V?$_Uhash_compare@V?$basic_string@_WU?$char_traits@_W@std@@V?$allocator@_W@2@@std@@U?$hash@V?$basic_string@_WU?$char_traits@_W@std@@V?$allocator@_W@2@@std@@@2@U?$equal_to@V?$basic_string@_WU?$char_traits@_W@std@@V?$allocator@_W@2@@std@@@2@@2@V?$allocator@U?$pair@$$CBV?$basic_string@_WU?$char_traits@_W@std@@V?$allocator@_W@2@@std@@V?$ComPtr@UIUnknown@@@WRL@Microsoft@@@std@@@2@$0A@@std@@@std@@IAEXI@Z	57
22221	??1?$list@U?$pair@$$CBV?$basic_string@_WU?$char_traits@_W@std@@V?$allocator@_W@2@@std@@V?$ComPtr@UIUnknown@@@WRL@Microsoft@@@std@@V?$allocator@U?$pair@$$CBV?$basic_string@_WU?$char_traits@_W@std@@V?$allocator@_W@2@@std@@V?$ComPtr@UIUnknown@@@WRL@Microsoft@@@std@@@2@@std@@QAE@XZ	49
22252	??1?$vector@V?$_List_unchecked_iterator@V?$_List_val@U?$_List_simple_types@U?$pair@$$CBV?$basic_string@_WU?$char_traits@_W@std@@V?$allocator@_W@2@@std@@V?$ComPtr@UIUnknown@@@WRL@Microsoft@@@std@@@std@@@std@@@std@@U?$_Wrap_alloc@V?$allocator@V?$_List_unchecked_iterator@V?$_List_val@U?$_List_simple_types@U?$pair@$$CBV?$basic_string@_WU?$char_traits@_W@std@@V?$allocator@_W@2@@std@@V?$ComPtr@UIUnknown@@@WRL@Microsoft@@@std@@@std@@@std@@@std@@@std@@@2@@std@@QAE@XZ	29
2226f	?_Freenode@?$_List_buy@U?$pair@$$CBV?$basic_string@_WU?$char_traits@_W@std@@V?$allocator@_W@2@@std@@V?$ComPtr@UIUnknown@@@WRL@Microsoft@@@std@@V?$allocator@U?$pair@$$CBV?$basic_string@_WU?$char_traits@_W@std@@V?$allocator@_W@2@@std@@V?$ComPtr@UIUnknown@@@WRL@Microsoft@@@std@@@2@@std@@QAEXPAU?$_List_node@U?$pair@$$CBV?$basic_string@_WU?$char_traits@_W@std@@V?$allocator@_W@2@@std@@V?$ComPtr@UIUnknown@@@WRL@Microsoft@@@std@@PAX@2@@Z	47
2229e	?_Insert_n@?$vector@V?$_List_unchecked_iterator@V?$_List_val@U?$_List_simple_types@U?$pair@$$CBV?$basic_string@_WU?$char_traits@_W@std@@V?$allocator@_W@2@@std@@V?$ComPtr@UIUnknown@@@WRL@Microsoft@@@std@@@std@@@std@@@std@@U?$_Wrap_alloc@V?$allocator@V?$_List_unchecked_iterator@V?$_List_val@U?$_List_simple_types@U?$pair@$$CBV?$basic_string@_WU?$char_traits@_W@std@@V?$allocator@_W@2@@std@@V?$ComPtr@UIUnknown@@@WRL@Microsoft@@@std@@@std@@@std@@@std@@@std@@@2@@std@@IAE?AV?$_Vector_iterator@V?$_Vector_val@U?$_Simple_types@V?$_List_unchecked_iterator@V?$_List_val@U?$_List_simple_types@U?$pair@$$CBV?$basic_string@_WU?$char_traits@_W@std@@V?$allocator@_W@2@@std@@V?$ComPtr@UIUnknown@@@WRL@Microsoft@@@std@@@std@@@std@@@std@@@std@@@std@@@2@V?$_Vector_const_iterator@V?$_Vector_val@U?$_Simple_types@V?$_List_unchecked_iterator@V?$_List_val@U?$_List_simple_types@U?$pair@$$CBV?$basic_string@_WU?$char_traits@_W@std@@V?$allocator@_W@2@@std@@V?$ComPtr@UIUnknown@@@WRL@Microsoft@@@std@@@std@@@std@@@std@@@std@@@std@@@2@IABV?$_List_unchecked_iterator@V?$_List_val@U?$_List_simple_types@U?$pair@$$CBV?$basic_string@_WU?$char_traits@_W@std@@V?$allocator@_W@2@@std@@V?$ComPtr@UIUnknown@@@WRL@Microsoft@@@std@@@std@@@std@@@2@@Z	521
224a7	?_Buynode0@?$_List_alloc@$0A@U?$_List_base_types@U?$pair@$$CBV?$basic_string@_WU?$char_traits@_W@std@@V?$allocator@_W@2@@std@@V?$ComPtr@UIUnknown@@@WRL@Microsoft@@@std@@V?$allocator@U?$pair@$$CBV?$basic_string@_WU?$char_traits@_W@std@@V?$allocator@_W@2@@std@@V?$ComPtr@UIUnknown@@@WRL@Microsoft@@@std@@@2@@std@@@std@@QAEPAU?$_List_node@U?$pair@$$CBV?$basic_string@_WU?$char_traits@_W@std@@V?$allocator@_W@2@@std@@V?$ComPtr@UIUnknown@@@WRL@Microsoft@@@std@@PAX@2@PAU32@0@Z	53
224dc	??$_Uninit_move@PAU?$pair@KU?$pair@T_ULARGE_INTEGER@@V?$ComPtr@VPerApartmentFactoryCache@@@WRL@Microsoft@@@std@@@std@@PAU12@V?$allocator@U?$pair@KU?$pair@T_ULARGE_INTEGER@@V?$ComPtr@VPerApartmentFactoryCache@@@WRL@Microsoft@@@std@@@std@@@2@U12@@std@@YAPAU?$pair@KU?$pair@T_ULARGE_INTEGER@@V?$ComPtr@VPerApartmentFactoryCache@@@WRL@Microsoft@@@std@@@0@PAU10@00AAU?$_Wrap_alloc@V?$allocator@U?$pair@KU?$pair@T_ULARGE_INTEGER@@V?$ComPtr@VPerApartmentFactoryCache@@@WRL@Microsoft@@@std@@@std@@@std@@@0@0U_Nonscalar_ptr_iterator_tag@0@@Z	39
22503	??$_Buynode@U?$pair@V?$basic_string@_WU?$char_traits@_W@std@@V?$allocator@_W@2@@std@@V?$ComPtr@UIUnknown@@@WRL@Microsoft@@@std@@@?$_List_buy@U?$pair@$$CBV?$basic_string@_WU?$char_traits@_W@std@@V?$allocator@_W@2@@std@@V?$ComPtr@UIUnknown@@@WRL@Microsoft@@@std@@V?$allocator@U?$pair@$$CBV?$basic_string@_WU?$char_traits@_W@std@@V?$allocator@_W@2@@std@@V?$ComPtr@UIUnknown@@@WRL@Microsoft@@@std@@@2@@std@@QAEPAU?$_List_node@U?$pair@$$CBV?$basic_string@_WU?$char_traits@_W@std@@V?$allocator@_W@2@@std@@V?$ComPtr@UIUnknown@@@WRL@Microsoft@@@std@@PAX@1@PAU21@0$$QAU?$pair@V?$basic_string@_WU?$char_traits@_W@std@@V?$allocator@_W@2@@std@@V?$ComPtr@UIUnknown@@@WRL@Microsoft@@@1@@Z	40
2252b	??$_Uninit_fill_n@PAV?$_List_unchecked_iterator@V?$_List_val@U?$_List_simple_types@U?$pair@$$CBV?$basic_string@_WU?$char_traits@_W@std@@V?$allocator@_W@2@@std@@V?$ComPtr@UIUnknown@@@WRL@Microsoft@@@std@@@std@@@std@@@std@@IV12@U?$_Wrap_alloc@V?$allocator@V?$_List_unchecked_iterator@V?$_List_val@U?$_List_simple_types@U?$pair@$$CBV?$basic_string@_WU?$char_traits@_W@std@@V?$allocator@_W@2@@std@@V?$ComPtr@UIUnknown@@@WRL@Microsoft@@@std@@@std@@@std@@@std@@@std@@@2@V12@@std@@YAXPAV?$_List_unchecked_iterator@V?$_List_val@U?$_List_simple_types@U?$pair@$$CBV?$basic_string@_WU?$char_traits@_W@std@@V?$allocator@_W@2@@std@@V?$ComPtr@UIUnknown@@@WRL@Microsoft@@@std@@@std@@@std@@@0@IPBV10@AAU?$_Wrap_alloc@U?$_Wrap_alloc@V?$allocator@V?$_List_unchecked_iterator@V?$_List_val@U?$_List_simple_types@U?$pair@$$CBV?$basic_string@_WU?$char_traits@_W@std@@V?$allocator@_W@2@@std@@V?$ComPtr@UIUnknown@@@WRL@Microsoft@@@std@@@std@@@std@@@std@@@std@@@std@@@0@0U_Nonscalar_ptr_iterator_tag@0@@Z	28
22547	??$_Uninit_move@PAV?$_List_unchecked_iterator@V?$_List_val@U?$_List_simple_types@U?$pair@$$CBV?$basic_string@_WU?$char_traits@_W@std@@V?$allocator@_W@2@@std@@V?$ComPtr@UIUnknown@@@WRL@Microsoft@@@std@@@std@@@std@@@std@@PAV12@U?$_Wrap_alloc@V?$allocator@V?$_List_unchecked_iterator@V?$_List_val@U?$_List_simple_types@U?$pair@$$CBV?$basic_string@_WU?$char_traits@_W@std@@V?$allocator@_W@2@@std@@V?$ComPtr@UIUnknown@@@WRL@Microsoft@@@std@@@std@@@std@@@std@@@std@@@2@V12@@std@@YAPAV?$_List_unchecked_iterator@V?$_List_val@U?$_List_simple_types@U?$pair@$$CBV?$basic_string@_WU?$char_traits@_W@std@@V?$allocator@_W@2@@std@@V?$ComPtr@UIUnknown@@@WRL@Microsoft@@@std@@@std@@@std@@@0@PAV10@00AAU?$_Wrap_alloc@U?$_Wrap_alloc@V?$allocator@V?$_List_unchecked_iterator@V?$_List_val@U?$_List_simple_types@U?$pair@$$CBV?$basic_string@_WU?$char_traits@_W@std@@V?$allocator@_W@2@@std@@V?$ComPtr@UIUnknown@@@WRL@Microsoft@@@std@@@std@@@std@@@std@@@std@@@std@@@0@0U_Nonscalar_ptr_iterator_tag@0@@Z	32
22567	??$?0V?$basic_string@_WU?$char_traits@_W@std@@V?$allocator@_W@2@@std@@V?$ComPtr@UIUnknown@@@WRL@Microsoft@@@?$pair@$$CBV?$basic_string@_WU?$char_traits@_W@std@@V?$allocator@_W@2@@std@@V?$ComPtr@UIUnknown@@@WRL@Microsoft@@@std@@QAE@$$QAU?$pair@V?$basic_string@_WU?$char_traits@_W@std@@V?$allocator@_W@2@@std@@V?$ComPtr@UIUnknown@@@WRL@Microsoft@@@1@PAPAX@Z	116
225db	GetWeakReference	118
22651	ResolveWeakReference	79
226a1	??$AsWeak@UIUnknown@@@WRL@Microsoft@@YAJPAUIUnknown@@PAVWeakRef@01@@Z	160
22741	GetObjectContext	35
22765	?MarshallToStream@Details@Platform@@YGJPAUtagComCallData@@@Z	39
2278c	?ReleaseInContextCallBack@Details@Platform@@YGJPAUtagComCallData@@@Z	35
227af	GetProxyImpl	148
22843	ReleaseInContextImpl	128
228c3	__security_check_cookie	15
228d2	__purecall	6
228d8	??_Etype_info@@UAEPAXI@Z	74
22922	??_U@YAPAXIABUnothrow_t@std@@@Z	9
2292b	`eh_vector_destructor_iterator'	83
2299a	__ArrayUnwind	50
229f8	`eh_vector_constructor_iterator'	76
22a60	??3@YAXPAX@Z	6
22a66	??2@YAPAXI@Z	6
22a6c	??2@YAPAXIABUnothrow_t@std@@@Z	27
22a87	Catch_All@10022a87	10
22ad6	__onexit	153
22b7b	_atexit	21
22b90	?what@exception@std@@UBEPBDXZ	6
22be2	__CRT_INIT@12	501
22dd7	entry	35
22dfa	___DllMainCRTStartup	268
22f2d	___raise_securityfailure	61
22f6a	___report_gsfailure	249
23064	??1type_info@@UAE@XZ	6
23070	__SEH_prolog4	69
230b5	__SEH_epilog4	20
230c9	__except_handler4	35
230ec	__EH_epilog3	20
23100	__EH_epilog3_GS	15
2310f	__EH_epilog3_catch_GS	15
2311e	__EH_prolog3	51
23151	__EH_prolog3_GS	54
23187	__EH_prolog3_catch	54
231bd	__EH_prolog3_catch_GS	57
231f6	___CxxFrameHandler3	6
231fc	__lock	6
23202	__unlock	6
23208	___dllonexit	6
23214	__amsg_exit	6
23220	__FindPESection	67
23270	__IsNonwritableInCurrentImage	164
23330	__ValidateImageBase	49
23361	___security_init_cookie	154
233fb	_DllMain@12	34
2345e	__initterm	6
23464	__initterm_e	6
23476	__crt_debugger_hook	6
2347c	___crtUnhandledException	6
23482	___crtTerminateProcess	6
23488	__except_handler4_common	6
23494	_IsProcessorFeaturePresent@4	6
2349a	__CxxThrowException@8	6
234a0	__allshr	33
234d0	__aullshr	31
234f0	__alloca_probe	43
2351c	_memcpy	6
23522	_memset	6
2354b	Unwind@1002354b	10
23555	Unwind@10023555	8
2355d	Unwind@1002355d	8
23580	Unwind@10023580	8
2360f	Unwind@1002360f	8
2369e	Unwind@1002369e	10
236a8	Unwind@100236a8	8
236cb	Unwind@100236cb	8
236d3	Unwind@100236d3	8
236f6	Unwind@100236f6	8
236fe	Unwind@100236fe	8
23721	Unwind@10023721	8
23729	Unwind@10023729	8
2374c	Unwind@1002374c	8
23754	Unwind@10023754	8
23777	Unwind@10023777	8
2377f	Unwind@1002377f	8
237a2	Unwind@100237a2	8
237aa	Unwind@100237aa	8
237cd	Unwind@100237cd	8
237d5	Unwind@100237d5	8
237f8	Unwind@100237f8	8
23800	Unwind@10023800	8
23823	Unwind@10023823	8
2382b	Unwind@1002382b	8
2384e	Unwind@1002384e	8
23856	Unwind@10023856	8
23879	Unwind@10023879	8
23881	Unwind@10023881	8
238a4	Unwind@100238a4	8
238c7	Unwind@100238c7	5
238cc	Unwind@100238cc	8
238ef	Unwind@100238ef	5
238f4	Unwind@100238f4	8
23921	Unwind@10023921	5
23926	Unwind@10023926	8
23953	Unwind@10023953	8
2395b	Unwind@1002395b	8
23963	Unwind@10023963	8
2396b	Unwind@1002396b	8
2398e	Unwind@1002398e	8
23996	Unwind@10023996	8
2399e	Unwind@1002399e	8
239a6	Unwind@100239a6	8
239c9	Unwind@100239c9	8
239d1	Unwind@100239d1	8
239d9	Unwind@100239d9	8
239e1	Unwind@100239e1	8
23a04	Unwind@10023a04	8
23a0c	Unwind@10023a0c	8
23a14	Unwind@10023a14	8
23a1c	Unwind@10023a1c	8
23a3f	Unwind@10023a3f	8
23a47	Unwind@10023a47	8
23a4f	Unwind@10023a4f	8
23a57	Unwind@10023a57	8
23a7a	Unwind@10023a7a	8
23a82	Unwind@10023a82	8
23a8a	Unwind@10023a8a	8
23a92	Unwind@10023a92	8
23ab5	Unwind@10023ab5	8
23abd	Unwind@10023abd	8
23ac5	Unwind@10023ac5	8
23acd	Unwind@10023acd	8
23af0	Unwind@10023af0	8
23af8	Unwind@10023af8	8
23b00	Unwind@10023b00	8
23b08	Unwind@10023b08	8
23b2b	Unwind@10023b2b	8
23b33	Unwind@10023b33	8
23b3b	Unwind@10023b3b	8
23b43	Unwind@10023b43	8
23b66	Unwind@10023b66	8
23b6e	Unwind@10023b6e	8
23b76	Unwind@10023b76	8
23b7e	Unwind@10023b7e	8
23ba1	Unwind@10023ba1	8
23ba9	Unwind@10023ba9	8
23bb1	Unwind@10023bb1	8
23bb9	Unwind@10023bb9	8
23bdc	Unwind@10023bdc	8
23be4	Unwind@10023be4	8
23bec	Unwind@10023bec	8
23bf4	Unwind@10023bf4	8
23c17	Unwind@10023c17	8
23c1f	Unwind@10023c1f	8
23c27	Unwind@10023c27	8
23c2f	Unwind@10023c2f	8
23c52	Unwind@10023c52	8
23c5a	Unwind@10023c5a	8
23c62	Unwind@10023c62	8
23c6a	Unwind@10023c6a	8
23c8d	Unwind@10023c8d	8
23c95	Unwind@10023c95	8
23c9d	Unwind@10023c9d	8
23ca5	Unwind@10023ca5	8
23cc8	Unwind@10023cc8	8
23cd0	Unwind@10023cd0	8
23cd8	Unwind@10023cd8	8
23ce0	Unwind@10023ce0	8
23d03	Unwind@10023d03	8
23d0b	Unwind@10023d0b	8
23d13	Unwind@10023d13	8
23d1b	Unwind@10023d1b	8
23d3e	Unwind@10023d3e	8
23d46	Unwind@10023d46	8
23d4e	Unwind@10023d4e	8
23d56	Unwind@10023d56	8
23d79	Unwind@10023d79	8
23d81	Unwind@10023d81	8
23d89	Unwind@10023d89	8
23d91	Unwind@10023d91	8
23db4	Unwind@10023db4	10
23dd9	Unwind@10023dd9	11
23dff	Unwind@10023dff	8
23e07	Unwind@10023e07	8
23e0f	Unwind@10023e0f	8
23e32	Unwind@10023e32	8
23e3a	Unwind@10023e3a	8
23e42	Unwind@10023e42	8
23e4a	Unwind@10023e4a	8
23e6d	Unwind@10023e6d	8
23e75	Unwind@10023e75	8
23e7d	Unwind@10023e7d	8
23ea0	Unwind@10023ea0	8
23ea8	Unwind@10023ea8	8
23eb0	Unwind@10023eb0	8
23ed3	Unwind@10023ed3	8
23edb	Unwind@10023edb	8
23ee3	Unwind@10023ee3	8
23eeb	Unwind@10023eeb	8
23ef3	Unwind@10023ef3	8
23efb	Unwind@10023efb	8
23f03	Unwind@10023f03	8
23f0b	Unwind@10023f0b	8
23f13	Unwind@10023f13	8
23f1b	Unwind@10023f1b	8
23f23	Unwind@10023f23	8
23f2b	Unwind@10023f2b	8
23f33	Unwind@10023f33	8
23f3b	Unwind@10023f3b	8
23f43	Unwind@10023f43	8
23f4b	Unwind@10023f4b	8
23f53	Unwind@10023f53	8
23f5b	Unwind@10023f5b	8
23f7e	Unwind@10023f7e	8
240e5	Unwind@100240e5	25
24119	Unwind@10024119	8
24121	Unwind@10024121	8
24129	Unwind@10024129	8
24131	Unwind@10024131	8
24139	Unwind@10024139	8
24141	Unwind@10024141	8
24149	Unwind@10024149	10
24153	Unwind@10024153	8
24176	Unwind@10024176	8
24199	Unwind@10024199	8
241bc	Unwind@100241bc	8
241c4	Unwind@100241c4	8
241cc	Unwind@100241cc	8
241d4	Unwind@100241d4	8
241f7	Unwind@100241f7	8
241ff	Unwind@100241ff	8
24207	Unwind@10024207	8
2422a	Unwind@1002422a	8
2424d	Unwind@1002424d	11
24258	Unwind@10024258	10
24262	Unwind@10024262	8
24285	Unwind@10024285	8
2428d	Unwind@1002428d	10
24297	Unwind@10024297	8
2429f	Unwind@1002429f	10
242a9	Unwind@100242a9	8
242b1	Unwind@100242b1	10
242bb	Unwind@100242bb	8
242c3	Unwind@100242c3	10
242cd	Unwind@100242cd	8
242d5	Unwind@100242d5	10
242df	Unwind@100242df	8
242e7	Unwind@100242e7	10
242f1	Unwind@100242f1	8
242f9	Unwind@100242f9	10
24303	Unwind@10024303	8
2430b	Unwind@1002430b	10
24315	Unwind@10024315	8
2431d	Unwind@1002431d	10
24327	Unwind@10024327	8
2432f	Unwind@1002432f	10
24339	Unwind@10024339	8
24341	Unwind@10024341	10
2434b	Unwind@1002434b	8
24353	Unwind@10024353	10
2435d	Unwind@1002435d	8
24365	Unwind@10024365	10
2436f	Unwind@1002436f	8
24377	Unwind@10024377	10
24381	Unwind@10024381	8
24389	Unwind@10024389	10
24393	Unwind@10024393	8
243b6	Unwind@100243b6	10
243c0	Unwind@100243c0	8
243c8	Unwind@100243c8	8
243d0	Unwind@100243d0	8
243f3	Unwind@100243f3	8
243fb	Unwind@100243fb	8
24403	Unwind@10024403	8
2440b	Unwind@1002440b	8
2442e	Unwind@1002442e	8
24436	Unwind@10024436	10
24440	Unwind@10024440	8
24448	Unwind@10024448	8
24450	Unwind@10024450	8
24473	Unwind@10024473	8
2447b	Unwind@1002447b	10
24485	Unwind@10024485	8
2448d	Unwind@1002448d	8
24495	Unwind@10024495	8
244b8	Unwind@100244b8	5
244bd	Unwind@100244bd	11
244f0	Unwind@100244f0	10
244fa	Unwind@100244fa	8
24502	Unwind@10024502	10
2450c	Unwind@1002450c	8
24514	Unwind@10024514	10
2451e	Unwind@1002451e	8
2455c	Unwind@1002455c	8
2457f	Unwind@1002457f	8
24587	Unwind@10024587	8
2458f	Unwind@1002458f	8
245b2	Unwind@100245b2	8
245ba	Unwind@100245ba	8
245c2	Unwind@100245c2	8
245ca	Unwind@100245ca	8
245d2	Unwind@100245d2	8
245da	Unwind@100245da	8
245e2	Unwind@100245e2	8
245ea	Unwind@100245ea	8
245f2	Unwind@100245f2	8
245fa	Unwind@100245fa	8
24602	Unwind@10024602	8
2460a	Unwind@1002460a	8
24612	Unwind@10024612	8
24635	Unwind@10024635	10
2463f	Unwind@1002463f	8
24647	Unwind@10024647	8
2464f	Unwind@1002464f	8
24657	Unwind@10024657	8
2465f	Unwind@1002465f	8
24667	Unwind@10024667	8
2468a	Unwind@1002468a	8
24692	Unwind@10024692	8
2469a	Unwind@1002469a	8
246bd	Unwind@100246bd	8
246c5	Unwind@100246c5	8
246e8	Unwind@100246e8	8
246f0	Unwind@100246f0	8
246f8	Unwind@100246f8	8
24700	Unwind@10024700	8
24708	Unwind@10024708	8
24710	Unwind@10024710	8
24733	Unwind@10024733	8
2473b	Unwind@1002473b	11
24746	Unwind@10024746	10
24750	Unwind@10024750	8
24758	Unwind@10024758	10
24762	Unwind@10024762	8
24785	Unwind@10024785	8
247a8	Unwind@100247a8	10
247b2	Unwind@100247b2	8
247d5	Unwind@100247d5	8
247dd	Unwind@100247dd	8
247e5	Unwind@100247e5	8
247ed	Unwind@100247ed	8
247f5	Unwind@100247f5	8
24818	Unwind@10024818	10
24822	Unwind@10024822	8
2482a	Unwind@1002482a	10
24834	Unwind@10024834	8
24857	Unwind@10024857	8
2485f	Unwind@1002485f	8
24867	Unwind@10024867	8
2486f	Unwind@1002486f	8
24877	Unwind@10024877	8
2489a	Unwind@1002489a	11
248a5	Unwind@100248a5	8
248ad	Unwind@100248ad	8
248d0	Unwind@100248d0	8
248d8	Unwind@100248d8	11
248e3	Unwind@100248e3	10
248ed	Unwind@100248ed	8
24910	Unwind@10024910	25
24929	Unwind@10024929	8
24931	Unwind@10024931	5
24936	Unwind@10024936	8
24959	Unwind@10024959	8
24961	Unwind@10024961	10
2496b	Unwind@1002496b	8
2498e	Unwind@1002498e	8
24996	Unwind@10024996	8
249b9	Unwind@100249b9	10
249c3	Unwind@100249c3	8
249e6	Unwind@100249e6	8
249ee	Unwind@100249ee	8
249f6	Unwind@100249f6	11
24a1c	Unwind@10024a1c	8
24a24	Unwind@10024a24	8
24a2c	Unwind@10024a2c	8
24a34	Unwind@10024a34	8
24a61	Unwind@10024a61	11
24a6c	Unwind@10024a6c	11
24a77	Unwind@10024a77	8
24a7f	Unwind@10024a7f	8
24a87	Unwind@10024a87	11
24ac0	Unwind@10024ac0	8
24b23	Unwind@10024b23	10
24b2d	Unwind@10024b2d	8
24b35	Unwind@10024b35	8
24b58	Unwind@10024b58	8
24b7b	Unwind@10024b7b	8
