addr	name	kind	module	class	attributed_by	size
00401000	FUN_00401000	gamemisc	audio	Helpers	caller-vote	17
00401020	FUN_00401020	gamemisc	audio	Helpers	caller-vote	17
00401040	compute_401040	gamemisc	game_misc	_helpers_computed	role:computed	17
00401060	FUN_00401060	gamemisc	audio	Helpers	caller-vote	140
004010f0	FUN_004010f0	gamemisc	audio	Helpers	caller-vote	41
00401120	FUN_00401120	gamemisc	audio	Unsorted	logic:caller-vote	185
004011e0	FUN_004011e0	gamemisc	audio	Helpers	caller-vote	78
00401230	FUN_00401230	gamemisc	audio	Helpers	caller-vote	106
004012a0	FUN_004012a0	gamemisc	audio	Unsorted	logic:caller-vote	141
00401330	FUN_00401330	gamemisc	audio	Unsorted	logic:caller-vote	45
00401360	FUN_00401360	gamemisc	audio	Helpers	caller-vote	56
004013a0	FUN_004013a0	gamemisc	audio	Helpers	caller-vote	174
00401450	FUN_00401450	gamemisc	audio	Helpers	caller-vote	35
00401480	FUN_00401480	gamemisc	audio	Helpers	caller-vote	312
004015c0	FUN_004015c0	gamemisc	audio	Helpers	caller-vote	799
004018f0	FUN_004018f0	gamemisc	audio	Helpers	caller-vote	56
00401930	FUN_00401930	gamemisc	audio	Helpers	caller-vote	139
004019c0	FUN_004019c0	gamemisc	audio	Helpers	caller-vote	45
004019f0	FUN_004019f0	gamemisc	audio	Helpers	caller-vote	280
00401b10	FUN_00401b10	gamemisc	audio	Helpers	caller-vote	34
00401b40	FUN_00401b40	gamemisc	audio	Helpers	caller-vote	248
00401c40	FUN_00401c40	gamemisc	game_misc	Unsorted_000	none	293
00401d70	FUN_00401d70	gamemisc	game_misc	Unsorted_000	none	192
00401e30	FUN_00401e30	gamemisc	game_misc	Unsorted_000	none	75
00401e80	FUN_00401e80	gamemisc	audio	Helpers	caller-vote	242
00401f80	FUN_00401f80	gamemisc	control	Helpers	caller-vote	106
00401ff0	FUN_00401ff0	gamemisc	world	_helpers_ctor-like	role:ctor-like	363
0040215e	Catch_All@0040215e	lib	_library	eh_funclets	eh	26
0040217e	FUN_0040217e	gamemisc	world	Unsorted	logic:caller-vote	89
004021e0	FUN_004021e0	gamemisc	control	Helpers	caller-vote	41
00402210	FUN_00402210	gamemisc	engine	_helpers_wrapper	role:wrapper	89
00402269	Catch_All@00402269	lib	_library	eh_funclets	eh	17
00402280	FUN_00402280	gamemisc	engine	_helpers_wrapper	role:wrapper	89
004022d9	Catch_All@004022d9	lib	_library	eh_funclets	eh	17
004022f0	FUN_004022f0	gamemisc	engine	_helpers_dtor-like	role:dtor-like	60
00402350	mutator_402350	gamemisc	game_misc	_helpers_mutator	role:mutator	30
00402370	FUN_00402370	gamemisc	engine	Unsorted	logic:caller-vote	374
0040249e	Catch_All@0040249e	lib	_library	eh_funclets	eh	8
00402500	FUN_00402500	gamemisc	engine	Unsorted	logic:caller-vote	379
00402633	Catch_All@00402633	lib	_library	eh_funclets	eh	8
004026a0	FUN_004026a0	gamemisc	control	Helpers	caller-vote	539
004028d0	FUN_004028d0	gamemisc	control	Helpers	caller-vote	468
00402aa4	Catch_All@00402aa4	lib	_library	eh_funclets	eh	20
00402ac0	FUN_00402ac0	gamemisc	control	Helpers	caller-vote	600
00402d3b	Catch_All@00402d3b	lib	_library	eh_funclets	eh	20
00402d50	FUN_00402d50	gamemisc	engine	Unsorted	logic:caller-vote	208
00402e20	FUN_00402e20	gamemisc	engine	Helpers	caller-vote	37
00402e50	FUN_00402e50	gamemisc	engine	Unsorted	logic:caller-vote	39
00402e80	FUN_00402e80	gamemisc	control	Helpers	caller-vote	49
00402ed0	FUN_00402ed0	gamemisc	control	Helpers	caller-vote	165
00402f80	FUN_00402f80	gamemisc	engine	_helpers_dtor-like	role:dtor-like	44
00402fd0	FUN_00402fd0	gamemisc	engine	_helpers_dtor-like	role:dtor-like	57
00403030	FUN_00403030	gamemisc	engine	_helpers_dtor-like	role:dtor-like	129
004030c0	FUN_004030c0	gamemisc	world	Helpers	caller-vote	21
004030e0	FUN_004030e0	gamemisc	control	Helpers	caller-vote	239
004031d0	FUN_004031d0	gamemisc	control	Helpers	caller-vote	264
004032e0	FUN_004032e0	gamemisc	control	Helpers	caller-vote	100
00403350	FUN_00403350	gamemisc	control	Unsorted	logic:caller-vote	81
004033b0	FUN_004033b0	gamemisc	control	Helpers	caller-vote	20
004033d0	FUN_004033d0	gamemisc	world	Helpers	caller-vote	229
004034c0	FUN_004034c0	gamemisc	engine	Helpers	caller-vote	140
0040354c	Catch_All@0040354c	lib	_library	eh_funclets	eh	17
00403560	abstr::Machine::Machine	game	engine	Machine	rtti	2179
00403df0	std::basic_filebuf<char,std::char_traits<char>_>::~basic_filebuf<char,std::char_traits<char>_>	lib	_library	stl	stl-ns	67
00403e40	std::basic_ifstream<char,std::char_traits<char>_>::basic_ifstream<char,std::char_traits<char>_>	lib	_library	stl	stl-ns	108
00403eb0	FUN_00403eb0	gamemisc	control	_helpers_wrapper	role:wrapper	35
00403ee0	FUN_00403ee0	gamemisc	game_misc	_helpers_wrapper	role:wrapper	28
00403f10	abstr::Machine::~Machine	game	engine	Machine	rtti	72
00404040	vdispatch_404040	gamemisc	game_misc	_helpers_dispatch	role:dispatch	24
00404060	FUN_00404060	gamemisc	game_misc	Unsorted_000	none	43
00404090	FUN_00404090	gamemisc	control	Helpers	caller-vote	58
004040d0	FUN_004040d0	gamemisc	engine	Helpers	caller-vote	231
004041c0	FUN_004041c0	gamemisc	control	_helpers_dtor-like	role:dtor-like	275
004042e0	FUN_004042e0	gamemisc	audio	Helpers	caller-vote	215
004043c0	FUN_004043c0	gamemisc	control	Helpers	caller-vote	43
004043f0	FUN_004043f0	gamemisc	control	Helpers	caller-vote	37
00404420	FUN_00404420	gamemisc	world	Helpers	caller-vote	91
0040447b	std::basic_ifstream<char,std::char_traits<char>_>::vfunction1	lib	_library	stl	stl-ns	8
00404483	std::basic_stringstream<char,std::char_traits<char>,std::allocator<char>_>::vfunction1	lib	_library	stl	stl-ns	8
00404490	std::basic_filebuf<char,std::char_traits<char>_>::deleting_destructor	lib	_library	stl	stl-ns	88
004044f0	FUN_004044f0	gamemisc	game_misc	_helpers_dtor-like	role:dtor-like	62
00404540	std::basic_stringbuf<char,std::char_traits<char>,std::allocator<char>_>::deleting_destructor	lib	_library	stl	stl-ns	44
00404570	FUN_00404570	gamemisc	game_misc	_helpers_dtor-like	role:dtor-like	116
004045f0	abstr::Machine::deleting_destructor	game	engine	Machine	rtti	30
00404620	std::_System_error_category::deleting_destructor	lib	_library	stl	stl-ns	31
00404650	FUN_00404650	gamemisc	engine	_helpers_dtor-like	role:dtor-like	212
00404760	FUN_00404760	gamemisc	engine	_helpers_dtor-like	role:dtor-like	242
00404890	FUN_00404890	gamemisc	engine	_helpers_dtor-like	role:dtor-like	216
004049a0	FUN_004049a0	gamemisc	engine	_helpers_dtor-like	role:dtor-like	207
00404ab0	FUN_00404ab0	gamemisc	engine	_helpers_dtor-like	role:dtor-like	241
00404be0	FUN_00404be0	gamemisc	engine	_helpers_dtor-like	role:dtor-like	219
00404cf0	FUN_00404cf0	gamemisc	engine	_helpers_dtor-like	role:dtor-like	221
00404e00	FUN_00404e00	gamemisc	engine	_helpers_dtor-like	role:dtor-like	213
00404f10	FUN_00404f10	gamemisc	engine	_helpers_dtor-like	role:dtor-like	249
0040503c	std::basic_stringstream<char,std::char_traits<char>,std::allocator<char>_>::vfunction2	lib	_library	stl	stl-ns	12
00405048	std::basic_ifstream<char,std::char_traits<char>_>::vfunction2	lib	_library	stl	stl-ns	12
00405054	std::basic_stringstream<char,std::char_traits<char>,std::allocator<char>_>::vfunction3	lib	_library	stl	stl-ns	12
00405060	FUN_00405060	gamemisc	control	Unsorted	logic:caller-vote	85
004050c0	FUN_004050c0	gamemisc	control	Helpers	caller-vote	55
00405100	fwd_0040da70_405100	gamemisc	game_misc	_helpers_thunk	role:thunk	18
00405120	FUN_00405120	gamemisc	engine	_indirect_callback	role:callback	136
004051b0	fwd_0040da70_4051b0	gamemisc	game_misc	_helpers_thunk	role:thunk	33
004051e0	fwd_0040da70_4051e0	gamemisc	game_misc	_helpers_thunk	role:thunk	46
00405210	FUN_00405210	gamemisc	engine	_indirect_callback	role:callback	120
00405290	fwd_0040c390_405290	gamemisc	game_misc	_helpers_thunk	role:thunk	18
004052b0	fwd_0040c390_4052b0	gamemisc	game_misc	_helpers_thunk	role:thunk	45
004052e0	FUN_004052e0	gamemisc	engine	_indirect_callback	role:callback	192
004053b0	FUN_004053b0	gamemisc	engine	_indirect_callback	role:callback	99
00405420	FUN_00405420	gamemisc	engine	Helpers	caller-vote	66
00405470	FUN_00405470	gamemisc	engine	_helpers_wrapper	role:wrapper	53
004054b0	FUN_004054b0	gamemisc	engine	Unsorted	logic:caller-vote	63
004054f0	FUN_004054f0	gamemisc	control	_helpers_dtor-like	role:dtor-like	242
00405586	Catch_All@00405586	lib	_library	eh_funclets	eh	32
004055c3	Catch_All@004055c3	lib	_library	eh_funclets	eh	42
00405640	FUN_00405640	gamemisc	engine	_helpers_dtor-like	role:dtor-like	181
00405700	FUN_00405700	gamemisc	engine	_helpers_dtor-like	role:dtor-like	208
00405810	FUN_00405810	gamemisc	game_misc	_helpers_wrapper	role:wrapper	45
00405850	FUN_00405850	gamemisc	engine	_helpers_dtor-like	role:dtor-like	207
00405960	FUN_00405960	gamemisc	engine	_helpers_dtor-like	role:dtor-like	215
00405a70	FUN_00405a70	gamemisc	engine	_helpers_dtor-like	role:dtor-like	242
00405ba0	FUN_00405ba0	gamemisc	engine	_helpers_dtor-like	role:dtor-like	219
00405cc0	FUN_00405cc0	gamemisc	control	Helpers	caller-vote	328
00405e10	FUN_00405e10	gamemisc	audio	Helpers	caller-vote	76
00405e70	FUN_00405e70	gamemisc	engine	_helpers_dtor-like	role:dtor-like	224
00405f90	FUN_00405f90	gamemisc	engine	_helpers_dtor-like	role:dtor-like	228
004060b0	FUN_004060b0	gamemisc	engine	_helpers_dtor-like	role:dtor-like	234
004061e0	FUN_004061e0	gamemisc	engine	_helpers_dtor-like	role:dtor-like	224
00406300	FUN_00406300	gamemisc	engine	_helpers_dtor-like	role:dtor-like	224
00406420	FUN_00406420	gamemisc	engine	_helpers_dtor-like	role:dtor-like	220
00406540	FUN_00406540	gamemisc	engine	_helpers_dtor-like	role:dtor-like	220
00406660	FUN_00406660	gamemisc	engine	_helpers_dtor-like	role:dtor-like	130
004066f0	FUN_004066f0	gamemisc	engine	_helpers_dtor-like	role:dtor-like	173
004067c0	FUN_004067c0	gamemisc	engine	_helpers_dtor-like	role:dtor-like	212
004068b0	FUN_004068b0	gamemisc	engine	_helpers_dtor-like	role:dtor-like	232
004069c0	fwd_0040b9f0_4069c0	gamemisc	game_misc	_helpers_thunk	role:thunk	26
004069e0	FUN_004069e0	gamemisc	engine	_helpers_dtor-like	role:dtor-like	224
00406b00	FUN_00406b00	gamemisc	engine	_helpers_dtor-like	role:dtor-like	234
00406c30	FUN_00406c30	gamemisc	engine	_helpers_dtor-like	role:dtor-like	228
00406d50	FUN_00406d50	gamemisc	engine	_helpers_wrapper	role:wrapper	101
00406dc0	FUN_00406dc0	gamemisc	engine	_helpers_wrapper	role:wrapper	107
00406e30	FUN_00406e30	gamemisc	engine	_indirect_callback	role:callback	134
00406ec0	FUN_00406ec0	gamemisc	engine	_helpers_wrapper	role:wrapper	105
00406f30	FUN_00406f30	gamemisc	engine	_helpers_dtor-like	role:dtor-like	211
00407040	FUN_00407040	gamemisc	engine	_helpers_dtor-like	role:dtor-like	250
00407170	FUN_00407170	gamemisc	engine	_helpers_dtor-like	role:dtor-like	225
00407290	FUN_00407290	gamemisc	engine	_helpers_dtor-like	role:dtor-like	259
004073d0	FUN_004073d0	gamemisc	engine	_helpers_dtor-like	role:dtor-like	246
00407510	FUN_00407510	gamemisc	engine	_helpers_wrapper	role:wrapper	91
00407570	FUN_00407570	gamemisc	engine	_helpers_dtor-like	role:dtor-like	158
00407620	FUN_00407620	gamemisc	engine	_helpers_wrapper	role:wrapper	91
00407680	FUN_00407680	gamemisc	engine	_helpers_wrapper	role:wrapper	79
004076d0	FUN_004076d0	gamemisc	engine	_helpers_dtor-like	role:dtor-like	235
004077f0	FUN_004077f0	gamemisc	engine	_helpers_dtor-like	role:dtor-like	229
00407910	FUN_00407910	gamemisc	engine	_helpers_dtor-like	role:dtor-like	246
00407a50	FUN_00407a50	gamemisc	engine	_helpers_dtor-like	role:dtor-like	233
00407c40	FUN_00407c40	gamemisc	engine	_helpers_dtor-like	role:dtor-like	217
00407d50	FUN_00407d50	gamemisc	control	Helpers	caller-vote	170
00407e00	FUN_00407e00	gamemisc	engine	Unsorted	logic:caller-vote	42
00407e30	FUN_00407e30	gamemisc	engine	_helpers_dtor-like	role:dtor-like	147
00407ed0	FUN_00407ed0	gamemisc	engine	_indirect_callback	role:callback	162
00407f80	FUN_00407f80	gamemisc	engine	_helpers_dtor-like	role:dtor-like	238
00408080	FUN_00408080	gamemisc	engine	_helpers_dtor-like	role:dtor-like	180
00408150	compute_408150	gamemisc	game_misc	_helpers_computed	role:computed	12
00408160	FUN_00408160	gamemisc	engine	_helpers_wrapper	role:wrapper	65
004081b0	FUN_004081b0	gamemisc	engine	_indirect_callback	role:callback	35
004081e0	compute_4081e0	gamemisc	game_misc	_helpers_computed	role:computed	23
00408200	abstr::HelperIdentityClass::HelperIdentityClass_Constructor_or_Destructor	game	engine	HelperIdentityClass	rtti	43
00408230	FUN_00408230	gamemisc	engine	_helpers_dtor-like	role:dtor-like	55
00408280	FUN_00408280	gamemisc	engine	_helpers_dtor-like	role:dtor-like	82
004082f0	FUN_004082f0	gamemisc	engine	_helpers_dtor-like	role:dtor-like	57
00408350	FUN_00408350	gamemisc	engine	_helpers_dtor-like	role:dtor-like	127
004083f0	FUN_004083f0	gamemisc	engine	_helpers_dtor-like	role:dtor-like	80
00408460	FUN_00408460	gamemisc	engine	_helpers_dtor-like	role:dtor-like	238
004085a0	FUN_004085a0	gamemisc	engine	_indirect_callback	role:callback	378
00408760	abstr::HelperCmpClass::HelperCmpClass_Constructor_or_Destructor	game	engine	HelperCmpClass	rtti	235
004088a0	FUN_004088a0	gamemisc	engine	_indirect_callback	role:callback	297
00408a00	FUN_00408a00	gamemisc	engine	_helpers_dtor-like	role:dtor-like	216
00408b10	FUN_00408b10	gamemisc	engine	_helpers_dtor-like	role:dtor-like	218
00408c20	FUN_00408c20	gamemisc	engine	_helpers_dtor-like	role:dtor-like	230
00408d50	FUN_00408d50	gamemisc	engine	_helpers_dtor-like	role:dtor-like	258
00408eb0	FUN_00408eb0	gamemisc	engine	_helpers_dtor-like	role:dtor-like	211
00408fc0	FUN_00408fc0	gamemisc	control	Unsorted	logic:caller-vote	217
004090a0	std::basic_filebuf<char,std::char_traits<char>_>::vfunction2	lib	_library	stl	stl-ns	16
004090b0	FUN_004090b0	gamemisc	engine	_helpers_dtor-like	role:dtor-like	208
004091c0	FUN_004091c0	gamemisc	engine	_helpers_dtor-like	role:dtor-like	217
004092e0	FUN_004092e0	gamemisc	engine	_helpers_dtor-like	role:dtor-like	204
004093e0	FUN_004093e0	gamemisc	engine	_helpers_dtor-like	role:dtor-like	223
00409500	FUN_00409500	gamemisc	engine	_helpers_dtor-like	role:dtor-like	222
00409620	FUN_00409620	gamemisc	engine	_helpers_dtor-like	role:dtor-like	212
00409730	FUN_00409730	gamemisc	engine	_helpers_dtor-like	role:dtor-like	241
00409860	FUN_00409860	gamemisc	engine	_helpers_dtor-like	role:dtor-like	217
00409970	FUN_00409970	gamemisc	engine	_helpers_dtor-like	role:dtor-like	215
00409a80	FUN_00409a80	gamemisc	engine	_helpers_dtor-like	role:dtor-like	175
00409b50	FUN_00409b50	gamemisc	engine	_helpers_dtor-like	role:dtor-like	180
00409c20	FUN_00409c20	gamemisc	engine	_helpers_dtor-like	role:dtor-like	179
00409cf0	FUN_00409cf0	gamemisc	engine	_helpers_dtor-like	role:dtor-like	201
00409de0	FUN_00409de0	gamemisc	engine	_helpers_dtor-like	role:dtor-like	173
00409eb0	FUN_00409eb0	gamemisc	engine	_helpers_dtor-like	role:dtor-like	219
00409fc0	FUN_00409fc0	gamemisc	engine	_helpers_dtor-like	role:dtor-like	226
0040a0e0	FUN_0040a0e0	gamemisc	engine	_helpers_dtor-like	role:dtor-like	224
0040a200	FUN_0040a200	gamemisc	engine	_helpers_dtor-like	role:dtor-like	279
0040a350	FUN_0040a350	gamemisc	engine	_helpers_dtor-like	role:dtor-like	53
0040a3a0	FUN_0040a3a0	gamemisc	engine	_helpers_dtor-like	role:dtor-like	95
0040a430	FUN_0040a430	gamemisc	engine	_indirect_callback	role:callback	141
0040a4c0	FUN_0040a4c0	gamemisc	engine	_helpers_dtor-like	role:dtor-like	130
0040a560	FUN_0040a560	gamemisc	engine	_helpers_dtor-like	role:dtor-like	151
0040a600	FUN_0040a600	gamemisc	engine	_helpers_dtor-like	role:dtor-like	132
0040a690	FUN_0040a690	gamemisc	engine	_helpers_dtor-like	role:dtor-like	170
0040a740	FUN_0040a740	gamemisc	engine	_helpers_dtor-like	role:dtor-like	237
0040a860	FUN_0040a860	gamemisc	engine	_helpers_dtor-like	role:dtor-like	151
0040a990	std::basic_filebuf<char,std::char_traits<char>_>::_Reset_back	lib	_library	stl	stl-ns	33
0040a9c0	FUN_0040a9c0	gamemisc	engine	_helpers_dtor-like	role:dtor-like	137
0040aa50	FUN_0040aa50	gamemisc	engine	_helpers_dtor-like	role:dtor-like	151
0040aaf0	fwd_0040aa50_40aaf0	gamemisc	game_misc	_helpers_thunk	role:thunk	31
0040ab10	FUN_0040ab10	gamemisc	engine	_helpers_dtor-like	role:dtor-like	204
0040abf0	FUN_0040abf0	gamemisc	engine	_helpers_dtor-like	role:dtor-like	140
0040ac80	FUN_0040ac80	gamemisc	engine	_helpers_dtor-like	role:dtor-like	229
0040ad70	FUN_0040ad70	gamemisc	engine	_indirect_callback	role:callback	426
0040af30	FUN_0040af30	gamemisc	engine	_indirect_callback	role:callback	362
0040b0a0	fwd_0040bbc0_40b0a0	gamemisc	game_misc	_helpers_thunk	role:thunk	28
0040b0c0	FUN_0040b0c0	gamemisc	engine	_indirect_callback	role:callback	410
0040b270	FUN_0040b270	gamemisc	engine	_helpers_dtor-like	role:dtor-like	204
0040b380	fwd_0040bd50_40b380	gamemisc	game_misc	_helpers_thunk	role:thunk	16
0040b390	FUN_0040b390	gamemisc	engine	_helpers_dtor-like	role:dtor-like	208
0040b4a0	std::basic_filebuf<char,std::char_traits<char>_>::_Set_back	lib	_library	stl	stl-ns	54
0040b4e0	FUN_0040b4e0	gamemisc	game_misc	_helpers_wrapper	role:wrapper	86
0040b540	std::basic_filebuf<char,std::char_traits<char>_>::vfunction3	lib	_library	stl	stl-ns	16
0040b550	FUN_0040b550	gamemisc	engine	_helpers_dtor-like	role:dtor-like	132
0040b5e0	FUN_0040b5e0	gamemisc	engine	_helpers_dtor-like	role:dtor-like	147
0040b680	FUN_0040b680	gamemisc	engine	_helpers_dtor-like	role:dtor-like	154
0040b730	FUN_0040b730	gamemisc	engine	_helpers_dtor-like	role:dtor-like	207
0040b810	FUN_0040b810	gamemisc	engine	Unsorted	logic:caller-vote	466
0040b9f0	FUN_0040b9f0	gamemisc	game_misc	_helpers_dtor-like	role:dtor-like	175
0040bac0	FUN_0040bac0	gamemisc	engine	_helpers_wrapper	role:wrapper	105
0040bb30	FUN_0040bb30	gamemisc	engine	_helpers_wrapper	role:wrapper	81
0040bb90	FUN_0040bb90	gamemisc	engine	Unsorted	logic:caller-vote	30
0040bbb0	compute_40bbb0	gamemisc	game_misc	_helpers_computed	role:computed	11
0040bbc0	FUN_0040bbc0	gamemisc	game_misc	Unsorted_000	none	381
0040bd50	FUN_0040bd50	gamemisc	game_misc	_helpers_dtor-like	role:dtor-like	211
0040be60	FUN_0040be60	gamemisc	engine	_helpers_dtor-like	role:dtor-like	134
0040bef0	FUN_0040bef0	gamemisc	engine	Unsorted	logic:caller-vote	184
0040bfc0	FUN_0040bfc0	gamemisc	game_misc	_helpers_wrapper	role:wrapper	44
0040bff0	FUN_0040bff0	gamemisc	engine	Helpers	caller-vote	168
0040c0a0	FUN_0040c0a0	gamemisc	game_misc	Unsorted_000	none	279
0040c1c0	FUN_0040c1c0	gamemisc	control	Helpers	caller-vote	191
0040c280	FUN_0040c280	gamemisc	game_misc	Unsorted_000	none	247
0040c380	FUN_0040c380	gamemisc	control	Unsorted	logic:caller-vote	12
0040c390	FUN_0040c390	gamemisc	engine	_helpers_dtor-like	role:dtor-like	255
0040c4c0	FUN_0040c4c0	gamemisc	control	Helpers	caller-vote	91
0040c520	FUN_0040c520	gamemisc	control	Unsorted	logic:caller-vote	100
0040c590	FUN_0040c590	gamemisc	game_misc	Unsorted_000	none	112
0040c600	FUN_0040c600	gamemisc	control	Helpers	caller-vote	197
0040c6d0	std::_System_error_category::vfunction4	lib	_library	stl	stl-ns	50
0040c710	std::error_category::vfunction4	lib	_library	stl	stl-ns	18
0040c730	std::error_category::vfunction5	lib	_library	stl	stl-ns	30
0040c750	std::error_category::vfunction6	lib	_library	stl	stl-ns	51
0040c790	FUN_0040c790	gamemisc	audio	Helpers	caller-vote	189
0040c850	FUN_0040c850	gamemisc	audio	Helpers	caller-vote	645
0040cb00	FUN_0040cb00	gamemisc	game_misc	Unsorted_000	none	155
0040cba0	FUN_0040cba0	gamemisc	control	Unsorted	logic:caller-vote	33
0040cbd0	abstr::HelperIdentityClass::vfunction1	game	engine	HelperIdentityClass	rtti	4
0040cbe0	abstr::HelperCmpClass::vfunction1	game	engine	HelperCmpClass	rtti	24
0040cc00	std::basic_filebuf<char,std::char_traits<char>_>::vfunction15	lib	_library	stl	stl-ns	62
0040cc40	FUN_0040cc40	gamemisc	control	Helpers	caller-vote	959
0040d010	FUN_0040d010	gamemisc	control	Helpers	caller-vote	164
0040d0c0	std::_Generic_error_category::vfunction3	lib	_library	stl	stl-ns	113
0040d140	std::_Iostream_error_category::vfunction3	lib	_library	stl	stl-ns	79
0040d190	std::_System_error_category::vfunction3	lib	_library	stl	stl-ns	113
0040d210	std::_Generic_error_category::vfunction2	lib	_library	stl	stl-ns	6
0040d220	std::_Iostream_error_category::vfunction2	lib	_library	stl	stl-ns	6
0040d230	std::_System_error_category::vfunction2	lib	_library	stl	stl-ns	6
0040d240	FUN_0040d240	gamemisc	control	Helpers	caller-vote	269
0040d350	std::basic_filebuf<char,std::char_traits<char>_>::vfunction4	lib	_library	stl	stl-ns	480
0040d540	std::basic_stringbuf<char,std::char_traits<char>,std::allocator<char>_>::vfunction4	lib	_library	stl	stl-ns	452
0040d710	std::basic_filebuf<char,std::char_traits<char>_>::vfunction5	lib	_library	stl	stl-ns	136
0040d7a0	std::basic_stringbuf<char,std::char_traits<char>,std::allocator<char>_>::vfunction5	lib	_library	stl	stl-ns	87
0040d800	FUN_0040d800	gamemisc	engine	Helpers	caller-vote	69
0040d860	FUN_0040d860	gamemisc	engine	_helpers_dtor-like	role:dtor-like	154
0040d910	FUN_0040d910	gamemisc	engine	Helpers	caller-vote	181
0040d9d0	FUN_0040d9d0	gamemisc	game_misc	Unsorted_000	none	146
0040da70	FUN_0040da70	gamemisc	engine	Helpers	caller-vote	84
0040dad0	std::basic_filebuf<char,std::char_traits<char>_>::vfunction11	lib	_library	stl	stl-ns	242
0040dbd0	std::basic_stringbuf<char,std::char_traits<char>,std::allocator<char>_>::vfunction11	lib	_library	stl	stl-ns	449
0040dda0	std::basic_filebuf<char,std::char_traits<char>_>::vfunction12	lib	_library	stl	stl-ns	219
0040de80	std::basic_stringbuf<char,std::char_traits<char>,std::allocator<char>_>::vfunction12	lib	_library	stl	stl-ns	287
0040dfa0	std::basic_filebuf<char,std::char_traits<char>_>::vfunction13	lib	_library	stl	stl-ns	137
0040e030	FUN_0040e030	gamemisc	game_misc	_helpers_dtor-like	role:dtor-like	240
0040e140	fwd_0040e030_40e140	gamemisc	game_misc	_helpers_thunk	role:thunk	31
0040e160	std::basic_filebuf<char,std::char_traits<char>_>::vfunction14	lib	_library	stl	stl-ns	46
0040e190	std::basic_filebuf<char,std::char_traits<char>_>::vfunction8	lib	_library	stl	stl-ns	489
0040e380	std::basic_filebuf<char,std::char_traits<char>_>::vfunction7	lib	_library	stl	stl-ns	61
0040e3c0	std::basic_stringbuf<char,std::char_traits<char>,std::allocator<char>_>::vfunction7	lib	_library	stl	stl-ns	89
0040e420	FUN_0040e420	gamemisc	entity	_helpers_wrapper	role:wrapper	30
0040e440	FUN_0040e440	gamemisc	ui	_helpers_ctor-like	role:ctor-like	566
0040e676	Catch_All@0040e676	lib	_library	eh_funclets	eh	26
0040e696	FUN_0040e696	gamemisc	ui	Unsorted	logic:caller-vote	90
0040e6f0	FUN_0040e6f0	gamemisc	ui	_helpers_ctor-like	role:ctor-like	454
0040e8b6	Catch_All@0040e8b6	lib	_library	eh_funclets	eh	26
0040e8d6	FUN_0040e8d6	gamemisc	ui	Unsorted	logic:caller-vote	92
0040e940	FUN_0040e940	gamemisc	ui	Helpers	caller-vote	239
0040ea30	FUN_0040ea30	gamemisc	game_misc	Unsorted_000	none	20
0040ea50	FUN_0040ea50	gamemisc	control	Unsorted	logic:caller-vote	28
0040ea70	FUN_0040ea70	gamemisc	control	Unsorted	logic:caller-vote	26
0040ea90	FUN_0040ea90	gamemisc	entity	Unsorted	logic:caller-vote	38
0040eac0	FUN_0040eac0	gamemisc	control	Unsorted	logic:caller-vote	48
0040eaf0	FUN_0040eaf0	gamemisc	game_misc	Unsorted_000	none	106
0040eb60	FUN_0040eb60	gamemisc	control	Unsorted	logic:caller-vote	96
0040ebc0	FUN_0040ebc0	gamemisc	control	Helpers	caller-vote	22
0040ebe0	std::basic_stringstream<wchar_t,std::char_traits<wchar_t>,std::allocator<wchar_t>_>::basic_stringstream<wchar_t,std::char_traits<wchar_t>,std::allocator<wchar_t>_>_Constructor_or_Destructor	lib	_library	stl	stl-ns	229
0040ecd0	FUN_0040ecd0	gamemisc	control	Helpers	caller-vote	358
0040ee40	FUN_0040ee40	gamemisc	world	Helpers	caller-vote	37
0040ee70	FUN_0040ee70	gamemisc	game_misc	Unsorted_000	none	163
0040ef20	FUN_0040ef20	gamemisc	game_misc	Unsorted_000	none	43
0040ef50	FUN_0040ef50	gamemisc	control	Helpers	caller-vote	18
0040ef70	FUN_0040ef70	gamemisc	control	Helpers	caller-vote	10
0040ef80	FUN_0040ef80	gamemisc	control	Helpers	caller-vote	37
0040efb0	std::basic_stringstream<wchar_t,std::char_traits<wchar_t>,std::allocator<wchar_t>_>::basic_stringstream<wchar_t,std::char_traits<wchar_t>,std::allocator<wchar_t>_>_Constructor_or_Destructor	lib	_library	stl	stl-ns	91
0040f00b	std::basic_stringstream<wchar_t,std::char_traits<wchar_t>,std::allocator<wchar_t>_>::vfunction1	lib	_library	stl	stl-ns	8
0040f020	std::basic_stringbuf<wchar_t,std::char_traits<wchar_t>,std::allocator<wchar_t>_>::deleting_destructor	lib	_library	stl	stl-ns	44
0040f050	std::basic_stringstream<wchar_t,std::char_traits<wchar_t>,std::allocator<wchar_t>_>::basic_stringstream<wchar_t,std::char_traits<wchar_t>,std::allocator<wchar_t>_>_Constructor_or_Destructor	lib	_library	stl	stl-ns	116
0040f0d0	FUN_0040f0d0	gamemisc	world	Helpers	caller-vote	35
0040f0f3	std::basic_stringstream<wchar_t,std::char_traits<wchar_t>,std::allocator<wchar_t>_>::vfunction2	lib	_library	stl	stl-ns	12
0040f0ff	std::basic_stringstream<wchar_t,std::char_traits<wchar_t>,std::allocator<wchar_t>_>::vfunction3	lib	_library	stl	stl-ns	12
0040f110	FUN_0040f110	gamemisc	engine	Helpers	caller-vote	89
0040f170	FUN_0040f170	gamemisc	control	Helpers	caller-vote	253
0040f20f	Catch_All@0040f20f	lib	_library	eh_funclets	eh	32
0040f24c	Catch_All@0040f24c	lib	_library	eh_funclets	eh	42
0040f2d0	FUN_0040f2d0	gamemisc	ui	Helpers	caller-vote	37
0040f300	FUN_0040f300	gamemisc	control	_helpers_dtor-like	role:dtor-like	178
0040f3c0	FUN_0040f3c0	gamemisc	ui	Unsorted	logic:caller-vote	197
0040f490	FUN_0040f490	gamemisc	control	Helpers	caller-vote	12
0040f4a0	FUN_0040f4a0	gamemisc	ui	Helpers	caller-vote	71
0040f4f0	FUN_0040f4f0	gamemisc	control	Helpers	caller-vote	125
0040f570	FUN_0040f570	gamemisc	control	Unsorted	logic:caller-vote	214
0040f650	FUN_0040f650	gamemisc	game_misc	Unsorted_000	none	48
0040f680	FUN_0040f680	gamemisc	game_misc	Unsorted_000	none	273
0040f7a0	FUN_0040f7a0	gamemisc	control	Unsorted	logic:caller-vote	246
0040f8a0	FUN_0040f8a0	gamemisc	ui	Helpers	caller-vote	17
0040f8c0	FUN_0040f8c0	gamemisc	ui	Helpers	caller-vote	11
0040f8e0	compute_40f8e0	gamemisc	game_misc	_helpers_computed	role:computed	4
0040f8f0	cube::AdaptionWidget::deleting_destructor_for_NamedObject	game	ui	AdaptionWidget	rtti	6438
00411270	FUN_00411270	gamemisc	engine	Helpers	caller-vote	165
00411320	compute_411320	gamemisc	game_misc	_helpers_computed	role:computed	4
00411330	plasma::Widget::vfunction5_for_NamedObject	game	engine	Widget	rtti	3
00411340	FUN_00411340	gamemisc	game_misc	Unsorted_000	none	189
00411400	FUN_00411400	gamemisc	control	Helpers	caller-vote	7
00411410	cube::AdaptionWidget::vfunction11_for_NamedObject	game	ui	AdaptionWidget	rtti	155
004114b0	cube::Controller::vfunction12	game	control	Controller	rtti	1
004114c0	std::basic_stringbuf<wchar_t,std::char_traits<wchar_t>,std::allocator<wchar_t>_>::vfunction4	lib	_library	stl	stl-ns	514
004116d0	std::basic_stringbuf<wchar_t,std::char_traits<wchar_t>,std::allocator<wchar_t>_>::vfunction5	lib	_library	stl	stl-ns	97
00411740	FUN_00411740	gamemisc	ui	Helpers	caller-vote	7
00411750	FUN_00411750	gamemisc	ui	Helpers	caller-vote	7
00411760	std::basic_stringbuf<wchar_t,std::char_traits<wchar_t>,std::allocator<wchar_t>_>::vfunction11	lib	_library	stl	stl-ns	489
00411950	std::basic_stringbuf<wchar_t,std::char_traits<wchar_t>,std::allocator<wchar_t>_>::vfunction12	lib	_library	stl	stl-ns	317
00411a90	mutator_411a90	gamemisc	game_misc	_helpers_mutator	role:mutator	30
00411ab0	FUN_00411ab0	gamemisc	control	Helpers	caller-vote	27
00411ad0	FUN_00411ad0	gamemisc	game_misc	_helpers_dtor-like	role:dtor-like	186
00411b90	FUN_00411b90	gamemisc	ui	_helpers_wrapper	role:wrapper	45
00411bc0	fwd_00411ad0_411bc0	gamemisc	game_misc	_helpers_thunk	role:thunk	31
00411be0	FUN_00411be0	gamemisc	engine	Helpers	caller-vote	135
00411c70	FUN_00411c70	gamemisc	control	Helpers	caller-vote	4
00411c80	std::basic_stringbuf<wchar_t,std::char_traits<wchar_t>,std::allocator<wchar_t>_>::vfunction7	lib	_library	stl	stl-ns	103
00411cf0	compute_411cf0	gamemisc	game_misc	_helpers_computed	role:computed	4
00411d00	compute_411d00	gamemisc	game_misc	_helpers_computed	role:computed	7
00411d10	powf_f	game	game_misc	Game	ledger	38
00411d40	FUN_00411d40	gamemisc	game_misc	Unsorted_000	none	164
00411df0	FUN_00411df0	gamemisc	game_misc	Unsorted_000	none	22
00411e10	FUN_00411e10	gamemisc	world	Helpers	caller-vote	28
00411e30	FUN_00411e30	gamemisc	entity	Unsorted	logic:caller-vote	28
00411e50	FUN_00411e50	gamemisc	entity	Helpers	caller-vote	558
00412080	FUN_00412080	gamemisc	control	Unsorted	logic:caller-vote	25
004120a0	compute_4120a0	gamemisc	game_misc	_helpers_computed	role:computed	12
004120b0	compute_4120b0	gamemisc	game_misc	_helpers_computed	role:computed	13
004120c0	FUN_004120c0	gamemisc	entity	Unsorted	logic:caller-vote	38
004120f0	FUN_004120f0	gamemisc	control	Unsorted	logic:caller-vote	40
00412120	FUN_00412120	gamemisc	game_misc	Unsorted_000	none	70
00412170	FUN_00412170	gamemisc	entity	Helpers	caller-vote	69
004121c0	FUN_004121c0	gamemisc	game_misc	Unsorted_000	none	55
00412200	FUN_00412200	gamemisc	control	Unsorted	logic:caller-vote	28
00412220	FUN_00412220	gamemisc	control	_helpers_wrapper	role:wrapper	56
00412260	FUN_00412260	gamemisc	game_misc	Unsorted_000	none	27
00412280	FUN_00412280	gamemisc	control	Unsorted	logic:caller-vote	55
004122c0	FUN_004122c0	gamemisc	control	Unsorted	logic:caller-vote	30
004122e0	FUN_004122e0	gamemisc	control	_helpers_wrapper	role:wrapper	52
00412320	FUN_00412320	gamemisc	control	Helpers	caller-vote	40
00412350	FUN_00412350	gamemisc	control	Unsorted	logic:caller-vote	54
00412390	FUN_00412390	gamemisc	game_misc	Unsorted_000	none	97
00412400	FUN_00412400	gamemisc	engine	Helpers	caller-vote	890
00412780	FUN_00412780	gamemisc	control	Unsorted	logic:caller-vote	54
004127c0	FUN_004127c0	gamemisc	game_misc	Unsorted_000	none	69
00412810	FUN_00412810	gamemisc	game_misc	_indirect_dispatch-target	role:dispatch-target	63
00412850	FUN_00412850	gamemisc	control	Unsorted	logic:caller-vote	54
00412890	FUN_00412890	gamemisc	control	Helpers	caller-vote	54
004128d0	FUN_004128d0	gamemisc	control	Helpers	caller-vote	19
004128f0	Creature_drawModel	game	entity	Proven	ledger	26870
00423e70	FUN_00423e70	gamemisc	engine	Unsorted	logic:caller-vote	112
00423ee0	FUN_00423ee0	gamemisc	control	_helpers_wrapper	role:wrapper	56
00423f20	FUN_00423f20	gamemisc	control	Helpers	caller-vote	69
00423f70	FUN_00423f70	gamemisc	game_misc	Unsorted_000	none	282
00424090	FUN_00424090	gamemisc	control	Helpers	caller-vote	96
004240f0	FUN_004240f0	gamemisc	control	_helpers_wrapper	role:wrapper	122
00424170	FUN_00424170	gamemisc	entity	Helpers	caller-vote	60
004241b0	FUN_004241b0	gamemisc	entity	Helpers	caller-vote	532
004243d0	FUN_004243d0	gamemisc	entity	Helpers	caller-vote	282
004244f0	FUN_004244f0	gamemisc	entity	Helpers	caller-vote	278
00424610	mat4_rotateZ	game	render	Proven	ledger	278
00424730	mat4_scaleAxes	game	render	Proven	ledger	217
00424810	compute_424810	gamemisc	game_misc	_helpers_computed	role:computed	4
00424820	compute_424820	gamemisc	game_misc	_helpers_computed	role:computed	4
00424830	FUN_00424830	gamemisc	control	Unsorted	logic:caller-vote	37
00424860	FUN_00424860	gamemisc	control	Unsorted	logic:caller-vote	50
004248a0	FUN_004248a0	gamemisc	control	Unsorted	logic:caller-vote	231
00424990	FUN_00424990	gamemisc	control	Unsorted	logic:caller-vote	203
00424a60	mat4_translate	game	render	Proven	ledger	201
00424b30	FUN_00424b30	gamemisc	control	Helpers	caller-vote	30
00424b50	FUN_00424b50	gamemisc	entity	_helpers_wrapper	role:wrapper	30
00424b70	FUN_00424b70	gamemisc	control	Helpers	caller-vote	40
00424ba0	FUN_00424ba0	gamemisc	game_misc	_helpers_ctor-like	role:ctor-like	381
00424d20	Catch_All@00424d20	lib	_library	eh_funclets	eh	26
00424d40	FUN_00424d40	gamemisc	game_misc	Unsorted_000	none	89
00424da0	FUN_00424da0	gamemisc	control	Unsorted	logic:caller-vote	164
00424e30	Catch_All@00424e30	lib	_library	eh_funclets	eh	42
00424e80	FUN_00424e80	gamemisc	control	Helpers	caller-vote	164
00424f30	FUN_00424f30	gamemisc	engine	Unsorted	logic:caller-vote	955
004252f0	FUN_004252f0	gamemisc	control	Unsorted	logic:caller-vote	55
00425330	FUN_00425330	gamemisc	control	Unsorted	logic:caller-vote	82
00425390	FUN_00425390	gamemisc	control	Unsorted	logic:caller-vote	183
00425450	cube::CharacterPreviewWidget::deleting_destructor_for_NamedObject	game	ui	CharacterPreviewWidget	rtti	8752
00427870	FUN_00427870	gamemisc	control	Helpers	caller-vote	148
00427910	FUN_00427910	gamemisc	game_misc	Unsorted_000	none	198
004279e0	FUN_004279e0	gamemisc	control	Helpers	caller-vote	7
004279f0	FUN_004279f0	gamemisc	control	Helpers	caller-vote	7
00427a00	FUN_00427a00	gamemisc	control	Helpers	caller-vote	39
00427a30	FUN_00427a30	gamemisc	engine	Helpers	caller-vote	68
00427a80	FUN_00427a80	gamemisc	game_misc	Unsorted_000	none	48
00427ab0	FUN_00427ab0	gamemisc	engine	Helpers	caller-vote	54
00427af0	FUN_00427af0	gamemisc	engine	Helpers	caller-vote	73
00427b40	FUN_00427b40	gamemisc	control	Helpers	caller-vote	123
00427bc0	FUN_00427bc0	gamemisc	control	Helpers	caller-vote	252
00427ce0	FUN_00427ce0	gamemisc	control	Helpers	caller-vote	2616
00428750	FUN_00428750	gamemisc	control	Unsorted	logic:caller-vote	346
004288b0	FUN_004288b0	gamemisc	control	Helpers	caller-vote	45
004288e0	FUN_004288e0	gamemisc	game_misc	Unsorted_000	none	52
00428920	FUN_00428920	gamemisc	control	Unsorted	logic:caller-vote	31
00428940	FUN_00428940	gamemisc	game_misc	Unsorted_000	none	41
00428970	compute_428970	gamemisc	game_misc	_helpers_computed	role:computed	13
00428980	compute_428980	gamemisc	game_misc	_helpers_computed	role:computed	15
00428990	FUN_00428990	gamemisc	ui	Helpers	caller-vote	70
004289e0	FUN_004289e0	gamemisc	ui	Helpers	caller-vote	69
00428a30	cube::AdaptionWidget::deleting_destructor_for_NamedObject	game	ui	AdaptionWidget	rtti	30
00428a60	FUN_00428a60	gamemisc	engine	Helpers	caller-vote	56
00428aa0	FUN_00428aa0	gamemisc	game_misc	Unsorted_000	none	31
00428ac0	FUN_00428ac0	gamemisc	engine	Helpers	caller-vote	186
00428b7d	Catch_All@00428b7d	lib	_library	eh_funclets	eh	8
00428ba0	FUN_00428ba0	gamemisc	engine	Helpers	caller-vote	185
00428c5c	Catch_All@00428c5c	lib	_library	eh_funclets	eh	8
00428c80	FUN_00428c80	gamemisc	engine	Helpers	caller-vote	115
00428d00	FUN_00428d00	gamemisc	engine	Helpers	caller-vote	115
00428d80	FUN_00428d80	gamemisc	control	Helpers	caller-vote	17
00428da0	FUN_00428da0	gamemisc	control	Helpers	caller-vote	15
00428db0	FUN_00428db0	gamemisc	control	Unsorted	logic:caller-vote	132
00428e40	cube::CharacterStyleWidget::deleting_destructor_for_NamedObject	game	ui	CharacterStyleWidget	rtti	10274
0042b7a0	FUN_0042b7a0	gamemisc	engine	Helpers	caller-vote	90
0042b800	FUN_0042b800	gamemisc	control	Helpers	caller-vote	4
0042b810	FUN_0042b810	gamemisc	control	_helpers_wrapper	role:wrapper	70
0042b860	FUN_0042b860	gamemisc	control	_helpers_wrapper	role:wrapper	77
0042b8b0	FUN_0042b8b0	gamemisc	control	_helpers_wrapper	role:wrapper	91
0042b910	FUN_0042b910	gamemisc	control	_helpers_wrapper	role:wrapper	58
0042b950	FUN_0042b950	gamemisc	control	_helpers_wrapper	role:wrapper	58
0042b990	FUN_0042b990	gamemisc	control	_helpers_wrapper	role:wrapper	77
0042b9e0	FUN_0042b9e0	gamemisc	control	_helpers_wrapper	role:wrapper	58
0042ba20	FUN_0042ba20	gamemisc	control	_helpers_wrapper	role:wrapper	58
0042ba60	FUN_0042ba60	gamemisc	control	_helpers_wrapper	role:wrapper	70
0042bab0	FUN_0042bab0	gamemisc	control	_helpers_wrapper	role:wrapper	77
0042bb00	cube::CharacterStyleWidget::vfunction11_for_NamedObject	game	ui	CharacterStyleWidget	rtti	536
0042bd20	FUN_0042bd20	gamemisc	engine	Unsorted	logic:caller-vote	99
0042bd90	FUN_0042bd90	gamemisc	control	Unsorted	logic:caller-vote	109
0042be00	FUN_0042be00	gamemisc	engine	Helpers	caller-vote	65
0042be50	FUN_0042be50	gamemisc	engine	Helpers	caller-vote	65
0042bea0	FUN_0042bea0	gamemisc	engine	Helpers	caller-vote	195
0042bf63	Catch_All@0042bf63	lib	_library	eh_funclets	eh	17
0042bf80	FUN_0042bf80	gamemisc	engine	Helpers	caller-vote	207
0042c04f	Catch_All@0042c04f	lib	_library	eh_funclets	eh	17
0042c070	FUN_0042c070	gamemisc	ui	Helpers	caller-vote	9
0042c080	FUN_0042c080	gamemisc	control	Unsorted	logic:caller-vote	889
0042c460	FUN_0042c460	gamemisc	control	Unsorted	logic:caller-vote	64
0042c4a0	vec3i64_toFloat	gamemisc	render	Proven	ledger	96
0042c500	FUN_0042c500	gamemisc	world	Unsorted	logic:caller-vote	26
0042c520	FUN_0042c520	gamemisc	control	Unsorted	logic:caller-vote	34
0042c550	cube::CombatBehavior::CombatBehavior	game	ai	CombatBehavior	rtti	46
0042c580	fwd_0068d946_42c580	gamemisc	game_misc	_helpers_thunk	role:thunk	44
0042c5b0	FUN_0042c5b0	gamemisc	control	Unsorted	logic:caller-vote	46
0042c5e0	FUN_0042c5e0	gamemisc	control	Unsorted	logic:caller-vote	149
0042c680	FUN_0042c680	gamemisc	game_misc	_artifacts	role:artifact	52
0042c6c0	compute_42c6c0	gamemisc	game_misc	_helpers_computed	role:computed	6
0042c6d0	compute_42c6d0	gamemisc	game_misc	_helpers_computed	role:computed	3
0042c6e0	fwd_0042c900_42c6e0	gamemisc	game_misc	_helpers_thunk	role:thunk	63
0042c720	FUN_0042c720	gamemisc	control	Helpers	caller-vote	22
0042c740	FUN_0042c740	gamemisc	control	Helpers	caller-vote	94
0042c7a0	FUN_0042c7a0	gamemisc	control	Unsorted	logic:caller-vote	85
0042c800	FUN_0042c800	gamemisc	control	Unsorted	logic:caller-vote	85
0042c860	FUN_0042c860	gamemisc	control	Helpers	caller-vote	37
0042c890	FUN_0042c890	gamemisc	control	Helpers	caller-vote	57
0042c8d0	FUN_0042c8d0	gamemisc	control	Unsorted	logic:caller-vote	37
0042c900	FUN_0042c900	gamemisc	game_misc	_helpers_wrapper	role:wrapper	120
0042c980	FUN_0042c980	gamemisc	control	Helpers	caller-vote	46
0042c9b0	FUN_0042c9b0	gamemisc	control	Helpers	caller-vote	22
0042c9d0	FUN_0042c9d0	gamemisc	control	Helpers	caller-vote	46
0042ca00	FUN_0042ca00	gamemisc	control	Unsorted	logic:caller-vote	22
0042ca20	FUN_0042ca20	gamemisc	ai	Helpers	caller-vote	57
0042ca80	FUN_0042ca80	gamemisc	engine	_helpers_wrapper	role:wrapper	44
0042cac0	FUN_0042cac0	gamemisc	game_misc	Unsorted_000	none	88
0042cb20	cube::CombatBehavior::vfunction1	game	ai	CombatBehavior	rtti	8846
0042ef10	FUN_0042ef10	gamemisc	ai	_helpers_dtor-like	role:dtor-like	158
0042efc0	cube::CombatBehavior::vfunction2	game	ai	CombatBehavior	rtti	55
0042f000	FUN_0042f000	gamemisc	control	Helpers	caller-vote	42
0042f030	mutator_42f030	gamemisc	game_misc	_helpers_mutator	role:mutator	15
0042f040	FUN_0042f040	gamemisc	game_misc	Unsorted_000	none	191
0042f100	FUN_0042f100	gamemisc	control	Helpers	caller-vote	54
0042f140	FUN_0042f140	gamemisc	control	Helpers	caller-vote	20
0042f160	FUN_0042f160	gamemisc	control	Helpers	caller-vote	40
0042f190	FUN_0042f190	gamemisc	control	Helpers	caller-vote	448
0042f360	FUN_0042f360	gamemisc	control	Helpers	caller-vote	114
0042f3e0	FUN_0042f3e0	gamemisc	game_misc	_helpers_wrapper	role:wrapper	74
0042f430	FUN_0042f430	gamemisc	control	Helpers	caller-vote	21
0042f470	FUN_0042f470	gamemisc	control	Unsorted	logic:caller-vote	38
0042f4a0	FUN_0042f4a0	gamemisc	game_misc	Unsorted_000	none	197
0042f570	CRefTime::Millisecs	lib	_library	sdk_classes	rtti-lib-ns	18
0042f590	compute_42f590	gamemisc	game_misc	_helpers_computed	role:computed	10
0042f5a0	FUN_0042f5a0	gamemisc	world	Helpers	caller-vote	56
0042f5e0	cube::BlueprintPreviewWidget::vfunction1_for_NamedObject	game	ui	BlueprintPreviewWidget	rtti	48
0042f640	FUN_0042f640	gamemisc	control	Unsorted	logic:caller-vote	213
0042f720	FUN_0042f720	gamemisc	ui	Helpers	caller-vote	7
0042f730	FUN_0042f730	gamemisc	world	Unsorted	logic:caller-vote	174
0042f7e0	FUN_0042f7e0	gamemisc	game_misc	Unsorted_000	none	119
0042f860	FUN_0042f860	gamemisc	control	Unsorted	logic:caller-vote	175
0042f910	cube::BlueprintPreviewWidget::deleting_destructor_for_NamedObject	game	ui	BlueprintPreviewWidget	rtti	9235
004347a0	FUN_004347a0	gamemisc	world	Unsorted	logic:caller-vote	208
00434870	FUN_00434870	gamemisc	control	Helpers	caller-vote	50
004348b0	compute_4348b0	gamemisc	game_misc	_helpers_computed	role:computed	4
004348c0	FUN_004348c0	gamemisc	world	Helpers	caller-vote	11
004348d0	FUN_004348d0	gamemisc	ui	Helpers	caller-vote	7
004348e0	FUN_004348e0	gamemisc	ui	Helpers	caller-vote	7
004348f0	cube::BlueprintPreviewWidget::vfunction11_for_NamedObject	game	ui	BlueprintPreviewWidget	rtti	389
00434a80	FUN_00434a80	gamemisc	control	Helpers	caller-vote	4
00434a90	FUN_00434a90	gamemisc	world	Unsorted	logic:caller-vote	54
00434ad0	mat_scaleColumns	game	world	Proven	ledger	147
00434b70	compute_434b70	gamemisc	game_misc	_helpers_computed	role:computed	4
00434b80	FUN_00434b80	gamemisc	game_misc	Unsorted_000	none	144
00434c10	compute_434c10	gamemisc	game_misc	_helpers_computed	role:computed	10
00434c20	FUN_00434c20	gamemisc	control	Helpers	caller-vote	232
00434d10	FUN_00434d10	gamemisc	game_misc	Unsorted_000	none	120
00434d90	FUN_00434d90	gamemisc	control	Helpers	caller-vote	154
00434e30	cube::CharacterWidget::deleting_destructor_for_NamedObject	game	ui	CharacterWidget	rtti	16666
00439110	math_round_to_tenth	gamemisc	game_misc	Game	ledger	127
00439190	FUN_00439190	gamemisc	control	Helpers	caller-vote	60
004391d0	FUN_004391d0	gamemisc	control	Unsorted	logic:caller-vote	61
00439210	FUN_00439210	gamemisc	control	Helpers	caller-vote	159
004392af	Catch_All@004392af	lib	_library	eh_funclets	eh	8
004392d0	FUN_004392d0	gamemisc	control	Helpers	caller-vote	39
00439300	FUN_00439300	gamemisc	control	Helpers	caller-vote	152
00439398	Catch_All@00439398	lib	_library	eh_funclets	eh	8
004393b0	FUN_004393b0	gamemisc	control	Helpers	caller-vote	345
00439510	FUN_00439510	gamemisc	game_misc	_helpers_wrapper	role:wrapper	15
00439530	cube::ChatWidget::~ChatWidget	game	ui	ChatWidget	rtti	75
00439590	cube::ChatWidget::deleting_destructor_for_NamedObject	game	ui	ChatWidget	rtti	30
004395c0	FUN_004395c0	gamemisc	control	Helpers	caller-vote	54
00439600	FUN_00439600	gamemisc	game_misc	Unsorted_000	none	54
00439640	FUN_00439640	gamemisc	control	Helpers	caller-vote	20
00439660	cube::ChatWidget::vfunction4_for_NamedObject	game	ui	ChatWidget	rtti	18
00439680	FUN_00439680	gamemisc	ui	Helpers	caller-vote	55
004396d0	FUN_004396d0	gamemisc	control	Helpers	caller-vote	86
00439730	cube::ChatWidget::vfunction2_for_NamedObject	game	ui	ChatWidget	rtti	2163
00439fc0	FUN_00439fc0	gamemisc	engine	Helpers	caller-vote	60
0043a000	cube::Controller::vfunction2	game	control	Controller	rtti	3
0043a010	FUN_0043a010	gamemisc	control	Helpers	caller-vote	184
0043a0d0	FUN_0043a0d0	gamemisc	control	Helpers	caller-vote	402
0043a270	FUN_0043a270	gamemisc	game_misc	Unsorted_000	none	382
0043a3f0	FUN_0043a3f0	gamemisc	engine	Unsorted	logic:caller-vote	84
0043a450	FUN_0043a450	gamemisc	control	_helpers_wrapper	role:wrapper	57
0043a490	compute_43a490	gamemisc	game_misc	_helpers_computed	role:computed	7
0043a4a0	FUN_0043a4a0	gamemisc	control	Helpers	caller-vote	91
0043a500	FUN_0043a500	gamemisc	control	Helpers	caller-vote	1478
0043ab30	FUN_0043ab30	gamemisc	control	_helpers_wrapper	role:wrapper	77
0043ab80	cube::CompanionBehavior::CompanionBehavior	game	ai	CompanionBehavior	rtti	23
0043aba0	cube::CompanionBehavior::CompanionBehavior	game	ai	CompanionBehavior	rtti	27
0043abc0	FUN_0043abc0	gamemisc	control	Unsorted	logic:caller-vote	37
0043abf0	FUN_0043abf0	gamemisc	control	Unsorted	logic:caller-vote	35
0043ac20	FUN_0043ac20	gamemisc	control	Unsorted	logic:caller-vote	129
0043acb0	FUN_0043acb0	gamemisc	control	Helpers	caller-vote	37
0043ace0	cube::CompanionBehavior::vfunction1	game	ai	CompanionBehavior	rtti	1888
0043b450	cube::CompanionBehavior::vfunction2	game	ai	CompanionBehavior	rtti	41
0043b480	mutator_43b480	gamemisc	game_misc	_helpers_mutator	role:mutator	22
0043b4a0	FUN_0043b4a0	gamemisc	control	Helpers	caller-vote	19
0043b4c0	cube::Controller::Controller	game	control	Controller	rtti	121
0043b540	cube::Controller::~Controller	game	control	Controller	rtti	7
0043b550	cube::Controller::deleting_destructor	game	control	Controller	rtti	31
0043b580	cube::Controller::vfunction8	game	control	Controller	rtti	18
0043b5a0	cube::Controller::vfunction9	game	control	Controller	rtti	18
0043b5c0	cube::Controller::vfunction3	game	control	Controller	rtti	16
0043b5d0	cube::Controller::vfunction4	game	control	Controller	rtti	16
0043b5e0	FUN_0043b5e0	gamemisc	game_misc	_helpers_wrapper	role:wrapper	24
0043b610	FUN_0043b610	gamemisc	control	Unsorted	logic:caller-vote	44
0043b640	FUN_0043b640	gamemisc	world	Helpers	caller-vote	31
0043b660	FUN_0043b660	gamemisc	control	Helpers	caller-vote	35
0043b690	cube::Creature::Creature	game	entity	Creature	rtti	1385
0043bc00	FUN_0043bc00	gamemisc	game_misc	Unsorted_000	none	1054
0043c020	FUN_0043c020	gamemisc	world	_helpers_wrapper	role:wrapper	122
0043c0a0	FUN_0043c0a0	gamemisc	game_misc	_helpers_wrapper	role:wrapper	81
0043c100	FUN_0043c100	gamemisc	entity	Helpers	caller-vote	634
0043c380	FUN_0043c380	gamemisc	game_misc	_helpers_wrapper	role:wrapper	28
0043c3b0	FUN_0043c3b0	gamemisc	game_misc	_helpers_wrapper	role:wrapper	28
0043c3e0	FUN_0043c3e0	gamemisc	game_misc	_helpers_wrapper	role:wrapper	28
0043c410	cube::Creature::~Creature	game	entity	Creature	rtti	127
0043c790	FUN_0043c790	gamemisc	control	_helpers_wrapper	role:wrapper	66
0043c820	FUN_0043c820	gamemisc	control	Helpers	caller-vote	19
0043c840	cube::Creature::deleting_destructor	game	entity	Creature	rtti	30
0043c870	FUN_0043c870	gamemisc	game_misc	Unsorted_000	none	47
0043c8a0	FUN_0043c8a0	gamemisc	entity	Helpers	caller-vote	57
0043c8e0	FUN_0043c8e0	gamemisc	game_misc	Unsorted_000	none	54
0043c920	FUN_0043c920	gamemisc	control	_helpers_dtor-like	role:dtor-like	76
0043c980	curve_diminishing01	gamemisc	game_misc	Game	ledger	63
0043c9c0	FUN_0043c9c0	gamemisc	control	Helpers	caller-vote	54
0043ca60	FUN_0043ca60	gamemisc	game_misc	Unsorted_000	none	53
0043caa0	combat_getAttackWindup	game	game_misc	Game	ledger	898
0043cf20	FUN_0043cf20	gamemisc	control	Helpers	caller-vote	196
0043cff0	FUN_0043cff0	gamemisc	ui	Helpers	caller-vote	419
0043d1a0	FUN_0043d1a0	gamemisc	entity	Unsorted	logic:caller-vote	2086
0043dc60	FUN_0043dc60	gamemisc	control	Helpers	caller-vote	702
0043df60	FUN_0043df60	gamemisc	control	Helpers	caller-vote	448
0043e190	FUN_0043e190	gamemisc	control	Helpers	caller-vote	296
0043e2c0	FUN_0043e2c0	gamemisc	control	Helpers	caller-vote	78
0043e310	FUN_0043e310	gamemisc	control	Helpers	caller-vote	53
0043e350	FUN_0043e350	gamemisc	control	Unsorted	logic:caller-vote	194
0043e420	FUN_0043e420	gamemisc	control	Helpers	caller-vote	119
0043e4a0	FUN_0043e4a0	gamemisc	control	Unsorted	logic:caller-vote	165
0043e550	FUN_0043e550	gamemisc	control	Unsorted	logic:caller-vote	74
0043e5a0	FUN_0043e5a0	gamemisc	control	Unsorted	logic:caller-vote	141
0043e630	fwd_00639cf0_43e630	gamemisc	game_misc	_helpers_thunk	role:thunk	39
0043e660	FUN_0043e660	gamemisc	control	Helpers	caller-vote	55
0043e6a0	ability_getManaCost	game	game_misc	Game	ledger	669
0043e9e0	FUN_0043e9e0	gamemisc	ui	Helpers	caller-vote	89
0043ea40	FUN_0043ea40	gamemisc	ui	Helpers	caller-vote	586
0043ec90	FUN_0043ec90	gamemisc	control	_indirect_dispatch-target	role:dispatch-target	34
0043ed60	FUN_0043ed60	gamemisc	control	Helpers	caller-vote	126
0043ede0	FUN_0043ede0	gamemisc	control	Helpers	caller-vote	570
0043f040	FUN_0043f040	gamemisc	control	Unsorted	logic:caller-vote	189
0043f100	FUN_0043f100	gamemisc	control	Unsorted	logic:caller-vote	645
0043f3b0	FUN_0043f3b0	gamemisc	control	Helpers	caller-vote	189
0043f470	FUN_0043f470	gamemisc	ai	Helpers	caller-vote	626
0043f720	FUN_0043f720	gamemisc	control	Unsorted	logic:caller-vote	76
0043f770	FUN_0043f770	gamemisc	control	Helpers	caller-vote	79
0043f7c0	FUN_0043f7c0	gamemisc	control	Unsorted	logic:caller-vote	17600
00443f10	FUN_00443f10	gamemisc	control	Helpers	caller-vote	48
00443f40	FUN_00443f40	gamemisc	world	Helpers	caller-vote	76
00444020	FUN_00444020	gamemisc	world	Helpers	caller-vote	192
004441a0	FUN_004441a0	gamemisc	control	Helpers	caller-vote	116
00444230	FUN_00444230	gamemisc	control	Unsorted	logic:caller-vote	61
00444270	FUN_00444270	gamemisc	entity	Unsorted	logic:caller-vote	377
004444a0	combat_rollElementProc	gamemisc	game_misc	Game	ledger	128
00444520	FUN_00444520	gamemisc	ai	Helpers	caller-vote	99
00444590	FUN_00444590	gamemisc	control	Helpers	caller-vote	60
004445d0	FUN_004445d0	gamemisc	control	Unsorted	logic:caller-vote	59
00444610	FUN_00444610	gamemisc	control	Unsorted	logic:caller-vote	55
00444650	FUN_00444650	gamemisc	control	Unsorted	logic:caller-vote	48
00444680	FUN_00444680	gamemisc	control	Unsorted	logic:caller-vote	218
00444760	FUN_00444760	gamemisc	control	Helpers	caller-vote	38
00444820	FUN_00444820	gamemisc	control	Unsorted	logic:caller-vote	54
00444860	FUN_00444860	gamemisc	control	_helpers_wrapper	role:wrapper	88
00444a90	FUN_00444a90	gamemisc	control	Unsorted	logic:caller-vote	74
00444ae0	FUN_00444ae0	gamemisc	control	Helpers	caller-vote	155
00444bf0	FUN_00444bf0	gamemisc	ai	Helpers	caller-vote	177
00444cb0	FUN_00444cb0	gamemisc	control	Helpers	caller-vote	121
00444d60	FUN_00444d60	gamemisc	control	Helpers	caller-vote	67
00444db0	stat_calcAttackDamage	gamemisc	game_misc	Game	ledger	559
00444ff0	FUN_00444ff0	gamemisc	control	Helpers	caller-vote	43
00445020	FUN_00445020	gamemisc	control	Helpers	caller-vote	637
004452a0	FUN_004452a0	gamemisc	ai	Helpers	caller-vote	268
004453b0	FUN_004453b0	gamemisc	control	Helpers	caller-vote	92
00445410	FUN_00445410	gamemisc	ai	Helpers	caller-vote	479
004456a0	FUN_004456a0	gamemisc	ai	Helpers	caller-vote	1740
00445f10	FUN_00445f10	gamemisc	ui	Helpers	caller-vote	66
00445f60	math_pow2Mul	gamemisc	game_misc	Game	ledger	134
00445ff0	FUN_00445ff0	gamemisc	control	Unsorted	logic:caller-vote	173
004460a0	FUN_004460a0	gamemisc	control	Helpers	caller-vote	67
004460f0	FUN_004460f0	gamemisc	control	Helpers	caller-vote	88
00446150	Equipment_sum_slot_values	game	game_misc	Game	ledger	414
004462f0	FUN_004462f0	gamemisc	world	Unsorted	logic:caller-vote	52
00446330	FUN_00446330	gamemisc	control	Helpers	caller-vote	603
004465c0	FUN_004465c0	gamemisc	control	Helpers	caller-vote	472
004467a0	FUN_004467a0	gamemisc	ui	Helpers	caller-vote	419
00446950	FUN_00446950	gamemisc	entity	_indirect_dispatch-target	role:dispatch-target	57
00446aa0	curve_diminishingP1	gamemisc	game_misc	Game	ledger	70
00446af0	FUN_00446af0	gamemisc	control	Helpers	caller-vote	186
00446bb0	FUN_00446bb0	gamemisc	ai	Helpers	caller-vote	704
00446e80	FUN_00446e80	gamemisc	control	_indirect_dispatch-target	role:dispatch-target	622
00447110	FUN_00447110	gamemisc	control	Helpers	caller-vote	326
00447270	FUN_00447270	gamemisc	control	Helpers	caller-vote	158
00447310	combat_getReloadFrames	gamemisc	game_misc	Game	ledger	662
004476a0	FUN_004476a0	gamemisc	control	Helpers	caller-vote	83
00447700	FUN_00447700	gamemisc	control	Unsorted	logic:caller-vote	427
004478b0	FUN_004478b0	gamemisc	control	Unsorted	logic:caller-vote	586
00447b00	FUN_00447b00	gamemisc	control	Helpers	caller-vote	288
00447c20	cube::CubeShader::CubeShader	game	render	CubeShader	rtti	70
00447c70	cube::CubeShader::~CubeShader	game	render	CubeShader	rtti	102
00447ce0	cube::CubeShader::deleting_destructor	game	render	CubeShader	rtti	30
00447d10	vdispatch_447d10	gamemisc	game_misc	_helpers_dispatch	role:dispatch	50
00447d50	FUN_00447d50	gamemisc	control	Helpers	caller-vote	50
00447d90	FUN_00447d90	gamemisc	control	Helpers	caller-vote	50
00447dd0	vdispatch_447dd0	gamemisc	game_misc	_helpers_dispatch	role:dispatch	50
00447e10	FUN_00447e10	gamemisc	game_misc	Unsorted_000	none	413
00447fb0	vdispatch_447fb0	gamemisc	game_misc	_helpers_dispatch	role:dispatch	88
00448010	FUN_00448010	gamemisc	game_misc	_helpers_wrapper	role:wrapper	96
00448070	FUN_00448070	gamemisc	control	Helpers	caller-vote	27
00448090	FUN_00448090	gamemisc	control	Helpers	caller-vote	104
00448100	FUN_00448100	gamemisc	game_misc	_helpers_wrapper	role:wrapper	108
00448170	FUN_00448170	gamemisc	game_misc	Unsorted_000	none	263
00448280	vdispatch_448280	gamemisc	game_misc	_helpers_dispatch	role:dispatch	27
004482a0	FUN_004482a0	gamemisc	game_misc	Unsorted_000	none	3166
00448f10	FUN_00448f10	gamemisc	ui	Unsorted	logic:caller-vote	187
00448fe0	vdispatch_448fe0	gamemisc	game_misc	_helpers_dispatch	role:dispatch	88
00449040	FUN_00449040	gamemisc	control	Helpers	caller-vote	71
00449090	FUN_00449090	gamemisc	control	Helpers	caller-vote	88
004490f0	FUN_004490f0	gamemisc	engine	Helpers	caller-vote	92
00449150	FUN_00449150	gamemisc	world	_helpers_ctor-like	role:ctor-like	426
004492fa	Catch_All@004492fa	lib	_library	eh_funclets	eh	26
0044931a	FUN_0044931a	gamemisc	world	Unsorted	logic:caller-vote	90
00449380	cube::Database::Database	game	db	Database	rtti	16
00449390	cube::Database::Database	game	db	Database	rtti	34
004493c0	cube::Database::deleting_destructor	game	db	Database	rtti	54
00449400	FUN_00449400	gamemisc	world	Helpers	caller-vote	28
00449420	FUN_00449420	gamemisc	control	Helpers	caller-vote	128
004494b0	FUN_004494b0	gamemisc	control	Helpers	caller-vote	128
00449540	FUN_00449540	gamemisc	control	Helpers	caller-vote	347
004496a0	blob_deobfuscate	game	game_misc	Game	ledger	122
00449720	FUN_00449720	gamemisc	control	Unsorted	logic:caller-vote	121
004497a0	FUN_004497a0	gamemisc	control	Helpers	caller-vote	9
004497b0	FUN_004497b0	lib	_library	sqlite	lib-string	89
00449810	db_loadBlobByKey	gamemisc	db	Proven	ledger	191
004498d0	db_getBlobInto	gamemisc	db	Proven	ledger	78
00449920	FUN_00449920	gamemisc	control	Unsorted	logic:caller-vote	157
004499c0	fwd_004499f0_4499c0	gamemisc	game_misc	_helpers_thunk	role:thunk	40
004499f0	FUN_004499f0	gamemisc	game_misc	Unsorted_000	none	379
00449b70	FUN_00449b70	gamemisc	control	Helpers	caller-vote	39
00449ba0	FUN_00449ba0	gamemisc	world	Helpers	caller-vote	84
00449c00	FUN_00449c00	gamemisc	control	Helpers	caller-vote	174
00449cb0	fwd_0044aa20_449cb0	gamemisc	game_misc	_helpers_thunk	role:thunk	44
00449ce0	FUN_00449ce0	gamemisc	world	Helpers	caller-vote	197
00449db0	FUN_00449db0	gamemisc	world	Helpers	caller-vote	539
00449fe0	FUN_00449fe0	gamemisc	world	Helpers	caller-vote	413
0044a17d	Catch_All@0044a17d	lib	_library	eh_funclets	eh	20
0044a1a0	FUN_0044a1a0	gamemisc	world	Helpers	caller-vote	475
0044a39e	Catch_All@0044a39e	lib	_library	eh_funclets	eh	20
0044a3c0	FUN_0044a3c0	gamemisc	control	Unsorted	logic:caller-vote	65
0044a410	FUN_0044a410	gamemisc	control	Unsorted	logic:caller-vote	122
0044a476	Catch_All@0044a476	lib	_library	eh_funclets	eh	35
0044a4b0	FUN_0044a4b0	gamemisc	control	Unsorted	logic:caller-vote	71
0044a500	FUN_0044a500	gamemisc	control	Unsorted	logic:caller-vote	114
0044a580	FUN_0044a580	gamemisc	game_misc	Unsorted_000	none	114
0044a600	FUN_0044a600	gamemisc	control	Helpers	caller-vote	69
0044a650	FUN_0044a650	gamemisc	world	Unsorted	logic:caller-vote	61
0044a690	FUN_0044a690	gamemisc	control	Helpers	caller-vote	105
0044a700	FUN_0044a700	gamemisc	control	Helpers	caller-vote	159
0044a79f	Catch_All@0044a79f	lib	_library	eh_funclets	eh	17
0044a7c0	FUN_0044a7c0	gamemisc	control	Unsorted	logic:caller-vote	17
0044a7e0	FUN_0044a7e0	gamemisc	control	Helpers	caller-vote	181
0044a8a0	FUN_0044a8a0	gamemisc	world	Helpers	caller-vote	28
0044a8c0	FUN_0044a8c0	gamemisc	world	Helpers	caller-vote	168
0044a970	FUN_0044a970	gamemisc	world	Helpers	caller-vote	121
0044a9f0	FUN_0044a9f0	gamemisc	game_misc	_helpers_wrapper	role:wrapper	37
0044aa20	FUN_0044aa20	gamemisc	control	Unsorted	logic:caller-vote	365
0044ab90	Catch_All@0044ab90	lib	_library	eh_funclets	eh	17
0044abb0	FUN_0044abb0	gamemisc	world	Helpers	caller-vote	352
0044ad13	Catch_All@0044ad13	lib	_library	eh_funclets	eh	17
0044ad30	FUN_0044ad30	gamemisc	control	Unsorted	logic:caller-vote	432
0044aee3	Catch_All@0044aee3	lib	_library	eh_funclets	eh	17
0044af00	FUN_0044af00	gamemisc	control	Helpers	caller-vote	240
0044aff0	FUN_0044aff0	gamemisc	control	Helpers	caller-vote	66
0044b040	FUN_0044b040	gamemisc	control	Helpers	caller-vote	876
0044b3b0	FUN_0044b3b0	gamemisc	control	Helpers	caller-vote	168
0044b460	FUN_0044b460	gamemisc	world	Helpers	caller-vote	242
0044b560	compute_44b560	gamemisc	game_misc	_helpers_computed	role:computed	18
0044b580	FUN_0044b580	gamemisc	control	Unsorted	logic:caller-vote	22
0044b5a0	FUN_0044b5a0	gamemisc	world	Helpers	caller-vote	69
0044b5f0	FUN_0044b5f0	gamemisc	control	Unsorted	logic:caller-vote	104
0044b660	FUN_0044b660	gamemisc	world	Helpers	caller-vote	104
0044b6d0	FUN_0044b6d0	gamemisc	game_misc	Unsorted_000	none	102
0044b740	FUN_0044b740	gamemisc	control	Helpers	caller-vote	47
0044b770	FUN_0044b770	gamemisc	control	Helpers	caller-vote	57
0044b7b0	FUN_0044b7b0	gamemisc	world	Helpers	caller-vote	55
0044b7f0	FUN_0044b7f0	gamemisc	game_misc	_helpers_wrapper	role:wrapper	45
0044b830	FUN_0044b830	gamemisc	control	Helpers	caller-vote	73
0044b880	FUN_0044b880	gamemisc	world	Helpers	caller-vote	150
0044b920	FUN_0044b920	gamemisc	game_misc	_helpers_dtor-like	role:dtor-like	202
0044b9f0	Catch_All@0044b9f0	lib	_library	eh_funclets	eh	8
0044ba10	FUN_0044ba10	gamemisc	control	_helpers_dtor-like	role:dtor-like	219
0044baee	Catch_All@0044baee	lib	_library	eh_funclets	eh	8
0044bb10	FUN_0044bb10	gamemisc	world	Helpers	caller-vote	217
0044bbec	Catch_All@0044bbec	lib	_library	eh_funclets	eh	8
0044bc10	FUN_0044bc10	gamemisc	game_misc	Unsorted_000	none	162
0044bcc0	FUN_0044bcc0	gamemisc	control	Unsorted	logic:caller-vote	111
0044bd30	FUN_0044bd30	gamemisc	world	Helpers	caller-vote	162
0044bde0	FUN_0044bde0	gamemisc	control	Helpers	caller-vote	52
0044be20	mutator_44be20	gamemisc	game_misc	_helpers_mutator	role:mutator	6
0044be30	FUN_0044be30	gamemisc	world	Helpers	caller-vote	13
0044be40	FUN_0044be40	gamemisc	control	Helpers	caller-vote	3318
0044cb50	FUN_0044cb50	gamemisc	world	Helpers	caller-vote	385
0044cce0	FUN_0044cce0	gamemisc	world	Helpers	caller-vote	202
0044cdb0	FUN_0044cdb0	gamemisc	world	Helpers	caller-vote	1681
0044d460	FUN_0044d460	gamemisc	control	Helpers	caller-vote	67
0044d4b0	FUN_0044d4b0	gamemisc	game_misc	Unsorted_000	none	216
0044d590	FUN_0044d590	gamemisc	world	Helpers	caller-vote	130
0044d620	FUN_0044d620	gamemisc	control	Helpers	caller-vote	64
0044d660	FUN_0044d660	gamemisc	control	Unsorted	logic:caller-vote	285
0044d77d	Catch_All@0044d77d	lib	_library	eh_funclets	eh	17
0044d790	FUN_0044d790	gamemisc	control	Helpers	caller-vote	2431
0044e120	FUN_0044e120	gamemisc	world	Helpers	caller-vote	338
0044e280	FUN_0044e280	gamemisc	world	Helpers	caller-vote	178
0044e340	FUN_0044e340	gamemisc	world	Helpers	caller-vote	953
0044e700	FUN_0044e700	gamemisc	world	Helpers	caller-vote	151
0044e7a0	FUN_0044e7a0	gamemisc	world	Unsorted	logic:caller-vote	228
0044e890	compute_44e890	gamemisc	game_misc	_helpers_computed	role:computed	23
0044e8d0	FUN_0044e8d0	gamemisc	world	Helpers	caller-vote	50
0044e910	FUN_0044e910	gamemisc	control	Helpers	caller-vote	284
0044ea30	cube::EnchantWidget::deleting_destructor_for_NamedObject	game	ui	EnchantWidget	rtti	7793
00450920	FUN_00450920	gamemisc	control	Helpers	caller-vote	52
00450960	FUN_00450960	gamemisc	control	Unsorted	logic:caller-vote	156
00450a00	FUN_00450a00	gamemisc	control	Helpers	caller-vote	170
00450ab0	FUN_00450ab0	gamemisc	game_misc	Unsorted_000	none	189
00450b70	FUN_00450b70	gamemisc	control	Helpers	caller-vote	32
00450b90	cube::EnchantWidget::vfunction11_for_NamedObject	game	ui	EnchantWidget	rtti	84
00450bf0	cube::Field::Field	game	world	Field	rtti	58
00450c30	cube::Field::~Field	game	world	Field	rtti	20
00450c50	FUN_00450c50	gamemisc	world	Helpers	caller-vote	300
00450d90	vdispatch_450d90	gamemisc	game_misc	_helpers_dispatch	role:dispatch	33
00450dc0	FUN_00450dc0	gamemisc	control	Helpers	caller-vote	61
00450e00	FUN_00450e00	gamemisc	control	_helpers_dtor-like	role:dtor-like	87
00450e70	FUN_00450e70	gamemisc	control	Helpers	caller-vote	139
00450f00	FUN_00450f00	gamemisc	game_misc	Unsorted_000	none	58
00450f40	FUN_00450f40	gamemisc	control	Helpers	caller-vote	23
00450f60	FUN_00450f60	gamemisc	control	Helpers	caller-vote	79
00450fb0	std::_Func_impl<std::_Callable_obj<<lambda_1ffef8671b5d330b7078b5ff273ee5fb>,0>,std::allocator<std::_Func_class<void,std::_Nil,std::_Nil,std::_Nil,std::_Nil,std::_Nil,std::_Nil,std::_Nil>_>,void,std::_Nil,std::_Nil,std::_Nil,std::_Nil,std::_Nil,std::_Nil,std::_Nil>::_Func_impl<std::_Callable_obj<<lambda_1ffef8671b5d330b7078b5ff273ee5fb>,0>,std::allocator<std::_Func_class<void,std::_Nil,std::_Nil,std::_Nil,std::_Nil,std::_Nil,std::_Nil,std::_Nil>_>,void,std::_Nil,std::_Nil,std::_Nil,std::_Nil,std::_Nil,std::_Nil,std::_Nil>	lib	_library	stl	stl-ns	101
00451020	std::_Func_impl<std::_Callable_obj<<lambda_29209b183b27224642a038ec1f3692c5>,0>,std::allocator<std::_Func_class<void,std::_Nil,std::_Nil,std::_Nil,std::_Nil,std::_Nil,std::_Nil,std::_Nil>_>,void,std::_Nil,std::_Nil,std::_Nil,std::_Nil,std::_Nil,std::_Nil,std::_Nil>::_Func_impl<std::_Callable_obj<<lambda_29209b183b27224642a038ec1f3692c5>,0>,std::allocator<std::_Func_class<void,std::_Nil,std::_Nil,std::_Nil,std::_Nil,std::_Nil,std::_Nil,std::_Nil>_>,void,std::_Nil,std::_Nil,std::_Nil,std::_Nil,std::_Nil,std::_Nil,std::_Nil>	lib	_library	stl	stl-ns	101
00451090	std::_Func_impl<std::_Callable_obj<<lambda_864084cd43f09ea2a93402c86ee87b29>,0>,std::allocator<std::_Func_class<void,std::_Nil,std::_Nil,std::_Nil,std::_Nil,std::_Nil,std::_Nil,std::_Nil>_>,void,std::_Nil,std::_Nil,std::_Nil,std::_Nil,std::_Nil,std::_Nil,std::_Nil>::_Func_impl<std::_Callable_obj<<lambda_864084cd43f09ea2a93402c86ee87b29>,0>,std::allocator<std::_Func_class<void,std::_Nil,std::_Nil,std::_Nil,std::_Nil,std::_Nil,std::_Nil,std::_Nil>_>,void,std::_Nil,std::_Nil,std::_Nil,std::_Nil,std::_Nil,std::_Nil,std::_Nil>	lib	_library	stl	stl-ns	101
00451100	std::_Func_impl<std::_Callable_obj<<lambda_fdf816e424f0da55b18915c89c349fdd>,0>,std::allocator<std::_Func_class<void,std::_Nil,std::_Nil,std::_Nil,std::_Nil,std::_Nil,std::_Nil,std::_Nil>_>,void,std::_Nil,std::_Nil,std::_Nil,std::_Nil,std::_Nil,std::_Nil,std::_Nil>::_Func_impl<std::_Callable_obj<<lambda_fdf816e424f0da55b18915c89c349fdd>,0>,std::allocator<std::_Func_class<void,std::_Nil,std::_Nil,std::_Nil,std::_Nil,std::_Nil,std::_Nil,std::_Nil>_>,void,std::_Nil,std::_Nil,std::_Nil,std::_Nil,std::_Nil,std::_Nil,std::_Nil>	lib	_library	stl	stl-ns	101
00451170	std::_Func_impl<std::_Callable_obj<<lambda_ff38bf9ea15b41cb34bc5dae16af8ab3>,0>,std::allocator<std::_Func_class<void,std::_Nil,std::_Nil,std::_Nil,std::_Nil,std::_Nil,std::_Nil,std::_Nil>_>,void,std::_Nil,std::_Nil,std::_Nil,std::_Nil,std::_Nil,std::_Nil,std::_Nil>::_Func_impl<std::_Callable_obj<<lambda_ff38bf9ea15b41cb34bc5dae16af8ab3>,0>,std::allocator<std::_Func_class<void,std::_Nil,std::_Nil,std::_Nil,std::_Nil,std::_Nil,std::_Nil,std::_Nil>_>,void,std::_Nil,std::_Nil,std::_Nil,std::_Nil,std::_Nil,std::_Nil,std::_Nil>	lib	_library	stl	stl-ns	101
004511e0	FUN_004511e0	gamemisc	control	Unsorted	logic:caller-vote	39
00451210	FUN_00451210	gamemisc	control	Helpers	caller-vote	336
00451360	Catch_All@00451360	lib	_library	eh_funclets	eh	26
00451380	FUN_00451380	gamemisc	control	Helpers	caller-vote	101
004513f0	FUN_004513f0	gamemisc	control	Helpers	caller-vote	44
00451420	FUN_00451420	gamemisc	control	Helpers	caller-vote	24
00451440	FUN_00451440	gamemisc	control	Helpers	caller-vote	39
00451470	FUN_00451470	gamemisc	world	Helpers	caller-vote	53
004514b0	FUN_004514b0	gamemisc	game_misc	_helpers_wrapper	role:wrapper	40
004514e0	FUN_004514e0	gamemisc	control	Helpers	caller-vote	40
00451510	FUN_00451510	gamemisc	control	Unsorted	logic:caller-vote	56
00451550	FUN_00451550	gamemisc	control	_helpers_ctor-like	role:ctor-like	146
004515f0	FUN_004515f0	gamemisc	control	_helpers_ctor-like	role:ctor-like	227
004516e0	FUN_004516e0	gamemisc	control	_helpers_ctor-like	role:ctor-like	228
004517d0	FUN_004517d0	gamemisc	control	Helpers	caller-vote	42
00451800	FUN_00451800	gamemisc	control	Helpers	caller-vote	74
00451850	FUN_00451850	gamemisc	engine	_helpers_ctor-like	role:ctor-like	239
00451940	FUN_00451940	gamemisc	control	Unsorted	logic:caller-vote	274
00451a60	FUN_00451a60	gamemisc	game_misc	Unsorted_000	none	161
00451b10	FUN_00451b10	gamemisc	control	Helpers	caller-vote	211
00451bf0	FUN_00451bf0	gamemisc	control	Helpers	caller-vote	103
00451c57	Catch_All@00451c57	lib	_library	eh_funclets	eh	8
00451c70	FUN_00451c70	gamemisc	control	Helpers	caller-vote	76
00451cc0	FUN_00451cc0	gamemisc	control	Helpers	caller-vote	57
00451d00	FUN_00451d00	gamemisc	control	Helpers	caller-vote	56
00451d40	FUN_00451d40	gamemisc	control	Helpers	caller-vote	39
00451d70	FUN_00451d70	gamemisc	ai	Helpers	caller-vote	39
00451da0	FUN_00451da0	gamemisc	control	Helpers	caller-vote	39
00451dd0	FUN_00451dd0	gamemisc	control	Helpers	caller-vote	153
00451e69	Catch_All@00451e69	lib	_library	eh_funclets	eh	8
00451e80	FUN_00451e80	gamemisc	control	_helpers_wrapper	role:wrapper	86
00451ee0	FUN_00451ee0	gamemisc	control	Helpers	caller-vote	39
00451f10	FUN_00451f10	gamemisc	control	Helpers	caller-vote	50
00451f50	FUN_00451f50	gamemisc	control	Helpers	caller-vote	130
00451fd2	Catch_All@00451fd2	lib	_library	eh_funclets	eh	8
00451ff0	FUN_00451ff0	gamemisc	control	Helpers	caller-vote	106
00452060	FUN_00452060	gamemisc	control	Helpers	caller-vote	64
004520a0	FUN_004520a0	gamemisc	control	Helpers	caller-vote	39
004520d0	FUN_004520d0	gamemisc	control	Helpers	caller-vote	39
00452100	FUN_00452100	gamemisc	control	Helpers	caller-vote	113
00452171	Catch_All@00452171	lib	_library	eh_funclets	eh	8
00452190	FUN_00452190	gamemisc	control	Helpers	caller-vote	39
004521c0	FUN_004521c0	gamemisc	ui	Helpers	caller-vote	135
00452247	Catch_All@00452247	lib	_library	eh_funclets	eh	8
00452260	FUN_00452260	gamemisc	game_misc	_helpers_wrapper	role:wrapper	58
004522a0	FUN_004522a0	gamemisc	control	_helpers_wrapper	role:wrapper	52
004522e0	FUN_004522e0	gamemisc	game_misc	_helpers_wrapper	role:wrapper	58
00452320	FUN_00452320	gamemisc	game_misc	Unsorted_000	none	162
004523ae	Catch_All@004523ae	lib	_library	eh_funclets	eh	42
004523f0	FUN_004523f0	gamemisc	control	Helpers	caller-vote	116
00452470	FUN_00452470	gamemisc	control	Helpers	caller-vote	69
004524c0	FUN_004524c0	gamemisc	control	Helpers	caller-vote	52
00452500	fwd_0040f680_452500	gamemisc	game_misc	_helpers_thunk	role:thunk	52
00452540	FUN_00452540	gamemisc	control	Helpers	caller-vote	159
004525df	Catch_All@004525df	lib	_library	eh_funclets	eh	20
00452600	FUN_00452600	gamemisc	control	_helpers_dtor-like	role:dtor-like	53
00452650	FUN_00452650	gamemisc	engine	_helpers_dtor-like	role:dtor-like	59
00452690	FUN_00452690	gamemisc	control	Helpers	caller-vote	397
004527d4	Catch_All@004527d4	lib	_library	eh_funclets	eh	8
00452840	FUN_00452840	gamemisc	control	Helpers	caller-vote	431
0045299d	Catch_All@0045299d	lib	_library	eh_funclets	eh	8
00452a10	FUN_00452a10	gamemisc	control	Helpers	caller-vote	504
00452c20	FUN_00452c20	gamemisc	game_misc	Unsorted_000	none	515
00452e30	FUN_00452e30	gamemisc	game_misc	Unsorted_000	none	504
00453040	FUN_00453040	gamemisc	control	Unsorted	logic:caller-vote	475
004531e7	Catch_All@004531e7	lib	_library	eh_funclets	eh	8
00453230	FUN_00453230	gamemisc	game_misc	Unsorted_000	none	468
00453404	Catch_All@00453404	lib	_library	eh_funclets	eh	20
00453420	FUN_00453420	gamemisc	control	Unsorted	logic:caller-vote	565
0045361f	Catch_All@0045361f	lib	_library	eh_funclets	eh	8
00453670	FUN_00453670	gamemisc	game_misc	Unsorted_000	none	565
0045386f	Catch_All@0045386f	lib	_library	eh_funclets	eh	8
004538c0	FUN_004538c0	gamemisc	control	_helpers_dtor-like	role:dtor-like	223
0045399a	Catch_All@0045399a	lib	_library	eh_funclets	eh	8
004539e0	FUN_004539e0	gamemisc	game_misc	Unsorted_000	none	324
00453b24	Catch_All@00453b24	lib	_library	eh_funclets	eh	20
00453b40	FUN_00453b40	gamemisc	control	_helpers_dtor-like	role:dtor-like	284
00453c54	Catch_All@00453c54	lib	_library	eh_funclets	eh	8
00453c90	FUN_00453c90	gamemisc	game_misc	_helpers_dtor-like	role:dtor-like	284
00453da4	Catch_All@00453da4	lib	_library	eh_funclets	eh	8
00453de0	FUN_00453de0	gamemisc	control	Helpers	caller-vote	310
00453ef7	Catch_All@00453ef7	lib	_library	eh_funclets	eh	9
00453f20	FUN_00453f20	gamemisc	control	Helpers	caller-vote	157
00453fa9	Catch_All@00453fa9	lib	_library	eh_funclets	eh	40
00453ff0	FUN_00453ff0	gamemisc	control	Helpers	caller-vote	157
00454079	Catch_All@00454079	lib	_library	eh_funclets	eh	40
004540c0	FUN_004540c0	gamemisc	control	Helpers	caller-vote	157
00454149	Catch_All@00454149	lib	_library	eh_funclets	eh	40
00454190	FUN_00454190	gamemisc	control	Unsorted	logic:caller-vote	157
00454219	Catch_All@00454219	lib	_library	eh_funclets	eh	40
00454260	FUN_00454260	gamemisc	control	Unsorted	logic:caller-vote	157
004542e9	Catch_All@004542e9	lib	_library	eh_funclets	eh	40
00454330	FUN_00454330	gamemisc	control	Helpers	caller-vote	157
004543b9	Catch_All@004543b9	lib	_library	eh_funclets	eh	40
00454400	FUN_00454400	gamemisc	world	Helpers	caller-vote	157
00454489	Catch_All@00454489	lib	_library	eh_funclets	eh	40
004544d0	FUN_004544d0	gamemisc	control	Helpers	caller-vote	157
00454559	Catch_All@00454559	lib	_library	eh_funclets	eh	40
004545a0	FUN_004545a0	gamemisc	control	Helpers	caller-vote	157
00454629	Catch_All@00454629	lib	_library	eh_funclets	eh	40
00454670	FUN_00454670	gamemisc	control	Helpers	caller-vote	157
004546f9	Catch_All@004546f9	lib	_library	eh_funclets	eh	40
00454740	FUN_00454740	gamemisc	control	Helpers	caller-vote	157
004547c9	Catch_All@004547c9	lib	_library	eh_funclets	eh	40
00454810	FUN_00454810	gamemisc	control	Helpers	caller-vote	157
00454899	Catch_All@00454899	lib	_library	eh_funclets	eh	40
004548e0	FUN_004548e0	gamemisc	control	Helpers	caller-vote	157
00454969	Catch_All@00454969	lib	_library	eh_funclets	eh	40
004549b0	FUN_004549b0	gamemisc	control	Helpers	caller-vote	157
00454a39	Catch_All@00454a39	lib	_library	eh_funclets	eh	40
00454a80	FUN_00454a80	gamemisc	control	Helpers	caller-vote	157
00454b09	Catch_All@00454b09	lib	_library	eh_funclets	eh	40
00454b50	FUN_00454b50	gamemisc	control	Unsorted	logic:caller-vote	515
00454d60	FUN_00454d60	gamemisc	game_misc	Unsorted_000	none	199
00454e30	FUN_00454e30	gamemisc	control	Helpers	caller-vote	176
00454ef0	FUN_00454ef0	gamemisc	control	_helpers_dtor-like	role:dtor-like	237
00454fe0	FUN_00454fe0	gamemisc	game_misc	Unsorted_000	none	130
00455070	FUN_00455070	gamemisc	control	Helpers	caller-vote	298
004551b0	FUN_004551b0	gamemisc	control	Unsorted	logic:caller-vote	182
00455270	FUN_00455270	gamemisc	game_misc	Unsorted_000	none	202
00455340	FUN_00455340	gamemisc	control	Unsorted	logic:caller-vote	128
004553c0	FUN_004553c0	gamemisc	control	Unsorted	logic:caller-vote	172
00455470	FUN_00455470	gamemisc	game_misc	Unsorted_000	none	152
00455510	FUN_00455510	gamemisc	control	Helpers	caller-vote	173
004555c0	FUN_004555c0	gamemisc	game_misc	Unsorted_000	none	229
004556b0	FUN_004556b0	gamemisc	control	Unsorted	logic:caller-vote	87
00455710	FUN_00455710	gamemisc	game_misc	Unsorted_000	none	70
00455760	FUN_00455760	gamemisc	control	_helpers_dtor-like	role:dtor-like	244
00455860	FUN_00455860	gamemisc	control	Unsorted	logic:caller-vote	212
00455940	FUN_00455940	gamemisc	game_misc	Unsorted_000	none	127
004559c0	FUN_004559c0	gamemisc	control	Helpers	caller-vote	254
00455ac0	FUN_00455ac0	gamemisc	control	Helpers	caller-vote	355
00455c30	FUN_00455c30	gamemisc	control	Unsorted	logic:caller-vote	324
00455d80	FUN_00455d80	gamemisc	game_misc	Unsorted_000	none	232
00455e70	FUN_00455e70	gamemisc	control	Helpers	caller-vote	310
00455fb0	FUN_00455fb0	gamemisc	control	Unsorted	logic:caller-vote	96
00456010	FUN_00456010	gamemisc	game_misc	Unsorted_000	none	167
004560c0	FUN_004560c0	gamemisc	control	Helpers	caller-vote	151
00456160	FUN_00456160	gamemisc	control	Unsorted	logic:caller-vote	620
004563d0	FUN_004563d0	gamemisc	game_misc	Unsorted_000	none	830
00456710	FUN_00456710	gamemisc	control	Helpers	caller-vote	715
004569f0	FUN_004569f0	gamemisc	control	Helpers	caller-vote	73
00456a40	FUN_00456a40	gamemisc	control	Helpers	caller-vote	122
00456aa6	Catch_All@00456aa6	lib	_library	eh_funclets	eh	35
00456ae0	FUN_00456ae0	gamemisc	game_misc	Unsorted_000	none	144
00456b5c	Catch_All@00456b5c	lib	_library	eh_funclets	eh	35
00456ba0	FUN_00456ba0	gamemisc	control	Helpers	caller-vote	66
00456bf0	FUN_00456bf0	gamemisc	control	Helpers	caller-vote	63
00456c30	FUN_00456c30	gamemisc	control	Unsorted	logic:caller-vote	79
00456c80	FUN_00456c80	gamemisc	world	Helpers	caller-vote	126
00456ced	Catch_All@00456ced	lib	_library	eh_funclets	eh	35
00456d30	fwd_00466590_456d30	gamemisc	game_misc	_helpers_thunk	role:thunk	37
00456d60	FUN_00456d60	gamemisc	control	Helpers	caller-vote	92
00456dc0	FUN_00456dc0	gamemisc	control	Unsorted	logic:caller-vote	158
00456e4a	Catch_All@00456e4a	lib	_library	eh_funclets	eh	38
00456e90	FUN_00456e90	gamemisc	game_misc	Unsorted_000	none	66
00456ee0	FUN_00456ee0	gamemisc	game_misc	Unsorted_000	none	55
00456f20	FUN_00456f20	gamemisc	game_misc	Unsorted_000	none	72
00456f70	FUN_00456f70	gamemisc	control	Unsorted	logic:caller-vote	54
00456fb0	FUN_00456fb0	gamemisc	engine	Helpers	caller-vote	144
00457040	FUN_00457040	gamemisc	engine	Helpers	caller-vote	96
004570a0	FUN_004570a0	gamemisc	game_misc	Unsorted_000	none	286
004571be	Catch_All@004571be	lib	_library	eh_funclets	eh	17
004571d0	FUN_004571d0	gamemisc	control	Helpers	caller-vote	210
004572a2	Catch_All@004572a2	lib	_library	eh_funclets	eh	17
004572c0	FUN_004572c0	gamemisc	control	Helpers	caller-vote	244
00457392	Catch_All@00457392	lib	_library	eh_funclets	eh	17
004573d0	FUN_004573d0	gamemisc	game_misc	Unsorted_000	none	134
00457460	FUN_00457460	gamemisc	control	Helpers	caller-vote	130
004574f0	FUN_004574f0	gamemisc	control	Helpers	caller-vote	241
00457600	FUN_00457600	gamemisc	control	Helpers	caller-vote	221
004576f0	FUN_004576f0	gamemisc	control	Helpers	caller-vote	243
00457800	FUN_00457800	gamemisc	control	Helpers	caller-vote	149
004578a0	FUN_004578a0	gamemisc	game_misc	_helpers_wrapper	role:wrapper	28
004578e0	FUN_004578e0	gamemisc	game_misc	_helpers_wrapper	role:wrapper	21
00457900	FUN_00457900	gamemisc	game_misc	_helpers_wrapper	role:wrapper	44
00457930	FUN_00457930	gamemisc	control	Helpers	caller-vote	137
004579c0	FUN_004579c0	gamemisc	control	Helpers	caller-vote	76
00457a10	FUN_00457a10	gamemisc	control	Helpers	caller-vote	76
00457a60	FUN_00457a60	gamemisc	control	Helpers	caller-vote	45
00457a90	FUN_00457a90	gamemisc	control	Helpers	caller-vote	76
00457ae0	FUN_00457ae0	gamemisc	game_misc	_helpers_wrapper	role:wrapper	76
00457b30	FUN_00457b30	gamemisc	control	Helpers	caller-vote	76
00457b80	FUN_00457b80	gamemisc	game_misc	_helpers_wrapper	role:wrapper	76
00457bd0	FUN_00457bd0	gamemisc	control	Helpers	caller-vote	76
00457c20	FUN_00457c20	gamemisc	control	Helpers	caller-vote	76
00457c70	FUN_00457c70	gamemisc	control	Helpers	caller-vote	76
00457cc0	FUN_00457cc0	gamemisc	control	Helpers	caller-vote	76
00457d10	FUN_00457d10	gamemisc	control	Helpers	caller-vote	76
00457d60	FUN_00457d60	gamemisc	control	Helpers	caller-vote	76
00457db0	FUN_00457db0	gamemisc	control	Helpers	caller-vote	65
00457e00	FUN_00457e00	gamemisc	control	Helpers	caller-vote	23
00457e20	FUN_00457e20	gamemisc	world	Helpers	caller-vote	113
00457ea0	FUN_00457ea0	gamemisc	world	Unsorted	logic:caller-vote	23
00457ec0	FUN_00457ec0	gamemisc	engine	_helpers_dtor-like	role:dtor-like	169
00457f70	FUN_00457f70	gamemisc	game_misc	_artifacts	role:artifact	180
00458030	FUN_00458030	gamemisc	game_misc	_artifacts	role:artifact	192
00458100	FUN_00458100	gamemisc	game_misc	_artifacts	role:artifact	197
004581d0	FUN_004581d0	gamemisc	game_misc	_artifacts	role:artifact	315
00458310	FUN_00458310	gamemisc	game_misc	_artifacts	role:artifact	218
004583f0	FUN_004583f0	gamemisc	game_misc	_artifacts	role:artifact	269
00458500	FUN_00458500	gamemisc	game_misc	_artifacts	role:artifact	326
00458650	FUN_00458650	gamemisc	game_misc	_artifacts	role:artifact	293
00458780	FUN_00458780	gamemisc	game_misc	_artifacts	role:artifact	220
00458860	FUN_00458860	gamemisc	game_misc	_artifacts	role:artifact	208
00458940	FUN_00458940	gamemisc	game_misc	_artifacts	role:artifact	222
00458a20	FUN_00458a20	gamemisc	game_misc	_artifacts	role:artifact	358
00458b90	FUN_00458b90	gamemisc	control	Helpers	caller-vote	15
00458ba0	FUN_00458ba0	gamemisc	control	Helpers	caller-vote	45
00458bd0	FUN_00458bd0	gamemisc	control	Helpers	caller-vote	22
00458bf0	FUN_00458bf0	gamemisc	control	Helpers	caller-vote	23
00458c10	FUN_00458c10	gamemisc	control	_helpers_dtor-like	role:dtor-like	204
00458ce0	FUN_00458ce0	gamemisc	control	Helpers	caller-vote	14
00458cf0	std::pair<unsigned___int64,unsigned___int64>::operator=<std::pair<unsigned___int64,unsigned___int64>,0>	lib	_library	stl	stl-ns	34
00458d20	FUN_00458d20	gamemisc	control	Helpers	caller-vote	32
00458d40	FUN_00458d40	gamemisc	control	Helpers	caller-vote	118
00458db6	Catch_All@00458db6	lib	_library	eh_funclets	eh	26
00458de0	empty_stub_458de0	gamemisc	game_misc	_helpers_stub	role:stub	3
00458df0	FUN_00458df0	gamemisc	game_misc	_helpers_wrapper	role:wrapper	127
00458e6f	Catch_All@00458e6f	lib	_library	eh_funclets	eh	17
00458e90	FUN_00458e90	gamemisc	control	Helpers	caller-vote	127
00458f0f	Catch_All@00458f0f	lib	_library	eh_funclets	eh	17
00458f30	FUN_00458f30	gamemisc	game_misc	_helpers_wrapper	role:wrapper	127
00458faf	Catch_All@00458faf	lib	_library	eh_funclets	eh	17
00458fd0	FUN_00458fd0	gamemisc	game_misc	_helpers_wrapper	role:wrapper	127
0045904f	Catch_All@0045904f	lib	_library	eh_funclets	eh	17
00459070	FUN_00459070	gamemisc	control	Helpers	caller-vote	127
004590ef	Catch_All@004590ef	lib	_library	eh_funclets	eh	17
00459110	FUN_00459110	gamemisc	control	Helpers	caller-vote	127
0045918f	Catch_All@0045918f	lib	_library	eh_funclets	eh	17
004591b0	FUN_004591b0	gamemisc	control	Helpers	caller-vote	127
0045922f	Catch_All@0045922f	lib	_library	eh_funclets	eh	17
00459250	FUN_00459250	gamemisc	world	Helpers	caller-vote	127
004592cf	Catch_All@004592cf	lib	_library	eh_funclets	eh	17
004592f0	FUN_004592f0	gamemisc	control	Unsorted	logic:caller-vote	159
0045938f	Catch_All@0045938f	lib	_library	eh_funclets	eh	17
004593b0	fwd_00487250_4593b0	gamemisc	game_misc	_helpers_thunk	role:thunk	41
004593e0	FUN_004593e0	gamemisc	world	Helpers	caller-vote	156
0045947c	Catch_All@0045947c	lib	_library	eh_funclets	eh	17
00459490	FUN_00459490	gamemisc	control	Helpers	caller-vote	44
004594c0	FUN_004594c0	gamemisc	ai	Helpers	caller-vote	98
00459530	FUN_00459530	gamemisc	control	_helpers_wrapper	role:wrapper	123
004595b0	FUN_004595b0	gamemisc	control	Helpers	caller-vote	174
00459660	FUN_00459660	gamemisc	control	_indirect_dispatch-target	role:dispatch-target	115
004596e0	cube::Chunk::Chunk	game	world	Chunk	rtti	275
00459800	FUN_00459800	gamemisc	control	Unsorted	logic:caller-vote	405
004599a0	FUN_004599a0	gamemisc	control	Helpers	caller-vote	134
00459a30	FUN_00459a30	gamemisc	control	Helpers	caller-vote	94
00459a90	FUN_00459a90	gamemisc	game_misc	Unsorted_000	none	30
00459ab0	FUN_00459ab0	gamemisc	world	Helpers	caller-vote	94
00459b10	FUN_00459b10	gamemisc	game_misc	Unsorted_000	none	240
00459c00	fwd_0068d946_459c00	gamemisc	game_misc	_helpers_thunk	role:thunk	44
00459c40	cube::GameController::GameController	game	control	GameController	rtti	26981
00460600	FUN_00460600	gamemisc	control	Helpers	caller-vote	21094
00465ae0	FUN_00465ae0	gamemisc	game_misc	_helpers_wrapper	role:wrapper	66
00465b30	FUN_00465b30	gamemisc	game_misc	_helpers_wrapper	role:wrapper	38
00465b60	FUN_00465b60	gamemisc	game_misc	_helpers_wrapper	role:wrapper	75
00465bb0	FUN_00465bb0	gamemisc	control	Helpers	caller-vote	71
00465c00	FUN_00465c00	gamemisc	control	Helpers	caller-vote	102
00465c70	FUN_00465c70	gamemisc	control	Helpers	caller-vote	99
00465ce0	FUN_00465ce0	gamemisc	control	Helpers	caller-vote	243
00465de0	FUN_00465de0	gamemisc	control	Helpers	caller-vote	120
00465e60	FUN_00465e60	gamemisc	control	Helpers	caller-vote	112
00465ed0	FUN_00465ed0	gamemisc	control	Helpers	caller-vote	17
00465ef0	FUN_00465ef0	gamemisc	control	Helpers	caller-vote	188
00465fb0	FUN_00465fb0	gamemisc	control	Helpers	caller-vote	17
00465fd0	FUN_00465fd0	gamemisc	game_misc	_helpers_wrapper	role:wrapper	113
00466050	FUN_00466050	gamemisc	game_misc	Unsorted_000	none	950
00466410	FUN_00466410	gamemisc	control	Helpers	caller-vote	152
004664b0	FUN_004664b0	gamemisc	control	Helpers	caller-vote	37
004664e0	<>	gamemisc	control	Helpers	caller-vote	38
00466510	FUN_00466510	gamemisc	world	Helpers	caller-vote	119
00466590	FUN_00466590	gamemisc	world	Helpers	caller-vote	185
00466650	FUN_00466650	gamemisc	control	Unsorted	logic:caller-vote	556
00466880	FUN_00466880	gamemisc	control	Helpers	caller-vote	484
00466a70	cube::WorldInfo::WorldInfo	game	world	WorldInfo	rtti	41
00466aa0	fwd_0068d66e_466aa0	gamemisc	game_misc	_helpers_thunk	role:thunk	7
00466ab0	FUN_00466ab0	gamemisc	game_misc	_helpers_wrapper	role:wrapper	15
00466ad0	FUN_00466ad0	gamemisc	game_misc	_helpers_wrapper	role:wrapper	15
00466af0	FUN_00466af0	gamemisc	game_misc	_helpers_wrapper	role:wrapper	15
00466b10	FUN_00466b10	gamemisc	game_misc	_helpers_wrapper	role:wrapper	28
00466b40	FUN_00466b40	gamemisc	game_misc	_helpers_dtor-like	role:dtor-like	71
00466b90	FUN_00466b90	gamemisc	game_misc	_helpers_wrapper	role:wrapper	43
00466be0	thunk_FUN_0046ea70	gamemisc	game_misc	_helpers_dtor-like	role:dtor-like	5
00466bf0	cube::Chunk::~Chunk	game	world	Chunk	rtti	185
00466d90	cube::GameController::~GameController	game	control	GameController	rtti	914
00467a70	FUN_00467a70	gamemisc	control	Helpers	caller-vote	48
00467ab0	FUN_00467ab0	gamemisc	game_misc	_helpers_wrapper	role:wrapper	24
00467af0	FUN_00467af0	gamemisc	game_misc	_helpers_wrapper	role:wrapper	34
00467b40	FUN_00467b40	gamemisc	game_misc	_helpers_wrapper	role:wrapper	15
00467b60	FUN_00467b60	gamemisc	control	Helpers	caller-vote	67
00467bcb	FUN_00467bcb	gamemisc	game_misc	_helpers_dtor-like	role:dtor-like	105
00467c40	FUN_00467c40	gamemisc	control	Helpers	caller-vote	39
00467c70	FUN_00467c70	gamemisc	game_misc	_helpers_wrapper	role:wrapper	48
00467f10	FUN_00467f10	gamemisc	control	Helpers	caller-vote	32
00467f30	FUN_00467f30	gamemisc	control	Helpers	caller-vote	36
00467f60	FUN_00467f60	gamemisc	control	Helpers	caller-vote	52
00467fa0	FUN_00467fa0	gamemisc	control	Helpers	caller-vote	60
00467fe0	FUN_00467fe0	gamemisc	control	Helpers	caller-vote	30
00468000	FUN_00468000	gamemisc	control	Unsorted	logic:caller-vote	65
00468050	FUN_00468050	gamemisc	control	Helpers	caller-vote	365
004681c0	Catch_All@004681c0	lib	_library	eh_funclets	eh	17
004681e0	FUN_004681e0	gamemisc	control	Helpers	caller-vote	283
004682fe	Catch_All@004682fe	lib	_library	eh_funclets	eh	17
00468310	FUN_00468310	gamemisc	control	Helpers	caller-vote	262
00468419	Catch_All@00468419	lib	_library	eh_funclets	eh	17
00468430	FUN_00468430	gamemisc	game_misc	Unsorted_000	none	405
004685c8	Catch_All@004685c8	lib	_library	eh_funclets	eh	17
004685e0	FUN_004685e0	gamemisc	control	Helpers	caller-vote	54
00468620	FUN_00468620	gamemisc	control	Helpers	caller-vote	78
00468670	FUN_00468670	gamemisc	control	Helpers	caller-vote	106
004686e0	FUN_004686e0	gamemisc	control	Helpers	caller-vote	171
00468790	FUN_00468790	gamemisc	control	Helpers	caller-vote	174
00468840	FUN_00468840	gamemisc	control	Unsorted	logic:caller-vote	43
00468870	FUN_00468870	gamemisc	control	Helpers	caller-vote	43
004688a0	FUN_004688a0	gamemisc	control	Helpers	caller-vote	43
004688d0	compute_4688d0	gamemisc	game_misc	_helpers_computed	role:computed	19
004688f0	FUN_004688f0	gamemisc	control	Helpers	caller-vote	24
00468910	FUN_00468910	gamemisc	control	Unsorted	logic:caller-vote	130
004689a0	FUN_004689a0	gamemisc	game_misc	Unsorted_000	none	290
00468ad0	FUN_00468ad0	gamemisc	control	Unsorted	logic:caller-vote	159
00468b70	FUN_00468b70	gamemisc	game_misc	_artifacts	role:artifact	235
00468c60	compute_468c60	gamemisc	game_misc	_helpers_computed	role:computed	15
00468c70	compute_468c70	gamemisc	game_misc	_helpers_computed	role:computed	15
00468c80	compute_468c80	gamemisc	game_misc	_helpers_computed	role:computed	6
00468c90	compute_468c90	gamemisc	game_misc	_helpers_computed	role:computed	6
00468ca0	FUN_00468ca0	gamemisc	game_misc	Unsorted_000	none	70
00468cf0	FUN_00468cf0	gamemisc	control	Helpers	caller-vote	54
00468d30	FUN_00468d30	gamemisc	control	Unsorted	logic:caller-vote	18
00468d50	FUN_00468d50	gamemisc	control	Helpers	caller-vote	19
00468d70	fwd_005c3ea0_468d70	gamemisc	game_misc	_helpers_thunk	role:thunk	23
00468d90	FUN_00468d90	gamemisc	game_misc	Unsorted_000	none	19
00468db0	FUN_00468db0	gamemisc	control	Helpers	caller-vote	19
00468dd0	FUN_00468dd0	gamemisc	control	Unsorted	logic:caller-vote	19
00468df0	FUN_00468df0	gamemisc	control	Unsorted	logic:caller-vote	40
00468e20	FUN_00468e20	gamemisc	control	Helpers	caller-vote	76
00468e70	FUN_00468e70	gamemisc	game_misc	_helpers_wrapper	role:wrapper	64
00468eb0	FUN_00468eb0	gamemisc	control	Helpers	caller-vote	36
00468ee0	FUN_00468ee0	gamemisc	control	Helpers	caller-vote	51
00468f20	FUN_00468f20	gamemisc	game_misc	Unsorted_000	none	40
00468f50	FUN_00468f50	gamemisc	control	Helpers	caller-vote	70
00468fa0	mutator_468fa0	gamemisc	game_misc	_helpers_mutator	role:mutator	23
00468fc0	FUN_00468fc0	gamemisc	world	_helpers_wrapper	role:wrapper	56
00469000	FUN_00469000	gamemisc	world	Helpers	caller-vote	32
00469020	FUN_00469020	gamemisc	control	Helpers	caller-vote	55
00469060	FUN_00469060	gamemisc	world	Helpers	caller-vote	64
004690a0	FUN_004690a0	gamemisc	game_misc	Unsorted_000	none	1234
00469590	FUN_00469590	gamemisc	game_misc	Unsorted_000	none	1650
00469c10	FUN_00469c10	gamemisc	game_misc	Unsorted_000	none	2309
0046a8a0	cube::WorldInfo::WorldInfo_Constructor_or_Destructor	game	world	WorldInfo	rtti	3652
0046b740	FUN_0046b740	gamemisc	game_misc	Unsorted_000	none	382
0046b8be	FUN_0046b8be	gamemisc	game_misc	_indirect_dispatch-target	role:dispatch-target	566
0046d1c0	FUN_0046d1c0	gamemisc	control	Helpers	caller-vote	39
0046d1f0	FUN_0046d1f0	gamemisc	control	Helpers	caller-vote	43
0046d220	FUN_0046d220	gamemisc	control	Helpers	caller-vote	54
0046d260	cube::Chunk::deleting_destructor	game	world	Chunk	rtti	85
0046d2c0	std::_Func_impl<std::_Callable_obj<<lambda_864084cd43f09ea2a93402c86ee87b29>,0>,std::allocator<std::_Func_class<void,std::_Nil,std::_Nil,std::_Nil,std::_Nil,std::_Nil,std::_Nil,std::_Nil>_>,void,std::_Nil,std::_Nil,std::_Nil,std::_Nil,std::_Nil,std::_Nil,std::_Nil>::deleting_destructor	lib	_library	stl	stl-ns	31
0046d2f0	cube::ChunkBuffer::deleting_destructor	game	world	ChunkBuffer	rtti	70
0046d340	cube::GameController::deleting_destructor	game	control	GameController	rtti	30
0046d370	FUN_0046d370	gamemisc	control	Helpers	caller-vote	34
0046d3b0	cube::WorldInfo::deleting_destructor	game	world	WorldInfo	rtti	131
0046d440	FUN_0046d440	gamemisc	control	Helpers	caller-vote	103
0046d4b0	FUN_0046d4b0	gamemisc	game_misc	Unsorted_000	none	47
0046d4e0	FUN_0046d4e0	gamemisc	game_misc	Unsorted_000	none	50
0046d520	FUN_0046d520	gamemisc	game_misc	Unsorted_000	none	47
0046d550	FUN_0046d550	gamemisc	game_misc	Unsorted_000	none	54
0046d590	FUN_0046d590	gamemisc	control	Unsorted	logic:caller-vote	54
0046d5d0	FUN_0046d5d0	gamemisc	control	Unsorted	logic:caller-vote	54
0046d610	FUN_0046d610	gamemisc	control	Helpers	caller-vote	54
0046d650	FUN_0046d650	gamemisc	control	Unsorted	logic:caller-vote	54
0046d690	FUN_0046d690	gamemisc	control	Helpers	caller-vote	57
0046d6d0	FUN_0046d6d0	gamemisc	control	Helpers	caller-vote	57
0046d710	FUN_0046d710	gamemisc	control	Helpers	caller-vote	54
0046d750	FUN_0046d750	gamemisc	control	Helpers	caller-vote	54
0046d790	FUN_0046d790	gamemisc	control	Helpers	caller-vote	54
0046d7d0	FUN_0046d7d0	gamemisc	control	Helpers	caller-vote	57
0046d810	FUN_0046d810	gamemisc	control	Helpers	caller-vote	54
0046d850	FUN_0046d850	gamemisc	control	Helpers	caller-vote	54
0046d890	FUN_0046d890	gamemisc	control	Helpers	caller-vote	54
0046d8d0	FUN_0046d8d0	gamemisc	control	Helpers	caller-vote	57
0046d910	FUN_0046d910	gamemisc	control	Helpers	caller-vote	55
0046d950	FUN_0046d950	gamemisc	game_misc	Unsorted_000	none	58
0046d990	FUN_0046d990	gamemisc	control	Helpers	caller-vote	55
0046d9d0	FUN_0046d9d0	gamemisc	control	Helpers	caller-vote	36
0046da00	FUN_0046da00	gamemisc	control	Helpers	caller-vote	69
0046da50	std::_Func_impl<std::_Callable_obj<<lambda_29209b183b27224642a038ec1f3692c5>,0>,std::allocator<std::_Func_class<void,std::_Nil,std::_Nil,std::_Nil,std::_Nil,std::_Nil,std::_Nil,std::_Nil>_>,void,std::_Nil,std::_Nil,std::_Nil,std::_Nil,std::_Nil,std::_Nil,std::_Nil>::vfunction1	lib	_library	stl	stl-ns	50
0046da90	std::_Func_impl<std::_Callable_obj<<lambda_1ffef8671b5d330b7078b5ff273ee5fb>,0>,std::allocator<std::_Func_class<void,std::_Nil,std::_Nil,std::_Nil,std::_Nil,std::_Nil,std::_Nil,std::_Nil>_>,void,std::_Nil,std::_Nil,std::_Nil,std::_Nil,std::_Nil,std::_Nil,std::_Nil>::vfunction5	lib	_library	stl	stl-ns	30
0046dac0	FUN_0046dac0	gamemisc	control	Helpers	caller-vote	36
0046daf0	fwd_00452650_46daf0	gamemisc	game_misc	_helpers_thunk	role:thunk	31
0046db10	FUN_0046db10	gamemisc	game_misc	_helpers_dtor-like	role:dtor-like	81
0046db70	std::_Func_impl<std::_Callable_obj<<lambda_1ffef8671b5d330b7078b5ff273ee5fb>,0>,std::allocator<std::_Func_class<void,std::_Nil,std::_Nil,std::_Nil,std::_Nil,std::_Nil,std::_Nil,std::_Nil>_>,void,std::_Nil,std::_Nil,std::_Nil,std::_Nil,std::_Nil,std::_Nil,std::_Nil>::vfunction3	lib	_library	stl	stl-ns	8
0046db80	std::_Func_impl<std::_Callable_obj<<lambda_29209b183b27224642a038ec1f3692c5>,0>,std::allocator<std::_Func_class<void,std::_Nil,std::_Nil,std::_Nil,std::_Nil,std::_Nil,std::_Nil,std::_Nil>_>,void,std::_Nil,std::_Nil,std::_Nil,std::_Nil,std::_Nil,std::_Nil,std::_Nil>::vfunction3	lib	_library	stl	stl-ns	8
0046db90	std::_Func_impl<std::_Callable_obj<<lambda_864084cd43f09ea2a93402c86ee87b29>,0>,std::allocator<std::_Func_class<void,std::_Nil,std::_Nil,std::_Nil,std::_Nil,std::_Nil,std::_Nil,std::_Nil>_>,void,std::_Nil,std::_Nil,std::_Nil,std::_Nil,std::_Nil,std::_Nil,std::_Nil>::vfunction3	lib	_library	stl	stl-ns	8
0046dba0	std::_Func_impl<std::_Callable_obj<<lambda_fdf816e424f0da55b18915c89c349fdd>,0>,std::allocator<std::_Func_class<void,std::_Nil,std::_Nil,std::_Nil,std::_Nil,std::_Nil,std::_Nil,std::_Nil>_>,void,std::_Nil,std::_Nil,std::_Nil,std::_Nil,std::_Nil,std::_Nil,std::_Nil>::vfunction3	lib	_library	stl	stl-ns	8
0046dbb0	std::_Func_impl<std::_Callable_obj<<lambda_ff38bf9ea15b41cb34bc5dae16af8ab3>,0>,std::allocator<std::_Func_class<void,std::_Nil,std::_Nil,std::_Nil,std::_Nil,std::_Nil,std::_Nil,std::_Nil>_>,void,std::_Nil,std::_Nil,std::_Nil,std::_Nil,std::_Nil,std::_Nil,std::_Nil>::vfunction3	lib	_library	stl	stl-ns	8
0046dbc0	FUN_0046dbc0	gamemisc	control	Helpers	caller-vote	112
0046dc50	FUN_0046dc50	gamemisc	game_misc	_helpers_wrapper	role:wrapper	49
0046dca0	plasma::Exception::vfunction1	game	engine	Exception	rtti	4
0046dcb0	identity_46dcb0	gamemisc	game_misc	_helpers_identity	role:identity	10
0046dcc0	FUN_0046dcc0	gamemisc	engine	Helpers	caller-vote	56
0046dd00	FUN_0046dd00	gamemisc	game_misc	Unsorted_000	none	56
0046dd40	FUN_0046dd40	gamemisc	control	Unsorted	logic:caller-vote	75
0046dd90	FUN_0046dd90	gamemisc	game_misc	Unsorted_000	none	75
0046dde0	FUN_0046dde0	gamemisc	engine	Helpers	caller-vote	73
0046de30	FUN_0046de30	gamemisc	engine	Helpers	caller-vote	532
0046e050	std::_Func_impl<std::_Callable_obj<<lambda_1ffef8671b5d330b7078b5ff273ee5fb>,0>,std::allocator<std::_Func_class<void,std::_Nil,std::_Nil,std::_Nil,std::_Nil,std::_Nil,std::_Nil,std::_Nil>_>,void,std::_Nil,std::_Nil,std::_Nil,std::_Nil,std::_Nil,std::_Nil,std::_Nil>::vfunction1	lib	_library	stl	stl-ns	50
0046e090	std::_Func_impl<std::_Callable_obj<<lambda_864084cd43f09ea2a93402c86ee87b29>,0>,std::allocator<std::_Func_class<void,std::_Nil,std::_Nil,std::_Nil,std::_Nil,std::_Nil,std::_Nil,std::_Nil>_>,void,std::_Nil,std::_Nil,std::_Nil,std::_Nil,std::_Nil,std::_Nil,std::_Nil>::vfunction1	lib	_library	stl	stl-ns	50
0046e0d0	std::_Func_impl<std::_Callable_obj<<lambda_fdf816e424f0da55b18915c89c349fdd>,0>,std::allocator<std::_Func_class<void,std::_Nil,std::_Nil,std::_Nil,std::_Nil,std::_Nil,std::_Nil,std::_Nil>_>,void,std::_Nil,std::_Nil,std::_Nil,std::_Nil,std::_Nil,std::_Nil,std::_Nil>::vfunction1	lib	_library	stl	stl-ns	50
0046e110	std::_Func_impl<std::_Callable_obj<<lambda_ff38bf9ea15b41cb34bc5dae16af8ab3>,0>,std::allocator<std::_Func_class<void,std::_Nil,std::_Nil,std::_Nil,std::_Nil,std::_Nil,std::_Nil,std::_Nil>_>,void,std::_Nil,std::_Nil,std::_Nil,std::_Nil,std::_Nil,std::_Nil,std::_Nil>::vfunction1	lib	_library	stl	stl-ns	50
0046e150	FUN_0046e150	gamemisc	control	_helpers_dtor-like	role:dtor-like	227
0046e239	Catch_All@0046e239	lib	_library	eh_funclets	eh	8
0046e250	FUN_0046e250	gamemisc	game_misc	_helpers_dtor-like	role:dtor-like	185
0046e30c	Catch_All@0046e30c	lib	_library	eh_funclets	eh	8
0046e330	FUN_0046e330	gamemisc	control	_helpers_dtor-like	role:dtor-like	205
0046e40e	Catch_All@0046e40e	lib	_library	eh_funclets	eh	8
0046e430	FUN_0046e430	gamemisc	game_misc	_helpers_dtor-like	role:dtor-like	216
0046e50e	Catch_All@0046e50e	lib	_library	eh_funclets	eh	8
0046e530	FUN_0046e530	gamemisc	game_misc	_helpers_dtor-like	role:dtor-like	186
0046e5ed	Catch_All@0046e5ed	lib	_library	eh_funclets	eh	8
0046e610	FUN_0046e610	gamemisc	engine	Helpers	caller-vote	219
0046e6f1	Catch_All@0046e6f1	lib	_library	eh_funclets	eh	8
0046e710	FUN_0046e710	gamemisc	control	Unsorted	logic:caller-vote	111
0046e780	FUN_0046e780	gamemisc	game_misc	Unsorted_000	none	115
0046e800	FUN_0046e800	gamemisc	control	Helpers	caller-vote	115
0046e880	FUN_0046e880	gamemisc	game_misc	Unsorted_000	none	111
0046e8f0	FUN_0046e8f0	gamemisc	game_misc	Unsorted_000	none	115
0046e970	FUN_0046e970	gamemisc	engine	Helpers	caller-vote	162
0046ea20	std::_Func_impl<std::_Callable_obj<<lambda_1ffef8671b5d330b7078b5ff273ee5fb>,0>,std::allocator<std::_Func_class<void,std::_Nil,std::_Nil,std::_Nil,std::_Nil,std::_Nil,std::_Nil,std::_Nil>_>,void,std::_Nil,std::_Nil,std::_Nil,std::_Nil,std::_Nil,std::_Nil,std::_Nil>::vfunction4	lib	_library	stl	stl-ns	6
0046ea30	std::_Func_impl<std::_Callable_obj<<lambda_29209b183b27224642a038ec1f3692c5>,0>,std::allocator<std::_Func_class<void,std::_Nil,std::_Nil,std::_Nil,std::_Nil,std::_Nil,std::_Nil,std::_Nil>_>,void,std::_Nil,std::_Nil,std::_Nil,std::_Nil,std::_Nil,std::_Nil,std::_Nil>::vfunction4	lib	_library	stl	stl-ns	6
0046ea40	std::_Func_impl<std::_Callable_obj<<lambda_864084cd43f09ea2a93402c86ee87b29>,0>,std::allocator<std::_Func_class<void,std::_Nil,std::_Nil,std::_Nil,std::_Nil,std::_Nil,std::_Nil,std::_Nil>_>,void,std::_Nil,std::_Nil,std::_Nil,std::_Nil,std::_Nil,std::_Nil,std::_Nil>::vfunction4	lib	_library	stl	stl-ns	6
0046ea50	std::_Func_impl<std::_Callable_obj<<lambda_fdf816e424f0da55b18915c89c349fdd>,0>,std::allocator<std::_Func_class<void,std::_Nil,std::_Nil,std::_Nil,std::_Nil,std::_Nil,std::_Nil,std::_Nil>_>,void,std::_Nil,std::_Nil,std::_Nil,std::_Nil,std::_Nil,std::_Nil,std::_Nil>::vfunction4	lib	_library	stl	stl-ns	6
0046ea60	std::_Func_impl<std::_Callable_obj<<lambda_ff38bf9ea15b41cb34bc5dae16af8ab3>,0>,std::allocator<std::_Func_class<void,std::_Nil,std::_Nil,std::_Nil,std::_Nil,std::_Nil,std::_Nil,std::_Nil>_>,void,std::_Nil,std::_Nil,std::_Nil,std::_Nil,std::_Nil,std::_Nil,std::_Nil>::vfunction4	lib	_library	stl	stl-ns	6
0046ea70	FUN_0046ea70	gamemisc	entity	Helpers	caller-vote	42
0046eac0	FUN_0046eac0	gamemisc	game_misc	_helpers_wrapper	role:wrapper	46
0046eaf0	FUN_0046eaf0	gamemisc	game_misc	_helpers_wrapper	role:wrapper	41
0046eb20	FUN_0046eb20	gamemisc	game_misc	_helpers_dtor-like	role:dtor-like	75
0046eb80	mutator_46eb80	gamemisc	game_misc	_helpers_mutator	role:mutator	16
0046eb90	FUN_0046eb90	gamemisc	control	Helpers	caller-vote	65
0046ebe0	FUN_0046ebe0	gamemisc	game_misc	Unsorted_000	none	717
0046eeb0	FUN_0046eeb0	gamemisc	world	Helpers	caller-vote	110
0046ef20	FUN_0046ef20	gamemisc	engine	Helpers	caller-vote	52
0046ef60	FUN_0046ef60	gamemisc	control	Unsorted	logic:caller-vote	237
0046f050	FUN_0046f050	gamemisc	control	Unsorted	logic:caller-vote	287
0046f170	FUN_0046f170	gamemisc	game_misc	Unsorted_000	none	253
0046f270	FUN_0046f270	gamemisc	game_misc	Unsorted_000	none	287
0046f390	FUN_0046f390	gamemisc	control	Unsorted	logic:caller-vote	152
0046f430	FUN_0046f430	gamemisc	control	Helpers	caller-vote	7
0046f440	mutator_46f440	gamemisc	game_misc	_helpers_mutator	role:mutator	16
0046f450	FUN_0046f450	gamemisc	game_misc	_helpers_wrapper	role:wrapper	40
0046f480	plasma::Widget::MemberFunctionConnection<cube::GameController>::vfunction1	game	engine	MemberFunctionConnection	rtti	10
0046f490	FUN_0046f490	gamemisc	game_misc	Unsorted_000	none	386
0046f620	FUN_0046f620	gamemisc	control	Helpers	caller-vote	528
0046f870	FUN_0046f870	gamemisc	control	Helpers	caller-vote	42
0046f8b0	FUN_0046f8b0	gamemisc	game_misc	_helpers_dtor-like	role:dtor-like	74
0046f910	FUN_0046f910	gamemisc	control	Helpers	caller-vote	82
0046f990	FUN_0046f990	gamemisc	control	_helpers_dtor-like	role:dtor-like	74
0046f9f0	FUN_0046f9f0	gamemisc	game_misc	_helpers_dtor-like	role:dtor-like	74
0046fa50	FUN_0046fa50	gamemisc	control	Helpers	caller-vote	39
0046fa90	FUN_0046fa90	gamemisc	control	Helpers	caller-vote	33
0046fac0	FUN_0046fac0	gamemisc	entity	Helpers	caller-vote	363
0046fc50	std::basic_stringstream<wchar_t,std::char_traits<wchar_t>,std::allocator<wchar_t>_>::basic_stringstream<wchar_t,std::char_traits<wchar_t>,std::allocator<wchar_t>_>_Constructor_or_Destructor	lib	_library	stl	stl-ns	3421
004709c0	GameController_onItemPickup	game	entity	Proven	ledger	954
00470d80	FUN_00470d80	gamemisc	game_misc	Unsorted_000	none	2847
004718b0	FUN_004718b0	gamemisc	control	Unsorted	logic:caller-vote	87
00471910	FUN_00471910	gamemisc	control	Helpers	caller-vote	7
00471920	FUN_00471920	gamemisc	control	Helpers	caller-vote	203
004719f0	FUN_004719f0	gamemisc	control	Helpers	caller-vote	354
00471b60	FUN_00471b60	gamemisc	ui	Unsorted	logic:caller-vote	486
00471d50	FUN_00471d50	gamemisc	game_misc	Unsorted_000	none	15203
004758c0	FUN_004758c0	gamemisc	ui	Unsorted	logic:caller-vote	3484
00476660	FUN_00476660	gamemisc	game_misc	Unsorted_000	none	3004
00477220	compute_477220	gamemisc	game_misc	_helpers_computed	role:computed	9
00477230	FUN_00477230	gamemisc	control	Helpers	caller-vote	9
00477240	compute_477240	gamemisc	game_misc	_helpers_computed	role:computed	11
00477250	FUN_00477250	gamemisc	control	Helpers	caller-vote	43
00477280	FUN_00477280	gamemisc	game_misc	_helpers_wrapper	role:wrapper	40
004772b0	FUN_004772b0	gamemisc	control	Unsorted	logic:caller-vote	1296
004777f0	FUN_004777f0	gamemisc	control	Unsorted	logic:caller-vote	189
004778b0	FUN_004778b0	gamemisc	control	Unsorted	logic:caller-vote	681
00477b80	FUN_00477b80	gamemisc	control	Helpers	caller-vote	87
00477bf0	FUN_00477bf0	gamemisc	control	Helpers	caller-vote	95
00477c60	FUN_00477c60	gamemisc	control	Helpers	caller-vote	49
00477cb0	FUN_00477cb0	gamemisc	control	Helpers	caller-vote	87
00477d20	FUN_00477d20	gamemisc	game_misc	_helpers_dtor-like	role:dtor-like	87
00477d90	FUN_00477d90	gamemisc	control	Unsorted	logic:caller-vote	115
00477e10	findNearestEntityInGrid	game	entity	Proven	ledger	380
00477fa0	std::basic_stringstream<wchar_t,std::char_traits<wchar_t>,std::allocator<wchar_t>_>::basic_stringstream<wchar_t,std::char_traits<wchar_t>,std::allocator<wchar_t>_>_Constructor_or_Destructor	lib	_library	stl	stl-ns	1912
004787f0	FUN_004787f0	gamemisc	control	Helpers	caller-vote	7
00478800	std::basic_stringstream<wchar_t,std::char_traits<wchar_t>,std::allocator<wchar_t>_>::basic_stringstream<wchar_t,std::char_traits<wchar_t>,std::allocator<wchar_t>_>_Constructor_or_Destructor	lib	_library	stl	stl-ns	9515
0047ae10	FUN_0047ae10	gamemisc	control	Helpers	caller-vote	497
0047b010	FUN_0047b010	gamemisc	control	Helpers	caller-vote	410
0047b1b0	FUN_0047b1b0	gamemisc	control	Helpers	caller-vote	391
0047b340	FUN_0047b340	gamemisc	control	Helpers	caller-vote	156
0047b3e0	FUN_0047b3e0	gamemisc	control	Helpers	caller-vote	99
0047b450	FUN_0047b450	gamemisc	control	Helpers	caller-vote	251
0047b550	FUN_0047b550	gamemisc	control	Helpers	caller-vote	149
0047b5f0	compute_47b5f0	gamemisc	game_misc	_helpers_computed	role:computed	4
0047b600	cube::GameController::vfunction8	game	control	GameController	rtti	10026
0047ddd0	cube::GameController::vfunction9	game	control	GameController	rtti	979
0047e1b0	cube::GameController::vfunction3	game	control	GameController	rtti	1502
0047e9d0	cube::GameController::vfunction4	game	control	GameController	rtti	36
0047ea00	cube::GameController::vfunction7	game	control	GameController	rtti	1333
0047ef40	cube::GameController::vfunction10	game	control	GameController	rtti	183
0047f000	FUN_0047f000	gamemisc	control	Helpers	caller-vote	47
0047f030	FUN_0047f030	gamemisc	ui	Helpers	caller-vote	389
0047f1c0	FUN_0047f1c0	gamemisc	control	Helpers	caller-vote	7
0047f1d0	cube::GameController::vfunction2	game	control	GameController	rtti	475
0047f3b0	FUN_0047f3b0	gamemisc	control	Helpers	caller-vote	10
0047f3c0	FUN_0047f3c0	gamemisc	control	Helpers	caller-vote	915
0047f760	FUN_0047f760	gamemisc	control	Helpers	caller-vote	467
0047f940	FUN_0047f940	gamemisc	ui	Helpers	caller-vote	169
0047f9f0	FUN_0047f9f0	gamemisc	control	Unsorted	logic:caller-vote	32
0047fa10	FUN_0047fa10	gamemisc	control	Helpers	caller-vote	21
0047fa30	FUN_0047fa30	gamemisc	control	Unsorted	logic:caller-vote	64
0047faa0	FUN_0047faa0	gamemisc	world	Helpers	caller-vote	54
0047fae0	FUN_0047fae0	gamemisc	control	Unsorted	logic:caller-vote	2977
004806c0	FUN_004806c0	gamemisc	control	Helpers	caller-vote	695
004809a0	FUN_004809a0	gamemisc	control	Helpers	caller-vote	971
00480d90	FUN_00480d90	gamemisc	control	Helpers	caller-vote	32
00480db0	FUN_00480db0	gamemisc	control	Helpers	caller-vote	32
00480dd0	FUN_00480dd0	gamemisc	control	Helpers	caller-vote	27
00480df0	FUN_00480df0	gamemisc	control	Helpers	caller-vote	7
00480e00	FUN_00480e00	gamemisc	control	_helpers_ctor-like	role:ctor-like	417
00480fb0	std::basic_stringstream<wchar_t,std::char_traits<wchar_t>,std::allocator<wchar_t>_>::basic_stringstream<wchar_t,std::char_traits<wchar_t>,std::allocator<wchar_t>_>_Constructor_or_Destructor	lib	_library	stl	stl-ns	1308
004814f0	FUN_004814f0	gamemisc	control	_indirect_callback	role:callback	193
004815c0	FUN_004815c0	gamemisc	control	_helpers_wrapper	role:wrapper	23
004815e0	FUN_004815e0	gamemisc	control	_helpers_dtor-like	role:dtor-like	256
004816f0	FUN_004816f0	gamemisc	control	_indirect_callback	role:callback	1568
00481d30	FUN_00481d30	gamemisc	control	_indirect_callback	role:callback	647
00481fe0	FUN_00481fe0	gamemisc	control	_indirect_callback	role:callback	424
004821a0	FUN_004821a0	gamemisc	control	_indirect_callback	role:callback	873
00482530	std::basic_stringstream<wchar_t,std::char_traits<wchar_t>,std::allocator<wchar_t>_>::basic_stringstream<wchar_t,std::char_traits<wchar_t>,std::allocator<wchar_t>_>_Constructor_or_Destructor	lib	_library	stl	stl-ns	1139
00482a00	cube::GameController::vfunction6	game	control	GameController	rtti	58
00482a40	cube::GameController::vfunction5	game	control	GameController	rtti	5159
00483e70	FUN_00483e70	gamemisc	control	_indirect_callback	role:callback	756
00484170	FUN_00484170	gamemisc	control	_indirect_callback	role:callback	187
00484230	FUN_00484230	gamemisc	control	_helpers_dtor-like	role:dtor-like	228
00484320	FUN_00484320	gamemisc	control	Helpers	caller-vote	40
00484350	FUN_00484350	gamemisc	control	Unsorted	logic:caller-vote	6972
00486030	FUN_00486030	gamemisc	control	Helpers	caller-vote	22
00486050	FUN_00486050	gamemisc	game_misc	_helpers_wrapper	role:wrapper	37
00486080	FUN_00486080	gamemisc	control	Helpers	caller-vote	36
004860b0	FUN_004860b0	gamemisc	control	_helpers_wrapper	role:wrapper	67
00486100	FUN_00486100	gamemisc	control	Helpers	caller-vote	67
00486150	FUN_00486150	gamemisc	game_misc	_helpers_wrapper	role:wrapper	67
004861a0	FUN_004861a0	gamemisc	control	Helpers	caller-vote	67
004861f0	FUN_004861f0	gamemisc	control	Helpers	caller-vote	67
00486240	FUN_00486240	gamemisc	control	_helpers_wrapper	role:wrapper	67
00486290	FUN_00486290	gamemisc	control	Helpers	caller-vote	67
004862e0	FUN_004862e0	gamemisc	world	Helpers	caller-vote	67
00486330	FUN_00486330	gamemisc	control	Helpers	caller-vote	67
00486380	FUN_00486380	gamemisc	game_misc	_helpers_wrapper	role:wrapper	67
004863d0	FUN_004863d0	gamemisc	control	Helpers	caller-vote	67
00486420	FUN_00486420	gamemisc	control	Helpers	caller-vote	67
00486470	FUN_00486470	gamemisc	control	Helpers	caller-vote	67
004864c0	FUN_004864c0	gamemisc	control	_helpers_wrapper	role:wrapper	67
00486510	FUN_00486510	gamemisc	control	Helpers	caller-vote	67
00486560	FUN_00486560	gamemisc	game_misc	_helpers_wrapper	role:wrapper	67
004865b0	FUN_004865b0	gamemisc	control	Helpers	caller-vote	67
00486600	FUN_00486600	gamemisc	control	Unsorted	logic:caller-vote	252
00486700	FUN_00486700	gamemisc	game_misc	Unsorted_000	none	118
00486780	FUN_00486780	gamemisc	control	Helpers	caller-vote	165
00486830	FUN_00486830	gamemisc	game_misc	Unsorted_000	none	159
004868d0	FUN_004868d0	gamemisc	world	Helpers	caller-vote	115
00486950	FUN_00486950	gamemisc	engine	Helpers	caller-vote	124
004869d0	FUN_004869d0	gamemisc	control	Helpers	caller-vote	69
00486a20	FUN_00486a20	gamemisc	control	Helpers	caller-vote	309
00486b60	FUN_00486b60	gamemisc	game_misc	_artifacts	role:artifact	55
00486ba0	FUN_00486ba0	gamemisc	world	Helpers	caller-vote	292
00486d00	FUN_00486d00	gamemisc	game_misc	Unsorted_000	none	949
004870c0	FUN_004870c0	gamemisc	game_misc	_artifacts	role:artifact	45
004870f0	FUN_004870f0	gamemisc	control	Helpers	caller-vote	194
00487179	Catch_All@00487179	lib	_library	eh_funclets	eh	29
004871e0	FUN_004871e0	gamemisc	engine	Unsorted	logic:caller-vote	112
00487250	FUN_00487250	gamemisc	game_misc	Unsorted_000	none	275
00487363	Catch_All@00487363	lib	_library	eh_funclets	eh	17
00487380	FUN_00487380	gamemisc	game_misc	Unsorted_000	none	240
00487470	Catch_All@00487470	lib	_library	eh_funclets	eh	17
00487490	FUN_00487490	gamemisc	control	Helpers	caller-vote	7
004874a0	FUN_004874a0	gamemisc	game_misc	Unsorted_000	none	127
00487520	FUN_00487520	gamemisc	control	Helpers	caller-vote	873
004878a0	FUN_004878a0	gamemisc	control	Unsorted	logic:caller-vote	1262
00487da0	GameController_getVoxelColumn8	game	world	Proven	ledger	133
00487e30	FUN_00487e30	gamemisc	world	Helpers	caller-vote	38
00487e60	FUN_00487e60	gamemisc	control	Helpers	caller-vote	27
00487e80	FUN_00487e80	gamemisc	control	Helpers	caller-vote	16
00487e90	FUN_00487e90	gamemisc	control	Helpers	caller-vote	16
00487ea0	FUN_00487ea0	gamemisc	control	_helpers_dtor-like	role:dtor-like	173
00487f50	compute_487f50	gamemisc	game_misc	_helpers_computed	role:computed	9
00487f60	compute_487f60	gamemisc	game_misc	_helpers_computed	role:computed	9
00487f70	FUN_00487f70	gamemisc	control	Helpers	caller-vote	14
00487f80	FUN_00487f80	gamemisc	control	Helpers	caller-vote	85
00487fe0	FUN_00487fe0	gamemisc	control	Helpers	caller-vote	7
00487ff0	FUN_00487ff0	gamemisc	control	_helpers_wrapper	role:wrapper	55
00488030	FUN_00488030	gamemisc	control	Helpers	caller-vote	673
004882e0	FUN_004882e0	gamemisc	control	Helpers	caller-vote	1708
004889e0	GameController_updateSelectedEntity	game	entity	Proven	ledger	412
00488b80	FUN_00488b80	gamemisc	control	Helpers	caller-vote	7
00488b90	FUN_00488b90	gamemisc	control	Helpers	caller-vote	20
00488bb0	mutator_488bb0	gamemisc	game_misc	_helpers_mutator	role:mutator	20
00488bd0	FUN_00488bd0	gamemisc	game_misc	_helpers_wrapper	role:wrapper	46
00488c00	FUN_00488c00	gamemisc	game_misc	_helpers_wrapper	role:wrapper	111
00488c70	FUN_00488c70	gamemisc	game_misc	_artifacts	role:artifact	141
00488d00	FUN_00488d00	gamemisc	game_misc	_indirect_dispatch-target	role:dispatch-target	89
00488d60	FUN_00488d60	gamemisc	control	Helpers	caller-vote	226
00488e50	FUN_00488e50	gamemisc	control	Helpers	caller-vote	144
00488ee0	cube::GameController::vfunction11	game	control	GameController	rtti	61417
00498d0b	FUN_00498d0b	gamemisc	control	_indirect_callback	role:callback	10740
0049be00	FUN_0049be00	gamemisc	game_misc	_indirect_dispatch-target	role:dispatch-target	59
0049be3b	FUN_0049be3b	gamemisc	game_misc	_helpers_wrapper	role:wrapper	28
0049be57	FUN_0049be57	gamemisc	game_misc	_helpers_wrapper	role:wrapper	28
0049be73	FUN_0049be73	gamemisc	game_misc	_indirect_dispatch-target	role:dispatch-target	28
0049bf44	FUN_0049bf44	gamemisc	game_misc	Unsorted_000	none	5184
0049d650	FUN_0049d650	gamemisc	control	Helpers	caller-vote	696
0049d910	cube::ChunkBuffer::~ChunkBuffer	game	world	ChunkBuffer	rtti	15044
004a14c0	FUN_004a14c0	gamemisc	control	Unsorted	logic:caller-vote	1224
004a19d0	FUN_004a19d0	gamemisc	control	Unsorted	logic:caller-vote	1134
004a1e50	FUN_004a1e50	gamemisc	control	Helpers	caller-vote	1128
004a2300	FUN_004a2300	gamemisc	control	Unsorted	logic:caller-vote	195
004a23d0	FUN_004a23d0	gamemisc	control	Unsorted	logic:caller-vote	912
004a2780	FUN_004a2780	gamemisc	control	Helpers	caller-vote	231
004a2870	FUN_004a2870	gamemisc	control	Unsorted	logic:caller-vote	77
004a28c0	std::basic_stringstream<wchar_t,std::char_traits<wchar_t>,std::allocator<wchar_t>_>::basic_stringstream<wchar_t,std::char_traits<wchar_t>,std::allocator<wchar_t>_>_Constructor_or_Destructor	lib	_library	stl	stl-ns	11670
004a5710	GameController_load_skill_tooltip	game	control	Proven	ledger	2785
004a62c0	GameController_load_specialization_text	game	control	Proven	ledger	1934
004a6ad0	FUN_004a6ad0	gamemisc	world	Helpers	caller-vote	121
004a6b50	FUN_004a6b50	gamemisc	control	Helpers	caller-vote	9118
004a8ef0	FUN_004a8ef0	gamemisc	world	Helpers	caller-vote	38
004a8f20	FUN_004a8f20	gamemisc	control	Helpers	caller-vote	20
004a8f40	FUN_004a8f40	gamemisc	game_misc	Unsorted_000	none	70
004a8f90	FUN_004a8f90	gamemisc	control	Helpers	caller-vote	159
004a9030	FUN_004a9030	gamemisc	game_misc	Unsorted_000	none	211
004a9110	FUN_004a9110	gamemisc	game_misc	Unsorted_000	none	227
004a9200	FUN_004a9200	gamemisc	control	Helpers	caller-vote	287
004a9320	FUN_004a9320	gamemisc	control	Helpers	caller-vote	150
004a93c0	FUN_004a93c0	gamemisc	game_misc	Unsorted_000	none	161
004a9470	FUN_004a9470	gamemisc	game_misc	Unsorted_000	none	164
004a9520	FUN_004a9520	gamemisc	control	Helpers	caller-vote	387
004a96b0	FUN_004a96b0	gamemisc	control	Helpers	caller-vote	211
004a9790	FUN_004a9790	gamemisc	game_misc	Unsorted_000	none	302
004a98d0	FUN_004a98d0	gamemisc	game_misc	Unsorted_000	none	290
004a9a00	FUN_004a9a00	gamemisc	control	Helpers	caller-vote	195
004a9ad0	FUN_004a9ad0	gamemisc	game_misc	Unsorted_000	none	128
004a9b50	FUN_004a9b50	gamemisc	game_misc	Unsorted_000	none	146
004a9bf0	FUN_004a9bf0	gamemisc	control	Helpers	caller-vote	438
004a9db0	FUN_004a9db0	gamemisc	game_misc	Unsorted_000	none	173
004a9e60	FUN_004a9e60	gamemisc	game_misc	Unsorted_000	none	153
004a9f00	FUN_004a9f00	gamemisc	control	Helpers	caller-vote	450
004aa0d0	FUN_004aa0d0	gamemisc	control	Helpers	caller-vote	131
004aa160	FUN_004aa160	gamemisc	control	Helpers	caller-vote	242
004aa260	FUN_004aa260	gamemisc	control	Helpers	caller-vote	232
004aa350	FUN_004aa350	gamemisc	game_misc	Unsorted_000	none	310
004aa490	FUN_004aa490	gamemisc	game_misc	Unsorted_000	none	232
004aa580	FUN_004aa580	gamemisc	control	Helpers	caller-vote	314
004aa6c0	FUN_004aa6c0	gamemisc	control	Helpers	caller-vote	82
004aa720	FUN_004aa720	gamemisc	game_misc	Unsorted_000	none	151
004aa7c0	FUN_004aa7c0	gamemisc	game_misc	Unsorted_000	none	122
004aa840	FUN_004aa840	gamemisc	control	Helpers	caller-vote	307
004aa980	FUN_004aa980	gamemisc	control	Helpers	caller-vote	577
004aabd0	FUN_004aabd0	gamemisc	game_misc	Unsorted_000	none	715
004aaeb0	FUN_004aaeb0	gamemisc	game_misc	Unsorted_000	none	707
004ab190	FUN_004ab190	gamemisc	control	Helpers	caller-vote	1736
004ab870	FUN_004ab870	gamemisc	game_misc	Unsorted_000	none	50
004ab8b0	FUN_004ab8b0	gamemisc	control	Unsorted	logic:caller-vote	132
004ab940	FUN_004ab940	gamemisc	control	Helpers	caller-vote	204
004aba0c	Catch_All@004aba0c	lib	_library	eh_funclets	eh	17
004aba20	FUN_004aba20	gamemisc	control	Helpers	caller-vote	73
004aba70	FUN_004aba70	gamemisc	control	Helpers	caller-vote	32
004aba90	fwd_004aa350_4aba90	gamemisc	game_misc	_helpers_thunk	role:thunk	45
004abac0	fwd_004aa490_4abac0	gamemisc	game_misc	_helpers_thunk	role:thunk	32
004abae0	FUN_004abae0	gamemisc	control	Helpers	caller-vote	46
004abb10	FUN_004abb10	gamemisc	control	Helpers	caller-vote	233
004abc00	FUN_004abc00	gamemisc	game_misc	Unsorted_000	none	16
004abc10	FUN_004abc10	gamemisc	control	Helpers	caller-vote	18
004abc30	compute_4abc30	gamemisc	game_misc	_helpers_computed	role:computed	6
004abc40	FUN_004abc40	gamemisc	control	Helpers	caller-vote	22
004abc60	FUN_004abc60	gamemisc	game_misc	Unsorted_000	none	19
004abc80	FUN_004abc80	gamemisc	control	Helpers	caller-vote	19
004abca0	FUN_004abca0	gamemisc	game_misc	Unsorted_000	none	19
004abcc0	FUN_004abcc0	gamemisc	game_misc	_helpers_dtor-like	role:dtor-like	201
004abd8f	Catch_All@004abd8f	lib	_library	eh_funclets	eh	8
004abdb0	FUN_004abdb0	gamemisc	game_misc	_helpers_dtor-like	role:dtor-like	185
004abe6c	Catch_All@004abe6c	lib	_library	eh_funclets	eh	8
004abe90	FUN_004abe90	gamemisc	control	Helpers	caller-vote	206
004abf64	Catch_All@004abf64	lib	_library	eh_funclets	eh	8
004abf80	FUN_004abf80	gamemisc	game_misc	Unsorted_000	none	159
004ac020	FUN_004ac020	gamemisc	game_misc	Unsorted_000	none	115
004ac0a0	FUN_004ac0a0	gamemisc	control	Helpers	caller-vote	162
004ac150	FUN_004ac150	gamemisc	control	Helpers	caller-vote	247
004ac260	cube::GameController::vfunction12	game	control	GameController	rtti	24384
004b21f3	FUN_004b21f3	gamemisc	game_misc	_indirect_callback	role:callback	5018
004b39e0	FUN_004b39e0	gamemisc	game_misc	Unsorted_000	none	29233
004bbd80	FUN_004bbd80	gamemisc	game_misc	Unsorted_000	none	2502
004bc760	FUN_004bc760	gamemisc	game_misc	Unsorted_000	none	2556
004bd160	FUN_004bd160	gamemisc	game_misc	Unsorted_000	none	5601
004be760	FUN_004be760	gamemisc	game_misc	Unsorted_000	none	7509
004c04c0	FUN_004c04c0	gamemisc	game_misc	_artifacts	role:artifact	2548
004c0ec0	compute_4c0ec0	gamemisc	game_misc	_helpers_computed	role:computed	8
004c0ed0	mutator_4c0ed0	gamemisc	game_misc	_helpers_mutator	role:mutator	27
004c0ef0	perlinNoise2D_cosInterp	game	world	Proven	ledger	522
004c1100	FUN_004c1100	gamemisc	control	Helpers	caller-vote	139
004c1190	FUN_004c1190	gamemisc	game_misc	Unsorted_000	none	95
004c11f0	FUN_004c11f0	gamemisc	control	Helpers	caller-vote	248
004c12f0	FUN_004c12f0	gamemisc	game_misc	Unsorted_000	none	480
004c14d0	FUN_004c14d0	gamemisc	control	Helpers	caller-vote	23
004c14f0	FUN_004c14f0	gamemisc	control	Helpers	caller-vote	30
004c1510	FUN_004c1510	gamemisc	world	Helpers	caller-vote	1265
004c1a10	FUN_004c1a10	gamemisc	control	Helpers	caller-vote	123
004c1a90	FUN_004c1a90	gamemisc	control	Helpers	caller-vote	252
004c1bb0	FUN_004c1bb0	gamemisc	control	Helpers	caller-vote	964
004c1f80	cube::InventoryWidget::~InventoryWidget	game	ui	InventoryWidget	rtti	82
004c2010	cube::InventoryWidget::deleting_destructor_for_NamedObject	game	ui	InventoryWidget	rtti	30
004c2040	plasma::Widget::MemberFunctionConnection<cube::CharacterStyleWidget>::vfunction1	game	engine	MemberFunctionConnection	rtti	13
004c2050	cube::InventoryWidget::deleting_destructor_for_NamedObject	game	ui	InventoryWidget	rtti	14295
004c59a0	cube::CharacterPreviewWidget::vfunction6_for_NamedObject	game	ui	CharacterPreviewWidget	rtti	87
004c5a00	FUN_004c5a00	gamemisc	control	_indirect_callback	role:callback	86
004c5a60	FUN_004c5a60	gamemisc	control	_indirect_callback	role:callback	328
004c5bb0	FUN_004c5bb0	gamemisc	control	_indirect_callback	role:callback	401
004c5d50	cube::InventoryWidget::vfunction11_for_NamedObject	game	ui	InventoryWidget	rtti	909
004c60f0	FUN_004c60f0	gamemisc	control	_indirect_callback	role:callback	74
004c6140	FUN_004c6140	gamemisc	control	Helpers	caller-vote	489
004c6350	FUN_004c6350	gamemisc	control	Unsorted	logic:caller-vote	358
004c64c0	FUN_004c64c0	gamemisc	control	Unsorted	logic:caller-vote	333
004c6610	FUN_004c6610	gamemisc	control	Helpers	caller-vote	401
004c67b0	FUN_004c67b0	gamemisc	world	Unsorted	logic:caller-vote	61
004c67f0	FUN_004c67f0	gamemisc	world	Unsorted	logic:caller-vote	75
004c6840	FUN_004c6840	gamemisc	world	_helpers_dtor-like	role:dtor-like	219
004c691e	Catch_All@004c691e	lib	_library	eh_funclets	eh	8
004c6940	FUN_004c6940	gamemisc	world	Unsorted	logic:caller-vote	111
004c69b0	FUN_004c69b0	gamemisc	control	Helpers	caller-vote	222
004c6a90	item_computeBlockValue	gamemisc	entity	Proven	ledger	197
004c6b80	FUN_004c6b80	gamemisc	entity	Unsorted	logic:caller-vote	26
004c6ba0	FUN_004c6ba0	gamemisc	ui	Helpers	caller-vote	286
004c6cc0	FUN_004c6cc0	gamemisc	control	Helpers	caller-vote	322
004c6e10	item_computeValue	gamemisc	entity	Proven	ledger	221
004c6f20	FUN_004c6f20	gamemisc	control	Helpers	caller-vote	288
004c70b0	item_computeStat_armor	gamemisc	entity	Proven	ledger	260
004c71c0	FUN_004c71c0	gamemisc	control	Helpers	caller-vote	139
004c7250	FUN_004c7250	gamemisc	game_misc	Unsorted_000	none	858
004c7660	FUN_004c7660	gamemisc	ui	Helpers	caller-vote	60
004c76a0	FUN_004c76a0	gamemisc	game_misc	_helpers_wrapper	role:wrapper	61
004c76e0	item_valueByType	game	entity	Proven	ledger	282
004c7830	FUN_004c7830	gamemisc	render	Helpers	caller-vote	132
004c78c0	Item_compute_value	game	entity	Proven	ledger	232
004c79b0	FUN_004c79b0	gamemisc	control	Helpers	caller-vote	221
004c7a90	FUN_004c7a90	gamemisc	control	Helpers	caller-vote	87
004c7af0	item_computeStat_variant2	gamemisc	entity	Proven	ledger	185
004c7be0	FUN_004c7be0	gamemisc	ui	Unsorted	logic:caller-vote	30
004c7c00	FUN_004c7c00	gamemisc	control	Unsorted	logic:caller-vote	275
004c7d20	FUN_004c7d20	gamemisc	ui	Helpers	caller-vote	321
004c7e80	FUN_004c7e80	gamemisc	world	Unsorted	logic:caller-vote	80
004c7ed0	FUN_004c7ed0	gamemisc	world	_indirect_callback	role:callback	143
004c7f60	item_weaponDamage	game	entity	Proven	ledger	428
004c8130	cube::LookAtPlayerBehavior::LookAtPlayerBehavior	game	ai	LookAtPlayerBehavior	rtti	9
004c8140	cube::LookAtPlayerBehavior::vfunction1	game	ai	LookAtPlayerBehavior	rtti	646
004c83d0	cube::LookAtPlayerBehavior::vfunction2	game	ai	LookAtPlayerBehavior	rtti	24
004c83f0	FUN_004c83f0	gamemisc	game_misc	_indirect_callback	role:callback	240
004c85f0	App_render_frame	game	render	Proven	ledger	304
004c8720	FUN_004c8720	gamemisc	game_misc	Unsorted_000	none	530
004c8940	App_reset_device	game	game_misc	Game	ledger	401
004c8ae0	WinMain	game	game_misc	Game	ledger	2647
004c9550	FUN_004c9550	gamemisc	game_misc	_helpers_wrapper	role:wrapper	36
004c9580	FUN_004c9580	gamemisc	game_misc	_helpers_wrapper	role:wrapper	32
004c95a0	FUN_004c95a0	gamemisc	control	Helpers	caller-vote	154
004c9640	FUN_004c9640	gamemisc	game_misc	Unsorted_000	none	55
004c9680	cube::MapOverlayWidget::scalar_deleting_destructor	game	ui	MapOverlayWidget	rtti	6619
004cb080	FUN_004cb080	gamemisc	world	Helpers	caller-vote	56
004cb0c0	FUN_004cb0c0	gamemisc	world	Unsorted	logic:caller-vote	62
004cb100	FUN_004cb100	gamemisc	game_misc	_helpers_ctor-like	role:ctor-like	273
004cb220	FUN_004cb220	gamemisc	control	_helpers_dtor-like	role:dtor-like	108
004cb290	FUN_004cb290	gamemisc	game_misc	_helpers_wrapper	role:wrapper	37
004cb2b5	std::basic_ofstream<char,std::char_traits<char>_>::vfunction1	lib	_library	stl	stl-ns	8
004cb2c0	FUN_004cb2c0	gamemisc	game_misc	_helpers_dtor-like	role:dtor-like	62
004cb301	std::basic_ofstream<char,std::char_traits<char>_>::vfunction3	lib	_library	stl	stl-ns	12
004cb310	FUN_004cb310	gamemisc	world	Helpers	caller-vote	194
004cb3d8	Catch_All@004cb3d8	lib	_library	eh_funclets	eh	8
004cb3f0	FUN_004cb3f0	gamemisc	world	Helpers	caller-vote	153
004cb490	FUN_004cb490	gamemisc	world	Helpers	caller-vote	243
004cb583	Catch_All@004cb583	lib	_library	eh_funclets	eh	17
004cb5a0	FUN_004cb5a0	gamemisc	world	Helpers	caller-vote	40
004cb5d0	FUN_004cb5d0	gamemisc	game_misc	Unsorted_000	none	147
004cb670	FUN_004cb670	gamemisc	game_misc	Unsorted_000	none	149
004cb710	FUN_004cb710	gamemisc	game_misc	Unsorted_000	none	147
004cb7b0	FUN_004cb7b0	gamemisc	game_misc	Unsorted_000	none	154
004cb850	FUN_004cb850	gamemisc	game_misc	Unsorted_000	none	212
004cb930	FUN_004cb930	gamemisc	game_misc	Unsorted_001	none	151
004cb9d0	FUN_004cb9d0	gamemisc	game_misc	Unsorted_001	none	151
004cba70	FUN_004cba70	gamemisc	game_misc	Unsorted_001	none	151
004cbb10	FUN_004cbb10	gamemisc	game_misc	Unsorted_001	none	176
004cbbc0	FUN_004cbbc0	gamemisc	game_misc	Unsorted_001	none	178
004cbc80	FUN_004cbc80	gamemisc	game_misc	Unsorted_001	none	185
004cbd40	FUN_004cbd40	gamemisc	game_misc	Unsorted_001	none	155
004cbde0	FUN_004cbde0	gamemisc	game_misc	Unsorted_001	none	109
004cbe50	FUN_004cbe50	gamemisc	game_misc	Unsorted_001	none	113
004cbed0	FUN_004cbed0	gamemisc	game_misc	Unsorted_001	none	112
004cbf40	FUN_004cbf40	gamemisc	game_misc	Unsorted_001	none	113
004cbfc0	FUN_004cbfc0	gamemisc	game_misc	Unsorted_001	none	110
004cc030	FUN_004cc030	gamemisc	game_misc	Unsorted_001	none	113
004cc0b0	FUN_004cc0b0	gamemisc	game_misc	Unsorted_001	none	132
004cc140	FUN_004cc140	gamemisc	game_misc	Unsorted_001	none	113
004cc1c0	FUN_004cc1c0	gamemisc	game_misc	Unsorted_001	none	128
004cc240	FUN_004cc240	gamemisc	game_misc	Unsorted_001	none	113
004cc2c0	FUN_004cc2c0	gamemisc	game_misc	Unsorted_001	none	128
004cc340	FUN_004cc340	gamemisc	game_misc	Unsorted_001	none	113
004cc3c0	FUN_004cc3c0	gamemisc	game_misc	Unsorted_001	none	128
004cc440	FUN_004cc440	gamemisc	game_misc	Unsorted_001	none	113
004cc4c0	FUN_004cc4c0	gamemisc	game_misc	Unsorted_001	none	113
004cc540	FUN_004cc540	gamemisc	game_misc	Unsorted_001	none	121
004cc5c0	FUN_004cc5c0	gamemisc	game_misc	Unsorted_001	none	136
004cc650	FUN_004cc650	gamemisc	game_misc	Unsorted_001	none	113
004cc6d0	FUN_004cc6d0	gamemisc	game_misc	Unsorted_001	none	114
004cc750	FUN_004cc750	gamemisc	game_misc	Unsorted_001	none	113
004cc7d0	FUN_004cc7d0	gamemisc	control	Helpers	caller-vote	43
004cc800	FUN_004cc800	gamemisc	game_misc	Unsorted_001	none	50
004cc840	FUN_004cc840	gamemisc	game_misc	Unsorted_001	none	607
004ccaa0	FUN_004ccaa0	gamemisc	game_misc	Unsorted_001	none	330
004ccbf0	FUN_004ccbf0	gamemisc	control	Unsorted	logic:caller-vote	54
004ccc30	FUN_004ccc30	gamemisc	game_misc	Unsorted_001	none	186
004cccf0	FUN_004cccf0	gamemisc	game_misc	Unsorted_001	none	176
004ccda0	FUN_004ccda0	gamemisc	game_misc	Unsorted_001	none	125
004cce20	FUN_004cce20	gamemisc	game_misc	Unsorted_001	none	113
004ccea0	FUN_004ccea0	gamemisc	game_misc	Unsorted_001	none	119
004ccf20	FUN_004ccf20	gamemisc	game_misc	Unsorted_001	none	113
004ccfa0	FUN_004ccfa0	gamemisc	game_misc	_artifacts	role:artifact	1074
004cd3e0	FUN_004cd3e0	gamemisc	game_misc	_artifacts	role:artifact	1725
004cdaa0	FUN_004cdaa0	gamemisc	game_misc	Unsorted_001	none	1726
004ce180	FUN_004ce180	gamemisc	control	Helpers	caller-vote	184
004ce240	cube::ObjectiveWidget::vfunction1_for_NamedObject	game	ui	ObjectiveWidget	rtti	48
004ce2a0	FUN_004ce2a0	gamemisc	game_misc	_helpers_ctor-like	role:ctor-like	313
004ce3d9	Catch_All@004ce3d9	lib	_library	eh_funclets	eh	26
004ce3f9	FUN_004ce3f9	gamemisc	game_misc	Unsorted_001	none	102
004ce460	FUN_004ce460	gamemisc	game_misc	_helpers_dtor-like	role:dtor-like	239
004ce550	FUN_004ce550	gamemisc	control	_helpers_ctor-like	role:ctor-like	264
004ce660	FUN_004ce660	gamemisc	control	Helpers	caller-vote	86
004ce6c0	vdispatch_4ce6c0	gamemisc	game_misc	_helpers_dispatch	role:dispatch	21
004ce6e0	FUN_004ce6e0	gamemisc	game_misc	Unsorted_001	none	2183
004cef80	FUN_004cef80	gamemisc	control	Unsorted	logic:caller-vote	663
004cf220	FUN_004cf220	gamemisc	control	Helpers	caller-vote	123
004cf2a0	FUN_004cf2a0	gamemisc	control	Helpers	caller-vote	252
004cf3c0	FUN_004cf3c0	gamemisc	control	Helpers	caller-vote	3610
004d0230	cube::OptionsWidget::deleting_destructor_for_NamedObject	game	ui	OptionsWidget	rtti	16733
004d4650	FUN_004d4650	gamemisc	control	_helpers_wrapper	role:wrapper	55
004d46d0	cube::OptionsWidget::vfunction11_for_NamedObject	game	ui	OptionsWidget	rtti	1491
004d4cb0	FUN_004d4cb0	gamemisc	control	_indirect_callback	role:callback	98
004d4d20	FUN_004d4d20	gamemisc	control	_indirect_callback	role:callback	114
004d4de0	FUN_004d4de0	gamemisc	control	Helpers	caller-vote	294
004d4f10	FUN_004d4f10	gamemisc	control	Helpers	caller-vote	252
004d5010	cube::PreviewWidget::~PreviewWidget	game	ui	PreviewWidget	rtti	67
004d5070	cube::PreviewWidget::deleting_destructor_for_NamedObject	game	ui	PreviewWidget	rtti	30
004d50a0	cube::PreviewWidget::deleting_destructor_for_NamedObject	game	ui	PreviewWidget	rtti	5665
004d6c20	compute_4d6c20	gamemisc	game_misc	_helpers_computed	role:computed	10
004d6c30	MSVCR110.DLL::free	lib	_library	imports	import-ns	6
004d6c40	FUN_004d6c40	gamemisc	game_misc	Unsorted_001	none	112
004d6cb0	FUN_004d6cb0	gamemisc	game_misc	Unsorted_001	none	82
004d6d10	fwd_004d72f0_4d6d10	gamemisc	game_misc	_helpers_thunk	role:thunk	25
004d6d30	thunk_FUN_004d77d0	gamemisc	game_misc	_helpers_dispatch	role:dispatch	5
004d6d40	FUN_004d6d40	gamemisc	game_misc	Unsorted_001	none	32
004d6d60	compute_4d6d60	gamemisc	game_misc	_helpers_computed	role:computed	10
004d6d70	FUN_004d6d70	gamemisc	game_misc	Unsorted_001	none	27
004d6d90	FUN_004d6d90	gamemisc	game_misc	Unsorted_001	none	137
004d6e20	FUN_004d6e20	gamemisc	game_misc	Unsorted_001	none	114
004d6ea0	FUN_004d6ea0	gamemisc	game_misc	Unsorted_001	none	110
004d6f10	FUN_004d6f10	gamemisc	game_misc	Unsorted_001	none	67
004d6f60	FUN_004d6f60	gamemisc	game_misc	Unsorted_001	none	128
004d6fe0	FUN_004d6fe0	gamemisc	game_misc	Unsorted_001	none	64
004d7020	FUN_004d7020	gamemisc	game_misc	Unsorted_001	none	128
004d70a0	FUN_004d70a0	gamemisc	game_misc	Unsorted_001	none	38
004d70d0	FUN_004d70d0	gamemisc	game_misc	Unsorted_001	none	128
004d7150	FUN_004d7150	gamemisc	game_misc	Unsorted_001	none	54
004d7190	FUN_004d7190	gamemisc	game_misc	Unsorted_001	none	175
004d7240	vdispatch_4d7240	gamemisc	game_misc	_helpers_dispatch	role:dispatch	93
004d72a0	FUN_004d72a0	gamemisc	game_misc	Unsorted_001	none	77
004d72f0	FUN_004d72f0	gamemisc	game_misc	Unsorted_001	none	174
004d73a0	FUN_004d73a0	gamemisc	game_misc	Unsorted_001	none	94
004d7400	FUN_004d7400	gamemisc	game_misc	Unsorted_001	none	92
004d7460	FUN_004d7460	gamemisc	game_misc	Unsorted_001	none	130
004d74f0	FUN_004d74f0	gamemisc	game_misc	Unsorted_001	none	247
004d75f0	FUN_004d75f0	gamemisc	game_misc	Unsorted_001	none	464
004d77d0	FUN_004d77d0	gamemisc	game_misc	Unsorted_001	none	106
004d7840	FUN_004d7840	gamemisc	game_misc	Unsorted_001	none	21
004d7860	FUN_004d7860	gamemisc	game_misc	Unsorted_001	none	52
004d78a0	FUN_004d78a0	gamemisc	game_misc	Unsorted_001	none	336
004d79f0	FUN_004d79f0	gamemisc	game_misc	Unsorted_001	none	98
004d7a60	FUN_004d7a60	gamemisc	game_misc	Unsorted_001	none	84
004d7b00	FUN_004d7b00	gamemisc	game_misc	Unsorted_001	none	179
004d7bc0	FUN_004d7bc0	gamemisc	game_misc	Unsorted_001	none	19
004d7be0	FUN_004d7be0	gamemisc	game_misc	_indirect_callback	role:callback	69
004d7c30	FUN_004d7c30	gamemisc	game_misc	_helpers_ctor-like	role:ctor-like	172
004d7ce0	FUN_004d7ce0	gamemisc	game_misc	Unsorted_001	none	217
004d7dc0	FUN_004d7dc0	gamemisc	game_misc	_indirect_callback	role:callback	168
004d7e70	FUN_004d7e70	gamemisc	game_misc	Unsorted_001	none	1415
004d8410	FUN_004d8410	gamemisc	game_misc	Unsorted_001	none	241
004d8510	FUN_004d8510	gamemisc	game_misc	Unsorted_001	none	166
004d85c0	FUN_004d85c0	gamemisc	game_misc	Unsorted_001	none	112
004d8630	FUN_004d8630	gamemisc	game_misc	Unsorted_001	none	275
004d8750	FUN_004d8750	gamemisc	game_misc	_indirect_callback	role:callback	182
004d8810	FUN_004d8810	gamemisc	game_misc	_indirect_callback	role:callback	226
004d8900	FUN_004d8900	gamemisc	game_misc	Unsorted_001	none	869
004d8c70	FUN_004d8c70	gamemisc	game_misc	Unsorted_001	none	631
004d8ef0	FUN_004d8ef0	gamemisc	game_misc	_indirect_callback	role:callback	78
004d8f40	FUN_004d8f40	gamemisc	game_misc	_helpers_ctor-like	role:ctor-like	178
004d9000	FUN_004d9000	gamemisc	game_misc	_indirect_callback	role:callback	202
004d90d0	FUN_004d90d0	gamemisc	game_misc	_indirect_callback	role:callback	254
004d91d0	FUN_004d91d0	gamemisc	game_misc	_indirect_callback	role:callback	362
004d9340	FUN_004d9340	gamemisc	game_misc	_indirect_callback	role:callback	415
004d94e0	FUN_004d94e0	gamemisc	game_misc	_helpers_wrapper	role:wrapper	60
004d9520	FUN_004d9520	gamemisc	game_misc	Unsorted_001	none	219
004d9600	FUN_004d9600	gamemisc	game_misc	Unsorted_001	none	232
004d96f0	FUN_004d96f0	gamemisc	game_misc	Unsorted_001	none	489
004d9950	FUN_004d9950	gamemisc	game_misc	Unsorted_001	none	228
004d9a40	FUN_004d9a40	gamemisc	game_misc	Unsorted_001	none	135
004d9ac7	Catch_All@004d9ac7	lib	_library	eh_funclets	eh	8
004d9ae0	FUN_004d9ae0	gamemisc	game_misc	_helpers_wrapper	role:wrapper	39
004d9b10	FUN_004d9b10	gamemisc	game_misc	Unsorted_001	none	116
004d9b90	FUN_004d9b90	gamemisc	game_misc	Unsorted_001	none	159
004d9c2f	Catch_All@004d9c2f	lib	_library	eh_funclets	eh	20
004d9c50	FUN_004d9c50	gamemisc	game_misc	Unsorted_001	none	511
004d9e50	FUN_004d9e50	gamemisc	game_misc	Unsorted_001	none	511
004da050	FUN_004da050	gamemisc	game_misc	Unsorted_001	none	319
004da18f	Catch_All@004da18f	lib	_library	eh_funclets	eh	9
004da1a0	FUN_004da1a0	gamemisc	game_misc	Unsorted_001	none	319
004da2df	Catch_All@004da2df	lib	_library	eh_funclets	eh	9
004da2f0	FUN_004da2f0	gamemisc	game_misc	Unsorted_001	none	129
004da380	cube::QuestText::QuestText	game	entity	QuestText	rtti	47
004da3b0	cube::QuestTextNode::QuestTextNode	game	entity	QuestTextNode	rtti	206
004da480	FUN_004da480	gamemisc	control	_helpers_wrapper	role:wrapper	47
004da4c0	cube::QuestText::~QuestText	game	entity	QuestText	rtti	100
004da540	cube::QuestTextNode::~QuestTextNode	game	entity	QuestTextNode	rtti	128
004da670	cube::QuestText::scalar_deleting_destructor	game	entity	QuestText	rtti	101
004da700	cube::QuestTextNode::deleting_destructor	game	entity	QuestTextNode	rtti	30
004da730	FUN_004da730	gamemisc	game_misc	Unsorted_001	none	55
004da770	FUN_004da770	gamemisc	game_misc	Unsorted_001	none	141
004da800	FUN_004da800	gamemisc	game_misc	Unsorted_001	none	75
004da850	FUN_004da850	gamemisc	game_misc	Unsorted_001	none	2102
004db100	cube::RandomInteractionBehavior::RandomInteractionBehavior	game	ai	RandomInteractionBehavior	rtti	16
004db110	compute_4db110	gamemisc	game_misc	_helpers_computed	role:computed	18
004db130	cube::RandomInteractionBehavior::vfunction1	game	ai	RandomInteractionBehavior	rtti	3495
004dbef0	cube::RandomInteractionBehavior::vfunction2	game	ai	RandomInteractionBehavior	rtti	31
004dbf10	cube::RandomWalkBehavior::RandomWalkBehavior	game	ai	RandomWalkBehavior	rtti	16
004dbf20	cube::RandomWalkBehavior::vfunction1	game	ai	RandomWalkBehavior	rtti	704
004dc1e0	cube::RandomWalkBehavior::vfunction2	game	ai	RandomWalkBehavior	rtti	31
004dc200	cube::SequentialBehavior::SequentialBehavior	game	ai	SequentialBehavior	rtti	200
004dc2d0	cube::SequentialBehavior::SequentialBehavior	game	ai	SequentialBehavior	rtti	44
004dc300	cube::SequentialBehavior::~SequentialBehavior	game	ai	SequentialBehavior	rtti	70
004dc360	cube::SequentialBehavior::deleting_destructor	game	ai	SequentialBehavior	rtti	30
004dc390	cube::SequentialBehavior::vfunction1	game	ai	SequentialBehavior	rtti	109
004dc400	cube::SequentialBehavior::clone	game	ai	SequentialBehavior	rtti	104
004dc470	FUN_004dc470	gamemisc	control	Helpers	caller-vote	92
004dc4cc	Catch_All@004dc4cc	lib	_library	eh_funclets	eh	17
004dc4e0	FUN_004dc4e0	gamemisc	control	Helpers	caller-vote	157
004dc569	Catch_All@004dc569	lib	_library	eh_funclets	eh	40
004dc5b0	FUN_004dc5b0	gamemisc	control	Helpers	caller-vote	157
004dc639	Catch_All@004dc639	lib	_library	eh_funclets	eh	40
004dc680	FUN_004dc680	gamemisc	game_misc	Unsorted_001	none	155
004dc707	Catch_All@004dc707	lib	_library	eh_funclets	eh	41
004dc750	FUN_004dc750	gamemisc	control	Helpers	caller-vote	157
004dc7d9	Catch_All@004dc7d9	lib	_library	eh_funclets	eh	44
004dc820	FUN_004dc820	gamemisc	control	Helpers	caller-vote	132
004dc8b0	FUN_004dc8b0	gamemisc	control	Helpers	caller-vote	43
004dc8e0	FUN_004dc8e0	gamemisc	game_misc	Unsorted_001	none	2752
004dd5e0	FUN_004dd5e0	gamemisc	control	Helpers	caller-vote	86
004dd640	FUN_004dd640	gamemisc	control	Helpers	caller-vote	86
004dd6a0	FUN_004dd6a0	gamemisc	control	Helpers	caller-vote	86
004dd700	FUN_004dd700	gamemisc	control	Helpers	caller-vote	67
004dd750	FUN_004dd750	gamemisc	control	Helpers	caller-vote	183
004dd810	cube::SkillWidget::deleting_destructor_for_NamedObject	game	ui	SkillWidget	rtti	7856
004df760	FUN_004df760	gamemisc	game_misc	Unsorted_001	none	275
004df880	FUN_004df880	gamemisc	game_misc	Unsorted_001	none	317
004df9c0	FUN_004df9c0	gamemisc	game_misc	Unsorted_001	none	233
004dfab0	cube::SpawnLocationBehavior::SpawnLocationBehavior	game	world	SpawnLocationBehavior	rtti	9
004dfac0	FUN_004dfac0	gamemisc	control	Helpers	caller-vote	15
004dfad0	cube::SpawnLocationBehavior::vfunction1	game	world	SpawnLocationBehavior	rtti	1379
004e0050	cube::SpawnLocationBehavior::vfunction2	game	world	SpawnLocationBehavior	rtti	24
004e0070	FUN_004e0070	gamemisc	control	Helpers	caller-vote	9
004e0080	FUN_004e0080	gamemisc	control	Helpers	caller-vote	176
004e0130	Catch_All@004e0130	lib	_library	eh_funclets	eh	8
004e0150	FUN_004e0150	gamemisc	world	Helpers	caller-vote	51
004e0190	FUN_004e0190	gamemisc	ui	Helpers	caller-vote	157
004e022d	Catch_All@004e022d	lib	_library	eh_funclets	eh	8
004e0250	cube::QuestText::~QuestText	game	entity	QuestText	rtti	149
004e02e5	Catch_All@004e02e5	lib	_library	eh_funclets	eh	8
004e0300	FUN_004e0300	gamemisc	control	Helpers	caller-vote	162
004e03a2	Catch_All@004e03a2	lib	_library	eh_funclets	eh	8
004e03c0	FUN_004e03c0	gamemisc	control	Helpers	caller-vote	116
004e0440	FUN_004e0440	gamemisc	control	Helpers	caller-vote	159
004e04df	Catch_All@004e04df	lib	_library	eh_funclets	eh	20
004e0500	FUN_004e0500	gamemisc	world	Helpers	caller-vote	542
004e0730	FUN_004e0730	gamemisc	ui	Unsorted	logic:caller-vote	513
004e0940	FUN_004e0940	gamemisc	game_misc	Unsorted_001	none	609
004e0bc0	FUN_004e0bc0	gamemisc	world	Helpers	caller-vote	525
004e0d98	Catch_All@004e0d98	lib	_library	eh_funclets	eh	20
004e0df0	FUN_004e0df0	gamemisc	ui	Helpers	caller-vote	468
004e0fc4	Catch_All@004e0fc4	lib	_library	eh_funclets	eh	20
004e0fe0	FUN_004e0fe0	gamemisc	game_misc	Unsorted_001	none	468
004e11b4	Catch_All@004e11b4	lib	_library	eh_funclets	eh	20
004e11d0	FUN_004e11d0	gamemisc	world	Helpers	caller-vote	259
004e12a8	Catch_All@004e12a8	lib	_library	eh_funclets	eh	20
004e1310	FUN_004e1310	gamemisc	ui	Helpers	caller-vote	304
004e1460	Catch_All@004e1460	lib	_library	eh_funclets	eh	20
004e1480	FUN_004e1480	gamemisc	game_misc	Unsorted_001	none	324
004e15c4	Catch_All@004e15c4	lib	_library	eh_funclets	eh	20
004e15e0	FUN_004e15e0	gamemisc	ui	Unsorted	logic:caller-vote	157
004e1669	Catch_All@004e1669	lib	_library	eh_funclets	eh	40
004e16b0	FUN_004e16b0	gamemisc	game_misc	Unsorted_001	none	207
004e175d	Catch_All@004e175d	lib	_library	eh_funclets	eh	17
004e1790	FUN_004e1790	gamemisc	ui	Helpers	caller-vote	118
004e1806	Catch_All@004e1806	lib	_library	eh_funclets	eh	26
004e1830	FUN_004e1830	gamemisc	entity	Helpers	caller-vote	118
004e18a6	Catch_All@004e18a6	lib	_library	eh_funclets	eh	26
004e18d0	FUN_004e18d0	gamemisc	ui	Helpers	caller-vote	127
004e194f	Catch_All@004e194f	lib	_library	eh_funclets	eh	17
004e1970	std::basic_stringstream<wchar_t,std::char_traits<wchar_t>,std::allocator<wchar_t>_>::basic_stringstream<wchar_t,std::char_traits<wchar_t>,std::allocator<wchar_t>_>	lib	_library	stl	stl-ns	4005
004e29a0	FUN_004e29a0	gamemisc	game_misc	_helpers_wrapper	role:wrapper	28
004e29d0	FUN_004e29d0	gamemisc	game_misc	_helpers_wrapper	role:wrapper	28
004e2a00	FUN_004e2a00	gamemisc	ui	Helpers	caller-vote	25
004e2a70	FUN_004e2a70	gamemisc	game_misc	_helpers_wrapper	role:wrapper	39
004e2aa0	FUN_004e2aa0	gamemisc	game_misc	_helpers_wrapper	role:wrapper	104
004e2b10	cube::Speech::~Speech	game	entity	Speech	rtti	303
004e2d90	FUN_004e2d90	gamemisc	game_misc	Unsorted_001	none	88
004e2df0	FUN_004e2df0	gamemisc	world	Helpers	caller-vote	255
004e2f00	FUN_004e2f00	gamemisc	game_misc	Unsorted_001	none	314
004e3060	FUN_004e3060	gamemisc	ui	Helpers	caller-vote	337
004e31e0	FUN_004e31e0	gamemisc	game_misc	Unsorted_001	none	307
004e3320	std::basic_stringstream<wchar_t,std::char_traits<wchar_t>,std::allocator<wchar_t>_>::basic_stringstream<wchar_t,std::char_traits<wchar_t>,std::allocator<wchar_t>_>	lib	_library	stl	stl-ns	289
004e3450	cube::Speech::deleting_destructor	game	entity	Speech	rtti	30
004e3480	FUN_004e3480	gamemisc	game_misc	Unsorted_001	none	47
004e34b0	FUN_004e34b0	gamemisc	entity	Helpers	caller-vote	55
004e34f0	FUN_004e34f0	gamemisc	game_misc	_helpers_wrapper	role:wrapper	47
004e3530	FUN_004e3530	gamemisc	game_misc	_helpers_wrapper	role:wrapper	21
004e3550	FUN_004e3550	gamemisc	game_misc	_helpers_wrapper	role:wrapper	98
004e35d0	FUN_004e35d0	gamemisc	entity	Helpers	caller-vote	78
004e3630	FUN_004e3630	gamemisc	game_misc	_helpers_dtor-like	role:dtor-like	71
004e36e0	FUN_004e36e0	gamemisc	entity	Helpers	caller-vote	152
004e3790	FUN_004e3790	gamemisc	game_misc	Unsorted_001	none	77
004e37e0	FUN_004e37e0	gamemisc	game_misc	Unsorted_001	none	84
004e3840	FUN_004e3840	gamemisc	entity	Helpers	caller-vote	189
004e3900	FUN_004e3900	gamemisc	entity	Helpers	caller-vote	647
004e3bb0	FUN_004e3bb0	gamemisc	game_misc	Unsorted_001	none	189
004e3c70	FUN_004e3c70	gamemisc	game_misc	Unsorted_001	none	599
004e3f40	FUN_004e3f40	gamemisc	entity	Helpers	caller-vote	189
004e4000	FUN_004e4000	gamemisc	entity	Helpers	caller-vote	657
004e42c0	FUN_004e42c0	gamemisc	control	Helpers	caller-vote	130
004e4350	FUN_004e4350	gamemisc	control	Helpers	caller-vote	1718
004e4a20	FUN_004e4a20	gamemisc	control	Helpers	caller-vote	363
004e4bd0	std::basic_stringstream<wchar_t,std::char_traits<wchar_t>,std::allocator<wchar_t>_>::basic_stringstream<wchar_t,std::char_traits<wchar_t>,std::allocator<wchar_t>_>_Constructor_or_Destructor	lib	_library	stl	stl-ns	1711
004e5320	FUN_004e5320	gamemisc	control	Helpers	caller-vote	609
004e5590	FUN_004e5590	gamemisc	game_misc	Unsorted_001	none	409
004e5740	std::basic_stringstream<wchar_t,std::char_traits<wchar_t>,std::allocator<wchar_t>_>::basic_stringstream<wchar_t,std::char_traits<wchar_t>,std::allocator<wchar_t>_>_Constructor_or_Destructor	lib	_library	stl	stl-ns	708
004e5a20	FUN_004e5a20	gamemisc	ui	Helpers	caller-vote	479
004e5c10	FUN_004e5c10	gamemisc	control	Helpers	caller-vote	115
004e5c90	FUN_004e5c90	gamemisc	control	Helpers	caller-vote	466
004e5e70	FUN_004e5e70	gamemisc	game_misc	_helpers_wrapper	role:wrapper	43
004e5ec0	cube::SpeechWidget::~SpeechWidget	game	entity	SpeechWidget	rtti	121
004e5f60	cube::SpeechWidget::deleting_destructor_for_NamedObject	game	entity	SpeechWidget	rtti	30
004e5f90	cube::SpeechWidget::vfunction2_for_NamedObject	game	entity	SpeechWidget	rtti	1424
004e6530	FUN_004e6530	gamemisc	control	Helpers	caller-vote	21
004e6550	FUN_004e6550	gamemisc	control	Helpers	caller-vote	75
004e65a0	FUN_004e65a0	gamemisc	entity	Helpers	caller-vote	1139
004e6a20	cube::Sprite::Sprite	game	entity	Sprite	rtti	199
004e6af0	FUN_004e6af0	gamemisc	game_misc	_helpers_wrapper	role:wrapper	28
004e6b20	cube::Sprite::~Sprite	game	entity	Sprite	rtti	129
004e6bd0	FUN_004e6bd0	gamemisc	game_misc	Unsorted_001	none	41
004e6c00	FUN_004e6c00	gamemisc	world	Helpers	caller-vote	44
004e6c30	cube::Sprite::deleting_destructor	game	entity	Sprite	rtti	30
004e6c60	FUN_004e6c60	gamemisc	entity	Helpers	caller-vote	86
004e6ce0	FUN_004e6ce0	gamemisc	game_misc	Unsorted_001	none	30
004e6d00	FUN_004e6d00	gamemisc	control	_helpers_dtor-like	role:dtor-like	117
004e6d80	FUN_004e6d80	gamemisc	control	Unsorted	logic:caller-vote	112
004e6df0	FUN_004e6df0	gamemisc	game_misc	Unsorted_001	none	97
004e6e60	FUN_004e6e60	gamemisc	entity	Helpers	caller-vote	189
004e6f20	FUN_004e6f20	gamemisc	entity	Helpers	caller-vote	625
004e71d0	FUN_004e71d0	gamemisc	game_misc	Unsorted_001	none	166
004e7290	VoxelModel_load_from_file_or_buffer	gamemisc	world	Proven	ledger	627
004e7520	FUN_004e7520	gamemisc	control	Unsorted	logic:caller-vote	155
004e75c0	FUN_004e75c0	gamemisc	control	_helpers_dtor-like	role:dtor-like	131
004e7650	VoxelModel_set_data	gamemisc	world	Proven	ledger	514
004e7870	FUN_004e7870	gamemisc	control	Unsorted	logic:caller-vote	16417
004eb8d0	FUN_004eb8d0	gamemisc	control	Unsorted	logic:caller-vote	413
004eba80	FUN_004eba80	gamemisc	control	Helpers	caller-vote	161
004ebb21	Catch_All@004ebb21	lib	_library	eh_funclets	eh	8
004ebb40	FUN_004ebb40	gamemisc	control	Helpers	caller-vote	515
004ebd50	FUN_004ebd50	gamemisc	control	Helpers	caller-vote	525
004ebf28	Catch_All@004ebf28	lib	_library	eh_funclets	eh	20
004ebf80	FUN_004ebf80	gamemisc	control	Helpers	caller-vote	257
004ec05d	Catch_All@004ec05d	lib	_library	eh_funclets	eh	20
004ec0a0	cube::SpriteManager::SpriteManager	game	entity	SpriteManager	rtti	42
004ec0d0	FUN_004ec0d0	gamemisc	game_misc	_helpers_wrapper	role:wrapper	48
004ec110	cube::SpriteManager::~SpriteManager	game	entity	SpriteManager	rtti	130
004ec1b0	FUN_004ec1b0	gamemisc	control	Helpers	caller-vote	54
004ec1f0	FUN_004ec1f0	gamemisc	control	Helpers	caller-vote	261
004ec340	cube::SpriteManager::deleting_destructor	game	entity	SpriteManager	rtti	30
004ec370	FUN_004ec370	gamemisc	ui	Unsorted	logic:caller-vote	25
004ec400	FUN_004ec400	gamemisc	ui	Unsorted	logic:caller-vote	6657
004ee230	GameController_load_game_assets	game	control	Proven	ledger	187427
0051be60	FUN_0051be60	gamemisc	ui	Unsorted	logic:caller-vote	29
0051c310	FUN_0051c310	gamemisc	control	Helpers	caller-vote	174
0051c3d0	cube::SpriteWidget::vfunction2_for_NamedObject	game	entity	SpriteWidget	rtti	909
0051c760	FUN_0051c760	gamemisc	game_misc	_indirect_vfunc	role:vfunc-indirect	51
0051c7a0	FUN_0051c7a0	gamemisc	game_misc	Unsorted_001	none	97
0051c810	FUN_0051c810	gamemisc	game_misc	Unsorted_001	none	122
0051c890	FUN_0051c890	lib	_library	sqlite	lib-island	101
0051c950	FUN_0051c950	gamemisc	game_misc	_indirect_vfunc	role:vfunc-indirect	18
0051c970	FUN_0051c970	gamemisc	game_misc	_indirect_vfunc	role:vfunc-indirect	18
0051c990	FUN_0051c990	gamemisc	game_misc	_indirect_vfunc	role:vfunc-indirect	18
0051c9b0	FUN_0051c9b0	gamemisc	game_misc	_indirect_vfunc	role:vfunc-indirect	12
0051c9c0	FUN_0051c9c0	gamemisc	game_misc	_indirect_vfunc	role:vfunc-indirect	89
0051ca20	FUN_0051ca20	gamemisc	game_misc	_indirect_callback	role:callback	449
0051cbf0	FUN_0051cbf0	gamemisc	game_misc	_indirect_vfunc	role:vfunc-indirect	532
0051ce10	FUN_0051ce10	gamemisc	game_misc	_indirect_dispatch-target	role:dispatch-target	123
0051ce90	FUN_0051ce90	gamemisc	game_misc	_indirect_vfunc	role:vfunc-indirect	13
0051cea0	FUN_0051cea0	gamemisc	game_misc	_indirect_vfunc	role:vfunc-indirect	11
0051ceb0	FUN_0051ceb0	gamemisc	game_misc	_indirect_vfunc	role:vfunc-indirect	35
0051cee0	FUN_0051cee0	gamemisc	game_misc	_indirect_vfunc	role:vfunc-indirect	173
0051cf90	FUN_0051cf90	gamemisc	game_misc	_helpers_wrapper	role:wrapper	49
0051cfd0	FUN_0051cfd0	gamemisc	game_misc	_indirect_vfunc	role:vfunc-indirect	63
0051d010	FUN_0051d010	gamemisc	game_misc	_indirect_vfunc	role:vfunc-indirect	33
0051d040	FUN_0051d040	gamemisc	game_misc	_indirect_vfunc	role:vfunc-indirect	37
0051d070	FUN_0051d070	gamemisc	game_misc	_helpers_wrapper	role:wrapper	63
0051d0b0	FUN_0051d0b0	gamemisc	game_misc	_indirect_vfunc	role:vfunc-indirect	37
0051d0e0	fwd_00575040_51d0e0	gamemisc	game_misc	_helpers_thunk	role:thunk	38
0051d110	FUN_0051d110	gamemisc	game_misc	Unsorted_001	none	91
0051d170	FUN_0051d170	lib	_library	sqlite	lib-string	81
0051d1d0	FUN_0051d1d0	gamemisc	game_misc	_helpers_wrapper	role:wrapper	63
0051d210	FUN_0051d210	gamemisc	game_misc	_helpers_wrapper	role:wrapper	90
0051d270	FUN_0051d270	lib	_library	sqlite	lib-island	92
0051d2d0	FUN_0051d2d0	lib	_library	sqlite	lib-island	77
0051d320	FUN_0051d320	gamemisc	game_misc	_artifacts	role:artifact	48
0051d350	FUN_0051d350	gamemisc	game_misc	_indirect_vfunc	role:vfunc-indirect	63
0051d390	FUN_0051d390	gamemisc	game_misc	_indirect_vfunc	role:vfunc-indirect	63
0051d3d0	FUN_0051d3d0	gamemisc	game_misc	_artifacts	role:artifact	42
0051d400	FUN_0051d400	gamemisc	game_misc	_indirect_dispatch-target	role:dispatch-target	198
0051d4d0	FUN_0051d4d0	gamemisc	game_misc	_indirect_vfunc	role:vfunc-indirect	63
0051d510	FUN_0051d510	gamemisc	game_misc	_indirect_vfunc	role:vfunc-indirect	13
0051d520	FUN_0051d520	gamemisc	game_misc	_artifacts	role:artifact	88
0051d580	FUN_0051d580	gamemisc	game_misc	Unsorted_001	none	96
0051d5e0	FUN_0051d5e0	gamemisc	game_misc	_indirect_dispatch-target	role:dispatch-target	99
0051d650	FUN_0051d650	gamemisc	game_misc	_artifacts	role:artifact	123
0051d9c0	FUN_0051d9c0	gamemisc	game_misc	_indirect_vfunc	role:vfunc-indirect	111
0051da30	FUN_0051da30	gamemisc	game_misc	_indirect_dispatch-target	role:dispatch-target	135
0051dac0	FUN_0051dac0	gamemisc	game_misc	_indirect_vfunc	role:vfunc-indirect	112
0051db30	FUN_0051db30	gamemisc	game_misc	_indirect_vfunc	role:vfunc-indirect	145
0051dbd0	FUN_0051dbd0	gamemisc	game_misc	_indirect_vfunc	role:vfunc-indirect	74
0051dc20	FUN_0051dc20	gamemisc	game_misc	_indirect_vfunc	role:vfunc-indirect	74
0051dc70	FUN_0051dc70	gamemisc	game_misc	_artifacts	role:artifact	354
0051dde0	FUN_0051dde0	gamemisc	game_misc	_indirect_vfunc	role:vfunc-indirect	61
0051de20	FUN_0051de20	gamemisc	game_misc	_indirect_vfunc	role:vfunc-indirect	12
0051de30	FUN_0051de30	gamemisc	game_misc	_indirect_vfunc	role:vfunc-indirect	18
0051de50	FUN_0051de50	gamemisc	game_misc	_artifacts	role:artifact	182
0051df10	FUN_0051df10	gamemisc	game_misc	_indirect_vfunc	role:vfunc-indirect	63
0051df50	FUN_0051df50	gamemisc	game_misc	_indirect_vfunc	role:vfunc-indirect	72
0051dfa0	FUN_0051dfa0	gamemisc	game_misc	_indirect_vfunc	role:vfunc-indirect	72
0051dff0	FUN_0051dff0	gamemisc	game_misc	_artifacts	role:artifact	637
0051e270	FUN_0051e270	gamemisc	game_misc	_indirect_vfunc	role:vfunc-indirect	208
0051e340	FUN_0051e340	gamemisc	game_misc	_indirect_vfunc	role:vfunc-indirect	72
0051e390	FUN_0051e390	lib	_library	sqlite	lib-string	1468
0051e950	FUN_0051e950	gamemisc	game_misc	_indirect_vfunc	role:vfunc-indirect	15
0051e960	FUN_0051e960	gamemisc	game_misc	Unsorted_001	none	212
0051ea40	FUN_0051ea40	gamemisc	game_misc	_indirect_vfunc	role:vfunc-indirect	26
0051ea60	FUN_0051ea60	gamemisc	game_misc	_indirect_vfunc	role:vfunc-indirect	262
0051eb70	FUN_0051eb70	gamemisc	game_misc	_artifacts	role:artifact	111
0051ec50	FUN_0051ec50	gamemisc	game_misc	_artifacts	role:artifact	1390
0051f1f0	FUN_0051f1f0	gamemisc	game_misc	Unsorted_001	none	283
0051f310	FUN_0051f310	gamemisc	game_misc	_indirect_vfunc	role:vfunc-indirect	176
0051f3c0	FUN_0051f3c0	gamemisc	game_misc	Unsorted_001	none	251
0051f4c0	FUN_0051f4c0	gamemisc	game_misc	_artifacts	role:artifact	478
0051f6b0	FUN_0051f6b0	gamemisc	game_misc	Unsorted_001	none	216
0051f790	FUN_0051f790	gamemisc	game_misc	Unsorted_001	none	254
0051f890	FUN_0051f890	gamemisc	game_misc	_indirect_vfunc	role:vfunc-indirect	103
0051f900	FUN_0051f900	gamemisc	game_misc	_indirect_vfunc	role:vfunc-indirect	22
0051f920	FUN_0051f920	gamemisc	game_misc	_indirect_vfunc	role:vfunc-indirect	75
0051f970	FUN_0051f970	gamemisc	game_misc	_artifacts	role:artifact	510
0051ff10	FUN_0051ff10	gamemisc	game_misc	_indirect_vfunc	role:vfunc-indirect	53
0051ff50	FUN_0051ff50	gamemisc	game_misc	_indirect_vfunc	role:vfunc-indirect	24
0051ff80	FUN_0051ff80	gamemisc	game_misc	_indirect_vfunc	role:vfunc-indirect	528
005201b0	FUN_005201b0	gamemisc	game_misc	_indirect_dispatch-target	role:dispatch-target	505
005203c0	FUN_005203c0	lib	_library	sqlite	lib-string	266
005204d0	FUN_005204d0	lib	_library	sqlite	lib-island	24
005204f0	FUN_005204f0	gamemisc	game_misc	_artifacts	role:artifact	300
00520620	fwd_0054fc20_520620	gamemisc	game_misc	_helpers_thunk	role:thunk	18
00520640	FUN_00520640	gamemisc	game_misc	_indirect_dispatch-target	role:dispatch-target	286
00520760	FUN_00520760	lib	_library	sqlite	lib-island	1284
00520c70	FUN_00520c70	gamemisc	game_misc	_indirect_vfunc	role:vfunc-indirect	178
00520d30	FUN_00520d30	lib	_library	sqlite	lib-island	232
00520e20	FUN_00520e20	gamemisc	game_misc	_indirect_dispatch-target	role:dispatch-target	126
00520ea0	FUN_00520ea0	gamemisc	game_misc	_indirect_dispatch-target	role:dispatch-target	764
005211a0	fwd_0051f3c0_5211a0	gamemisc	game_misc	_helpers_thunk	role:thunk	23
005211c0	FUN_005211c0	gamemisc	game_misc	_indirect_dispatch-target	role:dispatch-target	87
00521220	FUN_00521220	gamemisc	game_misc	_indirect_vfunc	role:vfunc-indirect	120
005212a0	fwd_0051f790_5212a0	gamemisc	game_misc	_helpers_thunk	role:thunk	23
005212c0	FUN_005212c0	gamemisc	game_misc	_indirect_dispatch-target	role:dispatch-target	95
00521320	fwd_0051f1f0_521320	gamemisc	game_misc	_helpers_thunk	role:thunk	23
00521340	FUN_00521340	gamemisc	game_misc	_indirect_vfunc	role:vfunc-indirect	72
00521390	FUN_00521390	gamemisc	game_misc	_indirect_dispatch-target	role:dispatch-target	168
00521440	FUN_00521440	gamemisc	game_misc	_indirect_vfunc	role:vfunc-indirect	27
00521460	FUN_00521460	gamemisc	game_misc	_indirect_vfunc	role:vfunc-indirect	104
005214d0	FUN_005214d0	gamemisc	game_misc	_indirect_dispatch-target	role:dispatch-target	215
005215b0	FUN_005215b0	gamemisc	game_misc	_indirect_vfunc	role:vfunc-indirect	9
005215c0	FUN_005215c0	gamemisc	game_misc	_indirect_vfunc	role:vfunc-indirect	425
00521770	FUN_00521770	gamemisc	game_misc	Unsorted_001	none	168
00521820	FUN_00521820	gamemisc	game_misc	_indirect_dispatch-target	role:dispatch-target	132
005218b0	FUN_005218b0	gamemisc	game_misc	_indirect_dispatch-target	role:dispatch-target	153
00521950	FUN_00521950	gamemisc	game_misc	_indirect_dispatch-target	role:dispatch-target	270
00521a60	FUN_00521a60	lib	_library	sqlite	lib-string	2001
00522240	FUN_00522240	gamemisc	game_misc	_indirect_vfunc	role:vfunc-indirect	201
00522310	FUN_00522310	gamemisc	game_misc	_indirect_vfunc	role:vfunc-indirect	82
00522370	FUN_00522370	gamemisc	game_misc	_indirect_vfunc	role:vfunc-indirect	25
00522390	FUN_00522390	gamemisc	game_misc	_indirect_vfunc	role:vfunc-indirect	30
005223b0	FUN_005223b0	gamemisc	game_misc	_indirect_dispatch-target	role:dispatch-target	173
00522460	FUN_00522460	gamemisc	game_misc	_indirect_vfunc	role:vfunc-indirect	30
00522480	fwd_0068d494_522480	gamemisc	game_misc	_helpers_thunk	role:thunk	17
005224a0	FUN_005224a0	lib	_library	sqlite	lib-island	150
00522540	FUN_00522540	gamemisc	game_misc	_indirect_vfunc	role:vfunc-indirect	121
005225c0	FUN_005225c0	gamemisc	game_misc	_indirect_vfunc	role:vfunc-indirect	126
00522640	FUN_00522640	gamemisc	game_misc	_indirect_vfunc	role:vfunc-indirect	23
00522660	FUN_00522660	gamemisc	game_misc	_indirect_vfunc	role:vfunc-indirect	22
00522680	fwd_0068d53c_522680	gamemisc	game_misc	_helpers_thunk	role:thunk	14
00522690	FUN_00522690	gamemisc	game_misc	Unsorted_001	none	110
00522700	FUN_00522700	lib	_library	sqlite	lib-island	22
00522720	FUN_00522720	gamemisc	game_misc	_indirect_vfunc	role:vfunc-indirect	24
00522740	FUN_00522740	lib	_library	sqlite	lib-island	22
00522760	FUN_00522760	gamemisc	game_misc	_indirect_dispatch-target	role:dispatch-target	177
00522820	FUN_00522820	gamemisc	game_misc	_indirect_vfunc	role:vfunc-indirect	11
00522830	FUN_00522830	gamemisc	game_misc	_indirect_vfunc	role:vfunc-indirect	260
00522940	FUN_00522940	lib	_library	sqlite	lib-island	170
005229f0	FUN_005229f0	gamemisc	game_misc	_indirect_vfunc	role:vfunc-indirect	39
00522bc0	vdispatch_522bc0	gamemisc	game_misc	_helpers_dispatch	role:dispatch	48
00522bf0	FUN_00522bf0	gamemisc	game_misc	_indirect_vfunc	role:vfunc-indirect	86
00522c50	FUN_00522c50	gamemisc	game_misc	_helpers_wrapper	role:wrapper	66
00522ca0	FUN_00522ca0	gamemisc	game_misc	_indirect_vfunc	role:vfunc-indirect	156
00522d40	FUN_00522d40	gamemisc	game_misc	_indirect_vfunc	role:vfunc-indirect	58
00522dc1	mutator_522dc1	gamemisc	game_misc	_helpers_mutator	role:mutator	28
00522ddd	FUN_00522ddd	gamemisc	game_misc	_indirect_dispatch-target	role:dispatch-target	85
00522e32	FUN_00522e32	gamemisc	game_misc	_indirect_dispatch-target	role:dispatch-target	322
00523050	FUN_00523050	gamemisc	game_misc	_indirect_vfunc	role:vfunc-indirect	30
00523070	FUN_00523070	gamemisc	game_misc	_indirect_vfunc	role:vfunc-indirect	332
005231c0	FUN_005231c0	gamemisc	game_misc	_helpers_wrapper	role:wrapper	96
00523220	FUN_00523220	gamemisc	game_misc	_indirect_vfunc	role:vfunc-indirect	64
00523260	FUN_00523260	gamemisc	game_misc	_helpers_wrapper	role:wrapper	26
00523280	FUN_00523280	gamemisc	game_misc	_indirect_vfunc	role:vfunc-indirect	14
00523290	FUN_00523290	gamemisc	game_misc	_indirect_vfunc	role:vfunc-indirect	11
005232a0	FUN_005232a0	gamemisc	game_misc	_indirect_vfunc	role:vfunc-indirect	11
005232b0	FUN_005232b0	gamemisc	game_misc	_indirect_vfunc	role:vfunc-indirect	18
005232d0	FUN_005232d0	gamemisc	game_misc	Unsorted_001	none	904
00523720	FUN_00523720	gamemisc	game_misc	_indirect_vfunc	role:vfunc-indirect	204
005237f0	FUN_005237f0	gamemisc	game_misc	_indirect_vfunc	role:vfunc-indirect	84
00523850	FUN_00523850	lib	_library	sqlite	lib-island	174
00523900	FUN_00523900	gamemisc	game_misc	_artifacts	role:artifact	203
005239d0	FUN_005239d0	gamemisc	game_misc	Unsorted_001	none	169
00523a80	FUN_00523a80	gamemisc	game_misc	_indirect_vfunc	role:vfunc-indirect	420
00523c30	FUN_00523c30	gamemisc	game_misc	Unsorted_001	none	217
00523d10	FUN_00523d10	lib	_library	sqlite	lib-island	33
00523d40	FUN_00523d40	lib	_library	sqlite	lib-island	139
00523dd0	FUN_00523dd0	gamemisc	game_misc	_artifacts	role:artifact	744
005240c0	FUN_005240c0	lib	_library	sqlite	lib-island	90
00524120	FUN_00524120	gamemisc	game_misc	_indirect_vfunc	role:vfunc-indirect	64
00524160	FUN_00524160	gamemisc	game_misc	_indirect_vfunc	role:vfunc-indirect	22
00524180	FUN_00524180	gamemisc	game_misc	_indirect_vfunc	role:vfunc-indirect	22
005241a0	FUN_005241a0	gamemisc	game_misc	_artifacts	role:artifact	620
00524410	FUN_00524410	lib	_library	sqlite	lib-island	152
005244c0	FUN_005244c0	gamemisc	game_misc	_indirect_vfunc	role:vfunc-indirect	30
005244e0	FUN_005244e0	gamemisc	game_misc	_helpers_wrapper	role:wrapper	86
00524570	FUN_00524570	gamemisc	game_misc	Unsorted_001	none	101
005245e0	FUN_005245e0	lib	_library	sqlite	lib-island	88
00524640	FUN_00524640	gamemisc	game_misc	_indirect_vfunc	role:vfunc-indirect	82
005246a0	FUN_005246a0	gamemisc	game_misc	_artifacts	role:artifact	103
005247b0	FUN_005247b0	gamemisc	game_misc	_indirect_vfunc	role:vfunc-indirect	72
00524800	FUN_00524800	gamemisc	game_misc	_indirect_vfunc	role:vfunc-indirect	264
00524910	FUN_00524910	gamemisc	game_misc	_artifacts	role:artifact	238
00524a00	FUN_00524a00	lib	_library	sqlite	lib-island	2478
005253b0	FUN_005253b0	gamemisc	game_misc	_indirect_vfunc	role:vfunc-indirect	72
00525400	FUN_00525400	lib	_library	sqlite	lib-island	246
00525500	FUN_00525500	gamemisc	game_misc	_indirect_vfunc	role:vfunc-indirect	11
00525510	FUN_00525510	gamemisc	game_misc	_indirect_vfunc	role:vfunc-indirect	107
00525580	FUN_00525580	gamemisc	game_misc	_indirect_vfunc	role:vfunc-indirect	11
00525590	fwd_00540b70_525590	gamemisc	game_misc	_helpers_thunk	role:thunk	23
005255b0	FUN_005255b0	gamemisc	game_misc	_indirect_vfunc	role:vfunc-indirect	242
005256b0	FUN_005256b0	lib	_library	sqlite	lib-island	329
00525800	FUN_00525800	gamemisc	game_misc	_indirect_vfunc	role:vfunc-indirect	441
005259c0	FUN_005259c0	lib	_library	sqlite	lib-island	88
00525a20	FUN_00525a20	gamemisc	game_misc	_indirect_vfunc	role:vfunc-indirect	9
00525a30	FUN_00525a30	lib	_library	sqlite	lib-island	32
00525a50	FUN_00525a50	gamemisc	game_misc	_indirect_vfunc	role:vfunc-indirect	72
00525aa0	FUN_00525aa0	gamemisc	game_misc	_artifacts	role:artifact	405
00525c40	FUN_00525c40	lib	_library	sqlite	lib-island	107
00525cb0	FUN_00525cb0	lib	_library	sqlite	lib-island	104
00525d20	FUN_00525d20	gamemisc	game_misc	_indirect_vfunc	role:vfunc-indirect	104
00525d90	FUN_00525d90	gamemisc	game_misc	Unsorted_001	none	145
00525e30	FUN_00525e30	lib	_library	sqlite	lib-string	214
00525f10	FUN_00525f10	gamemisc	game_misc	_indirect_vfunc	role:vfunc-indirect	205
00525ff0	FUN_00525ff0	gamemisc	game_misc	_indirect_vfunc	role:vfunc-indirect	51
00526030	FUN_00526030	gamemisc	game_misc	_indirect_vfunc	role:vfunc-indirect	130
005260c0	compute_5260c0	gamemisc	game_misc	_helpers_computed	role:computed	19
005260e0	FUN_005260e0	gamemisc	game_misc	_artifacts	role:artifact	811
00526410	FUN_00526410	gamemisc	game_misc	_indirect_vfunc	role:vfunc-indirect	101
00526480	fwd_0055d830_526480	gamemisc	game_misc	_helpers_thunk	role:thunk	32
005264a0	FUN_005264a0	gamemisc	game_misc	_indirect_vfunc	role:vfunc-indirect	32
005264c0	FUN_005264c0	gamemisc	game_misc	_indirect_vfunc	role:vfunc-indirect	204
00526590	FUN_00526590	gamemisc	game_misc	_indirect_vfunc	role:vfunc-indirect	30
005265b0	FUN_005265b0	gamemisc	game_misc	_indirect_vfunc	role:vfunc-indirect	30
005265d0	FUN_005265d0	gamemisc	game_misc	_indirect_vfunc	role:vfunc-indirect	31
005265f0	FUN_005265f0	gamemisc	game_misc	_indirect_vfunc	role:vfunc-indirect	37
005267a0	fwd_0052e070_5267a0	gamemisc	game_misc	_helpers_thunk	role:thunk	30
005267c0	FUN_005267c0	gamemisc	game_misc	_helpers_wrapper	role:wrapper	70
00526810	FUN_00526810	gamemisc	game_misc	_indirect_vfunc	role:vfunc-indirect	88
00526870	FUN_00526870	gamemisc	game_misc	_indirect_vfunc	role:vfunc-indirect	81
005268d0	FUN_005268d0	gamemisc	game_misc	_indirect_vfunc	role:vfunc-indirect	14
005268e0	FUN_005268e0	gamemisc	game_misc	_indirect_vfunc	role:vfunc-indirect	81
00526940	FUN_00526940	gamemisc	game_misc	_artifacts	role:artifact	437
00526b00	FUN_00526b00	gamemisc	game_misc	_indirect_vfunc	role:vfunc-indirect	51
00526b40	FUN_00526b40	gamemisc	game_misc	_indirect_vfunc	role:vfunc-indirect	17
00526b60	fwd_0052e070_526b60	gamemisc	game_misc	_helpers_thunk	role:thunk	30
00526b80	FUN_00526b80	gamemisc	game_misc	_indirect_vfunc	role:vfunc-indirect	86
00526be0	FUN_00526be0	gamemisc	game_misc	_indirect_vfunc	role:vfunc-indirect	30
00526c00	FUN_00526c00	gamemisc	game_misc	_indirect_vfunc	role:vfunc-indirect	78
00526d60	FUN_00526d60	gamemisc	game_misc	_indirect_vfunc	role:vfunc-indirect	78
00526db0	FUN_00526db0	gamemisc	game_misc	_indirect_vfunc	role:vfunc-indirect	14
00526dc0	FUN_00526dc0	gamemisc	game_misc	_indirect_vfunc	role:vfunc-indirect	20
00526df0	FUN_00526df0	gamemisc	game_misc	_indirect_vfunc	role:vfunc-indirect	39
00526e20	FUN_00526e20	gamemisc	game_misc	_indirect_vfunc	role:vfunc-indirect	21
00526e40	FUN_00526e40	gamemisc	game_misc	_indirect_vfunc	role:vfunc-indirect	60
00526e80	FUN_00526e80	gamemisc	game_misc	_indirect_vfunc	role:vfunc-indirect	271
00526f90	FUN_00526f90	gamemisc	game_misc	_indirect_vfunc	role:vfunc-indirect	20
00526fb0	FUN_00526fb0	gamemisc	game_misc	_helpers_dtor-like	role:dtor-like	198
00527080	FUN_00527080	lib	_library	sqlite	lib-island	108
005270f0	FUN_005270f0	gamemisc	game_misc	_indirect_vfunc	role:vfunc-indirect	108
00527160	FUN_00527160	gamemisc	game_misc	_artifacts	role:artifact	191
00527220	FUN_00527220	gamemisc	game_misc	_indirect_vfunc	role:vfunc-indirect	110
00527290	FUN_00527290	gamemisc	game_misc	_indirect_vfunc	role:vfunc-indirect	110
00527300	FUN_00527300	lib	_library	sqlite	lib-island	618
00527570	FUN_00527570	gamemisc	game_misc	_indirect_vfunc	role:vfunc-indirect	26
00527590	FUN_00527590	gamemisc	db	Helpers	caller-vote	127
00527610	FUN_00527610	gamemisc	db	Helpers	caller-vote	95
00527670	FUN_00527670	gamemisc	game_misc	_artifacts	role:artifact	206
00527740	FUN_00527740	gamemisc	game_misc	Unsorted_001	none	955
00527b00	FUN_00527b00	gamemisc	game_misc	_indirect_vfunc	role:vfunc-indirect	95
00527b60	FUN_00527b60	gamemisc	game_misc	Unsorted_001	none	473
00527d50	FUN_00527d50	gamemisc	game_misc	_indirect_vfunc	role:vfunc-indirect	128
00527dd0	FUN_00527dd0	gamemisc	game_misc	_indirect_vfunc	role:vfunc-indirect	39
00527e00	FUN_00527e00	gamemisc	game_misc	_artifacts	role:artifact	155
00527ea0	FUN_00527ea0	gamemisc	game_misc	_indirect_vfunc	role:vfunc-indirect	133
00527f30	FUN_00527f30	gamemisc	game_misc	_indirect_vfunc	role:vfunc-indirect	41
00527f60	FUN_00527f60	gamemisc	game_misc	_indirect_vfunc	role:vfunc-indirect	41
00527f90	FUN_00527f90	gamemisc	game_misc	_indirect_vfunc	role:vfunc-indirect	35
00527fc0	FUN_00527fc0	gamemisc	game_misc	_helpers_wrapper	role:wrapper	98
00528030	FUN_00528030	gamemisc	game_misc	_indirect_vfunc	role:vfunc-indirect	64
00528070	FUN_00528070	lib	_library	sqlite	lib-island	115
005280f0	FUN_005280f0	lib	_library	sqlite	lib-island	191
005281b0	FUN_005281b0	gamemisc	game_misc	_helpers_wrapper	role:wrapper	96
00528270	FUN_00528270	gamemisc	game_misc	_helpers_wrapper	role:wrapper	96
00528320	FUN_00528320	gamemisc	game_misc	_indirect_vfunc	role:vfunc-indirect	39
00528350	FUN_00528350	gamemisc	game_misc	_indirect_dispatch-target	role:dispatch-target	85
005283b0	FUN_005283b0	gamemisc	game_misc	_indirect_vfunc	role:vfunc-indirect	188
00528470	FUN_00528470	gamemisc	game_misc	_helpers_wrapper	role:wrapper	18
00528490	FUN_00528490	gamemisc	game_misc	_indirect_vfunc	role:vfunc-indirect	145
00528530	sqlite3_mutex_enter_win	lib	_library	cw_lib	ledger	14
00528550	FUN_00528550	gamemisc	game_misc	_indirect_vfunc	role:vfunc-indirect	445
00528710	compute_528710	gamemisc	game_misc	_helpers_computed	role:computed	14
00528720	FUN_00528720	gamemisc	game_misc	Unsorted_001	none	218
00528800	compute_528800	gamemisc	game_misc	_helpers_computed	role:computed	14
00528810	FUN_00528810	gamemisc	game_misc	_indirect_vfunc	role:vfunc-indirect	27
00528830	FUN_00528830	gamemisc	game_misc	_indirect_vfunc	role:vfunc-indirect	88
00528890	FUN_00528890	gamemisc	game_misc	Unsorted_001	none	73
005288e0	FUN_005288e0	gamemisc	game_misc	Unsorted_001	none	51
00528920	FUN_00528920	lib	_library	sqlite	lib-island	829
00528c60	FUN_00528c60	lib	_library	sqlite	lib-island	57
00528cb0	FUN_00528cb0	lib	_library	sqlite	lib-island	105
00528d20	FUN_00528d20	lib	_library	sqlite	lib-island	140
00528db0	FUN_00528db0	lib	_library	sqlite	lib-island	594
00529020	FUN_00529020	lib	_library	sqlite	lib-island	186
005290e0	FUN_005290e0	gamemisc	game_misc	Unsorted_001	none	37
00529110	FUN_00529110	lib	_library	sqlite	lib-island	1907
00529890	FUN_00529890	lib	_library	sqlite	lib-island	210
00529970	FUN_00529970	lib	_library	sqlite	lib-string	363
00529ae0	FUN_00529ae0	lib	_library	sqlite	lib-island	482
00529cd0	FUN_00529cd0	lib	_library	sqlite	lib-island	30
00529cf0	FUN_00529cf0	gamemisc	game_misc	_indirect_callback	role:callback	235
00529de0	FUN_00529de0	gamemisc	game_misc	_indirect_callback	role:callback	721
0052a0c0	FUN_0052a0c0	lib	_library	sqlite	lib-island	388
0052a250	FUN_0052a250	lib	_library	sqlite	lib-island	4762
0052b4f0	FUN_0052b4f0	lib	_library	sqlite	lib-island	220
0052b5d0	FUN_0052b5d0	lib	_library	sqlite	lib-island	86
0052b630	FUN_0052b630	lib	_library	sqlite	lib-island	122
0052b6b0	FUN_0052b6b0	lib	_library	sqlite	lib-island	157
0052b750	FUN_0052b750	lib	_library	sqlite	lib-island	122
0052b7d0	FUN_0052b7d0	lib	_library	sqlite	lib-island	32
0052b7f0	FUN_0052b7f0	lib	_library	sqlite	lib-island	553
0052ba20	FUN_0052ba20	lib	_library	sqlite	lib-island	386
0052bbb0	FUN_0052bbb0	lib	_library	sqlite	lib-island	388
0052bd40	FUN_0052bd40	lib	_library	sqlite	lib-island	301
0052be70	FUN_0052be70	lib	_library	sqlite	lib-island	3825
0052cd80	FUN_0052cd80	lib	_library	sqlite	lib-island	398
0052cf10	FUN_0052cf10	lib	_library	sqlite	lib-island	267
0052d020	FUN_0052d020	lib	_library	sqlite	lib-island	2397
0052d990	FUN_0052d990	lib	_library	sqlite	lib-island	91
0052d9f0	FUN_0052d9f0	lib	_library	sqlite	lib-island	858
0052dd50	FUN_0052dd50	lib	_library	sqlite	lib-island	543
0052df70	FUN_0052df70	gamemisc	game_misc	_indirect_callback	role:callback	191
0052e030	FUN_0052e030	lib	_library	sqlite	lib-island	53
0052e070	FUN_0052e070	gamemisc	game_misc	Unsorted_001	none	182
0052e130	FUN_0052e130	gamemisc	game_misc	Unsorted_001	none	256
0052e230	FUN_0052e230	lib	_library	sqlite	lib-island	374
0052e3b0	FUN_0052e3b0	lib	_library	sqlite	lib-island	595
0052e610	FUN_0052e610	lib	_library	sqlite	lib-island	116
0052e690	FUN_0052e690	lib	_library	sqlite	lib-island	501
0052e890	FUN_0052e890	lib	_library	sqlite	lib-island	189
0052e950	FUN_0052e950	lib	_library	sqlite	lib-island	81
0052e9b0	FUN_0052e9b0	lib	_library	sqlite	lib-island	547
0052ebe0	FUN_0052ebe0	gamemisc	game_misc	_indirect_callback	role:callback	65
0052ec30	FUN_0052ec30	lib	_library	sqlite	lib-island	262
0052ed40	FUN_0052ed40	lib	_library	sqlite	lib-island	95
0052eda0	FUN_0052eda0	lib	_library	sqlite	lib-island	310
0052eee0	FUN_0052eee0	lib	_library	sqlite	lib-island	74
0052ef30	FUN_0052ef30	lib	_library	sqlite	lib-island	100
0052efa0	FUN_0052efa0	lib	_library	sqlite	lib-island	215
0052f080	FUN_0052f080	lib	_library	sqlite	lib-island	163
0052f130	FUN_0052f130	lib	_library	sqlite	lib-island	200
0052f200	FUN_0052f200	lib	_library	sqlite	lib-island	167
0052f2b0	FUN_0052f2b0	lib	_library	sqlite	lib-island	105
0052f320	FUN_0052f320	lib	_library	sqlite	lib-island	230
0052f410	FUN_0052f410	lib	_library	sqlite	lib-island	511
0052f610	FUN_0052f610	lib	_library	sqlite	lib-island	136
0052f6a0	FUN_0052f6a0	lib	_library	sqlite	lib-island	121
0052f720	FUN_0052f720	lib	_library	sqlite	lib-island	2004
0052ff10	FUN_0052ff10	lib	_library	sqlite	lib-island	251
00530010	FUN_00530010	lib	_library	sqlite	lib-island	484
00530200	FUN_00530200	lib	_library	sqlite	lib-island	407
005303a0	FUN_005303a0	lib	_library	sqlite	lib-island	118
00530420	FUN_00530420	lib	_library	sqlite	lib-island	341
00530580	FUN_00530580	lib	_library	sqlite	lib-island	718
00530850	FUN_00530850	lib	_library	sqlite	lib-island	109
005308c0	FUN_005308c0	lib	_library	sqlite	lib-island	432
00530a70	FUN_00530a70	lib	_library	sqlite	lib-island	361
00530be0	FUN_00530be0	lib	_library	sqlite	lib-island	264
00530cf0	FUN_00530cf0	lib	_library	sqlite	lib-island	302
00530e20	FUN_00530e20	lib	_library	sqlite	lib-island	224
00530f00	FUN_00530f00	lib	_library	sqlite	lib-island	89
00530f60	FUN_00530f60	lib	_library	sqlite	lib-island	4528
00532120	FUN_00532120	lib	_library	sqlite	lib-island	303
00532250	FUN_00532250	lib	_library	sqlite	lib-island	306
00532390	FUN_00532390	lib	_library	sqlite	lib-island	477
00532570	FUN_00532570	lib	_library	sqlite	lib-island	116
005325f0	FUN_005325f0	lib	_library	sqlite	lib-island	124
00532670	FUN_00532670	lib	_library	sqlite	lib-island	96
005326d0	FUN_005326d0	lib	_library	sqlite	lib-island	111
00532740	FUN_00532740	lib	_library	sqlite	lib-island	410
005328e0	FUN_005328e0	lib	_library	sqlite	lib-island	155
00532980	FUN_00532980	gamemisc	game_misc	Unsorted_001	none	181
00532a40	FUN_00532a40	gamemisc	game_misc	Unsorted_001	none	319
00532b80	FUN_00532b80	lib	_library	sqlite	lib-island	387
00532d10	FUN_00532d10	gamemisc	game_misc	Unsorted_001	none	279
00532e30	FUN_00532e30	lib	_library	sqlite	lib-island	68
00532e80	FUN_00532e80	lib	_library	sqlite	lib-island	2074
005336b0	FUN_005336b0	gamemisc	game_misc	Unsorted_001	none	95
00533710	FUN_00533710	gamemisc	game_misc	Unsorted_001	none	169
005337c0	FUN_005337c0	lib	_library	sqlite	lib-island	188
00533880	FUN_00533880	lib	_library	sqlite	lib-island	66
005338d0	FUN_005338d0	lib	_library	sqlite	lib-string	143
00533960	FUN_00533960	gamemisc	game_misc	Unsorted_001	none	413
00533b00	FUN_00533b00	gamemisc	game_misc	Unsorted_001	none	331
00533c50	FUN_00533c50	lib	_library	sqlite	lib-string	580
00533ea0	FUN_00533ea0	lib	_library	sqlite	lib-island	152
00533f40	FUN_00533f40	lib	_library	sqlite	lib-island	436
00534100	FUN_00534100	lib	_library	sqlite	lib-string	270
00534210	FUN_00534210	lib	_library	sqlite	lib-island	134
005342a0	FUN_005342a0	lib	_library	sqlite	lib-island	72
005342f0	FUN_005342f0	gamemisc	game_misc	Unsorted_001	none	185
005343b0	FUN_005343b0	lib	_library	sqlite	lib-island	649
00534680	FUN_00534680	lib	_library	sqlite	lib-island	131
00534710	FUN_00534710	lib	_library	sqlite	lib-island	104
00534780	FUN_00534780	lib	_library	sqlite	lib-island	222
00534860	FUN_00534860	lib	_library	sqlite	lib-island	105
005348d0	FUN_005348d0	lib	_library	sqlite	lib-island	72
00534920	FUN_00534920	lib	_library	sqlite	lib-island	74
00534970	FUN_00534970	gamemisc	game_misc	_indirect_callback	role:callback	94
00534a60	FUN_00534a60	lib	_library	sqlite	lib-island	346
00534bc0	FUN_00534bc0	lib	_library	sqlite	lib-island	126
00534c40	FUN_00534c40	lib	_library	sqlite	lib-island	293
00534d70	FUN_00534d70	lib	_library	sqlite	lib-island	487
00534f70	FUN_00534f70	lib	_library	sqlite	lib-island	581
005351c0	FUN_005351c0	lib	_library	sqlite	lib-island	269
005352d0	FUN_005352d0	lib	_library	sqlite	lib-island	231
005353c0	FUN_005353c0	lib	_library	sqlite	lib-island	55
00535400	FUN_00535400	lib	_library	sqlite	lib-island	1777
00535b00	FUN_00535b00	lib	_library	sqlite	lib-island	1422
00536090	FUN_00536090	lib	_library	sqlite	lib-island	312
005361d0	FUN_005361d0	lib	_library	sqlite	lib-island	121
00536250	FUN_00536250	lib	_library	sqlite	lib-island	554
00536480	FUN_00536480	lib	_library	sqlite	lib-island	119
00536500	FUN_00536500	gamemisc	game_misc	_indirect_callback	role:callback	68
005365e0	FUN_005365e0	lib	_library	sqlite	lib-island	349
00536750	FUN_00536750	lib	_library	sqlite	lib-island	146
005367f0	FUN_005367f0	gamemisc	game_misc	_indirect_callback	role:callback	82
00536850	FUN_00536850	lib	_library	sqlite	lib-island	134
005368e0	FUN_005368e0	lib	_library	sqlite	lib-island	136
00536970	FUN_00536970	lib	_library	sqlite	lib-island	140
00536a00	FUN_00536a00	lib	_library	sqlite	lib-island	133
00536a90	FUN_00536a90	lib	_library	sqlite	lib-island	191
00536b50	FUN_00536b50	lib	_library	sqlite	lib-island	838
00536ea0	FUN_00536ea0	lib	_library	sqlite	lib-island	272
00536fb0	FUN_00536fb0	lib	_library	sqlite	lib-string	218
00537090	FUN_00537090	lib	_library	sqlite	lib-island	249
00537190	FUN_00537190	lib	_library	sqlite	lib-island	156
00537230	FUN_00537230	lib	_library	sqlite	lib-island	180
005372f0	FUN_005372f0	lib	_library	sqlite	lib-island	351
00537450	FUN_00537450	lib	_library	sqlite	lib-string	2539
00537e40	FUN_00537e40	lib	_library	sqlite	lib-string	2072
00538660	FUN_00538660	lib	_library	sqlite	lib-island	1397
00538be0	FUN_00538be0	lib	_library	sqlite	lib-island	88
00538c40	FUN_00538c40	lib	_library	sqlite	lib-island	399
00538dd0	FUN_00538dd0	lib	_library	sqlite	lib-island	1350
00539320	FUN_00539320	lib	_library	sqlite	lib-island	228
00539430	FUN_00539430	lib	_library	sqlite	lib-island	35
00539460	FUN_00539460	lib	_library	sqlite	lib-island	786
00539780	FUN_00539780	lib	_library	sqlite	lib-island	593
005399e0	FUN_005399e0	lib	_library	sqlite	lib-island	28
00539a00	FUN_00539a00	lib	_library	sqlite	lib-island	41
00539a30	FUN_00539a30	lib	_library	sqlite	lib-island	132
00539ac0	FUN_00539ac0	lib	_library	sqlite	lib-island	420
00539c70	FUN_00539c70	lib	_library	sqlite	lib-island	297
00539da0	FUN_00539da0	lib	_library	sqlite	lib-island	823
0053a0f0	FUN_0053a0f0	lib	_library	sqlite	lib-island	1439
0053a6a0	FUN_0053a6a0	lib	_library	sqlite	lib-island	141
0053a730	FUN_0053a730	lib	_library	sqlite	lib-island	171
0053a7f0	FUN_0053a7f0	lib	_library	sqlite	lib-island	81
0053a850	FUN_0053a850	gamemisc	game_misc	Unsorted_001	none	148
0053a8f0	FUN_0053a8f0	gamemisc	game_misc	Unsorted_001	none	374
0053aa70	FUN_0053aa70	lib	_library	sqlite	lib-island	64
0053aab0	FUN_0053aab0	lib	_library	sqlite	lib-island	66
0053ab00	FUN_0053ab00	lib	_library	sqlite	lib-island	356
0053ac70	FUN_0053ac70	gamemisc	game_misc	Unsorted_001	none	286
0053ad90	FUN_0053ad90	lib	_library	sqlite	lib-island	887
0053b110	FUN_0053b110	lib	_library	sqlite	lib-island	151
0053b1b0	FUN_0053b1b0	gamemisc	game_misc	Unsorted_002	none	754
0053b4b0	FUN_0053b4b0	lib	_library	sqlite	lib-island	125
0053b530	FUN_0053b530	lib	_library	sqlite	lib-island	104
0053b5a0	FUN_0053b5a0	lib	_library	sqlite	lib-island	391
0053b730	FUN_0053b730	lib	_library	sqlite	lib-island	54
0053b770	FUN_0053b770	lib	_library	sqlite	lib-island	120
0053b7f0	FUN_0053b7f0	lib	_library	sqlite	lib-island	166
0053b8a0	FUN_0053b8a0	lib	_library	sqlite	lib-island	123
0053b920	mutator_53b920	gamemisc	game_misc	_helpers_mutator	role:mutator	24
0053b940	FUN_0053b940	lib	_library	sqlite	lib-island	62
0053b980	FUN_0053b980	lib	_library	sqlite	lib-island	1030
0053bd90	FUN_0053bd90	lib	_library	sqlite	lib-island	419
0053bf40	FUN_0053bf40	lib	_library	sqlite	lib-island	103
0053bfb0	FUN_0053bfb0	lib	_library	sqlite	lib-island	83
0053c010	FUN_0053c010	gamemisc	game_misc	Unsorted_002	none	129
0053c0e0	FUN_0053c0e0	lib	_library	sqlite	lib-island	88
0053c140	FUN_0053c140	gamemisc	game_misc	Unsorted_002	none	289
0053c270	FUN_0053c270	lib	_library	sqlite	lib-island	369
0053c3f0	FUN_0053c3f0	lib	_library	sqlite	lib-island	235
0053c4e0	FUN_0053c4e0	lib	_library	sqlite	lib-island	492
0053c6d0	FUN_0053c6d0	gamemisc	game_misc	_helpers_wrapper	role:wrapper	93
0053c730	FUN_0053c730	lib	_library	sqlite	lib-island	167
0053c7e0	FUN_0053c7e0	lib	_library	sqlite	lib-island	94
0053c840	FUN_0053c840	lib	_library	sqlite	lib-island	848
0053cb90	FUN_0053cb90	lib	_library	sqlite	lib-string	146
0053cc30	FUN_0053cc30	lib	_library	sqlite	lib-island	81
0053cc90	FUN_0053cc90	lib	_library	sqlite	lib-island	174
0053cd40	FUN_0053cd40	lib	_library	sqlite	lib-island	216
0053ce20	FUN_0053ce20	gamemisc	game_misc	Unsorted_002	none	543
0053d040	FUN_0053d040	lib	_library	sqlite	lib-string	588
0053d2a0	FUN_0053d2a0	lib	_library	sqlite	lib-island	891
0053d620	FUN_0053d620	lib	_library	sqlite	lib-string	1731
0053dcf0	FUN_0053dcf0	lib	_library	sqlite	lib-island	228
0053dde0	FUN_0053dde0	gamemisc	game_misc	Unsorted_002	none	129
0053de70	FUN_0053de70	lib	_library	sqlite	lib-island	112
0053dee0	FUN_0053dee0	lib	_library	sqlite	lib-island	552
0053e110	FUN_0053e110	lib	_library	sqlite	lib-island	145
0053e1b0	FUN_0053e1b0	lib	_library	sqlite	lib-island	116
0053e230	FUN_0053e230	lib	_library	sqlite	lib-island	80
0053e280	FUN_0053e280	lib	_library	sqlite	lib-island	133
0053e310	FUN_0053e310	lib	_library	sqlite	lib-island	408
0053e4b0	FUN_0053e4b0	lib	_library	sqlite	lib-island	1990
0053ec80	FUN_0053ec80	lib	_library	sqlite	lib-island	71
0053ecd0	FUN_0053ecd0	lib	_library	sqlite	lib-island	7342
00540990	FUN_00540990	lib	_library	sqlite	lib-island	123
00540a20	FUN_00540a20	lib	_library	sqlite	lib-island	219
00540b00	fwd_005259c0_540b00	gamemisc	game_misc	_helpers_thunk	role:thunk	45
00540b30	FUN_00540b30	lib	_library	sqlite	lib-island	60
00540b70	FUN_00540b70	gamemisc	game_misc	Unsorted_002	none	1140
00540ff0	FUN_00540ff0	lib	_library	sqlite	lib-string	440
005411b0	FUN_005411b0	lib	_library	sqlite	lib-island	86
00541210	FUN_00541210	lib	_library	sqlite	lib-island	42
00541240	FUN_00541240	gamemisc	game_misc	_helpers_wrapper	role:wrapper	35
00541270	FUN_00541270	lib	_library	sqlite	lib-island	102
005412e0	FUN_005412e0	lib	_library	sqlite	lib-island	93
00541340	FUN_00541340	lib	_library	sqlite	lib-island	69
00541390	FUN_00541390	lib	_library	sqlite	lib-island	72
005413e0	FUN_005413e0	lib	_library	sqlite	lib-island	134
00541470	FUN_00541470	lib	_library	sqlite	lib-island	133
00541500	FUN_00541500	lib	_library	sqlite	lib-island	698
005417c0	FUN_005417c0	lib	_library	sqlite	lib-island	92
00541820	FUN_00541820	gamemisc	game_misc	_indirect_callback	role:callback	224
00541900	FUN_00541900	lib	_library	sqlite	lib-island	54
00541940	FUN_00541940	lib	_library	sqlite	lib-island	199
00541a10	FUN_00541a10	lib	_library	sqlite	lib-island	94
00541a70	FUN_00541a70	lib	_library	sqlite	lib-island	49
00541ab0	FUN_00541ab0	lib	_library	sqlite	lib-island	156
00541b50	FUN_00541b50	lib	_library	sqlite	lib-island	121
00541bd0	FUN_00541bd0	lib	_library	sqlite	lib-island	547
00541e00	FUN_00541e00	lib	_library	sqlite	lib-island	460
00541fd0	FUN_00541fd0	lib	_library	sqlite	lib-island	33
00542000	FUN_00542000	lib	_library	sqlite	lib-island	373
00542180	FUN_00542180	lib	_library	sqlite	lib-island	37
005421b0	FUN_005421b0	lib	_library	sqlite	lib-island	272
005422c0	FUN_005422c0	lib	_library	sqlite	lib-island	828
00542600	FUN_00542600	lib	_library	sqlite	lib-island	749
005428f0	FUN_005428f0	lib	_library	sqlite	lib-island	48
00542920	FUN_00542920	lib	_library	sqlite	lib-island	246
00542a20	FUN_00542a20	lib	_library	sqlite	lib-island	274
00542b40	FUN_00542b40	lib	_library	sqlite	lib-island	113
00542bc0	FUN_00542bc0	lib	_library	sqlite	lib-island	425
00542d70	FUN_00542d70	lib	_library	sqlite	lib-island	119
00542df0	FUN_00542df0	lib	_library	sqlite	lib-island	311
00542f30	FUN_00542f30	gamemisc	game_misc	Unsorted_002	none	192
00542ff0	FUN_00542ff0	gamemisc	game_misc	Unsorted_002	none	303
00543120	FUN_00543120	gamemisc	game_misc	Unsorted_002	none	2184
00543a20	FUN_00543a20	gamemisc	game_misc	Unsorted_002	none	206
00543b00	FUN_00543b00	gamemisc	game_misc	Unsorted_002	none	213
00543be0	FUN_00543be0	gamemisc	game_misc	Unsorted_002	none	856
00543f40	FUN_00543f40	lib	_library	sqlite	lib-island	263
00544050	FUN_00544050	gamemisc	game_misc	Unsorted_002	none	109
005440c0	FUN_005440c0	gamemisc	game_misc	Unsorted_002	none	195
00544190	FUN_00544190	lib	_library	sqlite	lib-island	246
00544290	FUN_00544290	gamemisc	game_misc	Unsorted_002	none	38
005442c0	FUN_005442c0	gamemisc	game_misc	Unsorted_002	none	96
00544320	FUN_00544320	gamemisc	game_misc	Unsorted_002	none	55
00544360	FUN_00544360	gamemisc	game_misc	Unsorted_002	none	259
00544470	FUN_00544470	gamemisc	game_misc	Unsorted_002	none	205
00544540	FUN_00544540	gamemisc	game_misc	Unsorted_002	none	41
00544570	FUN_00544570	lib	_library	sqlite	lib-island	105
005445e0	FUN_005445e0	lib	_library	sqlite	lib-island	301
00544710	FUN_00544710	lib	_library	sqlite	lib-island	72
00544760	FUN_00544760	lib	_library	sqlite	lib-island	261
00544870	FUN_00544870	lib	_library	sqlite	lib-island	104
005448e0	FUN_005448e0	lib	_library	sqlite	lib-island	709
00544bb0	FUN_00544bb0	lib	_library	sqlite	lib-island	98
00544c20	FUN_00544c20	lib	_library	sqlite	lib-island	264
00544d30	FUN_00544d30	lib	_library	sqlite	lib-island	78
00544d80	FUN_00544d80	lib	_library	sqlite	lib-island	245
00544e80	FUN_00544e80	lib	_library	sqlite	lib-island	530
005450a0	FUN_005450a0	lib	_library	sqlite	lib-island	318
005451e0	FUN_005451e0	lib	_library	sqlite	lib-island	232
005452d0	FUN_005452d0	lib	_library	sqlite	lib-island	330
00545420	FUN_00545420	lib	_library	sqlite	lib-island	254
00545520	FUN_00545520	lib	_library	sqlite	lib-island	163
005455d0	FUN_005455d0	lib	_library	sqlite	lib-island	120
00545650	FUN_00545650	lib	_library	sqlite	lib-island	229
00545740	FUN_00545740	lib	_library	sqlite	lib-island	54
00545780	FUN_00545780	lib	_library	sqlite	lib-island	667
00545a20	FUN_00545a20	lib	_library	sqlite	lib-island	293
00545b50	FUN_00545b50	lib	_library	sqlite	lib-island	90
00545bb0	FUN_00545bb0	lib	_library	sqlite	lib-island	144
00545c40	FUN_00545c40	lib	_library	sqlite	lib-island	160
00545ce0	FUN_00545ce0	lib	_library	sqlite	lib-island	520
00545f00	FUN_00545f00	lib	_library	sqlite	lib-island	393
00546090	FUN_00546090	lib	_library	sqlite	lib-island	150
00546130	FUN_00546130	lib	_library	sqlite	lib-island	121
005461b0	FUN_005461b0	lib	_library	sqlite	lib-island	691
00546470	FUN_00546470	gamemisc	game_misc	_indirect_callback	role:callback	118
005467e0	FUN_005467e0	lib	_library	sqlite	lib-island	165
00546890	FUN_00546890	gamemisc	game_misc	Unsorted_002	none	311
005469d0	FUN_005469d0	lib	_library	sqlite	lib-island	245
00546ad0	FUN_00546ad0	gamemisc	game_misc	_indirect_callback	role:callback	787
00546df0	FUN_00546df0	lib	_library	sqlite	lib-island	369
00546f70	FUN_00546f70	lib	_library	sqlite	lib-island	108
00546fe0	FUN_00546fe0	lib	_library	sqlite	lib-island	269
00547100	FUN_00547100	lib	_library	sqlite	lib-island	166
005471b0	FUN_005471b0	lib	_library	sqlite	lib-island	95
00547210	FUN_00547210	lib	_library	sqlite	lib-island	69
00547260	FUN_00547260	lib	_library	sqlite	lib-island	68
005472b0	FUN_005472b0	lib	_library	sqlite	lib-island	273
005473d0	FUN_005473d0	lib	_library	sqlite	lib-island	724
005476b0	FUN_005476b0	gamemisc	game_misc	Unsorted_002	none	105
00547720	FUN_00547720	lib	_library	sqlite	lib-island	313
00547860	FUN_00547860	gamemisc	game_misc	_indirect_callback	role:callback	127
005478e0	FUN_005478e0	lib	_library	sqlite	lib-island	635
00547b70	FUN_00547b70	lib	_library	sqlite	lib-string	1799
00548280	FUN_00548280	lib	_library	sqlite	lib-island	1718
00548960	set_0x10_548960	gamemisc	game_misc	_helpers_mutator	role:mutator	20
00548980	FUN_00548980	lib	_library	sqlite	lib-island	45
005489b0	FUN_005489b0	lib	_library	sqlite	lib-island	355
00548b20	FUN_00548b20	gamemisc	game_misc	Unsorted_002	none	118
00548ba0	FUN_00548ba0	lib	_library	sqlite	lib-island	48
00548bd0	FUN_00548bd0	lib	_library	sqlite	lib-island	105
00548c40	FUN_00548c40	lib	_library	sqlite	lib-island	177
00548d00	FUN_00548d00	gamemisc	game_misc	Unsorted_002	none	277
00548e20	FUN_00548e20	lib	_library	sqlite	lib-island	52
00548e60	FUN_00548e60	lib	_library	sqlite	lib-island	94
00548ec0	FUN_00548ec0	lib	_library	sqlite	lib-island	139
00548f50	FUN_00548f50	lib	_library	sqlite	lib-island	136
00548fe0	FUN_00548fe0	lib	_library	sqlite	lib-island	28
00549000	FUN_00549000	lib	_library	sqlite	lib-island	94
00549060	FUN_00549060	lib	_library	sqlite	lib-island	135
005490f0	FUN_005490f0	lib	_library	sqlite	lib-island	317
00549230	FUN_00549230	lib	_library	sqlite	lib-island	67
00549280	FUN_00549280	lib	_library	sqlite	lib-island	249
00549380	FUN_00549380	lib	_library	sqlite	lib-island	155
00549420	FUN_00549420	lib	_library	sqlite	lib-island	477
00549610	FUN_00549610	lib	_library	sqlite	lib-island	188
005496d0	FUN_005496d0	lib	_library	sqlite	lib-string	517
005498e0	FUN_005498e0	lib	_library	sqlite	lib-string	542
00549b00	FUN_00549b00	lib	_library	sqlite	lib-string	140
00549b90	FUN_00549b90	lib	_library	sqlite	lib-string	828
00549ed0	FUN_00549ed0	lib	_library	sqlite	lib-string	249
00549fd0	FUN_00549fd0	lib	_library	sqlite	lib-island	319
0054a110	FUN_0054a110	lib	_library	sqlite	lib-island	70
0054a160	FUN_0054a160	lib	_library	sqlite	lib-island	325
0054a2b0	FUN_0054a2b0	lib	_library	sqlite	lib-island	115
0054a330	FUN_0054a330	lib	_library	sqlite	lib-island	1578
0054a970	FUN_0054a970	lib	_library	sqlite	lib-island	44
0054a9a0	FUN_0054a9a0	lib	_library	sqlite	lib-island	423
0054ab50	FUN_0054ab50	lib	_library	sqlite	lib-island	135
0054abe0	FUN_0054abe0	lib	_library	sqlite	lib-island	222
0054acc0	FUN_0054acc0	lib	_library	sqlite	lib-island	196
0054ad90	FUN_0054ad90	gamemisc	game_misc	Unsorted_002	none	196
0054ae60	FUN_0054ae60	lib	_library	sqlite	lib-island	1018
0054b260	FUN_0054b260	lib	_library	sqlite	lib-island	1148
0054b6e0	FUN_0054b6e0	lib	_library	sqlite	lib-island	110
0054b750	FUN_0054b750	lib	_library	sqlite	lib-string	315
0054b890	FUN_0054b890	lib	_library	sqlite	lib-string	998
0054bc80	FUN_0054bc80	lib	_library	sqlite	lib-island	57
0054bcc0	FUN_0054bcc0	lib	_library	sqlite	lib-island	76
0054bd10	FUN_0054bd10	gamemisc	game_misc	_indirect_dispatch-target	role:dispatch-target	584
0054bf60	FUN_0054bf60	lib	_library	sqlite	lib-island	209
0054c040	FUN_0054c040	lib	_library	sqlite	lib-island	187
0054c100	FUN_0054c100	lib	_library	sqlite	lib-island	468
0054c2e0	FUN_0054c2e0	lib	_library	sqlite	lib-island	185
0054c3a0	FUN_0054c3a0	lib	_library	sqlite	lib-island	73
0054c3f0	FUN_0054c3f0	lib	_library	sqlite	lib-island	640
0054c670	FUN_0054c670	lib	_library	sqlite	lib-island	32
0054c690	FUN_0054c690	lib	_library	sqlite	lib-island	126
0054c710	FUN_0054c710	lib	_library	sqlite	lib-island	223
0054c7f0	FUN_0054c7f0	lib	_library	sqlite	lib-island	307
0054c930	FUN_0054c930	lib	_library	sqlite	lib-island	84
0054c990	FUN_0054c990	lib	_library	sqlite	lib-island	151
0054ca30	FUN_0054ca30	lib	_library	sqlite	lib-island	131
0054cac0	FUN_0054cac0	lib	_library	sqlite	lib-island	270
0054cbd0	FUN_0054cbd0	lib	_library	sqlite	lib-island	519
0054cde0	FUN_0054cde0	lib	_library	sqlite	lib-island	72
0054ce30	FUN_0054ce30	lib	_library	sqlite	lib-island	78
0054ce80	FUN_0054ce80	lib	_library	sqlite	lib-island	137
0054cf10	FUN_0054cf10	lib	_library	sqlite	lib-island	62
0054cf50	FUN_0054cf50	lib	_library	sqlite	lib-island	32
0054cf70	FUN_0054cf70	lib	_library	sqlite	lib-island	91
0054cfd0	FUN_0054cfd0	lib	_library	sqlite	lib-island	556
0054d210	FUN_0054d210	lib	_library	sqlite	lib-island	72
0054d260	FUN_0054d260	lib	_library	sqlite	lib-island	210
0054d340	FUN_0054d340	lib	_library	sqlite	lib-island	283
0054d460	FUN_0054d460	lib	_library	sqlite	lib-island	58
0054d4a0	FUN_0054d4a0	lib	_library	sqlite	lib-island	72
0054d4f0	FUN_0054d4f0	lib	_library	sqlite	lib-island	32
0054d510	FUN_0054d510	lib	_library	sqlite	lib-island	108
0054d580	FUN_0054d580	lib	_library	sqlite	lib-island	64
0054d5c0	FUN_0054d5c0	lib	_library	sqlite	lib-island	187
0054d680	FUN_0054d680	lib	_library	sqlite	lib-island	509
0054d880	FUN_0054d880	lib	_library	sqlite	lib-island	1117
0054dce0	FUN_0054dce0	lib	_library	sqlite	lib-island	106
0054dd50	FUN_0054dd50	lib	_library	sqlite	lib-island	62
0054dd90	FUN_0054dd90	lib	_library	sqlite	lib-island	89
0054ddf0	FUN_0054ddf0	lib	_library	sqlite	lib-island	45
0054de20	FUN_0054de20	lib	_library	sqlite	lib-island	81
0054de80	FUN_0054de80	gamemisc	game_misc	Unsorted_002	none	47
0054deb0	FUN_0054deb0	lib	_library	sqlite	lib-island	112
0054df20	FUN_0054df20	lib	_library	sqlite	lib-island	82
0054df80	FUN_0054df80	lib	_library	sqlite	lib-island	941
0054e330	FUN_0054e330	lib	_library	sqlite	lib-island	360
0054e4a0	FUN_0054e4a0	lib	_library	sqlite	lib-island	1602
0054eaf0	FUN_0054eaf0	lib	_library	sqlite	lib-island	454
0054ecc0	FUN_0054ecc0	gamemisc	game_misc	_indirect_callback	role:callback	140
0054ed50	FUN_0054ed50	lib	_library	sqlite	lib-island	594
0054efb0	FUN_0054efb0	lib	_library	sqlite	lib-island	170
0054f060	FUN_0054f060	lib	_library	sqlite	lib-island	113
0054f0e0	FUN_0054f0e0	lib	_library	sqlite	lib-island	108
0054f150	FUN_0054f150	lib	_library	sqlite	lib-island	113
0054f1d0	FUN_0054f1d0	lib	_library	sqlite	lib-island	144
0054f260	FUN_0054f260	lib	_library	sqlite	lib-island	49
0054f2a0	FUN_0054f2a0	lib	_library	sqlite	lib-island	217
0054f380	FUN_0054f380	lib	_library	sqlite	lib-island	77
0054f3d0	FUN_0054f3d0	lib	_library	sqlite	lib-island	475
0054f5b0	FUN_0054f5b0	lib	_library	sqlite	lib-island	67
0054f600	FUN_0054f600	lib	_library	sqlite	lib-island	218
0054f6e0	FUN_0054f6e0	lib	_library	sqlite	lib-island	146
0054f780	FUN_0054f780	lib	_library	sqlite	lib-island	33
0054f7b0	FUN_0054f7b0	lib	_library	sqlite	lib-island	266
0054f8c0	FUN_0054f8c0	lib	_library	sqlite	lib-string	85
0054f920	FUN_0054f920	lib	_library	sqlite	lib-island	278
0054fa40	FUN_0054fa40	lib	_library	sqlite	lib-string	471
0054fc20	FUN_0054fc20	gamemisc	game_misc	Unsorted_002	none	204
0054fcf0	FUN_0054fcf0	lib	_library	sqlite	lib-island	178
0054fdb0	FUN_0054fdb0	lib	_library	sqlite	lib-island	186
0054fe80	FUN_0054fe80	lib	_library	sqlite	lib-island	555
005500b0	FUN_005500b0	lib	_library	sqlite	lib-string	708
00550380	FUN_00550380	lib	_library	sqlite	lib-island	144
00550410	FUN_00550410	lib	_library	sqlite	lib-island	87
00550470	FUN_00550470	lib	_library	sqlite	lib-island	297
005505a0	FUN_005505a0	lib	_library	sqlite	lib-island	1120
00550a00	FUN_00550a00	lib	_library	sqlite	lib-island	155
00550aa0	FUN_00550aa0	lib	_library	sqlite	lib-island	181
00550b60	FUN_00550b60	lib	_library	sqlite	lib-island	359
00550cd0	FUN_00550cd0	lib	_library	sqlite	lib-island	184
00550d90	FUN_00550d90	lib	_library	sqlite	lib-string	91
00550df0	FUN_00550df0	lib	_library	sqlite	lib-island	56
00550e30	FUN_00550e30	lib	_library	sqlite	lib-island	854
00551190	FUN_00551190	lib	_library	sqlite	lib-island	33
005511c0	FUN_005511c0	lib	_library	sqlite	lib-island	167
00551270	FUN_00551270	lib	_library	sqlite	lib-string	837
005515c0	FUN_005515c0	lib	_library	sqlite	lib-island	461
00551790	FUN_00551790	lib	_library	sqlite	lib-string	2153
00552000	FUN_00552000	lib	_library	sqlite	lib-island	411
005521a0	FUN_005521a0	lib	_library	sqlite	lib-island	139
00552230	FUN_00552230	lib	_library	sqlite	lib-island	138
005522c0	FUN_005522c0	lib	_library	sqlite	lib-island	43
005522f0	FUN_005522f0	lib	_library	sqlite	lib-island	146
00552390	FUN_00552390	lib	_library	sqlite	lib-island	180
00552450	FUN_00552450	lib	_library	sqlite	lib-island	77
005524a0	FUN_005524a0	lib	_library	sqlite	lib-island	62
005524e0	FUN_005524e0	lib	_library	sqlite	lib-island	80
00552540	FUN_00552540	lib	_library	sqlite	lib-island	31
00552560	FUN_00552560	lib	_library	sqlite	lib-island	1084
005529a0	FUN_005529a0	lib	_library	sqlite	lib-island	375
00552b20	FUN_00552b20	lib	_library	sqlite	lib-island	184
00552be0	FUN_00552be0	lib	_library	sqlite	lib-island	107
00552ca0	FUN_00552ca0	lib	_library	sqlite	lib-string	493
00552e90	FUN_00552e90	lib	_library	sqlite	lib-string	578
005530e0	FUN_005530e0	lib	_library	sqlite	lib-island	376
00553260	FUN_00553260	lib	_library	sqlite	lib-string	548
00553490	FUN_00553490	lib	_library	sqlite	lib-string	972
00553860	FUN_00553860	lib	_library	sqlite	lib-string	48
00553890	FUN_00553890	lib	_library	sqlite	lib-island	186
00553950	FUN_00553950	lib	_library	sqlite	lib-island	183
00553a10	FUN_00553a10	lib	_library	sqlite	lib-island	29
00553a30	FUN_00553a30	lib	_library	sqlite	lib-island	67
00553a80	FUN_00553a80	lib	_library	sqlite	lib-island	96
00553ae0	FUN_00553ae0	lib	_library	sqlite	lib-island	56
00553b20	FUN_00553b20	lib	_library	sqlite	lib-island	133
00553bb0	FUN_00553bb0	lib	_library	sqlite	lib-island	254
00553cb0	FUN_00553cb0	lib	_library	sqlite	lib-island	101
00553d20	FUN_00553d20	lib	_library	sqlite	lib-island	65
00553d70	FUN_00553d70	lib	_library	sqlite	lib-island	199
00553e40	FUN_00553e40	lib	_library	sqlite	lib-island	655
005540d0	FUN_005540d0	lib	_library	sqlite	lib-island	95
00554130	FUN_00554130	lib	_library	sqlite	lib-island	526
00554340	FUN_00554340	lib	_library	sqlite	lib-island	155
005543e0	FUN_005543e0	lib	_library	sqlite	lib-island	80
00554430	FUN_00554430	lib	_library	sqlite	lib-island	90
00554490	FUN_00554490	lib	_library	sqlite	lib-island	306
005545d0	FUN_005545d0	lib	_library	sqlite	lib-island	92
00554630	FUN_00554630	lib	_library	sqlite	lib-island	122
005546b0	FUN_005546b0	lib	_library	sqlite	lib-island	170
00554760	FUN_00554760	lib	_library	sqlite	lib-island	166
00554810	FUN_00554810	lib	_library	sqlite	lib-island	165
005548c0	FUN_005548c0	lib	_library	sqlite	lib-island	918
00554c60	FUN_00554c60	lib	_library	sqlite	lib-island	63
00554ca0	FUN_00554ca0	lib	_library	sqlite	lib-island	371
00554e20	FUN_00554e20	lib	_library	sqlite	lib-string	3065
00555b10	FUN_00555b10	lib	_library	sqlite	lib-island	91
00555b70	FUN_00555b70	lib	_library	sqlite	lib-island	316
00555cb0	FUN_00555cb0	lib	_library	sqlite	lib-island	381
00555e30	FUN_00555e30	lib	_library	sqlite	lib-island	156
00555ed0	FUN_00555ed0	lib	_library	sqlite	lib-island	102
00555f40	FUN_00555f40	lib	_library	sqlite	lib-island	525
00556200	FUN_00556200	lib	_library	sqlite	lib-island	521
005564b0	FUN_005564b0	lib	_library	sqlite	lib-island	49
005564f0	FUN_005564f0	lib	_library	sqlite	lib-island	49
00556530	FUN_00556530	lib	_library	sqlite	lib-island	108
005565a0	FUN_005565a0	lib	_library	sqlite	lib-island	174
00556650	FUN_00556650	lib	_library	sqlite	lib-island	40
00556680	FUN_00556680	lib	_library	sqlite	lib-island	114
00556700	FUN_00556700	lib	_library	sqlite	lib-island	221
005567e0	FUN_005567e0	lib	_library	sqlite	lib-island	405
00556980	FUN_00556980	lib	_library	sqlite	lib-island	115
00556a00	FUN_00556a00	lib	_library	sqlite	lib-island	120
00556a80	FUN_00556a80	lib	_library	sqlite	lib-island	106
00556b40	FUN_00556b40	lib	_library	sqlite	lib-island	47
00556b70	FUN_00556b70	lib	_library	sqlite	lib-island	37
00556ba0	FUN_00556ba0	lib	_library	sqlite	lib-island	58
00556be0	FUN_00556be0	lib	_library	sqlite	lib-island	118
00556c60	FUN_00556c60	lib	_library	sqlite	lib-island	491
00556e50	FUN_00556e50	lib	_library	sqlite	lib-island	822
00557190	FUN_00557190	lib	_library	sqlite	lib-island	310
005572d0	FUN_005572d0	lib	_library	sqlite	lib-island	311
00557410	FUN_00557410	lib	_library	sqlite	lib-island	730
005576f0	FUN_005576f0	lib	_library	sqlite	lib-string	602
00557950	FUN_00557950	lib	_library	sqlite	lib-island	147
005579f0	FUN_005579f0	lib	_library	sqlite	lib-island	72
00557a40	FUN_00557a40	lib	_library	sqlite	lib-island	142
00557ad0	FUN_00557ad0	lib	_library	sqlite	lib-island	248
00557bd0	FUN_00557bd0	lib	_library	sqlite	lib-island	122
00557c50	FUN_00557c50	lib	_library	sqlite	lib-island	86
00557cc0	FUN_00557cc0	lib	_library	sqlite	lib-island	1253
005581b0	FUN_005581b0	lib	_library	sqlite	lib-island	317
005582f0	FUN_005582f0	lib	_library	sqlite	lib-string	230
005583e0	FUN_005583e0	lib	_library	sqlite	lib-island	310
00558520	FUN_00558520	lib	_library	sqlite	lib-island	94
00558580	FUN_00558580	lib	_library	sqlite	lib-island	529
005587a0	FUN_005587a0	lib	_library	sqlite	lib-island	113
00558820	FUN_00558820	gamemisc	game_misc	_helpers_wrapper	role:wrapper	104
00558890	FUN_00558890	lib	_library	sqlite	lib-island	4187
00559920	FUN_00559920	lib	_library	sqlite	lib-island	660
00559bc0	FUN_00559bc0	lib	_library	sqlite	lib-island	844
00559f10	FUN_00559f10	lib	_library	sqlite	lib-island	187
00559fd0	FUN_00559fd0	lib	_library	sqlite	lib-island	38
0055a000	FUN_0055a000	lib	_library	sqlite	lib-island	30
0055a020	FUN_0055a020	lib	_library	sqlite	lib-string	178
0055a0e0	FUN_0055a0e0	lib	_library	sqlite	lib-island	193
0055a1b0	FUN_0055a1b0	lib	_library	sqlite	lib-island	51
0055a1f0	FUN_0055a1f0	lib	_library	sqlite	lib-island	36
0055a220	FUN_0055a220	lib	_library	sqlite	lib-island	1481
0055a900	FUN_0055a900	lib	_library	sqlite	lib-island	29
0055a920	FUN_0055a920	lib	_library	sqlite	lib-island	450
0055aaf0	FUN_0055aaf0	lib	_library	sqlite	lib-island	137
0055ab80	FUN_0055ab80	lib	_library	sqlite	lib-island	54
0055abc0	FUN_0055abc0	lib	_library	sqlite	lib-island	169
0055ac70	FUN_0055ac70	lib	_library	sqlite	lib-island	214
0055ad50	FUN_0055ad50	lib	_library	sqlite	lib-island	65
0055ada0	FUN_0055ada0	lib	_library	sqlite	lib-island	272
0055aeb0	FUN_0055aeb0	lib	_library	sqlite	lib-island	142
0055af40	FUN_0055af40	lib	_library	sqlite	lib-island	117
0055afc0	FUN_0055afc0	lib	_library	sqlite	lib-island	191
0055b080	FUN_0055b080	lib	_library	sqlite	lib-island	221
0055b160	FUN_0055b160	lib	_library	sqlite	lib-island	127
0055b1e0	FUN_0055b1e0	lib	_library	sqlite	lib-island	54
0055b220	FUN_0055b220	lib	_library	sqlite	lib-island	116
0055b2a0	FUN_0055b2a0	lib	_library	sqlite	lib-island	287
0055b3c0	FUN_0055b3c0	lib	_library	sqlite	lib-string	155
0055b460	FUN_0055b460	lib	_library	sqlite	lib-island	217
0055b540	FUN_0055b540	lib	_library	sqlite	lib-string	527
0055b750	FUN_0055b750	lib	_library	sqlite	lib-string	1226
0055bc20	FUN_0055bc20	lib	_library	sqlite	lib-island	4386
0055cd50	FUN_0055cd50	gamemisc	game_misc	_indirect_callback	role:callback	220
0055ce30	FUN_0055ce30	lib	_library	sqlite	lib-island	135
0055cec0	FUN_0055cec0	lib	_library	sqlite	lib-island	57
0055cf00	FUN_0055cf00	lib	_library	sqlite	lib-island	142
0055cf90	FUN_0055cf90	lib	_library	sqlite	lib-island	126
0055d020	FUN_0055d020	lib	_library	sqlite	lib-island	337
0055d180	FUN_0055d180	lib	_library	sqlite	lib-island	767
0055d490	FUN_0055d490	lib	_library	sqlite	lib-string	540
0055d6b0	FUN_0055d6b0	lib	_library	sqlite	lib-island	113
0055d730	FUN_0055d730	lib	_library	sqlite	lib-string	150
0055d7d0	FUN_0055d7d0	lib	_library	sqlite	lib-island	83
0055d830	FUN_0055d830	lib	_library	sqlite	lib-island	187
0055d8f0	FUN_0055d8f0	lib	_library	sqlite	lib-island	138
0055d980	FUN_0055d980	lib	_library	sqlite	lib-island	117
0055da00	FUN_0055da00	lib	_library	sqlite	lib-island	101
0055da70	FUN_0055da70	lib	_library	sqlite	lib-island	118
0055daf0	FUN_0055daf0	lib	_library	sqlite	lib-island	293
0055dc20	compute_55dc20	gamemisc	game_misc	_helpers_computed	role:computed	10
0055dc30	operator_new[]	lib	_library	crt_stl	crt-name	40
0055dc60	FUN_0055dc60	lib	_library	sqlite	lib-island	354
0055ddd0	FUN_0055ddd0	lib	_library	sqlite	lib-island	574
0055e010	FUN_0055e010	lib	_library	sqlite	lib-island	41
0055e040	FUN_0055e040	gamemisc	game_misc	Unsorted_002	none	133
0055e0d0	FUN_0055e0d0	lib	_library	sqlite	lib-island	453
0055e2a0	FUN_0055e2a0	lib	_library	sqlite	lib-island	224
0055e380	FUN_0055e380	lib	_library	sqlite	lib-island	102
0055e3f0	FUN_0055e3f0	lib	_library	sqlite	lib-island	96
0055e450	FUN_0055e450	lib	_library	sqlite	lib-island	147
0055e4f0	FUN_0055e4f0	lib	_library	sqlite	lib-string	242
0055e5f0	FUN_0055e5f0	lib	_library	sqlite	lib-island	232
0055e6e0	FUN_0055e6e0	lib	_library	sqlite	lib-island	397
0055e870	FUN_0055e870	lib	_library	sqlite	lib-island	137
0055e900	FUN_0055e900	lib	_library	sqlite	lib-island	36
0055e930	FUN_0055e930	lib	_library	sqlite	lib-island	91
0055e990	FUN_0055e990	lib	_library	sqlite	lib-island	105
0055ea00	FUN_0055ea00	lib	_library	sqlite	lib-island	31
0055ea20	FUN_0055ea20	lib	_library	sqlite	lib-island	25
0055ea40	FUN_0055ea40	lib	_library	sqlite	lib-island	31
0055ea60	FUN_0055ea60	lib	_library	sqlite	lib-island	135
0055eaf0	FUN_0055eaf0	lib	_library	sqlite	lib-island	116
0055eb70	FUN_0055eb70	lib	_library	sqlite	lib-island	422
0055ed20	FUN_0055ed20	lib	_library	sqlite	lib-island	232
0055ee10	FUN_0055ee10	lib	_library	sqlite	lib-island	64
0055ee50	FUN_0055ee50	lib	_library	sqlite	lib-island	309
0055ef90	FUN_0055ef90	lib	_library	sqlite	lib-island	178
0055f050	FUN_0055f050	lib	_library	sqlite	lib-island	514
0055f260	FUN_0055f260	lib	_library	sqlite	lib-island	75
0055f2b0	FUN_0055f2b0	lib	_library	sqlite	lib-island	96
0055f310	FUN_0055f310	lib	_library	sqlite	lib-island	44
0055f340	FUN_0055f340	gamemisc	game_misc	Unsorted_002	none	77
0055f390	FUN_0055f390	lib	_library	sqlite	lib-island	435
0055f550	FUN_0055f550	lib	_library	sqlite	lib-island	1124
0055f9c0	FUN_0055f9c0	lib	_library	sqlite	lib-island	303
0055faf0	FUN_0055faf0	lib	_library	sqlite	lib-island	115
0055fb70	FUN_0055fb70	lib	_library	sqlite	lib-island	67
0055fbc0	FUN_0055fbc0	lib	_library	sqlite	lib-island	170
0055fc70	FUN_0055fc70	lib	_library	sqlite	lib-island	235
0055fd60	FUN_0055fd60	lib	_library	sqlite	lib-island	57
0055fda0	FUN_0055fda0	lib	_library	sqlite	lib-island	223
0055fe80	FUN_0055fe80	lib	_library	sqlite	lib-island	291
0055ffb0	FUN_0055ffb0	lib	_library	sqlite	lib-island	123
00560030	FUN_00560030	lib	_library	sqlite	lib-island	589
00560280	FUN_00560280	lib	_library	sqlite	lib-island	70
005602d0	FUN_005602d0	lib	_library	sqlite	lib-island	47
00560300	FUN_00560300	lib	_library	sqlite	lib-island	39
00560330	FUN_00560330	lib	_library	sqlite	lib-island	512
00560540	FUN_00560540	lib	_library	sqlite	lib-island	1437
00560af0	FUN_00560af0	lib	_library	sqlite	lib-island	310
00560c30	FUN_00560c30	lib	_library	sqlite	lib-island	63
00560c70	FUN_00560c70	lib	_library	sqlite	lib-island	95
00560cd0	FUN_00560cd0	lib	_library	sqlite	lib-island	378
00560e50	FUN_00560e50	lib	_library	sqlite	lib-island	60
00560e90	FUN_00560e90	lib	_library	sqlite	lib-island	366
00561000	FUN_00561000	lib	_library	sqlite	lib-island	79
00561050	FUN_00561050	lib	_library	sqlite	lib-island	74
005610a0	FUN_005610a0	lib	_library	sqlite	lib-island	101
00561110	FUN_00561110	lib	_library	sqlite	lib-island	27
00561130	FUN_00561130	lib	_library	sqlite	lib-island	119
005611b0	FUN_005611b0	lib	_library	sqlite	lib-island	170
00561270	FUN_00561270	lib	_library	sqlite	lib-island	7930
005631b0	FUN_005631b0	lib	_library	sqlite	lib-island	917
00563550	FUN_00563550	gamemisc	game_misc	Unsorted_002	none	256
00563650	FUN_00563650	lib	_library	sqlite	lib-island	37
00563680	FUN_00563680	lib	_library	sqlite	lib-island	253
00563780	FUN_00563780	lib	_library	sqlite	lib-island	55
005637c0	FUN_005637c0	lib	_library	sqlite	lib-island	49
00563800	FUN_00563800	lib	_library	sqlite	lib-island	325
00563950	FUN_00563950	lib	_library	sqlite	lib-island	670
00563bf0	FUN_00563bf0	lib	_library	sqlite	lib-island	140
00563c80	FUN_00563c80	lib	_library	sqlite	lib-island	149
00563d20	FUN_00563d20	lib	_library	sqlite	lib-island	240
00563e10	FUN_00563e10	lib	_library	sqlite	lib-island	356
00563f80	FUN_00563f80	lib	_library	sqlite	lib-island	42
00563fb0	FUN_00563fb0	lib	_library	sqlite	lib-island	68
00564000	FUN_00564000	lib	_library	sqlite	lib-island	88
00564060	FUN_00564060	lib	_library	sqlite	lib-island	50
005640a0	FUN_005640a0	lib	_library	sqlite	lib-island	215
00564180	FUN_00564180	lib	_library	sqlite	lib-island	172
00564230	FUN_00564230	lib	_library	sqlite	lib-island	51
00564270	FUN_00564270	lib	_library	sqlite	lib-island	205
00564340	FUN_00564340	lib	_library	sqlite	lib-island	217
00564420	FUN_00564420	lib	_library	sqlite	lib-string	91
00564480	FUN_00564480	lib	_library	sqlite	lib-island	85
005644e0	FUN_005644e0	lib	_library	sqlite	lib-island	173
00564590	FUN_00564590	lib	_library	sqlite	lib-island	151
00564630	FUN_00564630	lib	_library	sqlite	lib-island	91
00564690	FUN_00564690	lib	_library	sqlite	lib-island	353
00564800	FUN_00564800	lib	_library	sqlite	lib-island	938
00564bb0	FUN_00564bb0	lib	_library	sqlite	lib-string	858
00564f10	FUN_00564f10	lib	_library	sqlite	lib-island	113
00564f90	FUN_00564f90	lib	_library	sqlite	lib-island	136
00565020	FUN_00565020	lib	_library	sqlite	lib-island	287
00565140	FUN_00565140	lib	_library	sqlite	lib-island	284
00565260	FUN_00565260	lib	_library	sqlite	lib-island	54
005652a0	FUN_005652a0	lib	_library	sqlite	lib-island	297
005653d0	FUN_005653d0	lib	_library	sqlite	lib-island	280
005654f0	FUN_005654f0	lib	_library	sqlite	lib-island	6161
00566d10	FUN_00566d10	lib	_library	sqlite	lib-island	35
00566d40	FUN_00566d40	lib	_library	sqlite	lib-island	278
00566e60	FUN_00566e60	lib	_library	sqlite	lib-island	33
00566e90	FUN_00566e90	lib	_library	sqlite	lib-island	455
00567060	FUN_00567060	lib	_library	sqlite	lib-island	131
005670f0	FUN_005670f0	lib	_library	sqlite	lib-island	139
00567180	FUN_00567180	lib	_library	sqlite	lib-island	181
00567240	FUN_00567240	lib	_library	sqlite	lib-island	199
00567310	FUN_00567310	lib	_library	sqlite	lib-island	84
00567370	FUN_00567370	lib	_library	sqlite	lib-island	170
00567420	FUN_00567420	lib	_library	sqlite	lib-island	599
00567680	FUN_00567680	lib	_library	sqlite	lib-island	277
005677a0	FUN_005677a0	lib	_library	sqlite	lib-island	66
005677f0	FUN_005677f0	lib	_library	sqlite	lib-island	74
00567840	FUN_00567840	lib	_library	sqlite	lib-island	52
00567880	FUN_00567880	lib	_library	sqlite	lib-string	947
00567c40	FUN_00567c40	lib	_library	sqlite	lib-island	41
00567c70	FUN_00567c70	lib	_library	sqlite	lib-island	34
00567ca0	FUN_00567ca0	lib	_library	sqlite	lib-island	457
00567e70	FUN_00567e70	lib	_library	sqlite	lib-island	313
00567fb0	FUN_00567fb0	lib	_library	sqlite	lib-island	127
00568030	FUN_00568030	lib	_library	sqlite	lib-island	60
00568070	FUN_00568070	lib	_library	sqlite	lib-island	34
005680a0	FUN_005680a0	lib	_library	sqlite	lib-island	85
00568100	FUN_00568100	lib	_library	sqlite	lib-island	217
005681e0	FUN_005681e0	lib	_library	sqlite	lib-island	238
005682d0	FUN_005682d0	lib	_library	sqlite	lib-island	329
00568420	FUN_00568420	lib	_library	sqlite	lib-island	186
005684e0	FUN_005684e0	lib	_library	sqlite	lib-island	117
00568560	FUN_00568560	lib	_library	sqlite	lib-island	184
00568620	FUN_00568620	lib	_library	sqlite	lib-island	112
00568690	FUN_00568690	lib	_library	sqlite	lib-island	98
00568700	FUN_00568700	lib	_library	sqlite	lib-island	146
005687a0	FUN_005687a0	lib	_library	sqlite	lib-island	109
00568810	FUN_00568810	lib	_library	sqlite	lib-island	147
005688b0	FUN_005688b0	lib	_library	sqlite	lib-island	210
00568990	FUN_00568990	lib	_library	sqlite	lib-island	168
00568a40	FUN_00568a40	lib	_library	sqlite	lib-island	244
00568b40	FUN_00568b40	lib	_library	sqlite	lib-string	7341
0056a810	FUN_0056a810	gamemisc	game_misc	Unsorted_002	none	57
0056a850	FUN_0056a850	gamemisc	game_misc	Unsorted_002	none	145
0056a8f0	FUN_0056a8f0	lib	_library	sqlite	lib-island	77
0056a940	FUN_0056a940	gamemisc	game_misc	Unsorted_002	none	109
0056a9b0	FUN_0056a9b0	lib	_library	sqlite	lib-island	118
0056aa30	FUN_0056aa30	lib	_library	sqlite	lib-island	3513
0056b870	FUN_0056b870	lib	_library	sqlite	lib-island	147
0056b910	FUN_0056b910	lib	_library	sqlite	lib-island	76
0056b960	FUN_0056b960	lib	_library	sqlite	lib-island	801
0056bc90	FUN_0056bc90	lib	_library	sqlite	lib-island	67
0056bce0	FUN_0056bce0	lib	_library	sqlite	lib-island	169
0056bd90	FUN_0056bd90	lib	_library	sqlite	lib-island	38
0056bdc0	FUN_0056bdc0	lib	_library	sqlite	lib-island	97
0056be30	FUN_0056be30	lib	_library	sqlite	lib-island	96
0056be90	FUN_0056be90	lib	_library	sqlite	lib-island	95
0056bef0	FUN_0056bef0	lib	_library	sqlite	lib-island	94
0056bf50	FUN_0056bf50	lib	_library	sqlite	lib-island	108
0056bfc0	FUN_0056bfc0	lib	_library	sqlite	lib-island	171
0056c070	FUN_0056c070	lib	_library	sqlite	lib-island	168
0056c120	FUN_0056c120	lib	_library	sqlite	lib-island	241
0056c220	FUN_0056c220	lib	_library	sqlite	lib-island	102
0056c290	FUN_0056c290	lib	_library	sqlite	lib-island	39
0056c2c0	FUN_0056c2c0	lib	_library	sqlite	lib-island	29
0056c2e0	FUN_0056c2e0	lib	_library	sqlite	lib-island	29
0056c300	FUN_0056c300	lib	_library	sqlite	lib-island	29
0056c320	FUN_0056c320	lib	_library	sqlite	lib-island	359
0056c490	FUN_0056c490	lib	_library	sqlite	lib-island	28
0056c4b0	FUN_0056c4b0	lib	_library	sqlite	lib-island	67
0056c500	FUN_0056c500	lib	_library	sqlite	lib-string	94
0056c560	FUN_0056c560	lib	_library	sqlite	lib-island	327
0056c6b0	FUN_0056c6b0	lib	_library	sqlite	lib-island	250
0056c7b0	FUN_0056c7b0	lib	_library	sqlite	lib-island	91
0056c810	FUN_0056c810	lib	_library	sqlite	lib-island	152
0056c8b0	FUN_0056c8b0	lib	_library	sqlite	lib-island	82
0056c910	FUN_0056c910	lib	_library	sqlite	lib-island	77
0056c960	FUN_0056c960	lib	_library	sqlite	lib-island	87
0056c9c0	FUN_0056c9c0	lib	_library	sqlite	lib-string	25849
00573170	FUN_00573170	lib	_library	sqlite	lib-island	860
005734d0	FUN_005734d0	lib	_library	sqlite	lib-island	112
00573540	FUN_00573540	lib	_library	sqlite	lib-island	164
005735f0	FUN_005735f0	lib	_library	sqlite	lib-island	93
00573650	FUN_00573650	lib	_library	sqlite	lib-island	95
005736b0	FUN_005736b0	lib	_library	sqlite	lib-island	43
005736e0	FUN_005736e0	lib	_library	sqlite	lib-island	88
00573740	FUN_00573740	lib	_library	sqlite	lib-string	721
00573a20	FUN_00573a20	lib	_library	sqlite	lib-island	191
00573ae0	FUN_00573ae0	lib	_library	sqlite	lib-island	347
00573c40	FUN_00573c40	lib	_library	sqlite	lib-island	109
00573cb0	FUN_00573cb0	lib	_library	sqlite	lib-island	202
00573d80	FUN_00573d80	lib	_library	sqlite	lib-island	34
00573db0	FUN_00573db0	lib	_library	sqlite	lib-island	128
00573e30	FUN_00573e30	lib	_library	sqlite	lib-island	933
005741e0	FUN_005741e0	lib	_library	sqlite	lib-island	104
00574250	FUN_00574250	lib	_library	sqlite	lib-island	780
00574570	FUN_00574570	lib	_library	sqlite	lib-island	138
00574600	FUN_00574600	lib	_library	sqlite	lib-island	97
00574670	FUN_00574670	lib	_library	sqlite	lib-island	156
00574710	FUN_00574710	lib	_library	sqlite	lib-island	420
005748c0	FUN_005748c0	lib	_library	sqlite	lib-island	277
005749e0	FUN_005749e0	lib	_library	sqlite	lib-island	137
00574a70	FUN_00574a70	lib	_library	sqlite	lib-island	127
00574af0	FUN_00574af0	lib	_library	sqlite	lib-island	106
00574b60	FUN_00574b60	lib	_library	sqlite	lib-island	138
00574bf0	FUN_00574bf0	lib	_library	sqlite	lib-island	87
00574c50	FUN_00574c50	lib	_library	sqlite	lib-island	126
00574cd0	FUN_00574cd0	lib	_library	sqlite	lib-island	109
00574d40	FUN_00574d40	lib	_library	sqlite	lib-island	64
00574d80	FUN_00574d80	lib	_library	sqlite	lib-island	105
00574df0	FUN_00574df0	lib	_library	sqlite	lib-island	200
00574ec0	FUN_00574ec0	lib	_library	sqlite	lib-island	89
00574f20	FUN_00574f20	lib	_library	sqlite	lib-island	77
00574f70	FUN_00574f70	lib	_library	sqlite	lib-island	204
00575040	FUN_00575040	lib	_library	sqlite	lib-island	504
00575240	FUN_00575240	gamemisc	game_misc	Unsorted_002	none	91
005752a0	FUN_005752a0	lib	_library	sqlite	lib-island	109
00575310	FUN_00575310	lib	_library	sqlite	lib-island	53
00575350	FUN_00575350	lib	_library	sqlite	lib-island	160
005753f0	FUN_005753f0	lib	_library	sqlite	lib-island	43
00575420	FUN_00575420	lib	_library	sqlite	lib-island	1215
005758f0	FUN_005758f0	lib	_library	sqlite	lib-island	184
005759b0	FUN_005759b0	lib	_library	sqlite	lib-island	89
00575a10	FUN_00575a10	lib	_library	sqlite	lib-island	420
00575bc0	FUN_00575bc0	lib	_library	sqlite	lib-island	213
00575ca0	FUN_00575ca0	lib	_library	sqlite	lib-island	356
00575e10	FUN_00575e10	lib	_library	sqlite	lib-island	32
00575e30	FUN_00575e30	lib	_library	sqlite	lib-island	552
00576090	FUN_00576090	lib	_library	sqlite	lib-island	175
00576140	FUN_00576140	lib	_library	sqlite	lib-island	261
00576250	FUN_00576250	lib	_library	sqlite	lib-island	27
00576270	FUN_00576270	lib	_library	sqlite	lib-island	62
005762b0	FUN_005762b0	lib	_library	sqlite	lib-island	121
00576330	FUN_00576330	lib	_library	sqlite	lib-island	45
00576360	FUN_00576360	lib	_library	sqlite	lib-island	201
00576430	FUN_00576430	lib	_library	sqlite	lib-island	172
005764e0	FUN_005764e0	lib	_library	sqlite	lib-island	184
005765a0	FUN_005765a0	lib	_library	sqlite	lib-island	186
00576660	FUN_00576660	lib	_library	sqlite	lib-island	724
00576940	FUN_00576940	lib	_library	sqlite	lib-island	119
005769c0	FUN_005769c0	lib	_library	sqlite	lib-island	183
00576a80	FUN_00576a80	lib	_library	sqlite	lib-island	277
00576ba0	FUN_00576ba0	lib	_library	sqlite	lib-island	48
00576bd0	FUN_00576bd0	lib	_library	sqlite	lib-island	320
00576d10	FUN_00576d10	lib	_library	sqlite	lib-island	59
00576d50	FUN_00576d50	lib	_library	sqlite	lib-island	153
00576df0	FUN_00576df0	lib	_library	sqlite	lib-island	218
00576ed0	FUN_00576ed0	lib	_library	sqlite	lib-island	257
00576fe0	FUN_00576fe0	lib	_library	sqlite	lib-island	280
00577100	FUN_00577100	lib	_library	sqlite	lib-island	129
00577190	FUN_00577190	lib	_library	sqlite	lib-island	92
005771f0	FUN_005771f0	lib	_library	sqlite	lib-string	396
00577380	FUN_00577380	lib	_library	sqlite	lib-island	131
00577410	FUN_00577410	lib	_library	sqlite	lib-island	320
00577550	FUN_00577550	lib	_library	sqlite	lib-island	128
005775d0	FUN_005775d0	lib	_library	sqlite	lib-island	204
005776a0	FUN_005776a0	lib	_library	sqlite	lib-island	47
005776d0	FUN_005776d0	lib	_library	sqlite	lib-island	97
00577740	FUN_00577740	lib	_library	sqlite	lib-island	786
00577a60	FUN_00577a60	lib	_library	sqlite	lib-island	146
00577b00	FUN_00577b00	lib	_library	sqlite	lib-island	372
00577c80	FUN_00577c80	lib	_library	sqlite	lib-island	262
00577d90	FUN_00577d90	gamemisc	game_misc	_indirect_callback	role:callback	51
00577dd0	FUN_00577dd0	lib	_library	sqlite	lib-island	95
00577e30	FUN_00577e30	lib	_library	sqlite	lib-island	1208
005782f0	FUN_005782f0	lib	_library	sqlite	lib-island	266
00578400	FUN_00578400	lib	_library	sqlite	lib-island	411
005785a0	FUN_005785a0	lib	_library	sqlite	lib-island	212
00578680	FUN_00578680	lib	_library	sqlite	lib-island	133
00578710	FUN_00578710	lib	_library	sqlite	lib-island	72
00578760	FUN_00578760	lib	_library	sqlite	lib-island	161
00578810	FUN_00578810	lib	_library	sqlite	lib-island	138
005788a0	FUN_005788a0	lib	_library	sqlite	lib-island	3054
005794a0	FUN_005794a0	lib	_library	sqlite	lib-island	1502
00579a80	FUN_00579a80	lib	_library	sqlite	lib-island	25
00579aa0	FUN_00579aa0	lib	_library	sqlite	lib-island	651
00579d80	FUN_00579d80	lib	_library	sqlite	lib-island	129
00579e10	FUN_00579e10	lib	_library	sqlite	lib-string	357
00579f80	FUN_00579f80	lib	_library	sqlite	lib-island	548
0057a1b0	FUN_0057a1b0	gamemisc	game_misc	Unsorted_002	none	106
0057a220	FUN_0057a220	lib	_library	sqlite	lib-island	159
0057a2c0	FUN_0057a2c0	lib	_library	sqlite	lib-island	70
0057a310	FUN_0057a310	gamemisc	game_misc	Unsorted_002	none	162
0057a3c0	FUN_0057a3c0	gamemisc	game_misc	Unsorted_002	none	48
0057a3f0	FUN_0057a3f0	lib	_library	sqlite	lib-island	31
0057a410	FUN_0057a410	gamemisc	game_misc	_indirect_callback	role:callback	99
0057a480	FUN_0057a480	lib	_library	sqlite	lib-island	249
0057a580	FUN_0057a580	lib	_library	sqlite	lib-island	515
0057a790	FUN_0057a790	lib	_library	sqlite	lib-island	213
0057a870	FUN_0057a870	lib	_library	sqlite	lib-island	54
0057a8b0	FUN_0057a8b0	lib	_library	sqlite	lib-island	253
0057a9b0	FUN_0057a9b0	lib	_library	sqlite	lib-island	199
0057aa80	FUN_0057aa80	lib	_library	sqlite	lib-island	184
0057ab40	FUN_0057ab40	lib	_library	sqlite	lib-island	63
0057ab80	FUN_0057ab80	lib	_library	sqlite	lib-island	174
0057ac30	FUN_0057ac30	lib	_library	sqlite	lib-island	494
0057ae20	FUN_0057ae20	lib	_library	sqlite	lib-island	276
0057af50	FUN_0057af50	lib	_library	sqlite	lib-island	193
0057b020	FUN_0057b020	lib	_library	sqlite	lib-island	95
0057b080	FUN_0057b080	lib	_library	sqlite	lib-island	241
0057b180	FUN_0057b180	lib	_library	sqlite	lib-island	83
0057b1e0	FUN_0057b1e0	gamemisc	game_misc	Unsorted_002	none	129
0057b270	FUN_0057b270	gamemisc	game_misc	Unsorted_002	none	122
0057b2f0	FUN_0057b2f0	gamemisc	game_misc	Unsorted_002	none	189
0057b3b0	FUN_0057b3b0	lib	_library	sqlite	lib-island	1586
0057b9f0	FUN_0057b9f0	lib	_library	sqlite	lib-island	2095
0057c220	FUN_0057c220	gamemisc	game_misc	Unsorted_002	none	120
0057c2a0	FUN_0057c2a0	lib	_library	sqlite	lib-island	1797
0057c9c0	FUN_0057c9c0	lib	_library	sqlite	lib-island	186
0057ca80	FUN_0057ca80	lib	_library	sqlite	lib-island	158
0057cb20	FUN_0057cb20	lib	_library	sqlite	lib-island	268
0057cc30	FUN_0057cc30	lib	_library	sqlite	lib-island	126
0057ccb0	FUN_0057ccb0	lib	_library	sqlite	lib-island	347
0057ce10	FUN_0057ce10	lib	_library	sqlite	lib-island	185
0057ced0	FUN_0057ced0	lib	_library	sqlite	lib-island	294
0057d000	FUN_0057d000	lib	_library	sqlite	lib-island	158
0057d0a0	FUN_0057d0a0	lib	_library	sqlite	lib-island	103
0057d110	FUN_0057d110	lib	_library	sqlite	lib-island	145
0057d1b0	FUN_0057d1b0	lib	_library	sqlite	lib-island	211
0057d290	FUN_0057d290	lib	_library	sqlite	lib-island	349
0057d3f0	FUN_0057d3f0	lib	_library	sqlite	lib-island	68
0057d440	FUN_0057d440	lib	_library	sqlite	lib-string	227
0057d530	FUN_0057d530	lib	_library	sqlite	lib-island	759
0057d830	FUN_0057d830	lib	_library	sqlite	lib-island	73
0057d880	FUN_0057d880	lib	_library	sqlite	lib-island	78
0057d8d0	FUN_0057d8d0	lib	_library	sqlite	lib-island	851
0057dc30	FUN_0057dc30	lib	_library	sqlite	lib-island	185
0057dcf0	FUN_0057dcf0	lib	_library	sqlite	lib-island	165
0057dda0	FUN_0057dda0	lib	_library	sqlite	lib-island	263
0057deb0	FUN_0057deb0	lib	_library	sqlite	lib-island	189
0057df70	FUN_0057df70	lib	_library	sqlite	lib-island	235
0057e060	FUN_0057e060	lib	_library	sqlite	lib-island	219
0057e140	FUN_0057e140	lib	_library	sqlite	lib-island	275
0057e260	FUN_0057e260	lib	_library	sqlite	lib-island	319
0057e3a0	FUN_0057e3a0	lib	_library	sqlite	lib-island	872
0057e710	FUN_0057e710	lib	_library	sqlite	lib-island	496
0057e910	FUN_0057e910	lib	_library	sqlite	lib-island	215
0057e9f0	FUN_0057e9f0	lib	_library	sqlite	lib-island	397
0057eb80	FUN_0057eb80	lib	_library	sqlite	lib-island	155
0057ec20	FUN_0057ec20	lib	_library	sqlite	lib-island	122
0057eca0	FUN_0057eca0	lib	_library	sqlite	lib-island	214
0057ed80	FUN_0057ed80	lib	_library	sqlite	lib-island	534
0057efa0	FUN_0057efa0	lib	_library	sqlite	lib-island	388
0057f130	FUN_0057f130	lib	_library	sqlite	lib-island	711
0057f400	FUN_0057f400	lib	_library	sqlite	lib-island	35
0057f430	FUN_0057f430	lib	_library	sqlite	lib-island	171
0057f4e0	FUN_0057f4e0	lib	_library	sqlite	lib-island	120
0057f560	FUN_0057f560	lib	_library	sqlite	lib-island	250
0057f660	FUN_0057f660	lib	_library	sqlite	lib-island	108
0057f6d0	FUN_0057f6d0	lib	_library	sqlite	lib-island	158
0057f770	FUN_0057f770	lib	_library	sqlite	lib-island	74
0057f7c0	FUN_0057f7c0	lib	_library	sqlite	lib-island	191
0057f890	FUN_0057f890	gamemisc	game_misc	Unsorted_002	none	234
0057f980	FUN_0057f980	gamemisc	game_misc	Unsorted_002	none	201
0057fa50	FUN_0057fa50	gamemisc	game_misc	Unsorted_002	none	179
0057fb10	FUN_0057fb10	gamemisc	game_misc	_helpers_dtor-like	role:dtor-like	53
0057fb50	FUN_0057fb50	gamemisc	game_misc	Unsorted_002	none	796
0057fe70	FUN_0057fe70	gamemisc	game_misc	Unsorted_002	none	200
0057ff40	FUN_0057ff40	gamemisc	game_misc	Unsorted_002	none	198
00580010	FUN_00580010	lib	_library	sqlite	lib-island	61
00580050	FUN_00580050	lib	_library	sqlite	lib-island	526
00580270	FUN_00580270	lib	_library	sqlite	lib-island	422
00580420	FUN_00580420	lib	_library	sqlite	lib-island	46
00580450	FUN_00580450	lib	_library	sqlite	lib-island	158
005804f0	FUN_005804f0	lib	_library	sqlite	lib-island	1393
00580a70	FUN_00580a70	lib	_library	sqlite	lib-island	74
00580ac0	FUN_00580ac0	lib	_library	sqlite	lib-island	60
00580b00	FUN_00580b00	lib	_library	sqlite	lib-island	199
00580c40	FUN_00580c40	lib	_library	sqlite	lib-island	141
00580cd0	FUN_00580cd0	lib	_library	sqlite	lib-island	8156
005830c0	FUN_005830c0	lib	_library	sqlite	lib-island	206
00583190	FUN_00583190	lib	_library	sqlite	lib-island	210
00583270	FUN_00583270	gamemisc	control	Helpers	caller-vote	164
00583320	cube::StartMenuWidget::vfunction2_for_NamedObject	game	ui	StartMenuWidget	rtti	2054
00583b40	FUN_00583b40	gamemisc	control	Helpers	caller-vote	154
00583be0	cube::StatisticsWidget::vfunction2_for_NamedObject	game	ui	StatisticsWidget	rtti	15
00583bf0	FUN_00583bf0	gamemisc	control	_helpers_ctor-like	role:ctor-like	182
00583cb0	FUN_00583cb0	gamemisc	game_misc	_helpers_wrapper	role:wrapper	32
00583cd0	FUN_00583cd0	gamemisc	control	Helpers	caller-vote	159
00583d5b	Catch_All@00583d5b	lib	_library	eh_funclets	eh	42
00583da0	FUN_00583da0	gamemisc	engine	Helpers	caller-vote	181
00583e80	FUN_00583e80	gamemisc	engine	Helpers	caller-vote	228
00583f70	FUN_00583f70	gamemisc	control	Helpers	caller-vote	79
00583fc0	FUN_00583fc0	gamemisc	control	Helpers	caller-vote	79
00584010	FUN_00584010	gamemisc	control	Helpers	caller-vote	79
00584060	FUN_00584060	gamemisc	control	Helpers	caller-vote	79
005840b0	FUN_005840b0	gamemisc	control	Helpers	caller-vote	79
00584100	FUN_00584100	gamemisc	control	Helpers	caller-vote	79
00584150	FUN_00584150	gamemisc	control	Helpers	caller-vote	79
005841a0	FUN_005841a0	gamemisc	control	Helpers	caller-vote	79
005841f0	FUN_005841f0	gamemisc	control	Helpers	caller-vote	79
00584240	FUN_00584240	gamemisc	engine	Helpers	caller-vote	130
005842d0	FUN_005842d0	gamemisc	control	Helpers	caller-vote	41
00584300	FUN_00584300	gamemisc	control	Helpers	caller-vote	2888
00584eb0	FUN_00584eb0	gamemisc	control	Unsorted	logic:caller-vote	248
00584fb0	FUN_00584fb0	gamemisc	control	Unsorted	logic:caller-vote	1778
005856b0	FUN_005856b0	gamemisc	control	Unsorted	logic:caller-vote	166
00585760	FUN_00585760	gamemisc	engine	_helpers_dtor-like	role:dtor-like	103
005857d0	FUN_005857d0	gamemisc	engine	Unsorted	logic:caller-vote	107
00585840	FUN_00585840	gamemisc	control	_helpers_wrapper	role:wrapper	38
00585870	compute_585870	gamemisc	game_misc	_helpers_computed	role:computed	15
00585880	FUN_00585880	gamemisc	control	_helpers_wrapper	role:wrapper	61
005858c0	abstr::Method0<abstr::Machine,int>::vfunction1	game	engine	Method0	rtti	139
00585950	abstr::Method0<cube::System,std::basic_string<char,std::char_traits<char>,std::allocator<char>_>_>::vfunction1	game	engine	Method0	rtti	32
00585970	abstr::Method1<cube::System,int,int>::vfunction1	game	engine	Method1	rtti	18
00585990	abstr::Method1<cube::System,int,std::basic_string<char,std::char_traits<char>,std::allocator<char>_>_>::vfunction1	game	engine	Method1	rtti	18
005859b0	abstr::Method1<cube::System,std::basic_string<char,std::char_traits<char>,std::allocator<char>_>,int>::vfunction1	game	engine	Method1	rtti	32
005859d0	abstr::Method1<cube::System,std::basic_string<char,std::char_traits<char>,std::allocator<char>_>,std::basic_string<char,struct_std::char_traits<char>,class_std::allocator<char>_>_>::vfunction1	game	engine	Method1	rtti	32
005859f0	FUN_005859f0	gamemisc	engine	Helpers	caller-vote	183
00585ad0	abstr::Method1<cube::System,void,int>::vfunction1	game	engine	Method1	rtti	18
00585af0	FUN_00585af0	gamemisc	engine	Helpers	caller-vote	230
00585be0	abstr::Method1<cube::System,void,std::basic_string<char,std::char_traits<char>,std::allocator<char>_>_>::vfunction1	game	engine	Method1	rtti	18
00585c00	abstr::Method2<cube::System,int,int,int>::vfunction1	game	engine	Method2	rtti	137
00585c90	abstr::Method2<cube::System,int,std::basic_string<char,std::char_traits<char>,std::allocator<char>_>,std::basic_string<char,struct_std::char_traits<char>,class_std::allocator<char>_>_>::vfunction1	game	engine	Method2	rtti	137
00585d20	abstr::Method2<cube::System,std::basic_string<char,std::char_traits<char>,std::allocator<char>_>,std::basic_string<char,struct_std::char_traits<char>,class_std::allocator<char>_>,std::basic_string<char,struct_std::char_traits<char>,class_std::allocator<char>_>_>::vfunction1	game	engine	Method2	rtti	32
00585d40	abstr::Method2<cube::System,void,int,int>::vfunction1	game	engine	Method2	rtti	137
00585dd0	abstr::Method2<cube::System,void,std::basic_string<char,std::char_traits<char>,std::allocator<char>_>,std::basic_string<char,struct_std::char_traits<char>,class_std::allocator<char>_>_>::vfunction1	game	engine	Method2	rtti	137
00585e60	abstr::Method3<cube::System,void,int,int,int>::vfunction1	game	engine	Method3	rtti	137
00585ef0	FUN_00585ef0	gamemisc	engine	Helpers	caller-vote	160
00585fa0	FUN_00585fa0	gamemisc	engine	Helpers	caller-vote	205
00586090	FUN_00586090	gamemisc	engine	Helpers	caller-vote	281
005861b0	FUN_005861b0	gamemisc	engine	Helpers	caller-vote	105
00586250	FUN_00586250	gamemisc	engine	Helpers	caller-vote	230
00586340	FUN_00586340	gamemisc	engine	Helpers	caller-vote	360
005864c0	FUN_005864c0	gamemisc	engine	Helpers	caller-vote	226
005865b0	FUN_005865b0	gamemisc	engine	Helpers	caller-vote	146
005866a0	FUN_005866a0	gamemisc	control	_helpers_dtor-like	role:dtor-like	136
00586730	FUN_00586730	gamemisc	control	_helpers_dtor-like	role:dtor-like	52
00586780	FUN_00586780	gamemisc	control	_indirect_callback	role:callback	281
005868a0	FUN_005868a0	gamemisc	control	Unsorted	logic:caller-vote	214
00586980	FUN_00586980	gamemisc	control	_helpers_dtor-like	role:dtor-like	244
00586a80	FUN_00586a80	gamemisc	control	_helpers_dtor-like	role:dtor-like	259
00586b90	compute_586b90	gamemisc	game_misc	_helpers_computed	role:computed	21
00586bb0	get_0x1a0_586bb0	gamemisc	game_misc	_helpers_accessor	role:accessor	16
00586bc0	fwd_0068e8ca_586bc0	gamemisc	game_misc	_helpers_thunk	role:thunk	31
00586be0	compute_586be0	gamemisc	game_misc	_helpers_computed	role:computed	19
00586c00	fwd_external:0000005b_586c00	gamemisc	game_misc	_helpers_thunk	role:thunk	32
00586c20	fwd_external:0000005b_586c20	gamemisc	game_misc	_helpers_thunk	role:thunk	32
00586c40	fwd_external:0000005b_586c40	gamemisc	game_misc	_helpers_thunk	role:thunk	32
00586c60	fwd_external:0000005b_586c60	gamemisc	game_misc	_helpers_thunk	role:thunk	32
00586c80	fwd_external:0000005b_586c80	gamemisc	game_misc	_helpers_thunk	role:thunk	32
00586ca0	fwd_external:0000005b_586ca0	gamemisc	game_misc	_helpers_thunk	role:thunk	32
00586cd0	deref_get_586cd0	gamemisc	game_misc	_helpers_accessor	role:accessor	12
00586ce0	FUN_00586ce0	gamemisc	control	_indirect_callback	role:callback	139
00586d70	FUN_00586d70	gamemisc	control	_indirect_callback	role:callback	138
00586e00	FUN_00586e00	gamemisc	control	_indirect_callback	role:callback	529
00587020	FUN_00587020	gamemisc	control	_helpers_dtor-like	role:dtor-like	61
00587070	FUN_00587070	gamemisc	game_misc	_helpers_dtor-like	role:dtor-like	58
005870c0	FUN_005870c0	gamemisc	engine	Unsorted	logic:caller-vote	120
00587140	fwd_005870c0_587140	gamemisc	game_misc	_helpers_thunk	role:thunk	18
00587160	mutator_587160	gamemisc	game_misc	_helpers_mutator	role:mutator	21
00587180	FUN_00587180	gamemisc	control	_helpers_dtor-like	role:dtor-like	95
005871f0	FUN_005871f0	gamemisc	control	_helpers_dtor-like	role:dtor-like	148
00587290	FUN_00587290	gamemisc	control	_helpers_dtor-like	role:dtor-like	178
00587350	FUN_00587350	gamemisc	control	_helpers_dtor-like	role:dtor-like	254
00587460	FUN_00587460	gamemisc	control	_indirect_callback	role:callback	509
00587660	FUN_00587660	gamemisc	control	Helpers	caller-vote	164
00587710	cube::SystemWidget::vfunction2_for_NamedObject	game	ui	SystemWidget	rtti	2054
00587f30	FUN_00587f30	gamemisc	control	Helpers	caller-vote	49
00587f70	FUN_00587f70	gamemisc	control	Helpers	caller-vote	571
005881b0	cube::VoxelWidget::vfunction1_for_NamedObject	game	ui	VoxelWidget	rtti	121
00588250	FUN_00588250	gamemisc	control	Helpers	caller-vote	678
00588500	cube::VoxelWidget::deleting_destructor_for_NamedObject	game	ui	VoxelWidget	rtti	16128
0058c440	FUN_0058c440	gamemisc	engine	Unsorted	logic:caller-vote	2525
0058ce20	FUN_0058ce20	gamemisc	control	Helpers	caller-vote	18
0058ce40	FUN_0058ce40	gamemisc	control	Helpers	caller-vote	25
0058ce60	FUN_0058ce60	gamemisc	ai	Helpers	caller-vote	71
0058ceb0	FUN_0058ceb0	gamemisc	ai	Helpers	caller-vote	157
0058cf4d	Catch_All@0058cf4d	lib	_library	eh_funclets	eh	17
0058cf60	cube::WalkPathBehavior::WalkPathBehavior	game	ai	WalkPathBehavior	rtti	55
0058cfa0	cube::WalkPathBehavior::WalkPathBehavior	game	ai	WalkPathBehavior	rtti	53
0058cfe0	FUN_0058cfe0	gamemisc	ai	Helpers	caller-vote	102
0058d050	cube::WalkPathBehavior::vfunction1	game	ai	WalkPathBehavior	rtti	1464
0058d630	cube::WalkPathBehavior::vfunction2	game	ai	WalkPathBehavior	rtti	140
0058d6c0	FUN_0058d6c0	gamemisc	ui	Helpers	caller-vote	38
0058d6f0	FUN_0058d6f0	gamemisc	world	Helpers	caller-vote	24
0058d710	FUN_0058d710	gamemisc	game_misc	Unsorted_002	none	22
0058d730	FUN_0058d730	gamemisc	game_misc	Unsorted_002	none	99
0058d7a0	FUN_0058d7a0	gamemisc	control	_helpers_ctor-like	role:ctor-like	182
0058d860	FUN_0058d860	gamemisc	control	_helpers_wrapper	role:wrapper	70
0058d8b0	FUN_0058d8b0	gamemisc	world	Helpers	caller-vote	58
0058d8f0	FUN_0058d8f0	gamemisc	control	_helpers_wrapper	role:wrapper	52
0058d930	FUN_0058d930	gamemisc	world	Helpers	caller-vote	58
0058d970	FUN_0058d970	gamemisc	world	Helpers	caller-vote	77
0058d9f0	FUN_0058d9f0	gamemisc	world	Helpers	caller-vote	542
0058dc20	FUN_0058dc20	gamemisc	control	Unsorted	logic:caller-vote	542
0058de50	FUN_0058de50	gamemisc	world	Helpers	caller-vote	542
0058e080	FUN_0058e080	gamemisc	world	Helpers	caller-vote	565
0058e27f	Catch_All@0058e27f	lib	_library	eh_funclets	eh	20
0058e2d0	FUN_0058e2d0	gamemisc	world	Helpers	caller-vote	468
0058e4a4	Catch_All@0058e4a4	lib	_library	eh_funclets	eh	20
0058e4c0	FUN_0058e4c0	gamemisc	world	Helpers	caller-vote	325
0058e628	Catch_All@0058e628	lib	_library	eh_funclets	eh	20
0058e640	FUN_0058e640	gamemisc	world	Helpers	caller-vote	330
0058e7ad	Catch_All@0058e7ad	lib	_library	eh_funclets	eh	20
0058e7d0	FUN_0058e7d0	gamemisc	game_misc	Unsorted_002	none	254
0058e8af	Catch_All@0058e8af	lib	_library	eh_funclets	eh	9
0058e8e0	FUN_0058e8e0	gamemisc	world	Helpers	caller-vote	128
0058e94c	Catch_All@0058e94c	lib	_library	eh_funclets	eh	38
0058e990	FUN_0058e990	gamemisc	game_misc	_helpers_wrapper	role:wrapper	43
0058e9e0	identity_58e9e0	gamemisc	game_misc	_helpers_identity	role:identity	8
0058e9f0	FUN_0058e9f0	gamemisc	world	Helpers	caller-vote	31
0058ea10	FUN_0058ea10	gamemisc	world	Helpers	caller-vote	133
0058eaa0	FUN_0058eaa0	gamemisc	world	Helpers	caller-vote	87
0058eb00	cube::World::World	game	world	World	rtti	21203
00593df0	FUN_00593df0	gamemisc	game_misc	_helpers_wrapper	role:wrapper	28
00593e20	FUN_00593e20	gamemisc	control	Helpers	caller-vote	39
00593e50	FUN_00593e50	gamemisc	game_misc	_helpers_wrapper	role:wrapper	37
00593e80	FUN_00593e80	gamemisc	world	Helpers	caller-vote	45
00593ed0	cube::World::~World	game	world	World	rtti	492
005943b0	FUN_005943b0	gamemisc	world	Helpers	caller-vote	251
005944c0	FUN_005944c0	gamemisc	world	Helpers	caller-vote	223
005945b0	compute_5945b0	gamemisc	game_misc	_helpers_computed	role:computed	18
005945d0	FUN_005945d0	gamemisc	world	Helpers	caller-vote	41
00594600	FUN_00594600	gamemisc	world	Helpers	caller-vote	23
00594620	FUN_00594620	gamemisc	control	Helpers	caller-vote	54
00594660	FUN_00594660	gamemisc	game_misc	Unsorted_002	none	34
00594690	FUN_00594690	gamemisc	game_misc	Unsorted_002	none	34
005946c0	cube::World::deleting_destructor	game	world	World	rtti	30
005946f0	FUN_005946f0	gamemisc	world	Helpers	caller-vote	47
00594720	FUN_00594720	gamemisc	world	Helpers	caller-vote	55
00594760	FUN_00594760	gamemisc	game_misc	_helpers_wrapper	role:wrapper	47
005947a0	FUN_005947a0	gamemisc	game_misc	_helpers_wrapper	role:wrapper	47
005947e0	FUN_005947e0	gamemisc	game_misc	_helpers_dtor-like	role:dtor-like	78
00594840	FUN_00594840	gamemisc	control	Helpers	caller-vote	75
00594890	FUN_00594890	gamemisc	game_misc	Unsorted_002	none	63
005948d0	FUN_005948d0	gamemisc	control	Helpers	caller-vote	219
005949ae	Catch_All@005949ae	lib	_library	eh_funclets	eh	8
005949d0	FUN_005949d0	gamemisc	world	Helpers	caller-vote	225
00594ab7	Catch_All@00594ab7	lib	_library	eh_funclets	eh	8
00594ad0	FUN_00594ad0	gamemisc	control	Helpers	caller-vote	111
00594b40	FUN_00594b40	gamemisc	world	Helpers	caller-vote	162
00594bf0	FUN_00594bf0	gamemisc	control	Helpers	caller-vote	144
00594c80	FUN_00594c80	gamemisc	game_misc	Unsorted_002	none	876
00595010	FUN_00595010	gamemisc	game_misc	Unsorted_002	none	882
005953a0	FUN_005953a0	gamemisc	game_misc	Unsorted_002	none	1012
005957c0	FUN_005957c0	gamemisc	ai	Helpers	caller-vote	139
00595850	FUN_00595850	gamemisc	game_misc	_artifacts	role:artifact	145
00595a60	FUN_00595a60	gamemisc	control	Helpers	caller-vote	4586
00596ca0	FUN_00596ca0	gamemisc	control	Unsorted	logic:caller-vote	141
00596d30	FUN_00596d30	gamemisc	control	Helpers	caller-vote	6562
00598840	FUN_00598840	gamemisc	game_misc	Unsorted_002	none	82
005988a0	FUN_005988a0	gamemisc	control	Helpers	caller-vote	143
00598930	VoxelChunk_cellAt	gamemisc	world	Proven	ledger	156
005989d0	Terrain_sampleHeightAtWorldXY	gamemisc	world	Proven	ledger	116
00598a50	std::basic_stringstream<wchar_t,std::char_traits<wchar_t>,std::allocator<wchar_t>_>::basic_stringstream<wchar_t,std::char_traits<wchar_t>,std::allocator<wchar_t>_>_Constructor_or_Destructor	lib	_library	stl	stl-ns	5340
0059a0e0	FUN_0059a0e0	gamemisc	world	Unsorted	logic:caller-vote	1805
0059a800	FUN_0059a800	gamemisc	control	Helpers	caller-vote	431
0059a9b0	FUN_0059a9b0	gamemisc	world	Unsorted	logic:caller-vote	166
0059aa60	FUN_0059aa60	gamemisc	control	Helpers	caller-vote	144
0059aaf0	FUN_0059aaf0	gamemisc	world	Helpers	caller-vote	167
0059aba0	FUN_0059aba0	gamemisc	world	Helpers	caller-vote	762
0059aeb0	FUN_0059aeb0	gamemisc	world	Helpers	caller-vote	715
0059b180	Creature_spawnDeathEffects	gamemisc	world	Proven	ledger	4679
0059c480	fwd_external:00000018_59c480	gamemisc	game_misc	_helpers_thunk	role:thunk	14
0059c490	FUN_0059c490	gamemisc	game_misc	Unsorted_002	none	189
0059c550	FUN_0059c550	gamemisc	game_misc	Unsorted_002	none	647
0059c800	FUN_0059c800	gamemisc	control	Helpers	caller-vote	50
0059c840	FUN_0059c840	gamemisc	world	Helpers	caller-vote	69
0059c890	FUN_0059c890	gamemisc	world	Helpers	caller-vote	842
0059cbf0	FUN_0059cbf0	gamemisc	world	Helpers	caller-vote	1013
0059cff0	FUN_0059cff0	gamemisc	control	Helpers	caller-vote	1395
0059d640	FUN_0059d640	gamemisc	control	Helpers	caller-vote	5865
0059ed30	FUN_0059ed30	gamemisc	ai	Helpers	caller-vote	345
0059ee90	FUN_0059ee90	gamemisc	control	Unsorted	logic:caller-vote	472
0059f070	FUN_0059f070	gamemisc	control	Helpers	caller-vote	47
0059f0a0	FUN_0059f0a0	gamemisc	ai	Helpers	caller-vote	1952
0059f850	FUN_0059f850	gamemisc	control	Helpers	caller-vote	806
0059fb90	FUN_0059fb90	gamemisc	control	Helpers	caller-vote	81
0059fbf0	FUN_0059fbf0	gamemisc	game_misc	Unsorted_002	none	156
0059fc90	FUN_0059fc90	gamemisc	world	Helpers	caller-vote	476
0059fe70	FUN_0059fe70	gamemisc	ui	Helpers	caller-vote	40
0059fea0	FUN_0059fea0	gamemisc	control	Helpers	caller-vote	166
0059ff50	FUN_0059ff50	gamemisc	world	Helpers	caller-vote	4
0059ff60	FUN_0059ff60	gamemisc	game_misc	Unsorted_002	none	639
005a02d0	FUN_005a02d0	gamemisc	game_misc	Unsorted_002	none	251
005a03d0	FUN_005a03d0	gamemisc	control	Helpers	caller-vote	1244
005a0910	FUN_005a0910	gamemisc	control	Helpers	caller-vote	81
005a0970	FUN_005a0970	gamemisc	game_misc	Unsorted_002	none	617
005a0bf0	FUN_005a0bf0	gamemisc	control	Helpers	caller-vote	395
005a0d80	FUN_005a0d80	gamemisc	control	Helpers	caller-vote	124
005a0e00	FUN_005a0e00	gamemisc	world	Helpers	caller-vote	180
005a0ed0	FUN_005a0ed0	gamemisc	control	Unsorted	logic:caller-vote	9823
005a35d0	FUN_005a35d0	gamemisc	control	Helpers	caller-vote	4391
005a4710	FUN_005a4710	gamemisc	world	Helpers	caller-vote	112
005a4780	FUN_005a4780	gamemisc	world	Helpers	caller-vote	120
005a4800	FUN_005a4800	gamemisc	world	Helpers	caller-vote	131
005a4890	FUN_005a4890	gamemisc	world	Helpers	caller-vote	230
005a4980	FUN_005a4980	gamemisc	game_misc	_artifacts	role:artifact	334
005a4af0	FUN_005a4af0	gamemisc	world	Helpers	caller-vote	1303
005a5050	FUN_005a5050	gamemisc	world	Helpers	caller-vote	467
005a5240	FUN_005a5240	gamemisc	game_misc	Unsorted_002	none	156
005a52e0	FUN_005a52e0	gamemisc	world	Unsorted	logic:caller-vote	1481
005a58e0	FUN_005a58e0	gamemisc	control	Helpers	caller-vote	294
005a5a10	FUN_005a5a10	gamemisc	world	Helpers	caller-vote	25
005a5a30	FUN_005a5a30	gamemisc	world	Helpers	caller-vote	25
005a5a50	FUN_005a5a50	gamemisc	world	Helpers	caller-vote	4
005a5a60	FUN_005a5a60	gamemisc	control	Helpers	caller-vote	144
005a5af0	FUN_005a5af0	gamemisc	game_misc	_artifacts	role:artifact	29
005a5b10	FUN_005a5b10	gamemisc	world	Helpers	caller-vote	39
005a5b40	FUN_005a5b40	gamemisc	world	Helpers	caller-vote	115
005a5bc0	FUN_005a5bc0	gamemisc	world	Helpers	caller-vote	235
005a5cb0	FUN_005a5cb0	gamemisc	control	Helpers	caller-vote	652
005a5f60	FUN_005a5f60	gamemisc	game_misc	_artifacts	role:artifact	770
005a6270	FUN_005a6270	gamemisc	control	Helpers	caller-vote	571
005a64b0	FUN_005a64b0	gamemisc	ui	Helpers	caller-vote	156
005a6550	FUN_005a6550	gamemisc	ui	Helpers	caller-vote	1195
005a6a00	FUN_005a6a00	gamemisc	game_misc	Unsorted_002	none	104
005a6a70	FUN_005a6a70	gamemisc	control	Unsorted	logic:caller-vote	63
005a6ab0	FUN_005a6ab0	gamemisc	control	Helpers	caller-vote	152
005a6b48	Catch_All@005a6b48	lib	_library	eh_funclets	eh	8
005a6b60	FUN_005a6b60	gamemisc	world	Helpers	caller-vote	50
005a6ba0	FUN_005a6ba0	gamemisc	game_misc	_helpers_wrapper	role:wrapper	113
005a6c11	Catch_All@005a6c11	lib	_library	eh_funclets	eh	8
005a6c30	FUN_005a6c30	gamemisc	game_misc	_helpers_wrapper	role:wrapper	41
005a6c60	FUN_005a6c60	gamemisc	control	Helpers	caller-vote	116
005a6ce0	FUN_005a6ce0	gamemisc	control	Helpers	caller-vote	159
005a6d7f	Catch_All@005a6d7f	lib	_library	eh_funclets	eh	20
005a6da0	FUN_005a6da0	gamemisc	control	Helpers	caller-vote	159
005a6e3f	Catch_All@005a6e3f	lib	_library	eh_funclets	eh	20
005a6e60	FUN_005a6e60	gamemisc	control	Unsorted	logic:caller-vote	521
005a7090	FUN_005a7090	gamemisc	ai	Unsorted	logic:caller-vote	511
005a7290	FUN_005a7290	gamemisc	control	Helpers	caller-vote	627
005a74cc	Catch_All@005a74cc	lib	_library	eh_funclets	eh	20
005a7520	FUN_005a7520	gamemisc	control	Helpers	caller-vote	391
005a7691	Catch_All@005a7691	lib	_library	eh_funclets	eh	20
005a7700	FUN_005a7700	gamemisc	ai	Helpers	caller-vote	400
005a7876	Catch_All@005a7876	lib	_library	eh_funclets	eh	9
005a78a0	FUN_005a78a0	gamemisc	ai	Helpers	caller-vote	89
005a7900	FUN_005a7900	gamemisc	control	Helpers	caller-vote	138
005a7990	FUN_005a7990	gamemisc	game_misc	Unsorted_002	none	143
005a7a1f	Catch_All@005a7a1f	lib	_library	eh_funclets	eh	17
005a7a40	FUN_005a7a40	gamemisc	ai	Unsorted	logic:caller-vote	46
005a7a70	FUN_005a7a70	gamemisc	game_misc	_helpers_dtor-like	role:dtor-like	212
005a7b50	FUN_005a7b50	gamemisc	control	Helpers	caller-vote	57
005a7b90	FUN_005a7b90	gamemisc	control	Helpers	caller-vote	55
005a7bd0	FUN_005a7bd0	gamemisc	game_misc	_helpers_wrapper	role:wrapper	26
005a7c10	FUN_005a7c10	gamemisc	ai	Helpers	caller-vote	126
005a7c90	FUN_005a7c90	gamemisc	game_misc	Unsorted_002	none	445
005a7e60	FUN_005a7e60	gamemisc	control	Helpers	caller-vote	76
005a7eb0	FUN_005a7eb0	gamemisc	control	Helpers	caller-vote	7409
005a9ca0	FUN_005a9ca0	gamemisc	ai	_helpers_dtor-like	role:dtor-like	133
005a9d40	FUN_005a9d40	gamemisc	ai	Unsorted	logic:caller-vote	89
005a9da0	FUN_005a9da0	gamemisc	game_misc	_helpers_dtor-like	role:dtor-like	143
005a9e50	FUN_005a9e50	gamemisc	ai	Unsorted	logic:caller-vote	304
005a9f90	FUN_005a9f90	gamemisc	ai	Unsorted	logic:caller-vote	2834
005aaab0	FUN_005aaab0	gamemisc	ai	Unsorted	logic:caller-vote	10330
005ad320	FUN_005ad320	gamemisc	world	Helpers	caller-vote	1983
005adb20	cube::Spawn::Spawn	game	world	Spawn	rtti	380
005adca0	cube::Spawn::~Spawn	game	world	Spawn	rtti	124
005addb0	cube::Spawn::deleting_destructor	game	world	Spawn	rtti	30
005adde0	FUN_005adde0	gamemisc	world	Helpers	caller-vote	39
005ade10	FUN_005ade10	gamemisc	world	Unsorted	logic:caller-vote	78
005ade60	FUN_005ade60	gamemisc	world	Helpers	caller-vote	202
005adf30	Catch_All@005adf30	lib	_library	eh_funclets	eh	8
005adf50	FUN_005adf50	gamemisc	world	Helpers	caller-vote	162
005ae000	FUN_005ae000	gamemisc	world	Helpers	caller-vote	58
005ae040	FUN_005ae040	gamemisc	world	Helpers	caller-vote	141
005ae0d0	FUN_005ae0d0	gamemisc	world	Helpers	caller-vote	57
005ae140	FUN_005ae140	gamemisc	world	Helpers	caller-vote	256
005ae240	FUN_005ae240	gamemisc	world	Helpers	caller-vote	206
005ae310	FUN_005ae310	gamemisc	world	Helpers	caller-vote	168
005ae3c0	FUN_005ae3c0	gamemisc	world	Helpers	caller-vote	159
005ae460	FUN_005ae460	gamemisc	world	Helpers	caller-vote	64
005ae4a0	FUN_005ae4a0	gamemisc	world	Helpers	caller-vote	158
005ae540	FUN_005ae540	gamemisc	world	Helpers	caller-vote	232
005ae630	FUN_005ae630	gamemisc	world	Helpers	caller-vote	82
005ae690	FUN_005ae690	gamemisc	world	Helpers	caller-vote	532
005ae8c0	FUN_005ae8c0	gamemisc	world	Helpers	caller-vote	53
005ae900	FUN_005ae900	gamemisc	world	Helpers	caller-vote	72
005ae950	FUN_005ae950	gamemisc	world	Unsorted	logic:caller-vote	68
005ae9a0	FUN_005ae9a0	gamemisc	control	Helpers	caller-vote	80
005ae9f0	FUN_005ae9f0	gamemisc	game_misc	_helpers_dtor-like	role:dtor-like	37
005aea50	FUN_005aea50	gamemisc	world	Helpers	caller-vote	32
005aea70	FUN_005aea70	gamemisc	entity	Unsorted	logic:caller-vote	23
005aea90	FUN_005aea90	gamemisc	world	Helpers	caller-vote	156
005aeb2c	Catch_All@005aeb2c	lib	_library	eh_funclets	eh	17
005aeb40	cube::House::House	game	world	House	rtti	329
005aec90	FUN_005aec90	gamemisc	world	Helpers	caller-vote	52
005aecd0	FUN_005aecd0	gamemisc	world	Helpers	caller-vote	43
005aed20	cube::House::~House	game	world	House	rtti	87
005aedf0	FUN_005aedf0	gamemisc	world	Helpers	caller-vote	24
005aee10	cube::House::deleting_destructor	game	world	House	rtti	30
005aee40	FUN_005aee40	gamemisc	world	Helpers	caller-vote	75
005aee90	FUN_005aee90	gamemisc	world	Helpers	caller-vote	222
005aef74	Catch_All@005aef74	lib	_library	eh_funclets	eh	8
005aef90	FUN_005aef90	gamemisc	world	Helpers	caller-vote	185
005af04c	Catch_All@005af04c	lib	_library	eh_funclets	eh	8
005af070	FUN_005af070	gamemisc	world	Helpers	caller-vote	111
005af0e0	FUN_005af0e0	gamemisc	world	Helpers	caller-vote	115
005af160	FUN_005af160	gamemisc	world	Helpers	caller-vote	7
005af170	Chunk_generateObjects	gamemisc	world	Proven	ledger	61916
005bf470	FUN_005bf470	gamemisc	world	Helpers	caller-vote	117
005bf4f0	FUN_005bf4f0	gamemisc	world	Helpers	caller-vote	180
005bf5b0	FUN_005bf5b0	gamemisc	world	Helpers	caller-vote	498
005bf7c0	FUN_005bf7c0	gamemisc	world	Helpers	caller-vote	1356
005bfd70	FUN_005bfd70	gamemisc	world	Helpers	caller-vote	397
005bff10	FUN_005bff10	gamemisc	world	Helpers	caller-vote	186
005bffd0	FUN_005bffd0	gamemisc	world	Helpers	caller-vote	275
005c00e3	Catch_All@005c00e3	lib	_library	eh_funclets	eh	17
005c0100	compute_5c0100	gamemisc	game_misc	_helpers_computed	role:computed	23
005c0120	FUN_005c0120	gamemisc	world	Helpers	caller-vote	45
005c0150	FUN_005c0150	gamemisc	world	Helpers	caller-vote	31
005c0170	FUN_005c0170	gamemisc	world	Helpers	caller-vote	147
005c0210	FUN_005c0210	gamemisc	world	Helpers	caller-vote	149
005c02b0	FUN_005c02b0	gamemisc	world	Helpers	caller-vote	147
005c0350	FUN_005c0350	gamemisc	control	Unsorted	logic:caller-vote	148
005c03f0	FUN_005c03f0	gamemisc	world	Helpers	caller-vote	39
005c0420	FUN_005c0420	gamemisc	control	Helpers	caller-vote	504
005c0630	FUN_005c0630	gamemisc	control	Helpers	caller-vote	565
005c082f	Catch_All@005c082f	lib	_library	eh_funclets	eh	8
005c0880	FUN_005c0880	gamemisc	world	Helpers	caller-vote	622
005c0ab5	Catch_All@005c0ab5	lib	_library	eh_funclets	eh	8
005c0b10	FUN_005c0b10	gamemisc	control	Helpers	caller-vote	286
005c0c4e	Catch_All@005c0c4e	lib	_library	eh_funclets	eh	8
005c0c70	FUN_005c0c70	gamemisc	world	Helpers	caller-vote	350
005c0dee	Catch_All@005c0dee	lib	_library	eh_funclets	eh	8
005c0e10	FUN_005c0e10	gamemisc	world	Helpers	caller-vote	217
005c0ef0	FUN_005c0ef0	gamemisc	world	Helpers	caller-vote	144
005c0f80	FUN_005c0f80	gamemisc	world	Helpers	caller-vote	211
005c1060	FUN_005c1060	gamemisc	control	Unsorted	logic:caller-vote	154
005c1100	FUN_005c1100	gamemisc	world	Helpers	caller-vote	345
005c1260	FUN_005c1260	gamemisc	world	Helpers	caller-vote	273
005c1380	FUN_005c1380	gamemisc	world	Helpers	caller-vote	345
005c14e0	FUN_005c14e0	gamemisc	control	Unsorted	logic:caller-vote	279
005c1600	FUN_005c1600	gamemisc	world	Helpers	caller-vote	143
005c1690	FUN_005c1690	gamemisc	control	Unsorted	logic:caller-vote	141
005c1720	FUN_005c1720	gamemisc	world	Helpers	caller-vote	899
005c1ab0	FUN_005c1ab0	gamemisc	world	Helpers	caller-vote	167
005c1b60	FUN_005c1b60	gamemisc	world	Helpers	caller-vote	899
005c1ef0	FUN_005c1ef0	gamemisc	control	Unsorted	logic:caller-vote	167
005c1fa0	FUN_005c1fa0	gamemisc	world	Helpers	caller-vote	202
005c2070	FUN_005c2070	gamemisc	world	Helpers	caller-vote	117
005c20f0	FUN_005c20f0	gamemisc	world	Helpers	caller-vote	114
005c2170	FUN_005c2170	gamemisc	world	Helpers	caller-vote	113
005c21f0	FUN_005c21f0	gamemisc	control	Unsorted	logic:caller-vote	116
005c2270	FUN_005c2270	gamemisc	world	Helpers	caller-vote	310
005c23b0	FUN_005c23b0	gamemisc	world	Helpers	caller-vote	310
005c24f0	FUN_005c24f0	gamemisc	world	Helpers	caller-vote	310
005c2630	FUN_005c2630	gamemisc	control	Helpers	caller-vote	310
005c2770	FUN_005c2770	gamemisc	world	Helpers	caller-vote	192
005c2830	FUN_005c2830	gamemisc	world	Helpers	caller-vote	163
005c28e0	FUN_005c28e0	gamemisc	world	Helpers	caller-vote	192
005c29a0	FUN_005c29a0	gamemisc	control	Helpers	caller-vote	167
005c2a50	FUN_005c2a50	gamemisc	world	Helpers	caller-vote	833
005c2da0	FUN_005c2da0	gamemisc	world	Helpers	caller-vote	616
005c3010	FUN_005c3010	gamemisc	world	Helpers	caller-vote	833
005c3360	FUN_005c3360	gamemisc	control	Helpers	caller-vote	802
005c36a0	FUN_005c36a0	gamemisc	world	Unsorted	logic:caller-vote	61
005c36e0	FUN_005c36e0	gamemisc	world	Unsorted	logic:caller-vote	138
005c3756	Catch_All@005c3756	lib	_library	eh_funclets	eh	35
005c3790	FUN_005c3790	gamemisc	game_misc	Unsorted_002	none	60
005c37d0	FUN_005c37d0	gamemisc	world	Helpers	caller-vote	66
005c3820	FUN_005c3820	gamemisc	world	Helpers	caller-vote	23
005c3840	FUN_005c3840	gamemisc	world	Helpers	caller-vote	31
005c3860	FUN_005c3860	gamemisc	world	Helpers	caller-vote	27
005c3880	FUN_005c3880	gamemisc	world	Helpers	caller-vote	27
005c38a0	FUN_005c38a0	gamemisc	world	Helpers	caller-vote	32
005c38c0	cube::Dungeon::Dungeon	game	world	Dungeon	rtti	127
005c3950	FUN_005c3950	gamemisc	world	Helpers	caller-vote	130
005c39e0	FUN_005c39e0	gamemisc	world	Helpers	caller-vote	161
005c3a90	FUN_005c3a90	gamemisc	world	Helpers	caller-vote	44
005c3ac0	cube::Region::Region	game	world	Region	rtti	174
005c3b70	FUN_005c3b70	gamemisc	world	Helpers	caller-vote	52
005c3bb0	FUN_005c3bb0	gamemisc	world	Helpers	caller-vote	166
005c3c60	cube::Dungeon::~Dungeon	game	world	Dungeon	rtti	16
005c3c70	FUN_005c3c70	gamemisc	world	Helpers	caller-vote	30
005c3cc0	cube::Region::~Region	game	world	Region	rtti	138
005c3d60	FUN_005c3d60	gamemisc	control	Unsorted	logic:caller-vote	120
005c3de0	FUN_005c3de0	gamemisc	world	Helpers	caller-vote	146
005c3e80	FUN_005c3e80	gamemisc	world	Helpers	caller-vote	18
005c3ea0	FUN_005c3ea0	gamemisc	game_misc	Unsorted_002	none	76
005c3ef0	FUN_005c3ef0	gamemisc	world	Unsorted	logic:caller-vote	61
005c3f30	FUN_005c3f30	gamemisc	world	Helpers	caller-vote	67
005c3f80	cube::Dungeon::deleting_destructor	game	world	Dungeon	rtti	42
005c3fb0	cube::Region::deleting_destructor	game	world	Region	rtti	30
005c3fe0	FUN_005c3fe0	gamemisc	world	Helpers	caller-vote	85
005c4040	FUN_005c4040	gamemisc	world	Helpers	caller-vote	206
005c4114	Catch_All@005c4114	lib	_library	eh_funclets	eh	8
005c4130	FUN_005c4130	gamemisc	world	Helpers	caller-vote	219
005c4211	Catch_All@005c4211	lib	_library	eh_funclets	eh	8
005c4230	FUN_005c4230	gamemisc	world	Helpers	caller-vote	201
005c42ff	Catch_All@005c42ff	lib	_library	eh_funclets	eh	8
005c4320	FUN_005c4320	gamemisc	world	Helpers	caller-vote	162
005c43d0	FUN_005c43d0	gamemisc	world	Helpers	caller-vote	162
005c4480	FUN_005c4480	gamemisc	world	Helpers	caller-vote	159
005c4520	terrain_biomeColorFromNoise	gamemisc	world	Proven	ledger	456
005c46f0	FUN_005c46f0	gamemisc	world	Helpers	caller-vote	127
005c4770	FUN_005c4770	gamemisc	world	Helpers	caller-vote	134
005c4800	FUN_005c4800	gamemisc	world	Unsorted	logic:caller-vote	1482
005c4dd0	GameController_sampleHumidityGrid	game	world	Proven	ledger	1228
005c52a0	FUN_005c52a0	gamemisc	world	Helpers	caller-vote	1085
005c56e0	terrain_surfaceColor_blend	gamemisc	world	Proven	ledger	1822
005c5e20	terrain_generateColumnColor	gamemisc	world	Proven	ledger	4874
005c7140	terrain_rockColor_blend	gamemisc	world	Proven	ledger	1509
005c7730	FUN_005c7730	gamemisc	world	Unsorted	logic:caller-vote	2867
005c8310	FUN_005c8310	gamemisc	world	Helpers	caller-vote	50
005c8350	FUN_005c8350	gamemisc	world	Helpers	caller-vote	50
005c8390	FUN_005c8390	gamemisc	world	Helpers	caller-vote	6000
005c9b30	FUN_005c9b30	gamemisc	world	Helpers	caller-vote	1083
005c9f90	FUN_005c9f90	gamemisc	world	Helpers	caller-vote	249
005ca0a0	FUN_005ca0a0	gamemisc	world	Helpers	caller-vote	3348
005cade0	FUN_005cade0	gamemisc	control	Unsorted	logic:caller-vote	749
005cb0d0	FUN_005cb0d0	gamemisc	control	Helpers	caller-vote	721
005cb3b0	FUN_005cb3b0	gamemisc	world	Helpers	caller-vote	409
005cb550	FUN_005cb550	gamemisc	world	Helpers	caller-vote	160
005cb600	FUN_005cb600	gamemisc	world	Helpers	caller-vote	2020
005cbe00	FUN_005cbe00	gamemisc	world	Helpers	caller-vote	1802
005cc510	World_populateRegionDecorations	gamemisc	world	Proven	ledger	36702
005d6040	FUN_005d6040	gamemisc	world	Helpers	caller-vote	6651
005d7a70	FUN_005d7a70	gamemisc	world	Helpers	caller-vote	1252
005d7f60	World_generateFoliageBlob	gamemisc	world	Proven	ledger	2010
005d8750	FUN_005d8750	gamemisc	control	Helpers	caller-vote	3274
005d9460	FUN_005d9460	gamemisc	world	Helpers	caller-vote	1642
005d9ad0	FUN_005d9ad0	gamemisc	control	Helpers	caller-vote	1926
005da280	FUN_005da280	gamemisc	world	Helpers	caller-vote	9007
005dc644	FUN_005dc644	gamemisc	game_misc	_helpers_dtor-like	role:dtor-like	112
005dc6e0	FUN_005dc6e0	gamemisc	world	Helpers	caller-vote	11761
005df600	FUN_005df600	gamemisc	world	Helpers	caller-vote	864
005df960	World_generateWaterOrPathFeature	gamemisc	world	Proven	ledger	20099
005e4850	WorldInfo_generateBiomeContent	game	world	Proven	ledger	37430
005ee0f0	FUN_005ee0f0	gamemisc	world	Helpers	caller-vote	952
005ee4b0	assign_two_dwords	gamemisc	game_misc	Game	ledger	137
005ee540	World_getColumnDataAt	gamemisc	world	Proven	ledger	593
005ee7a0	FUN_005ee7a0	gamemisc	control	Helpers	caller-vote	656
005eea40	FUN_005eea40	gamemisc	world	Helpers	caller-vote	20
005eea60	World_findNearestObject	gamemisc	world	Proven	ledger	1137
005eeee0	FUN_005eeee0	gamemisc	entity	Helpers	caller-vote	180
005eefa0	FUN_005eefa0	gamemisc	entity	Helpers	caller-vote	159
005ef040	World_getRegionCellPtr	gamemisc	world	Proven	ledger	1376
005ef5a0	FUN_005ef5a0	gamemisc	world	Helpers	caller-vote	292
005ef6d0	FUN_005ef6d0	gamemisc	world	Helpers	caller-vote	538
005ef8f0	FUN_005ef8f0	gamemisc	world	Helpers	caller-vote	1212
005efdb0	FUN_005efdb0	gamemisc	world	Helpers	caller-vote	493
005effa0	FUN_005effa0	gamemisc	world	Unsorted	logic:caller-vote	1920
005f0720	FUN_005f0720	gamemisc	control	Helpers	caller-vote	1376
005f0c80	FUN_005f0c80	gamemisc	control	Helpers	caller-vote	58
005f0ce0	WorldInfo_placeStructure	game	world	Proven	ledger	15724
005f4b50	FUN_005f4b50	gamemisc	world	Helpers	caller-vote	67
005f4ba0	FUN_005f4ba0	gamemisc	world	Helpers	caller-vote	130
005f4c30	FUN_005f4c30	gamemisc	world	Helpers	caller-vote	213
005f4d10	FUN_005f4d10	gamemisc	world	Helpers	caller-vote	143
005f4da0	FUN_005f4da0	gamemisc	world	Helpers	caller-vote	1077
005f51e0	GameController_buildDecalMesh	game	render	Proven	ledger	1237
005f56c0	FUN_005f56c0	gamemisc	world	Helpers	caller-vote	5772
005f6d50	World_emitDecalOrParticle	gamemisc	world	Proven	ledger	194
005f6e20	FUN_005f6e20	gamemisc	world	Helpers	caller-vote	1445
005f7400	FUN_005f7400	gamemisc	control	Helpers	caller-vote	931
005f77b0	FUN_005f77b0	gamemisc	world	Helpers	caller-vote	100
005f7820	FUN_005f7820	gamemisc	control	Helpers	caller-vote	445
005f79e0	FUN_005f79e0	gamemisc	world	Helpers	caller-vote	126
005f7a60	FUN_005f7a60	gamemisc	world	Helpers	caller-vote	2762
005f8530	WorldInfo_vectorElementAt	game	world	Proven	ledger	94
005f8590	FUN_005f8590	gamemisc	world	Helpers	caller-vote	311
005f8750	FUN_005f8750	gamemisc	world	Helpers	caller-vote	502
005f8960	FUN_005f8960	gamemisc	world	Helpers	caller-vote	341
005f8ad0	GameController_buildDecalMesh2	game	render	Proven	ledger	817
005f8e10	vec3_distanceSquared	gamemisc	render	Proven	ledger	1325
005f9340	WorldInfo_sampleTerrainHeight	game	world	Proven	ledger	731
005f9620	vec3_store4	gamemisc	render	Proven	ledger	1426
005f9bc0	vec3_computeNoiseOffset	gamemisc	world	Proven	ledger	581
005f9e10	FUN_005f9e10	gamemisc	world	Helpers	caller-vote	25
005f9e30	FUN_005f9e30	gamemisc	world	Helpers	caller-vote	25
005f9e50	vec2_store	gamemisc	render	Proven	ledger	276
005f9f70	WorldInfo_rotateAndPlace	game	world	Proven	ledger	498
005fa170	FUN_005fa170	gamemisc	world	Helpers	caller-vote	584
005fa3c0	FUN_005fa3c0	gamemisc	world	Helpers	caller-vote	115
005fa440	FUN_005fa440	gamemisc	world	Helpers	caller-vote	123
005fa4c0	FUN_005fa4c0	gamemisc	game_misc	_helpers_wrapper	role:wrapper	60
005fa500	FUN_005fa500	gamemisc	control	Helpers	caller-vote	172
005fa5b0	FUN_005fa5b0	gamemisc	control	Helpers	caller-vote	160
005fa650	FUN_005fa650	gamemisc	control	Helpers	caller-vote	248
005fa750	FUN_005fa750	gamemisc	control	Helpers	caller-vote	641
005fa9e0	FUN_005fa9e0	gamemisc	control	Helpers	caller-vote	232
005faad0	FUN_005faad0	gamemisc	control	Helpers	caller-vote	106
005fab40	FUN_005fab40	gamemisc	control	Helpers	caller-vote	665
005fae00	FUN_005fae00	gamemisc	game_misc	_helpers_dtor-like	role:dtor-like	58
005fae40	cube::WorldMap::WorldMap	game	world	WorldMap	rtti	2435
005fb7f0	cube::ZoneTile::ZoneTile	game	world	ZoneTile	rtti	102
005fb860	FUN_005fb860	gamemisc	entity	_helpers_wrapper	role:wrapper	17
005fb890	cube::WorldMap::~WorldMap	game	world	WorldMap	rtti	174
005fb960	cube::ZoneTile::~ZoneTile	game	world	ZoneTile	rtti	112
005fb9f0	FUN_005fb9f0	gamemisc	game_misc	Unsorted_002	none	175
005fbaa0	cube::LandscapeTile::deleting_destructor	game	world	LandscapeTile	rtti	44
005fbad0	cube::WorldMap::deleting_destructor	game	world	WorldMap	rtti	30
005fbb00	cube::ZoneTile::deleting_destructor	game	world	ZoneTile	rtti	30
005fbb30	FUN_005fbb30	gamemisc	game_misc	_helpers_dtor-like	role:dtor-like	186
005fbbed	Catch_All@005fbbed	lib	_library	eh_funclets	eh	8
005fbc10	FUN_005fbc10	gamemisc	control	Unsorted	logic:caller-vote	115
005fbc90	FUN_005fbc90	gamemisc	world	Helpers	caller-vote	532
005fbed0	FUN_005fbed0	gamemisc	game_misc	Unsorted_002	none	494
005fc0d0	FUN_005fc0d0	gamemisc	control	Unsorted	logic:caller-vote	133
005fc160	FUN_005fc160	gamemisc	control	Helpers	caller-vote	70
005fc1b0	GameController_processNetworkTick	game	control	Proven	ledger	23279
00601cb0	fwd_external:00000018_601cb0	gamemisc	game_misc	_helpers_thunk	role:thunk	14
00601cc0	FUN_00601cc0	gamemisc	control	Helpers	caller-vote	459
00601e90	fwd_external:00000019_601e90	gamemisc	game_misc	_helpers_thunk	role:thunk	14
00601ea0	fwd_external:00000019_601ea0	gamemisc	game_misc	_helpers_thunk	role:thunk	14
00601eb0	FUN_00601eb0	gamemisc	control	Helpers	caller-vote	67
00601f00	FUN_00601f00	gamemisc	control	Helpers	caller-vote	114
00601f80	FUN_00601f80	gamemisc	world	Helpers	caller-vote	433
00602160	FUN_00602160	gamemisc	game_misc	Unsorted_002	none	357
006022d0	FUN_006022d0	gamemisc	game_misc	Unsorted_002	none	212
006023b0	FUN_006023b0	gamemisc	ui	Helpers	caller-vote	143
00602440	FUN_00602440	gamemisc	control	Unsorted	logic:caller-vote	129
006024d0	FUN_006024d0	gamemisc	game_misc	Unsorted_002	none	3413
00603230	FUN_00603230	gamemisc	game_misc	Unsorted_002	none	1958
00603a00	FUN_00603a00	gamemisc	game_misc	Unsorted_002	none	5672
006050b0	FUN_006050b0	gamemisc	world	Helpers	caller-vote	845
00605420	FUN_00605420	gamemisc	world	Helpers	caller-vote	1295
00605950	FUN_00605950	gamemisc	game_misc	Unsorted_002	none	197
00605a20	FUN_00605a20	gamemisc	control	_helpers_dtor-like	role:dtor-like	174
00605ae0	cube::WorldPreviewWidget::deleting_destructor_for_NamedObject	game	world	WorldPreviewWidget	rtti	11927
006089c0	FUN_006089c0	gamemisc	control	Unsorted	logic:caller-vote	82
00608a20	FUN_00608a20	gamemisc	game_misc	_helpers_wrapper	role:wrapper	58
00608a60	FUN_00608a60	gamemisc	control	Helpers	caller-vote	44
00608a90	FUN_00608a90	gamemisc	control	Helpers	caller-vote	130
00608b12	Catch_All@00608b12	lib	_library	eh_funclets	eh	8
00608b30	FUN_00608b30	gamemisc	control	Helpers	caller-vote	92
00608b8c	Catch_All@00608b8c	lib	_library	eh_funclets	eh	17
00608ba0	FUN_00608ba0	gamemisc	control	Helpers	caller-vote	116
00608c20	FUN_00608c20	gamemisc	control	Helpers	caller-vote	86
00608c80	FUN_00608c80	gamemisc	control	Helpers	caller-vote	159
00608d1f	Catch_All@00608d1f	lib	_library	eh_funclets	eh	20
00608d40	FUN_00608d40	gamemisc	control	Helpers	caller-vote	101
00608db0	FUN_00608db0	gamemisc	control	Helpers	caller-vote	155
00608e37	Catch_All@00608e37	lib	_library	eh_funclets	eh	41
00608e80	FUN_00608e80	gamemisc	control	Helpers	caller-vote	118
00608ef6	Catch_All@00608ef6	lib	_library	eh_funclets	eh	26
00608f20	FUN_00608f20	gamemisc	control	Helpers	caller-vote	31
00608f40	FUN_00608f40	gamemisc	control	Helpers	caller-vote	27
00608f60	FUN_00608f60	gamemisc	control	Helpers	caller-vote	132
00608ff0	FUN_00608ff0	gamemisc	control	Helpers	caller-vote	136
00609080	FUN_00609080	gamemisc	control	Helpers	caller-vote	262
00609189	Catch_All@00609189	lib	_library	eh_funclets	eh	17
006091a0	FUN_006091a0	gamemisc	control	Helpers	caller-vote	9
006091b0	FUN_006091b0	gamemisc	control	Helpers	caller-vote	19
006091d0	FUN_006091d0	gamemisc	control	Helpers	caller-vote	57
00609210	FUN_00609210	gamemisc	control	Helpers	caller-vote	101
00609280	FUN_00609280	gamemisc	world	Helpers	caller-vote	155
00609320	FUN_00609320	gamemisc	game_misc	_helpers_dtor-like	role:dtor-like	185
006093dc	Catch_All@006093dc	lib	_library	eh_funclets	eh	8
00609400	FUN_00609400	gamemisc	game_misc	Unsorted_002	none	115
00609480	FUN_00609480	gamemisc	ai	Helpers	caller-vote	5444
0060a9f0	mutator_60a9f0	gamemisc	game_misc	_helpers_mutator	role:mutator	14
0060aa00	FUN_0060aa00	gamemisc	control	Helpers	caller-vote	77
0060aa50	FUN_0060aa50	gamemisc	control	Helpers	caller-vote	8
0060aa60	FUN_0060aa60	gamemisc	control	Helpers	caller-vote	11
0060aa70	FUN_0060aa70	gamemisc	control	Helpers	caller-vote	67
0060aac0	FUN_0060aac0	gamemisc	game_misc	_artifacts	role:artifact	99
0060ab30	FUN_0060ab30	gamemisc	control	Helpers	caller-vote	6596
0060c510	GameController_updateSubsystems	game	control	Proven	ledger	60126
00622d40	FUN_00622d40	gamemisc	control	Helpers	caller-vote	30
00622d60	cube::Music::Music	game	audio	Music	rtti	64
00622da0	cube::XAudio2Engine::XAudio2Engine	game	audio	XAudio2Engine	rtti	320
00622ef0	cube::XAudio2Engine::~XAudio2Engine	game	audio	XAudio2Engine	rtti	251
00623060	cube::Music::deleting_destructor	game	audio	Music	rtti	47
006230a0	cube::XAudio2Engine::Sound::deleting_destructor	game	audio	Sound	rtti	31
006230d0	cube::XAudio2Engine::deleting_destructor	game	audio	XAudio2Engine	rtti	30
00623100	FUN_00623100	gamemisc	audio	Helpers	caller-vote	214
006231e0	FUN_006231e0	gamemisc	audio	Helpers	caller-vote	337
00623340	FUN_00623340	gamemisc	audio	Helpers	caller-vote	86
006233a0	FUN_006233a0	gamemisc	audio	Helpers	caller-vote	102
00623410	cube::XAudio2Engine::vfunction1	game	audio	XAudio2Engine	rtti	247
00623530	FUN_00623530	gamemisc	game_misc	Unsorted_002	none	208
00623600	cube::XAudio2Engine::vfunction5	game	audio	XAudio2Engine	rtti	10
00623610	cube::XAudio2Engine::vfunction7	game	audio	XAudio2Engine	rtti	241
00623710	FUN_00623710	gamemisc	audio	Helpers	caller-vote	610
00623980	cube::XAudio2Engine::vfunction2	game	audio	XAudio2Engine	rtti	122
00623a00	cube::XAudio2Engine::vfunction6	game	audio	XAudio2Engine	rtti	91
00623a60	cube::XAudio2Engine::deleting_destructor	game	audio	XAudio2Engine	rtti	1006
00623e60	cube::XAudio2Engine::vfunction4	game	audio	XAudio2Engine	rtti	115
00623ee0	FUN_00623ee0	gamemisc	audio	Helpers	caller-vote	455
006240b0	cube::XAudio2Engine::vfunction3	game	audio	XAudio2Engine	rtti	20
006240d0	fwd_0046d590_6240d0	gamemisc	game_misc	_helpers_thunk	role:thunk	31
006240f0	cube::Zone::Zone	game	world	Zone	rtti	591
00624340	FUN_00624340	gamemisc	game_misc	_helpers_wrapper	role:wrapper	43
00624390	cube::Zone::~Zone	game	world	Zone	rtti	531
00624700	cube::Field::deleting_destructor	game	world	Field	rtti	82
00624760	cube::Zone::deleting_destructor	game	world	Zone	rtti	30
00624790	FUN_00624790	gamemisc	audio	Helpers	caller-vote	88
006247f0	FUN_006247f0	gamemisc	audio	Helpers	caller-vote	268
00624900	FUN_00624900	gamemisc	audio	Helpers	caller-vote	363
00624a70	FUN_00624a70	gamemisc	audio	Unsorted	logic:caller-vote	506
00624c70	FUN_00624c70	gamemisc	audio	Helpers	caller-vote	770
00624f80	FUN_00624f80	gamemisc	audio	Unsorted	logic:caller-vote	423
00625130	FUN_00625130	gamemisc	audio	Unsorted	logic:caller-vote	1183
006255d0	FUN_006255d0	gamemisc	audio	Helpers	caller-vote	103
00625640	FUN_00625640	gamemisc	audio	Helpers	caller-vote	35
00625670	FUN_00625670	gamemisc	audio	Helpers	caller-vote	957
00625a30	fwd_external:0000013a_625a30	gamemisc	game_misc	_helpers_thunk	role:thunk	35
00625a60	FUN_00625a60	gamemisc	audio	Helpers	caller-vote	261
00625b70	FUN_00625b70	gamemisc	audio	Helpers	caller-vote	133
00625c00	FUN_00625c00	gamemisc	audio	Helpers	caller-vote	1204
006260c0	FUN_006260c0	gamemisc	audio	Helpers	caller-vote	1656
00626740	FUN_00626740	gamemisc	audio	Helpers	caller-vote	803
00626a70	FUN_00626a70	gamemisc	audio	Helpers	caller-vote	50
00626ab0	FUN_00626ab0	gamemisc	audio	Helpers	caller-vote	791
00626de0	FUN_00626de0	gamemisc	audio	Helpers	caller-vote	45
00626e10	FUN_00626e10	gamemisc	audio	Helpers	caller-vote	373
00626f90	FUN_00626f90	gamemisc	audio	Helpers	caller-vote	400
00627120	FUN_00627120	gamemisc	audio	Helpers	caller-vote	134
006271b0	FUN_006271b0	gamemisc	audio	Helpers	caller-vote	72
006271f8	ZLIB1.DLL::inflate	lib	_library	imports	import-ns	6
006271fe	ZLIB1.DLL::inflateEnd	lib	_library	imports	import-ns	6
00627204	ZLIB1.DLL::compress	lib	_library	imports	import-ns	6
0062720a	ZLIB1.DLL::inflateInit_	lib	_library	imports	import-ns	6
00627210	DINPUT8.DLL::DirectInput8Create	lib	_library	imports	import-ns	6
00627216	D3D9.DLL::Direct3DCreate9	lib	_library	imports	import-ns	6
0062721c	WS2_32.DLL::closesocket	lib	_library	imports	import-ns	6
00627222	WS2_32.DLL::connect	lib	_library	imports	import-ns	6
00627228	WS2_32.DLL::htons	lib	_library	imports	import-ns	6
0062722e	WS2_32.DLL::inet_addr	lib	_library	imports	import-ns	6
00627234	WS2_32.DLL::recv	lib	_library	imports	import-ns	6
0062723a	WS2_32.DLL::send	lib	_library	imports	import-ns	6
00627240	WS2_32.DLL::socket	lib	_library	imports	import-ns	6
00627246	WS2_32.DLL::gethostbyname	lib	_library	imports	import-ns	6
0062724c	WS2_32.DLL::WSAStartup	lib	_library	imports	import-ns	6
00627252	WS2_32.DLL::WSACleanup	lib	_library	imports	import-ns	6
00627260	plasma::Widget::Widget	game	engine	Widget	rtti	487
00627450	plasma::Widget::Widget	game	engine	Widget	rtti	543
00627670	FUN_00627670	gamemisc	game_misc	_helpers_wrapper	role:wrapper	45
006276a0	plasma::Widget::~Widget	game	engine	Widget	rtti	227
00627810	FUN_00627810	gamemisc	engine	Helpers	caller-vote	50
00627850	plasma::NamedObject::vfunction1	game	engine	NamedObject	rtti	66
006278a0	FUN_006278a0	gamemisc	engine	Helpers	caller-vote	841
00627c00	FUN_00627c00	gamemisc	control	Helpers	caller-vote	166
00627cb0	FUN_00627cb0	gamemisc	engine	Helpers	caller-vote	38
00627ce0	FUN_00627ce0	gamemisc	ui	_helpers_wrapper	role:wrapper	99
00627d50	FUN_00627d50	gamemisc	ui	Unsorted	logic:caller-vote	99
00627dc0	plasma::Widget::clone_for_NamedObject	game	engine	Widget	rtti	114
00627e40	plasma::Widget::vfunction1_for_Deformer	game	engine	Widget	rtti	4333
00628f40	plasma::Widget::vfunction42_for_NamedObject	game	engine	Widget	rtti	370
006290d0	FUN_006290d0	gamemisc	game_misc	_helpers_dtor-like	role:dtor-like	98
00629140	FUN_00629140	gamemisc	game_misc	_helpers_ctor-like	role:ctor-like	131
006291d0	FUN_006291d0	gamemisc	game_misc	_helpers_wrapper	role:wrapper	42
00629200	FUN_00629200	gamemisc	engine	Helpers	caller-vote	21
00629220	FUN_00629220	gamemisc	engine	Helpers	caller-vote	21
00629240	FUN_00629240	gamemisc	engine	Helpers	caller-vote	58
00629280	FUN_00629280	gamemisc	engine	Helpers	caller-vote	127
00629300	FUN_00629300	gamemisc	engine	Helpers	caller-vote	440
006294c0	fwd_00629300_6294c0	gamemisc	game_misc	_helpers_thunk	role:thunk	12
006294d0	FUN_006294d0	gamemisc	ui	Unsorted	logic:caller-vote	194
006295a0	FUN_006295a0	gamemisc	engine	Unsorted	logic:caller-vote	4261
0062a650	FUN_0062a650	gamemisc	game_misc	_helpers_wrapper	role:wrapper	64
0062a690	plasma::Widget::vfunction36_for_NamedObject	game	engine	Widget	rtti	225
0062a780	plasma::Widget::vfunction37_for_NamedObject	game	engine	Widget	rtti	46
0062a7b0	plasma::Widget::vfunction40_for_NamedObject	game	engine	Widget	rtti	253
0062a8b0	plasma::Widget::vfunction8_for_NamedObject	game	engine	Widget	rtti	293
0062a9e0	plasma::Widget::vfunction12_for_NamedObject	game	engine	Widget	rtti	500
0062abe0	plasma::Widget::vfunction13_for_NamedObject	game	engine	Widget	rtti	52
0062ac20	plasma::Widget::vfunction22_for_NamedObject	game	engine	Widget	rtti	743
0062af10	plasma::Widget::vfunction10_for_NamedObject	game	engine	Widget	rtti	1088
0062b350	plasma::Widget::vfunction9_for_NamedObject	game	engine	Widget	rtti	167
0062b400	FUN_0062b400	gamemisc	engine	Unsorted	logic:caller-vote	36
0062b430	FUN_0062b430	gamemisc	engine	Helpers	caller-vote	216
0062b510	FUN_0062b510	gamemisc	engine	Unsorted	logic:caller-vote	1036
0062b920	FUN_0062b920	gamemisc	game_misc	_helpers_dtor-like	role:dtor-like	278
0062ba50	FUN_0062ba50	gamemisc	engine	_helpers_dtor-like	role:dtor-like	150
0062baf0	FUN_0062baf0	gamemisc	control	Helpers	caller-vote	34
0062bb20	FUN_0062bb20	gamemisc	game_misc	Unsorted_002	none	101
0062bb90	FUN_0062bb90	gamemisc	engine	Unsorted	logic:caller-vote	2518
0062c570	FUN_0062c570	gamemisc	control	Helpers	caller-vote	64
0062c5b0	FUN_0062c5b0	gamemisc	engine	Helpers	caller-vote	2579
0062cfd0	FUN_0062cfd0	gamemisc	engine	Helpers	caller-vote	2066
0062d7f0	FUN_0062d7f0	gamemisc	engine	Unsorted	logic:caller-vote	1072
0062dc20	FUN_0062dc20	gamemisc	ui	Helpers	caller-vote	163
0062dcd0	FUN_0062dcd0	gamemisc	engine	Helpers	caller-vote	231
0062ddc0	FUN_0062ddc0	gamemisc	world	Unsorted	logic:caller-vote	47
0062ddf0	FUN_0062ddf0	gamemisc	engine	Helpers	caller-vote	23
0062de10	FUN_0062de10	gamemisc	engine	Helpers	caller-vote	13
0062de20	FUN_0062de20	gamemisc	control	Helpers	caller-vote	23
0062de40	FUN_0062de40	gamemisc	engine	Helpers	caller-vote	23
0062de60	FUN_0062de60	gamemisc	engine	Unsorted	logic:caller-vote	783
0062e180	plasma::Widget::vfunction2_for_Deformer	game	engine	Widget	rtti	4421
0062f2d0	FUN_0062f2d0	gamemisc	engine	Helpers	caller-vote	757
0062f5d0	FUN_0062f5d0	gamemisc	engine	Helpers	caller-vote	34
0062f600	FUN_0062f600	gamemisc	game_misc	_helpers_wrapper	role:wrapper	41
0062f630	FUN_0062f630	gamemisc	game_misc	_helpers_wrapper	role:wrapper	41
0062f660	FUN_0062f660	gamemisc	control	_helpers_wrapper	role:wrapper	42
0062f690	FUN_0062f690	gamemisc	control	Unsorted	logic:caller-vote	134
0062f720	FUN_0062f720	gamemisc	engine	Helpers	caller-vote	39
0062f750	FUN_0062f750	gamemisc	control	Helpers	caller-vote	174
0062f7fe	Catch_All@0062f7fe	lib	_library	eh_funclets	eh	8
0062f820	FUN_0062f820	gamemisc	control	Helpers	caller-vote	134
0062f8a6	Catch_All@0062f8a6	lib	_library	eh_funclets	eh	8
0062f8c0	FUN_0062f8c0	gamemisc	control	_helpers_wrapper	role:wrapper	41
0062f8f0	FUN_0062f8f0	gamemisc	control	Helpers	caller-vote	159
0062f98f	Catch_All@0062f98f	lib	_library	eh_funclets	eh	20
0062f9b0	FUN_0062f9b0	gamemisc	control	Unsorted	logic:caller-vote	515
0062fbc0	FUN_0062fbc0	gamemisc	game_misc	Unsorted_002	none	511
0062fdc0	FUN_0062fdc0	gamemisc	control	Unsorted	logic:caller-vote	468
0062ff94	Catch_All@0062ff94	lib	_library	eh_funclets	eh	20
0062ffb0	FUN_0062ffb0	gamemisc	control	Unsorted	logic:caller-vote	599
00630207	Catch_All@00630207	lib	_library	eh_funclets	eh	20
00630220	FUN_00630220	gamemisc	control	Helpers	caller-vote	157
006302a9	Catch_All@006302a9	lib	_library	eh_funclets	eh	40
006302f0	FUN_006302f0	gamemisc	control	Helpers	caller-vote	207
0063039d	Catch_All@0063039d	lib	_library	eh_funclets	eh	17
006303d0	FUN_006303d0	gamemisc	control	Helpers	caller-vote	127
0063044f	Catch_All@0063044f	lib	_library	eh_funclets	eh	17
00630470	plasma::Node::Node	game	engine	Node	rtti	532
00630690	FUN_00630690	gamemisc	game_misc	_helpers_wrapper	role:wrapper	15
006306b0	FUN_006306b0	gamemisc	game_misc	_helpers_wrapper	role:wrapper	28
006306e0	plasma::Node::~Node	game	engine	Node	rtti	122
00630850	FUN_00630850	gamemisc	control	Helpers	caller-vote	279
00630970	FUN_00630970	gamemisc	engine	Helpers	caller-vote	103
006309e0	plasma::Node::deleting_destructor	game	engine	Node	rtti	30
00630a10	FUN_00630a10	gamemisc	control	Unsorted	logic:caller-vote	47
00630a40	FUN_00630a40	gamemisc	control	Helpers	caller-vote	55
00630a80	FUN_00630a80	gamemisc	control	_helpers_dtor-like	role:dtor-like	77
00630ae0	FUN_00630ae0	gamemisc	control	Helpers	caller-vote	119
00630b60	FUN_00630b60	gamemisc	control	_helpers_dtor-like	role:dtor-like	108
00630be0	FUN_00630be0	gamemisc	control	Helpers	caller-vote	2168
00631460	FUN_00631460	gamemisc	control	Helpers	caller-vote	192
00631520	FUN_00631520	gamemisc	engine	Helpers	caller-vote	2184
00631db0	FUN_00631db0	gamemisc	engine	Helpers	caller-vote	2184
00632640	FUN_00632640	gamemisc	control	Helpers	caller-vote	72
006326a0	FUN_006326a0	gamemisc	engine	Helpers	caller-vote	39
006326d0	FUN_006326d0	gamemisc	control	Helpers	caller-vote	411
00632870	FUN_00632870	gamemisc	control	Helpers	caller-vote	127
00632910	FUN_00632910	gamemisc	engine	Helpers	caller-vote	4045
00633900	FUN_00633900	gamemisc	engine	Helpers	caller-vote	189
006339c0	FUN_006339c0	gamemisc	engine	Helpers	caller-vote	677
00633c90	FUN_00633c90	gamemisc	control	Helpers	caller-vote	77
00633ce0	FUN_00633ce0	gamemisc	control	Helpers	caller-vote	128
00633d70	FUN_00633d70	gamemisc	control	Unsorted	logic:caller-vote	93
00633dd0	FUN_00633dd0	gamemisc	control	Helpers	caller-vote	158
00633e70	FUN_00633e70	gamemisc	game_misc	Unsorted_002	none	2766
00634940	FUN_00634940	gamemisc	control	Helpers	caller-vote	290
00634a70	FUN_00634a70	gamemisc	engine	Helpers	caller-vote	857
00634dd0	FUN_00634dd0	gamemisc	engine	Helpers	caller-vote	1910
00635550	FUN_00635550	gamemisc	control	Helpers	caller-vote	412
00635700	FUN_00635700	gamemisc	control	Helpers	caller-vote	82
00635760	FUN_00635760	gamemisc	ui	Helpers	caller-vote	2168
00635fe0	FUN_00635fe0	gamemisc	ui	Helpers	caller-vote	94
00636040	FUN_00636040	gamemisc	control	Unsorted	logic:caller-vote	321
00636190	FUN_00636190	gamemisc	engine	Helpers	caller-vote	862
006364f0	FUN_006364f0	gamemisc	control	Helpers	caller-vote	102
00636560	FUN_00636560	gamemisc	control	Helpers	caller-vote	678
00636810	FUN_00636810	gamemisc	engine	Unsorted	logic:caller-vote	91
00636870	FUN_00636870	gamemisc	control	_helpers_dtor-like	role:dtor-like	91
006368e0	FUN_006368e0	gamemisc	control	Helpers	caller-vote	109
00636950	FUN_00636950	gamemisc	control	Helpers	caller-vote	57
00636990	FUN_00636990	gamemisc	control	Helpers	caller-vote	100
00636a00	FUN_00636a00	gamemisc	control	Helpers	caller-vote	193
00636ad0	FUN_00636ad0	gamemisc	control	_helpers_dtor-like	role:dtor-like	158
00636b70	FUN_00636b70	gamemisc	control	Unsorted	logic:caller-vote	109
00636be0	FUN_00636be0	gamemisc	engine	Helpers	caller-vote	82
00636c40	FUN_00636c40	gamemisc	game_misc	_helpers_dtor-like	role:dtor-like	102
00636cb0	FUN_00636cb0	gamemisc	engine	Helpers	caller-vote	30
00636cd0	FUN_00636cd0	gamemisc	engine	Helpers	caller-vote	224
00636db0	FUN_00636db0	gamemisc	control	Helpers	caller-vote	317
00636ef0	FUN_00636ef0	gamemisc	control	Helpers	caller-vote	32
00636f10	FUN_00636f10	gamemisc	engine	Helpers	caller-vote	82
00636f70	FUN_00636f70	gamemisc	engine	Helpers	caller-vote	403
00637120	FUN_00637120	gamemisc	control	Helpers	caller-vote	140
006371b0	FUN_006371b0	gamemisc	engine	Helpers	caller-vote	163
00637260	FUN_00637260	gamemisc	engine	_helpers_dtor-like	role:dtor-like	51
006372a0	FUN_006372a0	gamemisc	game_misc	Unsorted_002	none	551
006374d0	FUN_006374d0	gamemisc	game_misc	Unsorted_002	none	558
00637700	plasma::Edit::Edit	game	engine	Edit	rtti	87
00637760	plasma::Edit::deleting_destructor_for_NamedObject	game	engine	Edit	rtti	43
00637790	plasma::Edit::vfunction41_for_NamedObject	game	engine	Edit	rtti	183
00637850	FUN_00637850	gamemisc	engine	Helpers	caller-vote	144
006378e0	plasma::Edit::vfunction2_for_NamedObject	game	engine	Edit	rtti	880
00637c50	plasma::Edit::vfunction6_for_NamedObject	game	engine	Edit	rtti	5
00637c60	plasma::FloatFilter::vfunction1	game	engine	FloatFilter	rtti	165
00637d10	plasma::IntegerFilter::vfunction1	game	engine	IntegerFilter	rtti	113
00637d90	plasma::UnsignedFloatFilter::vfunction1	game	engine	UnsignedFloatFilter	rtti	135
00637e20	plasma::UnsignedIntegerFilter::vfunction1	game	engine	UnsignedIntegerFilter	rtti	89
00637e80	plasma::Edit::vfunction8_for_NamedObject	game	engine	Edit	rtti	119
00637f00	plasma::Edit::vfunction27_for_NamedObject	game	engine	Edit	rtti	436
006380c0	plasma::Edit::vfunction25_for_NamedObject	game	engine	Edit	rtti	598
00638320	plasma::Edit::vfunction14_for_NamedObject	game	engine	Edit	rtti	72
00638370	plasma::Edit::vfunction12_for_NamedObject	game	engine	Edit	rtti	377
006384f0	plasma::Edit::vfunction13_for_NamedObject	game	engine	Edit	rtti	8
00638500	plasma::Edit::vfunction22_for_NamedObject	game	engine	Edit	rtti	263
00638610	FUN_00638610	gamemisc	engine	Helpers	caller-vote	1354
00638b60	FUN_00638b60	gamemisc	engine	Helpers	caller-vote	386
00638cf0	FUN_00638cf0	gamemisc	engine	Helpers	caller-vote	179
00638db0	FUN_00638db0	gamemisc	control	Unsorted	logic:caller-vote	468
00638f84	Catch_All@00638f84	lib	_library	eh_funclets	eh	20
00638fa0	plasma::FontEngine::FontEngine	game	engine	FontEngine	rtti	192
00639060	FUN_00639060	gamemisc	game_misc	_helpers_wrapper	role:wrapper	28
00639090	plasma::FontEngine::~FontEngine	game	engine	FontEngine	rtti	193
006391b0	plasma::FontEngine::deleting_destructor	game	engine	FontEngine	rtti	30
006391e0	FUN_006391e0	gamemisc	game_misc	Unsorted_002	none	47
00639210	FUN_00639210	gamemisc	control	Helpers	caller-vote	227
00639300	FUN_00639300	gamemisc	game_misc	_helpers_dtor-like	role:dtor-like	91
00639390	FUN_00639390	gamemisc	game_misc	_helpers_wrapper	role:wrapper	71
006393e0	FUN_006393e0	gamemisc	control	Helpers	caller-vote	119
00639460	FUN_00639460	gamemisc	engine	Helpers	caller-vote	11
00639470	FUN_00639470	gamemisc	game_misc	Unsorted_002	none	189
00639530	FUN_00639530	gamemisc	game_misc	Unsorted_002	none	660
00639800	FUN_00639800	gamemisc	game_misc	Unsorted_002	none	592
00639a60	FUN_00639a60	gamemisc	engine	Helpers	caller-vote	11
00639a70	FUN_00639a70	gamemisc	control	Helpers	caller-vote	188
00639b30	FUN_00639b30	gamemisc	ui	Unsorted	logic:caller-vote	174
00639be0	FUN_00639be0	gamemisc	control	Helpers	caller-vote	52
00639c20	_Uninitialized_move<>	gamemisc	engine	Helpers	caller-vote	45
00639c50	FUN_00639c50	gamemisc	control	Helpers	caller-vote	47
00639c80	FUN_00639c80	gamemisc	engine	Helpers	caller-vote	57
00639cc0	FUN_00639cc0	gamemisc	engine	Helpers	caller-vote	44
00639cf0	FUN_00639cf0	gamemisc	game_misc	_helpers_dtor-like	role:dtor-like	39
00639d30	FUN_00639d30	gamemisc	control	Helpers	caller-vote	504
00639f40	FUN_00639f40	gamemisc	engine	Helpers	caller-vote	565
0063a13f	Catch_All@0063a13f	lib	_library	eh_funclets	eh	8
0063a190	FUN_0063a190	gamemisc	control	Helpers	caller-vote	475
0063a337	Catch_All@0063a337	lib	_library	eh_funclets	eh	8
0063a380	FUN_0063a380	gamemisc	engine	Helpers	caller-vote	286
0063a4be	Catch_All@0063a4be	lib	_library	eh_funclets	eh	8
0063a4e0	FUN_0063a4e0	gamemisc	control	Helpers	caller-vote	223
0063a5ba	Catch_All@0063a5ba	lib	_library	eh_funclets	eh	8
0063a600	FUN_0063a600	gamemisc	engine	Helpers	caller-vote	140
0063a690	FUN_0063a690	gamemisc	game_misc	_helpers_dtor-like	role:dtor-like	95
0063a710	FUN_0063a710	gamemisc	engine	_helpers_wrapper	role:wrapper	43
0063a740	FUN_0063a740	gamemisc	engine	Helpers	caller-vote	49
0063a780	FUN_0063a780	gamemisc	engine	Helpers	caller-vote	122
0063a7e6	Catch_All@0063a7e6	lib	_library	eh_funclets	eh	35
0063a820	FUN_0063a820	gamemisc	engine	Helpers	caller-vote	48
0063a850	FUN_0063a850	gamemisc	engine	Helpers	caller-vote	54
0063a890	FUN_0063a890	gamemisc	engine	Helpers	caller-vote	66
0063a8e0	FUN_0063a8e0	gamemisc	engine	Unsorted	logic:caller-vote	143
0063a980	FUN_0063a980	gamemisc	engine	Helpers	caller-vote	998
0063ad70	FUN_0063ad70	gamemisc	engine	Helpers	caller-vote	1510
0063b360	FUN_0063b360	gamemisc	engine	Helpers	caller-vote	2109
0063bba0	FUN_0063bba0	gamemisc	engine	Helpers	caller-vote	1111
0063c000	FUN_0063c000	gamemisc	engine	Helpers	caller-vote	143
0063c08f	Catch_All@0063c08f	lib	_library	eh_funclets	eh	17
0063c0b0	FUN_0063c0b0	gamemisc	engine	Helpers	caller-vote	143
0063c13f	Catch_All@0063c13f	lib	_library	eh_funclets	eh	17
0063c160	FUN_0063c160	gamemisc	engine	Helpers	caller-vote	143
0063c1ef	Catch_All@0063c1ef	lib	_library	eh_funclets	eh	17
0063c2b0	plasma::SmoothMeshShape::SmoothMeshShape	game	engine	SmoothMeshShape	rtti	805
0063c5e0	plasma::ContinuousArrayAttribute<plasma::Vector<4,float>_>::~ContinuousArrayAttribute<plasma::Vector<4,float>_>	game	engine	ContinuousArrayAttribute	rtti	97
0063c680	FUN_0063c680	gamemisc	game_misc	_helpers_dtor-like	role:dtor-like	114
0063c700	FUN_0063c700	gamemisc	engine	_helpers_dtor-like	role:dtor-like	238
0063c7f0	plasma::SmoothMeshShape::~SmoothMeshShape	game	engine	SmoothMeshShape	rtti	765
0063cd20	FUN_0063cd20	gamemisc	engine	Helpers	caller-vote	239
0063ce30	FUN_0063ce30	gamemisc	engine	Helpers	caller-vote	239
0063cf40	FUN_0063cf40	gamemisc	engine	Helpers	caller-vote	239
0063d050	FUN_0063d050	gamemisc	engine	Helpers	caller-vote	256
0063d153	Catch_All@0063d153	lib	_library	eh_funclets	eh	17
0063d170	FUN_0063d170	gamemisc	engine	Helpers	caller-vote	262
0063d279	Catch_All@0063d279	lib	_library	eh_funclets	eh	17
0063d290	FUN_0063d290	gamemisc	engine	Helpers	caller-vote	343
0063d3ea	Catch_All@0063d3ea	lib	_library	eh_funclets	eh	17
0063d400	FUN_0063d400	gamemisc	engine	Helpers	caller-vote	262
0063d509	Catch_All@0063d509	lib	_library	eh_funclets	eh	17
0063d520	FUN_0063d520	gamemisc	engine	Helpers	caller-vote	432
0063d6d3	Catch_All@0063d6d3	lib	_library	eh_funclets	eh	17
0063d6f0	FUN_0063d6f0	gamemisc	engine	Helpers	caller-vote	51
0063d730	FUN_0063d730	gamemisc	control	Helpers	caller-vote	130
0063d7c0	FUN_0063d7c0	gamemisc	engine	Helpers	caller-vote	39
0063d7f0	plasma::ContinuousArrayAttribute<plasma::Vector<4,float>_>::deleting_destructor	game	engine	ContinuousArrayAttribute	rtti	30
0063d820	plasma::SmoothMeshShape::deleting_destructor	game	engine	SmoothMeshShape	rtti	30
0063d850	FUN_0063d850	gamemisc	engine	Helpers	caller-vote	101
0063d8c0	FUN_0063d8c0	gamemisc	engine	Helpers	caller-vote	101
0063d930	FUN_0063d930	gamemisc	game_misc	_indirect_dispatch-target	role:dispatch-target	47
0063d960	FUN_0063d960	gamemisc	game_misc	_indirect_dispatch-target	role:dispatch-target	47
0063d990	FUN_0063d990	gamemisc	game_misc	_indirect_dispatch-target	role:dispatch-target	47
0063d9c0	FUN_0063d9c0	gamemisc	engine	_helpers_dtor-like	role:dtor-like	84
0063da20	FUN_0063da20	gamemisc	game_misc	_helpers_dtor-like	role:dtor-like	122
0063daa0	FUN_0063daa0	gamemisc	engine	Helpers	caller-vote	208
0063db73	Catch_All@0063db73	lib	_library	eh_funclets	eh	8
0063db90	FUN_0063db90	gamemisc	engine	Helpers	caller-vote	218
0063dc70	Catch_All@0063dc70	lib	_library	eh_funclets	eh	8
0063dc90	FUN_0063dc90	gamemisc	game_misc	Unsorted_002	none	115
0063dd10	FUN_0063dd10	gamemisc	engine	Helpers	caller-vote	162
0063ddc0	FUN_0063ddc0	gamemisc	engine	Helpers	caller-vote	159
0063de60	FUN_0063de60	gamemisc	game_misc	_helpers_wrapper	role:wrapper	43
0063deb0	FUN_0063deb0	gamemisc	engine	Helpers	caller-vote	175
0063df60	plasma::ContinuousArrayAttribute<plasma::Vector<4,float>_>::vfunction3	game	engine	ContinuousArrayAttribute	rtti	178
0063e020	FUN_0063e020	gamemisc	game_misc	Unsorted_002	none	2526
0063ea00	FUN_0063ea00	gamemisc	game_misc	Unsorted_002	none	1307
0063ef20	FUN_0063ef20	gamemisc	game_misc	Unsorted_002	none	1168
0063f3b0	FUN_0063f3b0	gamemisc	game_misc	Unsorted_002	none	2753
0063fe80	FUN_0063fe80	gamemisc	game_misc	Unsorted_002	none	52
0063fec0	FUN_0063fec0	gamemisc	engine	Helpers	caller-vote	3851
00640e20	plasma::SmoothMeshShape::vfunction14	game	engine	SmoothMeshShape	rtti	856
00641180	FUN_00641180	gamemisc	game_misc	_helpers_dtor-like	role:dtor-like	250
00641280	plasma::SmoothMeshShape::vfunction3	game	engine	SmoothMeshShape	rtti	153
00641320	plasma::SmoothMeshShape::vfunction16	game	engine	SmoothMeshShape	rtti	136
006413b0	FUN_006413b0	gamemisc	game_misc	Unsorted_002	none	137
00641440	plasma::ContinuousArrayAttribute<plasma::Vector<4,float>_>::vfunction5	game	engine	ContinuousArrayAttribute	rtti	101
006414c0	FUN_006414c0	gamemisc	game_misc	Unsorted_002	none	407
00641660	plasma::SmoothMeshShape::vfunction17	game	engine	SmoothMeshShape	rtti	796
00641aa0	plasma::SmoothMeshShape::vfunction9	game	engine	SmoothMeshShape	rtti	134
00641b30	plasma::ContinuousArrayAttribute<plasma::Vector<4,float>_>::vfunction4	game	engine	ContinuousArrayAttribute	rtti	41
00641b60	FUN_00641b60	gamemisc	engine	Helpers	caller-vote	12
00641b70	plasma::ContinuousArrayAttribute<plasma::Vector<4,float>_>::vfunction7	game	engine	ContinuousArrayAttribute	rtti	2167
006423f0	FUN_006423f0	gamemisc	engine	Helpers	caller-vote	10
00642400	FUN_00642400	gamemisc	engine	Helpers	caller-vote	13
00642410	plasma::SmoothMeshShape::vfunction18	game	engine	SmoothMeshShape	rtti	18
00642430	plasma::SmoothMeshShape::vfunction5	game	engine	SmoothMeshShape	rtti	126
006424b0	plasma::SmoothMeshShape::vfunction4	game	engine	SmoothMeshShape	rtti	179
00642570	FUN_00642570	gamemisc	engine	Helpers	caller-vote	14
00642580	plasma::ContinuousArrayAttribute<plasma::Vector<4,float>_>::vfunction2	game	engine	ContinuousArrayAttribute	rtti	10
00642590	FUN_00642590	gamemisc	engine	Helpers	caller-vote	114
00642610	FUN_00642610	gamemisc	control	Helpers	caller-vote	181
006426d0	FUN_006426d0	gamemisc	engine	Helpers	caller-vote	40
00642700	FUN_00642700	gamemisc	game_misc	Unsorted_002	none	97
00642770	FUN_00642770	gamemisc	game_misc	Unsorted_002	none	102
006427e0	FUN_006427e0	gamemisc	game_misc	Unsorted_002	none	131
00642870	plasma::ContinuousArrayAttribute<plasma::Vector<4,float>_>::vfunction6	game	engine	ContinuousArrayAttribute	rtti	47
006428a0	FUN_006428a0	gamemisc	engine	Helpers	caller-vote	65
006428f0	FUN_006428f0	gamemisc	engine	Helpers	caller-vote	273
00642a01	Catch_All@00642a01	lib	_library	eh_funclets	eh	17
00642a20	FUN_00642a20	gamemisc	control	Helpers	caller-vote	41
00642a50	FUN_00642a50	gamemisc	control	Helpers	caller-vote	63
00642a90	FUN_00642a90	gamemisc	engine	Helpers	caller-vote	22
00642ab0	compute_642ab0	gamemisc	game_misc	_helpers_computed	role:computed	22
00642ad0	lib_fn_642ad0	lib	_library	cw_lib	ledger	9388
00644fa0	plasma::SmoothMeshShape::vfunction2	game	engine	SmoothMeshShape	rtti	15765
00648d60	lib_fn_648d60	lib	_library	cw_lib	ledger	7758
0064ac00	FUN_0064ac00	gamemisc	control	Helpers	caller-vote	691
0064aec0	FUN_0064aec0	gamemisc	world	Helpers	caller-vote	112
0064af30	FUN_0064af30	gamemisc	control	Helpers	caller-vote	194
0064b000	FUN_0064b000	gamemisc	control	Helpers	caller-vote	194
0064b0d0	FUN_0064b0d0	gamemisc	game_misc	_helpers_ctor-like	role:ctor-like	498
0064b251	Catch_All@0064b251	lib	_library	eh_funclets	eh	26
0064b2e0	FUN_0064b2e0	lib	_library	freetype	lib-island	239
0064b3d0	FUN_0064b3d0	gamemisc	control	Helpers	caller-vote	113
0064b441	Catch_All@0064b441	lib	_library	eh_funclets	eh	8
0064b460	FUN_0064b460	gamemisc	game_misc	_helpers_wrapper	role:wrapper	34
0064b490	FUN_0064b490	gamemisc	control	Helpers	caller-vote	41
0064b4c0	FUN_0064b4c0	gamemisc	control	Helpers	caller-vote	41
0064b4f0	FUN_0064b4f0	lib	_library	freetype	lib-island	68
0064b540	FUN_0064b540	gamemisc	control	Unsorted	logic:caller-vote	539
0064b770	FUN_0064b770	gamemisc	game_misc	Unsorted_002	none	511
0064b970	FUN_0064b970	gamemisc	control	Helpers	caller-vote	525
0064bb48	Catch_All@0064bb48	lib	_library	eh_funclets	eh	20
0064bba0	FUN_0064bba0	gamemisc	control	Helpers	caller-vote	257
0064bc78	Catch_All@0064bc78	lib	_library	eh_funclets	eh	20
0064bce0	FUN_0064bce0	gamemisc	game_misc	Unsorted_002	none	259
0064bdc4	Catch_All@0064bdc4	lib	_library	eh_funclets	eh	9
0064bdf0	FUN_0064bdf0	gamemisc	control	Helpers	caller-vote	70
0064be40	FUN_0064be40	lib	_library	freetype	lib-island	58
0064be80	FUN_0064be80	lib	_library	freetype	lib-island	55
0064bec0	FUN_0064bec0	gamemisc	control	Helpers	caller-vote	118
0064bf40	FUN_0064bf40	gamemisc	control	Helpers	caller-vote	521
0064c150	FUN_0064c150	gamemisc	control	Helpers	caller-vote	521
0064c360	FUN_0064c360	gamemisc	control	Helpers	caller-vote	521
0064c570	FUN_0064c570	gamemisc	control	Helpers	caller-vote	403
0064c710	FUN_0064c710	gamemisc	control	Helpers	caller-vote	392
0064c8a0	FUN_0064c8a0	gamemisc	control	Helpers	caller-vote	403
0064ca40	FUN_0064ca40	gamemisc	control	Helpers	caller-vote	403
0064cbe0	FUN_0064cbe0	gamemisc	control	Helpers	caller-vote	392
0064cd70	FUN_0064cd70	gamemisc	world	Helpers	caller-vote	28
0064cd90	plasma::ContinuousAttribute<plasma::Vector<4,float>_>::ContinuousAttribute<plasma::Vector<4,float>_>	game	engine	ContinuousAttribute	rtti	188
0064ce50	plasma::DiscreteAttribute<int>::DiscreteAttribute<int>	game	engine	DiscreteAttribute	rtti	119
0064ced0	FUN_0064ced0	gamemisc	control	Helpers	caller-vote	264
0064cfe0	std::basic_ifstream<char,std::char_traits<char>_>::basic_ifstream<char,std::char_traits<char>_>	lib	_library	stl	stl-ns	220
0064d0c0	FUN_0064d0c0	lib	_library	freetype	lib-island	44
0064d0f0	plasma::Engine::Engine	game	engine	Engine	rtti	1649
0064d770	FUN_0064d770	gamemisc	control	Helpers	caller-vote	151
0064d810	FUN_0064d810	gamemisc	game_misc	_helpers_wrapper	role:wrapper	24
0064d840	plasma::Engine::~Engine	game	engine	Engine	rtti	208
0064dd20	FUN_0064dd20	gamemisc	game_misc	_helpers_wrapper	role:wrapper	34
0064dd90	FUN_0064dd90	gamemisc	control	Helpers	caller-vote	67
0064dde0	plasma::ObjectManager::~ObjectManager	game	engine	ObjectManager	rtti	129
0064de80	FUN_0064de80	gamemisc	control	Helpers	caller-vote	47
0064dfb0	FUN_0064dfb0	gamemisc	control	Helpers	caller-vote	310
0064e0f0	FUN_0064e0f0	gamemisc	control	Helpers	caller-vote	310
0064e260	plasma::DiscreteAttribute<int>::vfunction1	game	engine	DiscreteAttribute	rtti	45
0064e2b0	plasma::Engine::deleting_destructor	game	engine	Engine	rtti	30
0064e2e0	plasma::ObjectManager::deleting_destructor	game	engine	ObjectManager	rtti	30
0064e310	FUN_0064e310	gamemisc	engine	Helpers	caller-vote	95
0064e370	FUN_0064e370	lib	_library	freetype	lib-island	47
0064e3a0	FUN_0064e3a0	gamemisc	engine	Helpers	caller-vote	47
0064e3d0	FUN_0064e3d0	gamemisc	control	Helpers	caller-vote	54
0064e410	FUN_0064e410	gamemisc	game_misc	Unsorted_002	none	55
0064e450	FUN_0064e450	lib	_library	freetype	lib-island	53
0064e490	FUN_0064e490	gamemisc	game_misc	Unsorted_002	none	127
0064e520	FUN_0064e520	gamemisc	engine	Helpers	caller-vote	600
0064e67d	Catch_All@0064e67d	lib	_library	eh_funclets	eh	8
0064e790	FUN_0064e790	gamemisc	world	Helpers	caller-vote	31
0064e7b0	FUN_0064e7b0	gamemisc	world	Helpers	caller-vote	31
0064e7d0	FUN_0064e7d0	gamemisc	engine	Helpers	caller-vote	119
0064e850	FUN_0064e850	lib	_library	freetype	lib-island	147
0064e8f0	FUN_0064e8f0	lib	_library	freetype	lib-island	189
0064e9b0	FUN_0064e9b0	lib	_library	freetype	lib-island	193
0064ea80	plasma::ContinuousAttribute<plasma::Vector<4,float>_>::vfunction3	game	engine	ContinuousAttribute	rtti	81
0064eae0	FUN_0064eae0	gamemisc	engine	Helpers	caller-vote	119
0064eb60	FUN_0064eb60	gamemisc	engine	Helpers	caller-vote	104
0064ebd0	FUN_0064ebd0	gamemisc	engine	Helpers	caller-vote	104
0064ec40	FUN_0064ec40	gamemisc	engine	Helpers	caller-vote	119
0064ecc0	FUN_0064ecc0	gamemisc	engine	Helpers	caller-vote	119
0064ed40	FUN_0064ed40	gamemisc	engine	Helpers	caller-vote	110
0064edb0	FUN_0064edb0	gamemisc	engine	Helpers	caller-vote	447
0064ef70	FUN_0064ef70	gamemisc	control	Helpers	caller-vote	110
0064efe0	FUN_0064efe0	gamemisc	engine	Helpers	caller-vote	16
0064eff0	FUN_0064eff0	gamemisc	engine	Helpers	caller-vote	137
0064f080	FUN_0064f080	gamemisc	game_misc	_helpers_wrapper	role:wrapper	120
0064f100	FUN_0064f100	gamemisc	engine	Helpers	caller-vote	114
0064f180	FUN_0064f180	gamemisc	engine	Helpers	caller-vote	114
0064f200	FUN_0064f200	gamemisc	game_misc	_helpers_wrapper	role:wrapper	117
0064f280	FUN_0064f280	gamemisc	engine	Helpers	caller-vote	117
0064f300	FUN_0064f300	gamemisc	game_misc	_helpers_wrapper	role:wrapper	117
0064f380	FUN_0064f380	gamemisc	engine	Helpers	caller-vote	114
0064f400	FUN_0064f400	gamemisc	control	Helpers	caller-vote	210
0064f4e0	FUN_0064f4e0	lib	_library	freetype	lib-island	349
0064f650	std::basic_stringstream<wchar_t,std::char_traits<wchar_t>,std::allocator<wchar_t>_>::basic_stringstream<wchar_t,std::char_traits<wchar_t>,std::allocator<wchar_t>_>	lib	_library	stl	stl-ns	1739
0064fd30	FUN_0064fd30	lib	_library	freetype	lib-island	111
0064fda0	FUN_0064fda0	lib	_library	freetype	lib-island	808
006500d0	FUN_006500d0	gamemisc	game_misc	_helpers_wrapper	role:wrapper	117
00650150	plasma::Engine::vfunction14	game	engine	Engine	rtti	5
00650160	FUN_00650160	gamemisc	game_misc	_helpers_wrapper	role:wrapper	117
006501e0	FUN_006501e0	gamemisc	game_misc	_helpers_wrapper	role:wrapper	117
00650260	FUN_00650260	gamemisc	engine	Helpers	caller-vote	114
006502e0	FUN_006502e0	gamemisc	control	_helpers_wrapper	role:wrapper	117
00650360	FUN_00650360	gamemisc	engine	Helpers	caller-vote	114
006503e0	FUN_006503e0	gamemisc	control	Helpers	caller-vote	117
00650460	FUN_00650460	gamemisc	control	Helpers	caller-vote	78
006504c0	FUN_006504c0	gamemisc	engine	Helpers	caller-vote	26
006504e0	FUN_006504e0	gamemisc	control	Unsorted	logic:caller-vote	673
006507c0	FUN_006507c0	gamemisc	control	Helpers	caller-vote	72
00650810	FUN_00650810	gamemisc	control	Helpers	caller-vote	119
00650890	FUN_00650890	gamemisc	control	_helpers_dtor-like	role:dtor-like	78
006508f0	FUN_006508f0	gamemisc	control	_helpers_dtor-like	role:dtor-like	129
00650980	FUN_00650980	gamemisc	control	Helpers	caller-vote	71
006509d0	plasma::Engine::vfunction28	game	engine	Engine	rtti	3
006509e0	plasma::RenderSurface::vfunction9	game	engine	RenderSurface	rtti	3
006509f0	FUN_006509f0	gamemisc	engine	Helpers	caller-vote	40
00650a20	FUN_00650a20	gamemisc	world	Helpers	caller-vote	99
00650a90	FUN_00650a90	gamemisc	engine	Helpers	caller-vote	11
00650aa0	plasma::ContinuousAttribute<plasma::Vector<4,float>_>::vfunction5	game	engine	ContinuousAttribute	rtti	60
00650ae0	FUN_00650ae0	gamemisc	control	Helpers	caller-vote	30
00650b00	FUN_00650b00	gamemisc	control	Helpers	caller-vote	754
00650dfb	Catch@00650dfb	gamemisc	game_misc	_helpers_computed	role:computed	6
00650e0b	FUN_00650e0b	gamemisc	control	Helpers	caller-vote	30
00650e30	plasma::ContinuousAttribute<plasma::Vector<4,float>_>::vfunction4	game	engine	ContinuousAttribute	rtti	66
00650e80	std::basic_ifstream<char,std::char_traits<char>_>::basic_ifstream<char,std::char_traits<char>_>	lib	_library	stl	stl-ns	5968
006526b0	FUN_006526b0	gamemisc	control	Helpers	caller-vote	84
00652710	vdispatch_652710	gamemisc	game_misc	_helpers_dispatch	role:dispatch	32
00652730	vdispatch_652730	gamemisc	game_misc	_helpers_dispatch	role:dispatch	84
00652790	FUN_00652790	gamemisc	game_misc	_helpers_wrapper	role:wrapper	96
006527f0	FUN_006527f0	gamemisc	control	Helpers	caller-vote	336
00652940	FUN_00652940	gamemisc	control	Helpers	caller-vote	295
00652a70	FUN_00652a70	gamemisc	control	Helpers	caller-vote	228
00652b60	FUN_00652b60	gamemisc	control	Helpers	caller-vote	165
00652c10	FUN_00652c10	gamemisc	control	Helpers	caller-vote	450
00652de0	plasma::ContinuousAttribute<plasma::Vector<4,float>_>::vfunction7	game	engine	ContinuousAttribute	rtti	956
006531a0	plasma::DiscreteAttribute<int>::vfunction7	game	engine	DiscreteAttribute	rtti	62
006531e0	compute_6531e0	gamemisc	game_misc	_helpers_computed	role:computed	7
006531f0	FUN_006531f0	gamemisc	engine	Helpers	caller-vote	11
00653200	plasma::ContinuousAttribute<plasma::Vector<4,float>_>::vfunction2	game	engine	ContinuousAttribute	rtti	10
00653210	FUN_00653210	lib	_library	freetype	lib-island	269
00653320	plasma::D3D9Engine::~D3D9Engine	game	engine	D3D9Engine	rtti	55
00653360	FUN_00653360	gamemisc	game_misc	Unsorted_002	none	694
00653620	vdispatch_653620	gamemisc	game_misc	_helpers_dispatch	role:dispatch	83
00653680	FUN_00653680	gamemisc	engine	Helpers	caller-vote	72
006536d0	FUN_006536d0	gamemisc	control	Helpers	caller-vote	67
00653720	FUN_00653720	gamemisc	control	Helpers	caller-vote	67
00653770	FUN_00653770	gamemisc	control	Helpers	caller-vote	847
00653ad0	FUN_00653ad0	gamemisc	control	Helpers	caller-vote	1307
00654000	FUN_00654000	gamemisc	control	Helpers	caller-vote	566
00654240	FUN_00654240	gamemisc	control	Helpers	caller-vote	1155
00654700	FUN_00654700	gamemisc	control	Helpers	caller-vote	496
00654900	FUN_00654900	gamemisc	control	Helpers	caller-vote	1212
00654df0	FUN_00654df0	gamemisc	control	Helpers	caller-vote	496
00654ff0	FUN_00654ff0	gamemisc	control	Helpers	caller-vote	1470
006555d0	FUN_006555d0	gamemisc	control	Helpers	caller-vote	6041
006570c0	FUN_006570c0	gamemisc	control	Helpers	caller-vote	935
00657480	std::basic_ifstream<char,std::char_traits<char>_>::basic_ifstream<char,std::char_traits<char>_>	lib	_library	stl	stl-ns	1373
00657a00	FUN_00657a00	gamemisc	control	Helpers	caller-vote	496
00657c00	FUN_00657c00	gamemisc	control	Helpers	caller-vote	209
00657ce0	FUN_00657ce0	gamemisc	control	Helpers	caller-vote	496
00657ee0	FUN_00657ee0	gamemisc	control	Helpers	caller-vote	150
00657f80	FUN_00657f80	gamemisc	control	Helpers	caller-vote	1338
00658530	FUN_00658530	gamemisc	control	_helpers_dtor-like	role:dtor-like	238
00658630	FUN_00658630	gamemisc	control	Helpers	caller-vote	1530
00658c40	FUN_00658c40	gamemisc	control	Helpers	caller-vote	840
00658fa0	FUN_00658fa0	gamemisc	control	Helpers	caller-vote	872
00659320	FUN_00659320	gamemisc	control	Helpers	caller-vote	802
00659670	FUN_00659670	gamemisc	game_misc	_helpers_dtor-like	role:dtor-like	202
00659740	FUN_00659740	gamemisc	control	Helpers	caller-vote	496
00659940	Widget_deserialize_common_field	game	world	Proven	ledger	857
00659cf0	FUN_00659cf0	gamemisc	engine	Helpers	caller-vote	46
00659d20	plasma::ContinuousAttribute<plasma::Vector<4,float>_>::vfunction6	game	engine	ContinuousAttribute	rtti	66
00659d70	FUN_00659d70	gamemisc	game_misc	Unsorted_002	none	114
00659df0	FUN_00659df0	gamemisc	engine	Helpers	caller-vote	144
00659e80	FUN_00659e80	gamemisc	control	Helpers	caller-vote	112
00659ef0	FUN_00659ef0	gamemisc	engine	Unsorted	logic:caller-vote	82
00659f50	FUN_00659f50	lib	_library	freetype	lib-island	81
00659fb0	FUN_00659fb0	gamemisc	game_misc	_helpers_wrapper	role:wrapper	40
00659fe0	FUN_00659fe0	lib	_library	freetype	lib-island	40
0065a010	FUN_0065a010	gamemisc	control	Helpers	caller-vote	42
0065a040	FUN_0065a040	gamemisc	control	Helpers	caller-vote	130
0065a0c2	Catch_All@0065a0c2	lib	_library	eh_funclets	eh	8
0065a0e0	FUN_0065a0e0	gamemisc	game_misc	_helpers_wrapper	role:wrapper	34
0065a110	FUN_0065a110	gamemisc	world	Helpers	caller-vote	58
0065a150	FUN_0065a150	lib	_library	freetype	lib-island	112
0065a1c0	FUN_0065a1c0	lib	_library	freetype	lib-island	521
0065a3f0	FUN_0065a3f0	lib	_library	freetype	lib-island	586
0065a601	Catch_All@0065a601	lib	_library	eh_funclets	eh	20
0065a650	FUN_0065a650	lib	_library	freetype	lib-island	433
0065a83f	Catch_All@0065a83f	lib	_library	eh_funclets	eh	20
0065a860	FUN_0065a860	gamemisc	game_misc	Unsorted_002	none	41
0065a890	FUN_0065a890	lib	_library	freetype	lib-island	76
0065a8e0	FUN_0065a8e0	lib	_library	freetype	lib-island	27
0065a900	plasma::ScalableFont::ScalableFont	game	engine	ScalableFont	rtti	398
0065aa90	FUN_0065aa90	gamemisc	game_misc	_helpers_wrapper	role:wrapper	15
0065aab0	FUN_0065aab0	gamemisc	game_misc	_helpers_wrapper	role:wrapper	28
0065aae0	FUN_0065aae0	gamemisc	game_misc	_helpers_wrapper	role:wrapper	18
0065ab10	plasma::ScalableFont::~ScalableFont	game	engine	ScalableFont	rtti	114
0065ac70	FUN_0065ac70	lib	_library	freetype	lib-island	257
0065ad80	FUN_0065ad80	lib	_library	freetype	lib-island	83
0065ade0	plasma::ScalableFont::deleting_destructor	game	engine	ScalableFont	rtti	30
0065ae10	FUN_0065ae10	gamemisc	engine	Unsorted	logic:caller-vote	103
0065ae80	FUN_0065ae80	gamemisc	game_misc	Unsorted_002	none	47
0065aeb0	FUN_0065aeb0	gamemisc	game_misc	_helpers_wrapper	role:wrapper	26
0065aef0	FUN_0065aef0	gamemisc	control	Helpers	caller-vote	219
0065afd0	FUN_0065afd0	gamemisc	control	Helpers	caller-vote	417
0065b180	FUN_0065b180	gamemisc	game_misc	_helpers_dtor-like	role:dtor-like	57
0065b1e0	FUN_0065b1e0	lib	_library	freetype	lib-island	179
0065b2a0	FUN_0065b2a0	gamemisc	control	Helpers	caller-vote	1271
0065b890	FUN_0065b890	gamemisc	control	Helpers	caller-vote	53
0065b8f0	FUN_0065b8f0	gamemisc	engine	Helpers	caller-vote	831
0065bc70	FUN_0065bc70	gamemisc	game_misc	Unsorted_002	none	958
0065c040	FUN_0065c040	gamemisc	game_misc	Unsorted_002	none	4069
0065d060	FUN_0065d060	gamemisc	control	Helpers	caller-vote	189
0065d120	FUN_0065d120	gamemisc	control	Helpers	caller-vote	626
0065d3d0	FUN_0065d3d0	lib	_library	freetype	lib-island	104
0065d440	FUN_0065d440	lib	_library	freetype	lib-island	122
0065d4c0	FUN_0065d4c0	gamemisc	game_misc	Unsorted_002	none	97
0065d530	FUN_0065d530	lib	_library	freetype	lib-island	2460
0065ded0	FUN_0065ded0	gamemisc	engine	Unsorted	logic:caller-vote	1130
0065e340	FUN_0065e340	lib	_library	freetype	lib-island	868
0065e6b0	FUN_0065e6b0	lib	_library	freetype	lib-island	97
0065e720	FUN_0065e720	lib	_library	freetype	lib-island	419
0065e8d0	FUN_0065e8d0	gamemisc	engine	Unsorted	logic:caller-vote	413
0065ea80	FUN_0065ea80	lib	_library	freetype	lib-island	1985
0065f260	FUN_0065f260	gamemisc	game_misc	Unsorted_002	none	360
0065f3d0	FUN_0065f3d0	gamemisc	game_misc	Unsorted_002	none	1958
0065fb80	FUN_0065fb80	gamemisc	game_misc	Unsorted_002	none	837
0065fef0	FUN_0065fef0	gamemisc	game_misc	Unsorted_002	none	804
00660240	FUN_00660240	gamemisc	engine	Helpers	caller-vote	42
00660270	FUN_00660270	lib	_library	freetype	lib-island	836
006605c0	FUN_006605c0	lib	_library	freetype	lib-island	292
006606f0	FUN_006606f0	lib	_library	freetype	lib-island	1109
00660b60	FUN_00660b60	lib	_library	freetype	lib-island	481
00660d50	FUN_00660d50	lib	_library	freetype	lib-island	765
00661050	plasma::Texture::Texture	game	engine	Texture	rtti	379
006611d0	plasma::Texture::~Texture	game	engine	Texture	rtti	64
00661230	plasma::Texture::deleting_destructor	game	engine	Texture	rtti	30
00661260	FUN_00661260	gamemisc	engine	Helpers	caller-vote	110
006612d0	FUN_006612d0	gamemisc	control	Helpers	caller-vote	24
006612f0	FUN_006612f0	gamemisc	control	Unsorted	logic:caller-vote	330
0066145d	Catch_All@0066145d	lib	_library	eh_funclets	eh	20
00661480	plasma::Attribute::Attribute	game	engine	Attribute	rtti	184
00661540	FUN_00661540	gamemisc	game_misc	_helpers_wrapper	role:wrapper	28
00661570	plasma::Attribute::~Attribute	game	engine	Attribute	rtti	198
00661680	FUN_00661680	gamemisc	engine	Unsorted	logic:caller-vote	392
00661830	FUN_00661830	gamemisc	control	_helpers_dtor-like	role:dtor-like	216
00661910	plasma::Attribute::deleting_destructor	game	engine	Attribute	rtti	30
00661940	FUN_00661940	gamemisc	game_misc	_helpers_dtor-like	role:dtor-like	78
006619a0	FUN_006619a0	gamemisc	control	Helpers	caller-vote	125
00661a20	FUN_00661a20	gamemisc	game_misc	Unsorted_002	none	189
00661ae0	FUN_00661ae0	gamemisc	game_misc	Unsorted_002	none	647
00661d90	FUN_00661d90	gamemisc	engine	Helpers	caller-vote	93
00661df0	FUN_00661df0	gamemisc	engine	Unsorted	logic:caller-vote	392
00661f80	FUN_00661f80	gamemisc	control	Helpers	caller-vote	569
006621e0	FUN_006621e0	gamemisc	control	Helpers	caller-vote	259
00662300	FUN_00662300	gamemisc	engine	Helpers	caller-vote	897
00662690	FUN_00662690	gamemisc	engine	Helpers	caller-vote	23
006626b0	FUN_006626b0	gamemisc	engine	Helpers	caller-vote	20
006626d0	FUN_006626d0	gamemisc	game_misc	Unsorted_002	none	88
00662730	plasma::Object::Object	game	engine	Object	rtti	47
00662760	plasma::Object::~Object	game	engine	Object	rtti	47
006627a0	plasma::Object::deleting_destructor	game	engine	Object	rtti	71
006627f0	plasma::ScrollSlider::ScrollSlider	game	engine	ScrollSlider	rtti	62
00662830	plasma::ScrollSlider::deleting_destructor	game	engine	ScrollSlider	rtti	43
00662860	FUN_00662860	gamemisc	engine	Helpers	caller-vote	404
00662a00	plasma::ScrollSlider::vfunction41	game	engine	ScrollSlider	rtti	156
00662aa0	plasma::ScrollSlider::vfunction8	game	engine	ScrollSlider	rtti	99
00662b10	plasma::ScrollSlider::vfunction12	game	engine	ScrollSlider	rtti	100
00662b80	plasma::ScrollSlider::vfunction22	game	engine	ScrollSlider	rtti	557
00662db0	plasma::ScrollSlider::vfunction10	game	engine	ScrollSlider	rtti	29
00662dd0	FUN_00662dd0	gamemisc	engine	Helpers	caller-vote	49
00662e10	FUN_00662e10	gamemisc	engine	Helpers	caller-vote	217
00662f00	FUN_00662f00	gamemisc	engine	Helpers	caller-vote	168
00662fb0	mutator_662fb0	gamemisc	game_misc	_helpers_mutator	role:mutator	16
00662fc0	FUN_00662fc0	gamemisc	engine	Helpers	caller-vote	52
00663000	FUN_00663000	gamemisc	engine	Helpers	caller-vote	152
006630a0	FUN_006630a0	gamemisc	engine	Helpers	caller-vote	140
0066311a	Catch_All@0066311a	lib	_library	eh_funclets	eh	35
00663150	FUN_00663150	gamemisc	engine	Helpers	caller-vote	47
00663180	plasma::DiscreteAttribute<std::basic_string<wchar_t,std::char_traits<wchar_t>,std::allocator<wchar_t>_>_>::DiscreteAttribute<std::basic_string<wchar_t,std::char_traits<wchar_t>,std::allocator<wchar_t>_>_>	game	engine	DiscreteAttribute	rtti	189
00663240	plasma::TextShape::TextShape	game	engine	TextShape	rtti	702
00663510	FUN_00663510	gamemisc	game_misc	_helpers_dtor-like	role:dtor-like	52
00663560	plasma::TextShape::~TextShape	game	engine	TextShape	rtti	291
00663710	plasma::DiscreteAttribute<std::basic_string<wchar_t,std::char_traits<wchar_t>,std::allocator<wchar_t>_>_>::vfunction1	game	engine	DiscreteAttribute	rtti	66
00663770	plasma::TextShape::deleting_destructor	game	engine	TextShape	rtti	30
006637a0	FUN_006637a0	gamemisc	engine	Helpers	caller-vote	802
00663953	Catch_All@00663953	lib	_library	eh_funclets	eh	71
00663a79	Catch_All@00663a79	lib	_library	eh_funclets	eh	38
00663b50	cube::Controller::vfunction5	game	control	Controller	rtti	3
00663b60	plasma::DiscreteAttribute<std::basic_string<wchar_t,std::char_traits<wchar_t>,std::allocator<wchar_t>_>_>::vfunction3	game	engine	DiscreteAttribute	rtti	185
00663c20	plasma::TextShape::vfunction8	game	engine	TextShape	rtti	27
00663c40	plasma::TextShape::vfunction7	game	engine	TextShape	rtti	27
00663c60	plasma::TextShape::vfunction14	game	engine	TextShape	rtti	308
00663da0	plasma::TextShape::vfunction3	game	engine	TextShape	rtti	271
00663eb0	FUN_00663eb0	gamemisc	game_misc	_helpers_wrapper	role:wrapper	39
00663ee0	FUN_00663ee0	gamemisc	engine	Helpers	caller-vote	137
00663f70	plasma::DiscreteAttribute<std::basic_string<wchar_t,std::char_traits<wchar_t>,std::allocator<wchar_t>_>_>::vfunction5	game	engine	DiscreteAttribute	rtti	101
00663fe0	plasma::Shape::vfunction4	game	engine	Shape	rtti	5
00663ff0	plasma::DiscreteAttribute<std::basic_string<wchar_t,std::char_traits<wchar_t>,std::allocator<wchar_t>_>_>::vfunction4	game	engine	DiscreteAttribute	rtti	194
006640c0	plasma::DiscreteAttribute<std::basic_string<wchar_t,std::char_traits<wchar_t>,std::allocator<wchar_t>_>_>::vfunction7	game	engine	DiscreteAttribute	rtti	317
00664210	plasma::TextShape::vfunction5	game	engine	TextShape	rtti	71
00664260	plasma::TextShape::vfunction4	game	engine	TextShape	rtti	1046
00664680	plasma::DiscreteAttribute<std::basic_string<wchar_t,std::char_traits<wchar_t>,std::allocator<wchar_t>_>_>::vfunction2	game	engine	DiscreteAttribute	rtti	24
006646a0	plasma::DiscreteAttribute<std::basic_string<wchar_t,std::char_traits<wchar_t>,std::allocator<wchar_t>_>_>::vfunction6	game	engine	DiscreteAttribute	rtti	194
00664770	plasma::TextShape::vfunction2	game	engine	TextShape	rtti	423
00664920	plasma::TextShape::vfunction15	game	engine	TextShape	rtti	219
00664a00	plasma::Shape::vfunction13	game	engine	Shape	rtti	3
00664a10	plasma::Keyable::Keyable	game	engine	Keyable	rtti	185
00664ad0	plasma::Keyable::~Keyable	game	engine	Keyable	rtti	85
00664b70	plasma::Keyable::deleting_destructor	game	engine	Keyable	rtti	30
00664ba0	FUN_00664ba0	gamemisc	engine	Helpers	caller-vote	72
00664bf0	FUN_00664bf0	gamemisc	game_misc	Unsorted_002	none	30
00664c10	FUN_00664c10	gamemisc	engine	Unsorted	logic:caller-vote	80
00664c60	FUN_00664c60	gamemisc	engine	Helpers	caller-vote	78
00664cc0	FUN_00664cc0	gamemisc	engine	Helpers	caller-vote	35
00664cf0	FUN_00664cf0	gamemisc	game_misc	Unsorted_002	none	98
00664d60	plasma::Button::Button	game	engine	Button	rtti	491
00664f50	plasma::Button::Button	game	engine	Button	rtti	518
00665160	plasma::Button::~Button	game	engine	Button	rtti	73
00665370	plasma::Button::deleting_destructor_for_NamedObject	game	engine	Button	rtti	30
006653a0	FUN_006653a0	gamemisc	engine	Helpers	caller-vote	425
00665550	plasma::Button::clone_for_NamedObject	game	engine	Button	rtti	114
006655d0	plasma::Button::vfunction8_for_NamedObject	game	engine	Button	rtti	964
006659d0	plasma::Button::vfunction14_for_NamedObject	game	engine	Button	rtti	5
006659e0	plasma::Button::vfunction12_for_NamedObject	game	engine	Button	rtti	216
00665ac0	plasma::Button::vfunction13_for_NamedObject	game	engine	Button	rtti	64
00665b00	plasma::Button::vfunction23_for_NamedObject	game	engine	Button	rtti	45
00665b30	plasma::Button::vfunction24_for_NamedObject	game	engine	Button	rtti	45
00665b60	plasma::Button::vfunction28_for_NamedObject	game	engine	Button	rtti	106
00665bd0	FUN_00665bd0	gamemisc	engine	Helpers	caller-vote	161
00665c71	Catch_All@00665c71	lib	_library	eh_funclets	eh	8
00665c90	FUN_00665c90	lib	_library	freetype	lib-island	45
00665cc0	FUN_00665cc0	lib	_library	freetype	lib-island	48
00665cf0	FUN_00665cf0	lib	_library	freetype	lib-island	54
00665d30	FUN_00665d30	gamemisc	control	Helpers	caller-vote	511
00665f30	FUN_00665f30	gamemisc	engine	Helpers	caller-vote	313
00666069	Catch_All@00666069	lib	_library	eh_funclets	eh	9
00666080	FUN_00666080	lib	_library	freetype	lib-island	45
006660b0	FUN_006660b0	lib	_library	freetype	lib-island	40
006660e0	FUN_006660e0	lib	_library	freetype	lib-island	46
00666110	FUN_00666110	lib	_library	freetype	lib-island	60
00666150	FUN_00666150	lib	_library	freetype	lib-island	42
00666180	FUN_00666180	lib	_library	freetype	lib-island	43
006661b0	plasma::ContinuousArrayAttribute<float>::ContinuousArrayAttribute<float>	game	engine	ContinuousArrayAttribute	rtti	208
00666280	plasma::ContinuousArrayAttribute<plasma::Vector<2,float>_>::ContinuousArrayAttribute<plasma::Vector<2,float>_>	game	engine	ContinuousArrayAttribute	rtti	208
00666350	plasma::ContinuousArrayAttribute<plasma::Vector<4,float>_>::ContinuousArrayAttribute<plasma::Vector<4,float>_>	game	engine	ContinuousArrayAttribute	rtti	208
00666420	plasma::ContinuousAttribute<plasma::Matrix<float>_>::ContinuousAttribute<plasma::Matrix<float>_>	game	engine	ContinuousAttribute	rtti	167
006664d0	plasma::ContinuousAttribute<plasma::Vector<2,float>_>::ContinuousAttribute<plasma::Vector<2,float>_>	game	engine	ContinuousAttribute	rtti	167
00666580	plasma::MeshShape::MeshShape	game	engine	MeshShape	rtti	3493
00667370	plasma::ContinuousArrayAttribute<float>::~ContinuousArrayAttribute<float>	game	engine	ContinuousArrayAttribute	rtti	97
00667410	plasma::ContinuousArrayAttribute<plasma::Vector<2,float>_>::~ContinuousArrayAttribute<plasma::Vector<2,float>_>	game	engine	ContinuousArrayAttribute	rtti	97
006674b0	plasma::MeshShape::~MeshShape	game	engine	MeshShape	rtti	132
00667a90	FUN_00667a90	gamemisc	engine	Helpers	caller-vote	261
00667be0	FUN_00667be0	gamemisc	engine	Helpers	caller-vote	165
00667c90	FUN_00667c90	gamemisc	engine	Helpers	caller-vote	165
00667d40	plasma::ContinuousArrayAttribute<float>::deleting_destructor	game	engine	ContinuousArrayAttribute	rtti	30
00667d70	plasma::ContinuousArrayAttribute<plasma::Vector<2,float>_>::deleting_destructor	game	engine	ContinuousArrayAttribute	rtti	30
00667da0	plasma::MeshShape::deleting_destructor	game	engine	MeshShape	rtti	30
00667dd0	FUN_00667dd0	gamemisc	control	Helpers	caller-vote	119
00667e50	FUN_00667e50	lib	_library	freetype	lib-island	56
00667e90	FUN_00667e90	lib	_library	freetype	lib-island	72
00667ee0	FUN_00667ee0	gamemisc	game_misc	Unsorted_002	none	550
00668110	FUN_00668110	gamemisc	engine	Helpers	caller-vote	556
0066826a	Catch_All@0066826a	lib	_library	eh_funclets	eh	8
00668360	FUN_00668360	gamemisc	engine	Helpers	caller-vote	601
006684b8	Catch_All@006684b8	lib	_library	eh_funclets	eh	8
006685d0	FUN_006685d0	gamemisc	game_misc	Unsorted_002	none	643
0066874c	Catch_All@0066874c	lib	_library	eh_funclets	eh	8
00668870	FUN_00668870	gamemisc	engine	Helpers	caller-vote	185
0066892c	Catch_All@0066892c	lib	_library	eh_funclets	eh	8
00668950	FUN_00668950	gamemisc	control	Helpers	caller-vote	201
00668a1f	Catch_All@00668a1f	lib	_library	eh_funclets	eh	8
00668a40	FUN_00668a40	gamemisc	engine	Helpers	caller-vote	115
00668ac0	FUN_00668ac0	gamemisc	engine	Helpers	caller-vote	159
00668b60	plasma::MeshShape::vfunction19	game	engine	MeshShape	rtti	435
00668d20	plasma::ContinuousArrayAttribute<float>::vfunction3	game	engine	ContinuousArrayAttribute	rtti	178
00668de0	plasma::ContinuousArrayAttribute<plasma::Vector<2,float>_>::vfunction3	game	engine	ContinuousArrayAttribute	rtti	178
00668ea0	plasma::DiscreteAttribute<int>::vfunction3	game	engine	DiscreteAttribute	rtti	76
00668ef0	plasma::ContinuousAttribute<plasma::Matrix<float>_>::vfunction3	game	engine	ContinuousAttribute	rtti	191
00668fb0	plasma::ContinuousAttribute<plasma::Vector<2,float>_>::vfunction3	game	engine	ContinuousAttribute	rtti	79
00669000	plasma::ContinuousAttribute<plasma::Vector<3,float>_>::vfunction3	game	engine	ContinuousAttribute	rtti	95
00669060	plasma::MeshShape::vfunction8	game	engine	MeshShape	rtti	27
00669080	plasma::MeshShape::vfunction7	game	engine	MeshShape	rtti	27
006690a0	plasma::MeshShape::vfunction14	game	engine	MeshShape	rtti	421
00669250	FUN_00669250	lib	_library	freetype	lib-island	105
006692c0	FUN_006692c0	gamemisc	engine	Helpers	caller-vote	71
00669310	plasma::DiscreteAttribute<int>::vfunction5	game	engine	DiscreteAttribute	rtti	64
00669350	plasma::ContinuousAttribute<plasma::Matrix<float>_>::vfunction5	game	engine	ContinuousAttribute	rtti	101
006693c0	plasma::ContinuousAttribute<plasma::Vector<2,float>_>::vfunction5	game	engine	ContinuousAttribute	rtti	67
00669410	plasma::ContinuousAttribute<plasma::Vector<3,float>_>::vfunction5	game	engine	ContinuousAttribute	rtti	69
00669460	plasma::MeshShape::vfunction10	game	engine	MeshShape	rtti	364
006695d0	plasma::ContinuousArrayAttribute<float>::vfunction4	game	engine	ContinuousArrayAttribute	rtti	41
00669600	plasma::ContinuousArrayAttribute<plasma::Vector<2,float>_>::vfunction4	game	engine	ContinuousArrayAttribute	rtti	41
00669630	plasma::DiscreteAttribute<int>::vfunction4	game	engine	DiscreteAttribute	rtti	40
00669660	plasma::ContinuousAttribute<plasma::Matrix<float>_>::vfunction4	game	engine	ContinuousAttribute	rtti	53
006696a0	plasma::ContinuousAttribute<plasma::Vector<2,float>_>::vfunction4	game	engine	ContinuousAttribute	rtti	48
006696d0	plasma::ContinuousAttribute<plasma::Vector<3,float>_>::vfunction4	game	engine	ContinuousAttribute	rtti	77
00669720	plasma::ContinuousArrayAttribute<float>::vfunction7	game	engine	ContinuousArrayAttribute	rtti	300
00669850	plasma::ContinuousArrayAttribute<plasma::Vector<2,float>_>::vfunction7	game	engine	ContinuousArrayAttribute	rtti	1041
00669c70	plasma::ContinuousAttribute<float>::vfunction7	game	engine	ContinuousAttribute	rtti	178
00669d30	plasma::ContinuousAttribute<plasma::Matrix<float>_>::vfunction7	game	engine	ContinuousAttribute	rtti	2662
0066a7c0	plasma::ContinuousAttribute<plasma::Vector<2,float>_>::vfunction7	game	engine	ContinuousAttribute	rtti	396
0066a950	plasma::ContinuousAttribute<plasma::Vector<3,float>_>::vfunction7	game	engine	ContinuousAttribute	rtti	714
0066ac20	plasma::MeshShape::vfunction5	game	engine	MeshShape	rtti	354
0066ad90	plasma::ContinuousAttribute<plasma::Matrix<float>_>::vfunction2	game	engine	ContinuousAttribute	rtti	10
0066ada0	plasma::ContinuousAttribute<plasma::Vector<2,float>_>::vfunction2	game	engine	ContinuousAttribute	rtti	10
0066adb0	plasma::ContinuousAttribute<plasma::Vector<3,float>_>::vfunction2	game	engine	ContinuousAttribute	rtti	23
0066add0	FUN_0066add0	lib	_library	freetype	lib-island	101
0066ae40	FUN_0066ae40	gamemisc	engine	Helpers	caller-vote	143
0066aed0	FUN_0066aed0	gamemisc	engine	Helpers	caller-vote	227
0066afc0	plasma::ContinuousArrayAttribute<float>::vfunction6	game	engine	ContinuousArrayAttribute	rtti	47
0066aff0	plasma::ContinuousArrayAttribute<plasma::Vector<2,float>_>::vfunction6	game	engine	ContinuousArrayAttribute	rtti	47
0066b020	plasma::DiscreteAttribute<int>::vfunction6	game	engine	DiscreteAttribute	rtti	40
0066b050	plasma::ContinuousAttribute<plasma::Matrix<float>_>::vfunction6	game	engine	ContinuousAttribute	rtti	53
0066b090	plasma::ContinuousAttribute<plasma::Vector<2,float>_>::vfunction6	game	engine	ContinuousAttribute	rtti	48
0066b0c0	plasma::ContinuousAttribute<plasma::Vector<3,float>_>::vfunction6	game	engine	ContinuousAttribute	rtti	77
0066b110	FUN_0066b110	lib	_library	freetype	lib-island	112
0066b180	FUN_0066b180	lib	_library	freetype	lib-island	112
0066b1f0	plasma::CurveShape::vfunction12	game	engine	CurveShape	rtti	12
0066b200	FUN_0066b200	gamemisc	engine	Helpers	caller-vote	1893
0066b9c0	FUN_0066b9c0	gamemisc	engine	Helpers	caller-vote	1200
0066be80	plasma::CurveShape::vfunction11	game	engine	CurveShape	rtti	12
0066be90	plasma::MeshShape::vfunction20	game	engine	MeshShape	rtti	438
0066c050	FUN_0066c050	gamemisc	engine	Helpers	caller-vote	2197
0066c8f0	plasma::MeshShape::vfunction13	game	engine	MeshShape	rtti	781
0066cc10	FUN_0066cc10	gamemisc	game_misc	Unsorted_002	none	120
0066cc90	FUN_0066cc90	gamemisc	game_misc	Unsorted_002	none	120
0066cd10	compute_66cd10	gamemisc	game_misc	_helpers_computed	role:computed	15
0066cd20	compute_66cd20	gamemisc	game_misc	_helpers_computed	role:computed	15
0066cd30	compute_66cd30	gamemisc	game_misc	_helpers_computed	role:computed	15
0066cd40	compute_66cd40	gamemisc	game_misc	_helpers_computed	role:computed	15
0066cd50	compute_66cd50	gamemisc	game_misc	_helpers_computed	role:computed	15
0066cd60	Concurrency::details::_MallocaArrayHolder<Concurrency::task_handle<Concurrency::_Parallel_chunk_helper<Concurrency::details::_Vector_iterator<Concurrency::concurrent_vector<plasma::QuadVertex*,std::allocator<plasma::QuadVertex*>_>,plasma::QuadVertex*>,int,<lambda_c31a3785b8ee29a1ce8445e019cbe6ee>,Concurrency::auto_partitioner,1>_>_>::~_MallocaArrayHolder<Concurrency::task_handle<Concurrency::_Parallel_chunk_helper<Concurrency::details::_Vector_iterator<Concurrency::concurrent_vector<plasma::QuadVertex*,std::allocator<plasma::QuadVertex*>_>,plasma::QuadVertex*>,int,<lambda_c31a3785b8ee29a1ce8445e019cbe6ee>,Concurrency::auto_partitioner,1>_>_>	lib	_library	ppl	rtti-lib-ns	774
0066d070	Concurrency::details::_MallocaArrayHolder<Concurrency::task_handle<Concurrency::_Parallel_chunk_helper<Concurrency::details::_Vector_iterator<Concurrency::concurrent_vector<plasma::QuadVertex*,std::allocator<plasma::QuadVertex*>_>,plasma::QuadVertex*>,int,<lambda_fe4ce4a6aaf0318c62c756eaccc0431b>,Concurrency::auto_partitioner,1>_>_>::~_MallocaArrayHolder<Concurrency::task_handle<Concurrency::_Parallel_chunk_helper<Concurrency::details::_Vector_iterator<Concurrency::concurrent_vector<plasma::QuadVertex*,std::allocator<plasma::QuadVertex*>_>,plasma::QuadVertex*>,int,<lambda_fe4ce4a6aaf0318c62c756eaccc0431b>,Concurrency::auto_partitioner,1>_>_>	lib	_library	ppl	rtti-lib-ns	774
0066d380	Concurrency::details::_MallocaArrayHolder<Concurrency::task_handle<Concurrency::_Parallel_chunk_helper<Concurrency::details::_Vector_iterator<Concurrency::concurrent_vector<plasma::QuadEdge,std::allocator<plasma::QuadEdge>_>,plasma::QuadEdge>,int,<lambda_9843e8019373a7557d3f3e498d32c258>,Concurrency::auto_partitioner,1>_>_>::~_MallocaArrayHolder<Concurrency::task_handle<Concurrency::_Parallel_chunk_helper<Concurrency::details::_Vector_iterator<Concurrency::concurrent_vector<plasma::QuadEdge,std::allocator<plasma::QuadEdge>_>,plasma::QuadEdge>,int,<lambda_9843e8019373a7557d3f3e498d32c258>,Concurrency::auto_partitioner,1>_>_>	lib	_library	ppl	rtti-lib-ns	774
0066d690	Concurrency::details::_MallocaArrayHolder<Concurrency::task_handle<Concurrency::_Parallel_chunk_helper<Concurrency::details::_Vector_iterator<Concurrency::concurrent_vector<plasma::QuadEdge,std::allocator<plasma::QuadEdge>_>,plasma::QuadEdge>,int,<lambda_e3fd6255bcf168381cb2d01c4cfc52ca>,Concurrency::auto_partitioner,1>_>_>::~_MallocaArrayHolder<Concurrency::task_handle<Concurrency::_Parallel_chunk_helper<Concurrency::details::_Vector_iterator<Concurrency::concurrent_vector<plasma::QuadEdge,std::allocator<plasma::QuadEdge>_>,plasma::QuadEdge>,int,<lambda_e3fd6255bcf168381cb2d01c4cfc52ca>,Concurrency::auto_partitioner,1>_>_>	lib	_library	ppl	rtti-lib-ns	774
0066d9a0	Concurrency::details::_MallocaArrayHolder<Concurrency::task_handle<Concurrency::_Parallel_chunk_helper<Concurrency::details::_Vector_iterator<Concurrency::concurrent_vector<plasma::QuadFace,std::allocator<plasma::QuadFace>_>,plasma::QuadFace>,int,<lambda_37224fa58ba67e25838a8994307bb82e>,Concurrency::auto_partitioner,1>_>_>::~_MallocaArrayHolder<Concurrency::task_handle<Concurrency::_Parallel_chunk_helper<Concurrency::details::_Vector_iterator<Concurrency::concurrent_vector<plasma::QuadFace,std::allocator<plasma::QuadFace>_>,plasma::QuadFace>,int,<lambda_37224fa58ba67e25838a8994307bb82e>,Concurrency::auto_partitioner,1>_>_>	lib	_library	ppl	rtti-lib-ns	774
0066dcb0	FUN_0066dcb0	gamemisc	game_misc	_helpers_dtor-like	role:dtor-like	193
0066dd80	FUN_0066dd80	gamemisc	game_misc	_helpers_dtor-like	role:dtor-like	125
0066de00	FUN_0066de00	gamemisc	game_misc	_helpers_dtor-like	role:dtor-like	126
0066de80	FUN_0066de80	gamemisc	game_misc	_helpers_dtor-like	role:dtor-like	126
0066df00	FUN_0066df00	gamemisc	game_misc	_helpers_dtor-like	role:dtor-like	126
0066df80	FUN_0066df80	gamemisc	game_misc	_helpers_wrapper	role:wrapper	102
0066dff0	FUN_0066dff0	gamemisc	game_misc	_helpers_wrapper	role:wrapper	102
0066e060	FUN_0066e060	gamemisc	game_misc	_helpers_wrapper	role:wrapper	102
0066e0d0	FUN_0066e0d0	gamemisc	game_misc	_helpers_wrapper	role:wrapper	102
0066e140	FUN_0066e140	gamemisc	game_misc	_helpers_wrapper	role:wrapper	102
0066e1b0	FUN_0066e1b0	gamemisc	game_misc	Unsorted_002	none	137
0066e240	Concurrency::details::_UnrealizedChore::~_UnrealizedChore	lib	_library	ppl	rtti-lib-ns	16
0066e250	std::bad_alloc::bad_alloc	lib	_library	stl	stl-ns	28
0066e270	Concurrency::missing_wait::missing_wait	lib	_library	ppl	rtti-lib-ns	28
0066e290	Concurrency::details::_MallocaArrayHolder<Concurrency::task_handle<Concurrency::_Parallel_chunk_helper<Concurrency::details::_Vector_iterator<Concurrency::concurrent_vector<plasma::QuadVertex*,std::allocator<plasma::QuadVertex*>_>,plasma::QuadVertex*>,int,<lambda_c31a3785b8ee29a1ce8445e019cbe6ee>,Concurrency::auto_partitioner,1>_>_>::~_MallocaArrayHolder<Concurrency::task_handle<Concurrency::_Parallel_chunk_helper<Concurrency::details::_Vector_iterator<Concurrency::concurrent_vector<plasma::QuadVertex*,std::allocator<plasma::QuadVertex*>_>,plasma::QuadVertex*>,int,<lambda_c31a3785b8ee29a1ce8445e019cbe6ee>,Concurrency::auto_partitioner,1>_>_>	lib	_library	ppl	rtti-lib-ns	180
0066e350	Concurrency::details::_MallocaArrayHolder<Concurrency::task_handle<Concurrency::_Parallel_chunk_helper<Concurrency::details::_Vector_iterator<Concurrency::concurrent_vector<plasma::QuadVertex*,std::allocator<plasma::QuadVertex*>_>,plasma::QuadVertex*>,int,<lambda_fe4ce4a6aaf0318c62c756eaccc0431b>,Concurrency::auto_partitioner,1>_>_>::~_MallocaArrayHolder<Concurrency::task_handle<Concurrency::_Parallel_chunk_helper<Concurrency::details::_Vector_iterator<Concurrency::concurrent_vector<plasma::QuadVertex*,std::allocator<plasma::QuadVertex*>_>,plasma::QuadVertex*>,int,<lambda_fe4ce4a6aaf0318c62c756eaccc0431b>,Concurrency::auto_partitioner,1>_>_>	lib	_library	ppl	rtti-lib-ns	180
0066e410	Concurrency::details::_MallocaArrayHolder<Concurrency::task_handle<Concurrency::_Parallel_chunk_helper<Concurrency::details::_Vector_iterator<Concurrency::concurrent_vector<plasma::QuadEdge,std::allocator<plasma::QuadEdge>_>,plasma::QuadEdge>,int,<lambda_9843e8019373a7557d3f3e498d32c258>,Concurrency::auto_partitioner,1>_>_>::~_MallocaArrayHolder<Concurrency::task_handle<Concurrency::_Parallel_chunk_helper<Concurrency::details::_Vector_iterator<Concurrency::concurrent_vector<plasma::QuadEdge,std::allocator<plasma::QuadEdge>_>,plasma::QuadEdge>,int,<lambda_9843e8019373a7557d3f3e498d32c258>,Concurrency::auto_partitioner,1>_>_>	lib	_library	ppl	rtti-lib-ns	180
0066e4d0	Concurrency::details::_MallocaArrayHolder<Concurrency::task_handle<Concurrency::_Parallel_chunk_helper<Concurrency::details::_Vector_iterator<Concurrency::concurrent_vector<plasma::QuadEdge,std::allocator<plasma::QuadEdge>_>,plasma::QuadEdge>,int,<lambda_e3fd6255bcf168381cb2d01c4cfc52ca>,Concurrency::auto_partitioner,1>_>_>::~_MallocaArrayHolder<Concurrency::task_handle<Concurrency::_Parallel_chunk_helper<Concurrency::details::_Vector_iterator<Concurrency::concurrent_vector<plasma::QuadEdge,std::allocator<plasma::QuadEdge>_>,plasma::QuadEdge>,int,<lambda_e3fd6255bcf168381cb2d01c4cfc52ca>,Concurrency::auto_partitioner,1>_>_>	lib	_library	ppl	rtti-lib-ns	180
0066e590	Concurrency::details::_MallocaArrayHolder<Concurrency::task_handle<Concurrency::_Parallel_chunk_helper<Concurrency::details::_Vector_iterator<Concurrency::concurrent_vector<plasma::QuadFace,std::allocator<plasma::QuadFace>_>,plasma::QuadFace>,int,<lambda_37224fa58ba67e25838a8994307bb82e>,Concurrency::auto_partitioner,1>_>_>::~_MallocaArrayHolder<Concurrency::task_handle<Concurrency::_Parallel_chunk_helper<Concurrency::details::_Vector_iterator<Concurrency::concurrent_vector<plasma::QuadFace,std::allocator<plasma::QuadFace>_>,plasma::QuadFace>,int,<lambda_37224fa58ba67e25838a8994307bb82e>,Concurrency::auto_partitioner,1>_>_>	lib	_library	ppl	rtti-lib-ns	180
0066e650	Concurrency::details::_MallocaListHolder<Concurrency::task_handle<Concurrency::_Parallel_chunk_helper<Concurrency::details::_Vector_iterator<Concurrency::concurrent_vector<plasma::QuadVertex*,std::allocator<plasma::QuadVertex*>_>,plasma::QuadVertex*>,int,<lambda_c31a3785b8ee29a1ce8445e019cbe6ee>,Concurrency::auto_partitioner,1>_>_>::~_MallocaListHolder<Concurrency::task_handle<Concurrency::_Parallel_chunk_helper<Concurrency::details::_Vector_iterator<Concurrency::concurrent_vector<plasma::QuadVertex*,std::allocator<plasma::QuadVertex*>_>,plasma::QuadVertex*>,int,<lambda_c31a3785b8ee29a1ce8445e019cbe6ee>,Concurrency::auto_partitioner,1>_>_>	lib	_library	ppl	rtti-lib-ns	158
0066e6f0	Concurrency::details::_MallocaListHolder<Concurrency::task_handle<Concurrency::_Parallel_chunk_helper<Concurrency::details::_Vector_iterator<Concurrency::concurrent_vector<plasma::QuadVertex*,std::allocator<plasma::QuadVertex*>_>,plasma::QuadVertex*>,int,<lambda_fe4ce4a6aaf0318c62c756eaccc0431b>,Concurrency::auto_partitioner,1>_>_>::~_MallocaListHolder<Concurrency::task_handle<Concurrency::_Parallel_chunk_helper<Concurrency::details::_Vector_iterator<Concurrency::concurrent_vector<plasma::QuadVertex*,std::allocator<plasma::QuadVertex*>_>,plasma::QuadVertex*>,int,<lambda_fe4ce4a6aaf0318c62c756eaccc0431b>,Concurrency::auto_partitioner,1>_>_>	lib	_library	ppl	rtti-lib-ns	158
0066e790	Concurrency::details::_MallocaListHolder<Concurrency::task_handle<Concurrency::_Parallel_chunk_helper<Concurrency::details::_Vector_iterator<Concurrency::concurrent_vector<plasma::QuadEdge,std::allocator<plasma::QuadEdge>_>,plasma::QuadEdge>,int,<lambda_9843e8019373a7557d3f3e498d32c258>,Concurrency::auto_partitioner,1>_>_>::~_MallocaListHolder<Concurrency::task_handle<Concurrency::_Parallel_chunk_helper<Concurrency::details::_Vector_iterator<Concurrency::concurrent_vector<plasma::QuadEdge,std::allocator<plasma::QuadEdge>_>,plasma::QuadEdge>,int,<lambda_9843e8019373a7557d3f3e498d32c258>,Concurrency::auto_partitioner,1>_>_>	lib	_library	ppl	rtti-lib-ns	158
0066e830	Concurrency::details::_MallocaListHolder<Concurrency::task_handle<Concurrency::_Parallel_chunk_helper<Concurrency::details::_Vector_iterator<Concurrency::concurrent_vector<plasma::QuadEdge,std::allocator<plasma::QuadEdge>_>,plasma::QuadEdge>,int,<lambda_e3fd6255bcf168381cb2d01c4cfc52ca>,Concurrency::auto_partitioner,1>_>_>::~_MallocaListHolder<Concurrency::task_handle<Concurrency::_Parallel_chunk_helper<Concurrency::details::_Vector_iterator<Concurrency::concurrent_vector<plasma::QuadEdge,std::allocator<plasma::QuadEdge>_>,plasma::QuadEdge>,int,<lambda_e3fd6255bcf168381cb2d01c4cfc52ca>,Concurrency::auto_partitioner,1>_>_>	lib	_library	ppl	rtti-lib-ns	158
0066e8d0	Concurrency::details::_MallocaListHolder<Concurrency::task_handle<Concurrency::_Parallel_chunk_helper<Concurrency::details::_Vector_iterator<Concurrency::concurrent_vector<plasma::QuadFace,std::allocator<plasma::QuadFace>_>,plasma::QuadFace>,int,<lambda_37224fa58ba67e25838a8994307bb82e>,Concurrency::auto_partitioner,1>_>_>::~_MallocaListHolder<Concurrency::task_handle<Concurrency::_Parallel_chunk_helper<Concurrency::details::_Vector_iterator<Concurrency::concurrent_vector<plasma::QuadFace,std::allocator<plasma::QuadFace>_>,plasma::QuadFace>,int,<lambda_37224fa58ba67e25838a8994307bb82e>,Concurrency::auto_partitioner,1>_>_>	lib	_library	ppl	rtti-lib-ns	158
0066e970	FUN_0066e970	gamemisc	game_misc	_helpers_dtor-like	role:dtor-like	47
0066e9a0	FUN_0066e9a0	gamemisc	game_misc	_helpers_wrapper	role:wrapper	94
0066ea00	FUN_0066ea00	gamemisc	game_misc	_helpers_wrapper	role:wrapper	94
0066ea60	FUN_0066ea60	gamemisc	game_misc	_helpers_wrapper	role:wrapper	94
0066eac0	FUN_0066eac0	gamemisc	game_misc	_helpers_wrapper	role:wrapper	94
0066eb20	FUN_0066eb20	gamemisc	game_misc	_helpers_wrapper	role:wrapper	94
0066eb80	FUN_0066eb80	gamemisc	game_misc	_indirect_callback	role:callback	101
0066ebf0	Concurrency::details::_Chore::~_Chore	lib	_library	ppl	rtti-lib-ns	7
0066ec00	std::bad_alloc::~bad_alloc	lib	_library	stl	stl-ns	12
0066ec20	FUN_0066ec20	gamemisc	game_misc	Unsorted_002	none	5
0066ec30	lib_fn_66ec30	lib	_library	cw_lib	ledger	323
0066ed80	FUN_0066ed80	gamemisc	game_misc	Unsorted_002	none	353
0066eef0	FUN_0066eef0	gamemisc	game_misc	Unsorted_002	none	728
0066f1d0	lib_fn_66f1d0	lib	_library	cw_lib	ledger	176
0066f280	FUN_0066f280	gamemisc	game_misc	Unsorted_002	none	249
0066f380	FUN_0066f380	gamemisc	game_misc	Unsorted_002	none	736
0066f660	Concurrency::task_handle<Concurrency::_Parallel_chunk_helper<Concurrency::details::_Vector_iterator<Concurrency::concurrent_vector<plasma::QuadVertex*,std::allocator<plasma::QuadVertex*>_>,plasma::QuadVertex*>,int,<lambda_c31a3785b8ee29a1ce8445e019cbe6ee>,Concurrency::auto_partitioner,1>_>::~task_handle<Concurrency::_Parallel_chunk_helper<Concurrency::details::_Vector_iterator<Concurrency::concurrent_vector<plasma::QuadVertex*,std::allocator<plasma::QuadVertex*>_>,plasma::QuadVertex*>,int,<lambda_c31a3785b8ee29a1ce8445e019cbe6ee>,Concurrency::auto_partitioner,1>_>	lib	_library	ppl	rtti-lib-ns	1089
0066fab0	Concurrency::task_handle<Concurrency::_Parallel_chunk_helper<Concurrency::details::_Vector_iterator<Concurrency::concurrent_vector<plasma::QuadVertex*,std::allocator<plasma::QuadVertex*>_>,plasma::QuadVertex*>,int,<lambda_fe4ce4a6aaf0318c62c756eaccc0431b>,Concurrency::auto_partitioner,1>_>::~task_handle<Concurrency::_Parallel_chunk_helper<Concurrency::details::_Vector_iterator<Concurrency::concurrent_vector<plasma::QuadVertex*,std::allocator<plasma::QuadVertex*>_>,plasma::QuadVertex*>,int,<lambda_fe4ce4a6aaf0318c62c756eaccc0431b>,Concurrency::auto_partitioner,1>_>	lib	_library	ppl	rtti-lib-ns	1187
0066ff60	Concurrency::task_handle<Concurrency::_Parallel_chunk_helper<Concurrency::details::_Vector_iterator<Concurrency::concurrent_vector<plasma::QuadEdge,std::allocator<plasma::QuadEdge>_>,plasma::QuadEdge>,int,<lambda_9843e8019373a7557d3f3e498d32c258>,Concurrency::auto_partitioner,1>_>::~task_handle<Concurrency::_Parallel_chunk_helper<Concurrency::details::_Vector_iterator<Concurrency::concurrent_vector<plasma::QuadEdge,std::allocator<plasma::QuadEdge>_>,plasma::QuadEdge>,int,<lambda_9843e8019373a7557d3f3e498d32c258>,Concurrency::auto_partitioner,1>_>	lib	_library	ppl	rtti-lib-ns	1188
00670410	Concurrency::task_handle<Concurrency::_Parallel_chunk_helper<Concurrency::details::_Vector_iterator<Concurrency::concurrent_vector<plasma::QuadEdge,std::allocator<plasma::QuadEdge>_>,plasma::QuadEdge>,int,<lambda_e3fd6255bcf168381cb2d01c4cfc52ca>,Concurrency::auto_partitioner,1>_>::~task_handle<Concurrency::_Parallel_chunk_helper<Concurrency::details::_Vector_iterator<Concurrency::concurrent_vector<plasma::QuadEdge,std::allocator<plasma::QuadEdge>_>,plasma::QuadEdge>,int,<lambda_e3fd6255bcf168381cb2d01c4cfc52ca>,Concurrency::auto_partitioner,1>_>	lib	_library	ppl	rtti-lib-ns	1188
006708c0	Concurrency::task_handle<Concurrency::_Parallel_chunk_helper<Concurrency::details::_Vector_iterator<Concurrency::concurrent_vector<plasma::QuadFace,std::allocator<plasma::QuadFace>_>,plasma::QuadFace>,int,<lambda_37224fa58ba67e25838a8994307bb82e>,Concurrency::auto_partitioner,1>_>::~task_handle<Concurrency::_Parallel_chunk_helper<Concurrency::details::_Vector_iterator<Concurrency::concurrent_vector<plasma::QuadFace,std::allocator<plasma::QuadFace>_>,plasma::QuadFace>,int,<lambda_37224fa58ba67e25838a8994307bb82e>,Concurrency::auto_partitioner,1>_>	lib	_library	ppl	rtti-lib-ns	1188
00670d70	Concurrency::details::_MallocaArrayHolder<Concurrency::task_handle<Concurrency::_Parallel_chunk_helper<Concurrency::details::_Vector_iterator<Concurrency::concurrent_vector<plasma::QuadVertex*,std::allocator<plasma::QuadVertex*>_>,plasma::QuadVertex*>,int,<lambda_c31a3785b8ee29a1ce8445e019cbe6ee>,Concurrency::auto_partitioner,1>_>_>::deleting_destructor	lib	_library	ppl	rtti-lib-ns	30
00670da0	Concurrency::details::_MallocaArrayHolder<Concurrency::task_handle<Concurrency::_Parallel_chunk_helper<Concurrency::details::_Vector_iterator<Concurrency::concurrent_vector<plasma::QuadVertex*,std::allocator<plasma::QuadVertex*>_>,plasma::QuadVertex*>,int,<lambda_fe4ce4a6aaf0318c62c756eaccc0431b>,Concurrency::auto_partitioner,1>_>_>::deleting_destructor	lib	_library	ppl	rtti-lib-ns	30
00670dd0	Concurrency::details::_MallocaArrayHolder<Concurrency::task_handle<Concurrency::_Parallel_chunk_helper<Concurrency::details::_Vector_iterator<Concurrency::concurrent_vector<plasma::QuadEdge,std::allocator<plasma::QuadEdge>_>,plasma::QuadEdge>,int,<lambda_9843e8019373a7557d3f3e498d32c258>,Concurrency::auto_partitioner,1>_>_>::deleting_destructor	lib	_library	ppl	rtti-lib-ns	30
00670e00	Concurrency::details::_MallocaArrayHolder<Concurrency::task_handle<Concurrency::_Parallel_chunk_helper<Concurrency::details::_Vector_iterator<Concurrency::concurrent_vector<plasma::QuadEdge,std::allocator<plasma::QuadEdge>_>,plasma::QuadEdge>,int,<lambda_e3fd6255bcf168381cb2d01c4cfc52ca>,Concurrency::auto_partitioner,1>_>_>::deleting_destructor	lib	_library	ppl	rtti-lib-ns	30
00670e30	Concurrency::details::_MallocaArrayHolder<Concurrency::task_handle<Concurrency::_Parallel_chunk_helper<Concurrency::details::_Vector_iterator<Concurrency::concurrent_vector<plasma::QuadFace,std::allocator<plasma::QuadFace>_>,plasma::QuadFace>,int,<lambda_37224fa58ba67e25838a8994307bb82e>,Concurrency::auto_partitioner,1>_>_>::deleting_destructor	lib	_library	ppl	rtti-lib-ns	30
00670e60	Concurrency::details::_MallocaListHolder<Concurrency::task_handle<Concurrency::_Parallel_chunk_helper<Concurrency::details::_Vector_iterator<Concurrency::concurrent_vector<plasma::QuadVertex*,std::allocator<plasma::QuadVertex*>_>,plasma::QuadVertex*>,int,<lambda_c31a3785b8ee29a1ce8445e019cbe6ee>,Concurrency::auto_partitioner,1>_>_>::deleting_destructor	lib	_library	ppl	rtti-lib-ns	30
00670e90	Concurrency::details::_MallocaListHolder<Concurrency::task_handle<Concurrency::_Parallel_chunk_helper<Concurrency::details::_Vector_iterator<Concurrency::concurrent_vector<plasma::QuadVertex*,std::allocator<plasma::QuadVertex*>_>,plasma::QuadVertex*>,int,<lambda_fe4ce4a6aaf0318c62c756eaccc0431b>,Concurrency::auto_partitioner,1>_>_>::deleting_destructor	lib	_library	ppl	rtti-lib-ns	30
00670ec0	Concurrency::details::_MallocaListHolder<Concurrency::task_handle<Concurrency::_Parallel_chunk_helper<Concurrency::details::_Vector_iterator<Concurrency::concurrent_vector<plasma::QuadEdge,std::allocator<plasma::QuadEdge>_>,plasma::QuadEdge>,int,<lambda_9843e8019373a7557d3f3e498d32c258>,Concurrency::auto_partitioner,1>_>_>::deleting_destructor	lib	_library	ppl	rtti-lib-ns	30
00670ef0	Concurrency::details::_MallocaListHolder<Concurrency::task_handle<Concurrency::_Parallel_chunk_helper<Concurrency::details::_Vector_iterator<Concurrency::concurrent_vector<plasma::QuadEdge,std::allocator<plasma::QuadEdge>_>,plasma::QuadEdge>,int,<lambda_e3fd6255bcf168381cb2d01c4cfc52ca>,Concurrency::auto_partitioner,1>_>_>::deleting_destructor	lib	_library	ppl	rtti-lib-ns	30
00670f20	Concurrency::details::_MallocaListHolder<Concurrency::task_handle<Concurrency::_Parallel_chunk_helper<Concurrency::details::_Vector_iterator<Concurrency::concurrent_vector<plasma::QuadFace,std::allocator<plasma::QuadFace>_>,plasma::QuadFace>,int,<lambda_37224fa58ba67e25838a8994307bb82e>,Concurrency::auto_partitioner,1>_>_>::deleting_destructor	lib	_library	ppl	rtti-lib-ns	30
00670f50	Concurrency::task_handle<Concurrency::_Parallel_chunk_helper<Concurrency::details::_Vector_iterator<Concurrency::concurrent_vector<plasma::QuadVertex*,std::allocator<plasma::QuadVertex*>_>,plasma::QuadVertex*>,int,<lambda_c31a3785b8ee29a1ce8445e019cbe6ee>,Concurrency::auto_partitioner,1>_>::vfunction1	lib	_library	ppl	rtti-lib-ns	122
00670fd0	Concurrency::task_handle<Concurrency::_Parallel_chunk_helper<Concurrency::details::_Vector_iterator<Concurrency::concurrent_vector<plasma::QuadVertex*,std::allocator<plasma::QuadVertex*>_>,plasma::QuadVertex*>,int,<lambda_fe4ce4a6aaf0318c62c756eaccc0431b>,Concurrency::auto_partitioner,1>_>::vfunction1	lib	_library	ppl	rtti-lib-ns	122
00671050	Concurrency::task_handle<Concurrency::_Parallel_chunk_helper<Concurrency::details::_Vector_iterator<Concurrency::concurrent_vector<plasma::QuadEdge,std::allocator<plasma::QuadEdge>_>,plasma::QuadEdge>,int,<lambda_9843e8019373a7557d3f3e498d32c258>,Concurrency::auto_partitioner,1>_>::vfunction1	lib	_library	ppl	rtti-lib-ns	122
006710d0	Concurrency::task_handle<Concurrency::_Parallel_chunk_helper<Concurrency::details::_Vector_iterator<Concurrency::concurrent_vector<plasma::QuadEdge,std::allocator<plasma::QuadEdge>_>,plasma::QuadEdge>,int,<lambda_e3fd6255bcf168381cb2d01c4cfc52ca>,Concurrency::auto_partitioner,1>_>::vfunction1	lib	_library	ppl	rtti-lib-ns	122
00671150	Concurrency::task_handle<Concurrency::_Parallel_chunk_helper<Concurrency::details::_Vector_iterator<Concurrency::concurrent_vector<plasma::QuadFace,std::allocator<plasma::QuadFace>_>,plasma::QuadFace>,int,<lambda_37224fa58ba67e25838a8994307bb82e>,Concurrency::auto_partitioner,1>_>::vfunction1	lib	_library	ppl	rtti-lib-ns	122
006711d0	Concurrency::details::_Chore::deleting_destructor	lib	_library	ppl	rtti-lib-ns	31
00671200	Concurrency::details::_UnrealizedChore::vfunction1	lib	_library	ppl	rtti-lib-ns	35
00671230	std::bad_alloc::deleting_destructor	lib	_library	stl	stl-ns	37
00671260	Concurrency::missing_wait::deleting_destructor	lib	_library	ppl	rtti-lib-ns	31
00671290	FUN_00671290	gamemisc	engine	_indirect_callback	role:callback	34
006712c0	FUN_006712c0	gamemisc	game_misc	_helpers_wrapper	role:wrapper	118
00671340	FUN_00671340	gamemisc	game_misc	Unsorted_002	none	218
00671420	FUN_00671420	gamemisc	engine	Helpers	caller-vote	43
00671450	FUN_00671450	gamemisc	engine	Helpers	caller-vote	739
00671750	FUN_00671750	gamemisc	engine	Helpers	caller-vote	2062
00671f80	FUN_00671f80	gamemisc	game_misc	Unsorted_002	none	587
006721d0	FUN_006721d0	gamemisc	game_misc	Unsorted_002	none	1064
00672600	FUN_00672600	gamemisc	game_misc	Unsorted_002	none	1022
00672a00	plasma::Drawing::Drawing	game	engine	Drawing	rtti	405
00672ba0	plasma::Drawing::~Drawing	game	engine	Drawing	rtti	298
00672e50	plasma::Drawing::deleting_destructor	game	engine	Drawing	rtti	30
00672e80	FUN_00672e80	gamemisc	game_misc	_helpers_dtor-like	role:dtor-like	201
00672f4f	Catch_All@00672f4f	lib	_library	eh_funclets	eh	8
00672f70	FUN_00672f70	gamemisc	game_misc	Unsorted_002	none	159
00673010	FUN_00673010	gamemisc	engine	Helpers	caller-vote	115
00673090	stl_fn_673090	lib	_library	cw_lib	ledger	4290
00674160	FUN_00674160	gamemisc	game_misc	Unsorted_002	none	1229
00674690	FUN_00674690	gamemisc	engine	Helpers	caller-vote	338
006747f0	FUN_006747f0	gamemisc	engine	Helpers	caller-vote	373
00674970	FUN_00674970	gamemisc	engine	Helpers	caller-vote	1378
00674ee0	std_vector_push_back_0xc	lib	_library	cw_lib	ledger	143
00674f80	FUN_00674f80	gamemisc	engine	Helpers	caller-vote	580
006751d0	FUN_006751d0	gamemisc	game_misc	_indirect_callback	role:callback	1165
00675660	cube::Controller::vfunction6	game	control	Controller	rtti	3
00675670	fwd_0066add0_675670	gamemisc	game_misc	_helpers_thunk	role:thunk	28
00675690	FUN_00675690	gamemisc	game_misc	Unsorted_002	none	359
00675800	plasma::Drawing::vfunction2	game	engine	Drawing	rtti	232
006758f0	FUN_006758f0	gamemisc	engine	Helpers	caller-vote	6499
00677290	plasma::StaticMeshShape::StaticMeshShape	game	engine	StaticMeshShape	rtti	48
006772c0	plasma::StaticMeshShape::deleting_destructor	game	engine	StaticMeshShape	rtti	148
00677360	plasma::StaticMeshShape::vfunction8	game	engine	StaticMeshShape	rtti	21
00677380	plasma::StaticMeshShape::vfunction7	game	engine	StaticMeshShape	rtti	21
006773a0	plasma::StaticMeshShape::vfunction3	game	engine	StaticMeshShape	rtti	130
00677430	plasma::StaticMeshShape::vfunction5	game	engine	StaticMeshShape	rtti	77
00677480	plasma::StaticMeshShape::vfunction20	game	engine	StaticMeshShape	rtti	431
00677630	FUN_00677630	gamemisc	engine	Unsorted	logic:caller-vote	44
00677660	FUN_00677660	gamemisc	engine	Unsorted	logic:caller-vote	249
00677760	FUN_00677760	gamemisc	engine	Helpers	caller-vote	48
00677790	FUN_00677790	gamemisc	engine	_helpers_wrapper	role:wrapper	103
00677800	FUN_00677800	gamemisc	engine	Unsorted	logic:caller-vote	343
0067795a	Catch_All@0067795a	lib	_library	eh_funclets	eh	17
00677970	FUN_00677970	gamemisc	engine	_helpers_wrapper	role:wrapper	28
00677990	FUN_00677990	gamemisc	control	Helpers	caller-vote	66
006779e0	FUN_006779e0	gamemisc	engine	Helpers	caller-vote	217
00677ac0	FUN_00677ac0	gamemisc	game_misc	_helpers_dtor-like	role:dtor-like	59
00677b00	FUN_00677b00	gamemisc	control	Unsorted	logic:caller-vote	150
00677b82	Catch_All@00677b82	lib	_library	eh_funclets	eh	39
00677bc0	plasma::Movie::Movie	game	engine	Movie	rtti	149
00677c60	plasma::Movie::~Movie	game	engine	Movie	rtti	86
00677ce0	plasma::Movie::deleting_destructor	game	engine	Movie	rtti	30
00677d10	FUN_00677d10	gamemisc	control	_helpers_dtor-like	role:dtor-like	239
00677e05	Catch_All@00677e05	lib	_library	eh_funclets	eh	8
00677e20	FUN_00677e20	gamemisc	control	Helpers	caller-vote	111
00677e90	FUN_00677e90	gamemisc	control	Helpers	caller-vote	261
00677fa0	FUN_00677fa0	gamemisc	control	Helpers	caller-vote	218
00678080	plasma::ContinuousAttribute<plasma::Vector<3,float>_>::ContinuousAttribute<plasma::Vector<3,float>_>	game	engine	ContinuousAttribute	rtti	731
00678370	plasma::Transformation::~Transformation	game	engine	Transformation	rtti	92
006784f0	plasma::Transformation::deleting_destructor	game	engine	Transformation	rtti	30
00678520	FUN_00678520	lib	_library	freetype	lib-island	47
00678550	plasma::Transformation::vfunction3	game	engine	Transformation	rtti	172
00678600	plasma::Transformation::vfunction2	game	engine	Transformation	rtti	2282
00678ef0	plasma::ContinuousAttribute<float>::ContinuousAttribute<float>	game	engine	ContinuousAttribute	rtti	923
006792a0	plasma::Display::~Display	game	engine	Display	rtti	92
00679460	plasma::Display::deleting_destructor	game	engine	Display	rtti	30
00679490	plasma::Display::vfunction3	game	engine	Display	rtti	221
00679570	FUN_00679570	gamemisc	engine	Helpers	caller-vote	452
00679740	FUN_00679740	gamemisc	engine	Helpers	caller-vote	757
00679a40	lib_fn_679a40	lib	_library	cw_lib	ledger	1066
00679e80	plasma::ContinuousAttribute<plasma::Vector<3,float>_>::ContinuousAttribute<plasma::Vector<3,float>_>	game	engine	ContinuousAttribute	rtti	1492
0067a470	plasma::CurveShape::~CurveShape	game	engine	CurveShape	rtti	424
0067a7b0	FUN_0067a7b0	gamemisc	engine	_helpers_dtor-like	role:dtor-like	259
0067a8c0	plasma::CurveShape::deleting_destructor	game	engine	CurveShape	rtti	30
0067a8f0	plasma::CurveShape::vfunction8	game	engine	CurveShape	rtti	27
0067a910	plasma::CurveShape::vfunction7	game	engine	CurveShape	rtti	27
0067a930	plasma::CurveShape::vfunction14	game	engine	CurveShape	rtti	319
0067aa70	FUN_0067aa70	gamemisc	engine	Helpers	caller-vote	191
0067ab30	plasma::CurveShape::vfunction5	game	engine	CurveShape	rtti	454
0067ad00	plasma::CurveShape::vfunction20	game	engine	CurveShape	rtti	4018
0067bcc0	FUN_0067bcc0	gamemisc	control	Helpers	caller-vote	57
0067bd00	FUN_0067bd00	gamemisc	control	Helpers	caller-vote	16
0067bd10	FUN_0067bd10	gamemisc	control	Helpers	caller-vote	45
0067bd40	FUN_0067bd40	gamemisc	control	Helpers	caller-vote	15
0067bd60	plasma::CurveShape::vfunction2	game	engine	CurveShape	rtti	3984
0067cd10	plasma::CurveShape::vfunction13	game	engine	CurveShape	rtti	724
0067cff0	plasma::GenericShape::GenericShape	game	engine	GenericShape	rtti	187
0067d0b0	plasma::GenericShape::deleting_destructor	game	engine	GenericShape	rtti	154
0067d150	plasma::GenericShape::vfunction8	game	engine	GenericShape	rtti	53
0067d190	plasma::GenericShape::vfunction7	game	engine	GenericShape	rtti	21
0067d1b0	plasma::GenericShape::vfunction14	game	engine	GenericShape	rtti	60
0067d1f0	plasma::GenericShape::vfunction20	game	engine	GenericShape	rtti	584
0067d440	plasma::GenericShape::vfunction2	game	engine	GenericShape	rtti	7
0067d450	plasma::ScrollButton::ScrollButton	game	engine	ScrollButton	rtti	72
0067d4a0	plasma::ScrollButton::deleting_destructor	game	engine	ScrollButton	rtti	43
0067d4d0	plasma::ScrollButton::vfunction41	game	engine	ScrollButton	rtti	170
0067d580	plasma::ScrollButton::vfunction8	game	engine	ScrollButton	rtti	67
0067d5d0	plasma::ScrollButton::vfunction12	game	engine	ScrollButton	rtti	121
0067d700	plasma::ScrollButton::vfunction28	game	engine	ScrollButton	rtti	394
0067d8a0	FUN_0067d8a0	gamemisc	engine	Helpers	caller-vote	49
0067d8e0	FUN_0067d8e0	gamemisc	engine	Helpers	caller-vote	232
0067d9e0	FUN_0067d9e0	gamemisc	control	Helpers	caller-vote	16
0067d9f0	plasma::ListWidget::ListWidget	game	engine	ListWidget	rtti	47
0067da20	plasma::ListWidget::deleting_destructor_for_NamedObject	game	engine	ListWidget	rtti	43
0067da50	plasma::ListWidget::vfunction41_for_NamedObject	game	engine	ListWidget	rtti	141
0067dae0	plasma::PopUpButton::PopUpButton	game	engine	PopUpButton	rtti	59
0067db20	plasma::PopUpButton::deleting_destructor	game	engine	PopUpButton	rtti	43
0067db50	plasma::PopUpButton::vfunction41	game	engine	PopUpButton	rtti	156
0067dbf0	FUN_0067dbf0	gamemisc	engine	Helpers	caller-vote	289
0067dd70	plasma::PopUpButton::vfunction31	game	engine	PopUpButton	rtti	162
0067de20	plasma::PopUpButton::vfunction8	game	engine	PopUpButton	rtti	52
0067de60	plasma::PopUpButton::vfunction12	game	engine	PopUpButton	rtti	39
0067de90	plasma::PopUpButton::vfunction13	game	engine	PopUpButton	rtti	35
0067dec0	FUN_0067dec0	lib	_library	freetype	lib-island	46
0067def0	FUN_0067def0	lib	_library	freetype	lib-island	489
0067e0a5	Catch_All@0067e0a5	lib	_library	eh_funclets	eh	8
0067e0f0	FUN_0067e0f0	lib	_library	freetype	lib-island	228
0067e1cf	Catch_All@0067e1cf	lib	_library	eh_funclets	eh	8
0067e210	plasma::PlasmaFont::PlasmaFont	game	engine	PlasmaFont	rtti	140
0067e2a0	plasma::PlasmaFont::~PlasmaFont	game	engine	PlasmaFont	rtti	132
0067e340	FUN_0067e340	lib	_library	freetype	lib-island	135
0067e3d0	plasma::PlasmaFont::deleting_destructor	game	engine	PlasmaFont	rtti	30
0067e400	plasma::PlasmaFont::vfunction5	game	engine	PlasmaFont	rtti	58
0067e440	plasma::PlasmaFont::vfunction4	game	engine	PlasmaFont	rtti	58
0067e480	FUN_0067e480	gamemisc	control	_helpers_wrapper	role:wrapper	61
0067e4d0	FUN_0067e4d0	lib	_library	freetype	lib-island	373
0067e660	plasma::PlasmaFont::vfunction6	game	engine	PlasmaFont	rtti	1173
0067eb10	FUN_0067eb10	gamemisc	game_misc	Unsorted_002	none	155
0067ebb0	plasma::PlasmaFont::vfunction3	game	engine	PlasmaFont	rtti	790
0067eed0	plasma::PlasmaFont::vfunction2	game	engine	PlasmaFont	rtti	723
0067f1b0	FUN_0067f1b0	lib	_library	freetype	lib-island	213
0067f290	plasma::PixelFont::PixelFont	game	engine	PixelFont	rtti	147
0067f330	plasma::PixelFont::~PixelFont	game	engine	PixelFont	rtti	132
0067f3d0	plasma::PixelFont::deleting_destructor	game	engine	PixelFont	rtti	30
0067f400	plasma::PixelFont::vfunction5	game	engine	PixelFont	rtti	21
0067f420	plasma::PixelFont::vfunction4	game	engine	PixelFont	rtti	21
0067f440	plasma::RenderSurface::vfunction7	game	engine	RenderSurface	rtti	3
0067f450	plasma::PixelFont::vfunction3	game	engine	PixelFont	rtti	718
0067f720	plasma::PixelFont::vfunction2	game	engine	PixelFont	rtti	602
0067f980	FUN_0067f980	gamemisc	game_misc	Unsorted_002	none	203
0067fa50	mutator_67fa50	gamemisc	game_misc	_helpers_mutator	role:mutator	13
0067fa60	FUN_0067fa60	gamemisc	game_misc	Unsorted_002	none	525
0067fc38	Catch_All@0067fc38	lib	_library	eh_funclets	eh	20
0067fc90	FUN_0067fc90	gamemisc	game_misc	Unsorted_002	none	257
0067fd6d	Catch_All@0067fd6d	lib	_library	eh_funclets	eh	20
0067fdb0	FUN_0067fdb0	gamemisc	control	Helpers	caller-vote	47
0067fde0	FUN_0067fde0	gamemisc	game_misc	Unsorted_002	none	731
006800d0	FUN_006800d0	gamemisc	game_misc	Unsorted_002	none	731
006803c0	FUN_006803c0	gamemisc	game_misc	Unsorted_002	none	731
006806b0	FUN_006806b0	gamemisc	game_misc	Unsorted_002	none	561
006808f0	FUN_006808f0	gamemisc	game_misc	Unsorted_002	none	576
00680b40	FUN_00680b40	gamemisc	game_misc	Unsorted_002	none	561
00680d80	FUN_00680d80	gamemisc	game_misc	Unsorted_002	none	576
00680fd0	FUN_00680fd0	gamemisc	game_misc	Unsorted_002	none	576
00681220	FUN_00681220	gamemisc	world	Helpers	caller-vote	28
00681240	FUN_00681240	gamemisc	game_misc	_helpers_wrapper	role:wrapper	28
00681260	FUN_00681260	gamemisc	control	Helpers	caller-vote	143
006812ef	Catch_All@006812ef	lib	_library	eh_funclets	eh	17
00681310	plasma::Exception::Exception	game	engine	Exception	rtti	55
00681350	plasma::IOException::IOException	game	engine	IOException	rtti	151
006813f0	plasma::InvalidDemoLicenseException::InvalidDemoLicenseException	game	engine	InvalidDemoLicenseException	rtti	27
00681410	plasma::InvalidDemoLicenseException::InvalidDemoLicenseException	game	engine	InvalidDemoLicenseException	rtti	202
006814e0	plasma::InvalidFileFormatException::InvalidFileFormatException	game	engine	InvalidFileFormatException	rtti	27
00681500	plasma::InvalidFileFormatException::InvalidFileFormatException	game	engine	InvalidFileFormatException	rtti	202
006815d0	plasma::InvalidVersionException::InvalidVersionException	game	engine	InvalidVersionException	rtti	27
006815f0	plasma::InvalidVersionException::InvalidVersionException	game	engine	InvalidVersionException	rtti	202
006816c0	FUN_006816c0	gamemisc	control	Helpers	caller-vote	345
00681820	FUN_00681820	gamemisc	game_misc	_helpers_wrapper	role:wrapper	15
00681840	FUN_00681840	gamemisc	game_misc	_helpers_dtor-like	role:dtor-like	69
00681890	FUN_00681890	gamemisc	game_misc	_helpers_dtor-like	role:dtor-like	261
006819e0	FUN_006819e0	gamemisc	control	Unsorted	logic:caller-vote	55
00681a20	FUN_00681a20	gamemisc	control	Helpers	caller-vote	49
00681a70	FUN_00681a70	gamemisc	game_misc	_helpers_dtor-like	role:dtor-like	122
00681af0	FUN_00681af0	gamemisc	game_misc	Unsorted_002	none	115
00681b70	FUN_00681b70	gamemisc	control	Helpers	caller-vote	104
00681bf0	FUN_00681bf0	gamemisc	game_misc	Unsorted_002	none	114
00681c70	PlasmaGraphics_loadDisplay	game	game_misc	Game	ledger	3394
00682a80	FUN_00682a80	gamemisc	game_misc	Unsorted_003	none	1487
00683070	FUN_00683070	gamemisc	game_misc	Unsorted_003	none	494
00683270	FUN_00683270	gamemisc	game_misc	Unsorted_003	none	1227
00683750	FUN_00683750	gamemisc	game_misc	_helpers_dtor-like	role:dtor-like	280
00683870	FUN_00683870	gamemisc	game_misc	Unsorted_003	none	1339
00683de0	FUN_00683de0	gamemisc	game_misc	_helpers_dtor-like	role:dtor-like	280
00683f00	FUN_00683f00	gamemisc	game_misc	Unsorted_003	none	2046
00684770	FUN_00684770	gamemisc	game_misc	Unsorted_003	none	497
00684970	FUN_00684970	gamemisc	game_misc	Unsorted_003	none	689
00684c30	FUN_00684c30	gamemisc	game_misc	Unsorted_003	none	689
00684ef0	FUN_00684ef0	gamemisc	game_misc	Unsorted_003	none	3032
00685b10	FUN_00685b10	gamemisc	game_misc	Unsorted_003	none	3305
00686820	FUN_00686820	gamemisc	game_misc	Unsorted_003	none	1976
00686ff0	FUN_00686ff0	gamemisc	game_misc	Unsorted_003	none	1092
00687440	FUN_00687440	gamemisc	game_misc	_helpers_dtor-like	role:dtor-like	280
00687560	Widget_readProperty	game	world	Proven	ledger	1366
00687ad0	FUN_00687ad0	gamemisc	world	Helpers	caller-vote	56
00687b10	FUN_00687b10	gamemisc	control	Helpers	caller-vote	100
00687b80	plasma::Shape::Shape	game	engine	Shape	rtti	154
00687c20	plasma::Shape::~Shape	game	engine	Shape	rtti	40
00687c60	plasma::Shape::scalar_deleting_destructor	game	engine	Shape	rtti	83
00687cf0	plasma::Widget::vfunction3_for_NamedObject	game	engine	Widget	rtti	23
00687d10	plasma::Widget::vfunction6_for_NamedObject	game	engine	Widget	rtti	5
00687d20	plasma::Font::Font	game	engine	Font	rtti	404
00687ec0	plasma::Font::~Font	game	engine	Font	rtti	74
00687f50	plasma::Font::deleting_destructor	game	engine	Font	rtti	30
00687f80	FUN_00687f80	gamemisc	engine	Helpers	caller-vote	69
00687fd0	FUN_00687fd0	gamemisc	engine	Helpers	caller-vote	95
00688030	FUN_00688030	gamemisc	control	Helpers	caller-vote	139
006880c0	FUN_006880c0	gamemisc	game_misc	Unsorted_003	none	178
00688180	FUN_00688180	gamemisc	world	Helpers	caller-vote	158
00688220	FUN_00688220	gamemisc	game_misc	Unsorted_003	none	610
00688490	FUN_00688490	gamemisc	world	Helpers	caller-vote	119
00688510	FUN_00688510	gamemisc	world	Helpers	caller-vote	247
00688610	FUN_00688610	gamemisc	world	Helpers	caller-vote	209
006886f0	FUN_006886f0	gamemisc	game_misc	Unsorted_003	none	114
00688770	FUN_00688770	gamemisc	engine	Helpers	caller-vote	39
006887a0	plasma::D3D9Engine::D3D9Engine	game	engine	D3D9Engine	rtti	341
00688900	plasma::D3D9Engine::~D3D9Engine	game	engine	D3D9Engine	rtti	291
00688af0	plasma::D3D9Engine::deleting_destructor	game	engine	D3D9Engine	rtti	30
00688b20	FUN_00688b20	gamemisc	world	Unsorted	logic:caller-vote	54
00688b60	plasma::D3D9Engine::vfunction20	game	engine	D3D9Engine	rtti	583
00688db0	plasma::D3D9Engine::vfunction22	game	engine	D3D9Engine	rtti	186
00688e70	plasma::D3D9Engine::vfunction17	game	engine	D3D9Engine	rtti	702
00689130	plasma::D3D9Engine::vfunction26	game	engine	D3D9Engine	rtti	1317
00689660	plasma::D3D9Engine::vfunction13	game	engine	D3D9Engine	rtti	107
006896d0	plasma::D3D9Engine::vfunction14	game	engine	D3D9Engine	rtti	111
00689740	plasma::D3D9Engine::vfunction3	game	engine	D3D9Engine	rtti	126
006897c0	plasma::D3D9Engine::vfunction4	game	engine	D3D9Engine	rtti	391
00689950	plasma::D3D9Engine::vfunction5	game	engine	D3D9Engine	rtti	407
00689af0	plasma::D3D9Engine::vfunction6	game	engine	D3D9Engine	rtti	594
00689d50	plasma::D3D9Engine::vfunction7	game	engine	D3D9Engine	rtti	478
00689f30	FUN_00689f30	gamemisc	engine	Helpers	caller-vote	793
0068a250	plasma::D3D9Engine::vfunction21	game	engine	D3D9Engine	rtti	13
0068a260	plasma::D3D9Engine::vfunction23	game	engine	D3D9Engine	rtti	73
0068a2c0	plasma::D3D9Engine::deleting_destructor	game	engine	D3D9Engine	rtti	92
0068a330	plasma::D3D9Engine::vfunction15	game	engine	D3D9Engine	rtti	27
0068a350	plasma::D3D9Engine::vfunction2	game	engine	D3D9Engine	rtti	860
0068a6b0	vdispatch_68a6b0	gamemisc	game_misc	_helpers_dispatch	role:dispatch	85
0068a710	FUN_0068a710	gamemisc	game_misc	Unsorted_003	none	198
0068a7e0	plasma::D3D9Engine::vfunction16	game	engine	D3D9Engine	rtti	27
0068a800	plasma::D3D9Engine::vfunction19	game	engine	D3D9Engine	rtti	265
0068a910	FUN_0068a910	gamemisc	engine	Helpers	caller-vote	86
0068a970	plasma::D3D9Drawing::D3D9Drawing	game	engine	D3D9Drawing	rtti	198
0068aa40	plasma::D3D9Drawing::~D3D9Drawing	game	engine	D3D9Drawing	rtti	185
0068ab00	plasma::D3D9Drawing::deleting_destructor	game	engine	D3D9Drawing	rtti	30
0068ab30	vdispatch_68ab30	gamemisc	game_misc	_helpers_dispatch	role:dispatch	57
0068ab70	plasma::D3D9Drawing::vfunction3	game	engine	D3D9Drawing	rtti	2840
0068b6a0	FUN_0068b6a0	gamemisc	game_misc	Unsorted_003	none	336
0068b7f0	plasma::D3D9Drawing::vfunction2	game	engine	D3D9Drawing	rtti	911
0068bb90	plasma::D3D9Texture::D3D9Texture	game	engine	D3D9Texture	rtti	120
0068bc10	plasma::D3D9Texture::deleting_destructor	game	engine	D3D9Texture	rtti	113
0068bc90	plasma::D3D9Texture::vfunction2	game	engine	D3D9Texture	rtti	336
0068bde0	plasma::D3D9Texture::vfunction3	game	engine	D3D9Texture	rtti	392
0068bf70	plasma::D3D9RenderSurface::D3D9RenderSurface	game	engine	D3D9RenderSurface	rtti	75
0068bfc0	plasma::D3D9RenderSurface::deleting_destructor	game	engine	D3D9RenderSurface	rtti	139
0068c050	plasma::D3D9RenderSurface::vfunction5	game	engine	D3D9RenderSurface	rtti	100
0068c0c0	plasma::D3D9RenderSurface::vfunction9	game	engine	D3D9RenderSurface	rtti	1556
0068c6e0	plasma::D3D9RenderSurface::vfunction10	game	engine	D3D9RenderSurface	rtti	133
0068c770	plasma::D3D9RenderSurface::vfunction4	game	engine	D3D9RenderSurface	rtti	67
0068c7c0	plasma::D3D9RenderSurface::vfunction6	game	engine	D3D9RenderSurface	rtti	763
0068cad0	plasma::D3D9RenderSurface::vfunction7	game	engine	D3D9RenderSurface	rtti	1068
0068cf10	plasma::D3D9RenderSurface::vfunction8	game	engine	D3D9RenderSurface	rtti	516
0068d290	plasma::D3D9RenderSurface::vfunction3	game	engine	D3D9RenderSurface	rtti	102
0068d300	vdispatch_68d300	gamemisc	game_misc	_helpers_dispatch	role:dispatch	65
0068d350	plasma::D3D9RenderSurface::vfunction2	game	engine	D3D9RenderSurface	rtti	198
0068d41c	KERNEL32.DLL::Sleep	lib	_library	imports	import-ns	6
0068d422	KERNEL32.DLL::DeleteFileA	lib	_library	imports	import-ns	6
0068d428	KERNEL32.DLL::LocalFree	lib	_library	imports	import-ns	6
0068d42e	KERNEL32.DLL::AreFileApisANSI	lib	_library	imports	import-ns	6
0068d434	KERNEL32.DLL::GetSystemTime	lib	_library	imports	import-ns	6
0068d43a	KERNEL32.DLL::GetTempPathA	lib	_library	imports	import-ns	6
0068d440	KERNEL32.DLL::GetCurrentProcessId	lib	_library	imports	import-ns	6
0068d446	KERNEL32.DLL::DeleteFileW	lib	_library	imports	import-ns	6
0068d44c	KERNEL32.DLL::CloseHandle	lib	_library	imports	import-ns	6
0068d452	KERNEL32.DLL::GetVersionExA	lib	_library	imports	import-ns	6
0068d45e	KERNEL32.DLL::GetFileAttributesExW	lib	_library	imports	import-ns	6
0068d464	KERNEL32.DLL::GetSystemInfo	lib	_library	imports	import-ns	6
0068d470	KERNEL32.DLL::CreateFileMappingW	lib	_library	imports	import-ns	6
0068d47c	KERNEL32.DLL::LoadLibraryA	lib	_library	imports	import-ns	6
0068d488	KERNEL32.DLL::LockFileEx	lib	_library	imports	import-ns	6
0068d494	KERNEL32.DLL::GetProcAddress	lib	_library	imports	import-ns	6
0068d49a	KERNEL32.DLL::GetLastError	lib	_library	imports	import-ns	6
0068d4a0	KERNEL32.DLL::GetTempPathW	lib	_library	imports	import-ns	6
0068d4a6	KERNEL32.DLL::FlushFileBuffers	lib	_library	imports	import-ns	6
0068d4ac	KERNEL32.DLL::MultiByteToWideChar	lib	_library	imports	import-ns	6
0068d4b2	KERNEL32.DLL::CreateFileW	lib	_library	imports	import-ns	6
0068d4b8	KERNEL32.DLL::ReadFile	lib	_library	imports	import-ns	6
0068d4be	KERNEL32.DLL::GetFileAttributesW	lib	_library	imports	import-ns	6
0068d4d0	KERNEL32.DLL::GetFileAttributesA	lib	_library	imports	import-ns	6
0068d4dc	KERNEL32.DLL::FormatMessageW	lib	_library	imports	import-ns	6
0068d4e2	KERNEL32.DLL::LoadLibraryW	lib	_library	imports	import-ns	6
0068d4e8	KERNEL32.DLL::WideCharToMultiByte	lib	_library	imports	import-ns	6
0068d4ee	KERNEL32.DLL::WriteFile	lib	_library	imports	import-ns	6
0068d4f4	KERNEL32.DLL::FormatMessageA	lib	_library	imports	import-ns	6
0068d4fa	KERNEL32.DLL::GetSystemTimeAsFileTime	lib	_library	imports	import-ns	6
0068d506	KERNEL32.DLL::UnlockFileEx	lib	_library	imports	import-ns	6
0068d50c	KERNEL32.DLL::GetTickCount	lib	_library	imports	import-ns	6
0068d518	KERNEL32.DLL::LockFile	lib	_library	imports	import-ns	6
0068d51e	KERNEL32.DLL::UnlockFile	lib	_library	imports	import-ns	6
0068d52a	KERNEL32.DLL::QueryPerformanceCounter	lib	_library	imports	import-ns	6
0068d53c	KERNEL32.DLL::FreeLibrary	lib	_library	imports	import-ns	6
0068d542	KERNEL32.DLL::SetEndOfFile	lib	_library	imports	import-ns	6
0068d548	KERNEL32.DLL::UnmapViewOfFile	lib	_library	imports	import-ns	6
0068d54e	KERNEL32.DLL::MapViewOfFile	lib	_library	imports	import-ns	6
0068d554	KERNEL32.DLL::SetFilePointer	lib	_library	imports	import-ns	6
0068d560	KERNEL32.DLL::GetFileSize	lib	_library	imports	import-ns	6
0068d566	KERNEL32.DLL::CreateFileA	lib	_library	imports	import-ns	6
0068d572	KERNEL32.DLL::GetFullPathNameA	lib	_library	imports	import-ns	6
0068d578	KERNEL32.DLL::GetFullPathNameW	lib	_library	imports	import-ns	6
0068d57e	vdispatch_68d57e	gamemisc	game_misc	_helpers_dispatch	role:dispatch	21
0068d593	FUN_0068d593	gamemisc	game_misc	_helpers_wrapper	role:wrapper	35
0068d5b7	Facet_Register	gamemisc	ui	Helpers	caller-vote	40
0068d5e0	MSVCP110.DLL::std::basic_ios<char,std::char_traits<char>_>::_Add_vtordisp2	lib	_library	stl	stl-ns	6
0068d5e6	MSVCP110.DLL::std::basic_streambuf<char,std::char_traits<char>_>::_Lock	lib	_library	stl	stl-ns	6
0068d5ec	MSVCP110.DLL::std::basic_streambuf<char,std::char_traits<char>_>::_Unlock	lib	_library	stl	stl-ns	6
0068d5f2	MSVCP110.DLL::std::basic_streambuf<char,std::char_traits<char>_>::imbue	lib	_library	stl	stl-ns	6
0068d5f8	MSVCP110.DLL::std::basic_streambuf<char,std::char_traits<char>_>::setbuf	lib	_library	stl	stl-ns	6
0068d5fe	MSVCP110.DLL::std::basic_streambuf<char,std::char_traits<char>_>::showmanyc	lib	_library	stl	stl-ns	6
0068d604	MSVCP110.DLL::std::basic_streambuf<char,std::char_traits<char>_>::sync	lib	_library	stl	stl-ns	6
0068d60a	MSVCP110.DLL::std::basic_streambuf<char,std::char_traits<char>_>::uflow	lib	_library	stl	stl-ns	6
0068d610	MSVCP110.DLL::std::basic_streambuf<char,std::char_traits<char>_>::xsgetn	lib	_library	stl	stl-ns	6
0068d616	MSVCP110.DLL::std::basic_streambuf<char,std::char_traits<char>_>::xsputn	lib	_library	stl	stl-ns	6
0068d61c	MSVCP110.DLL::std::basic_streambuf<wchar_t,std::char_traits<wchar_t>_>::_Lock	lib	_library	stl	stl-ns	6
0068d622	MSVCP110.DLL::std::basic_streambuf<wchar_t,std::char_traits<wchar_t>_>::_Unlock	lib	_library	stl	stl-ns	6
0068d628	MSVCP110.DLL::std::basic_streambuf<wchar_t,std::char_traits<wchar_t>_>::imbue	lib	_library	stl	stl-ns	6
0068d62e	MSVCP110.DLL::std::basic_streambuf<wchar_t,std::char_traits<wchar_t>_>::setbuf	lib	_library	stl	stl-ns	6
0068d634	MSVCP110.DLL::std::basic_streambuf<wchar_t,std::char_traits<wchar_t>_>::showmanyc	lib	_library	stl	stl-ns	6
0068d63a	MSVCP110.DLL::std::basic_streambuf<wchar_t,std::char_traits<wchar_t>_>::sync	lib	_library	stl	stl-ns	6
0068d640	MSVCP110.DLL::std::basic_streambuf<wchar_t,std::char_traits<wchar_t>_>::uflow	lib	_library	stl	stl-ns	6
0068d646	MSVCP110.DLL::std::basic_streambuf<wchar_t,std::char_traits<wchar_t>_>::xsgetn	lib	_library	stl	stl-ns	6
0068d64c	MSVCP110.DLL::std::basic_streambuf<wchar_t,std::char_traits<wchar_t>_>::xsputn	lib	_library	stl	stl-ns	6
0068d652	fwd_0068d668_68d652	gamemisc	game_misc	_helpers_thunk	role:thunk	9
0068d65c	MSVCP110.DLL::std::basic_ios<char,std::char_traits<char>_>::_Add_vtordisp1	lib	_library	stl	stl-ns	6
0068d662	MSVCR110.DLL::purecall	lib	_library	imports	import-ns	6
0068d668	MSVCR110.DLL::operator_new	lib	_library	imports	import-ns	6
0068d66e	MSVCR110.DLL::operator_delete	lib	_library	imports	import-ns	6
0068d6b0	__onexit	lib	_library	crt_stl	crt-name	153
0068d74c	compute_68d74c	gamemisc	game_misc	_helpers_computed	role:computed	9
0068d755	_atexit	gamemisc	game_misc	_helpers_mutator	role:mutator	21
0068d76a	MSVCR110.DLL::memmove	lib	_library	imports	import-ns	6
0068d770	MSVCR110.DLL::fclose	lib	_library	imports	import-ns	6
0068d788	__security_check_cookie	lib	_library	crt_stl	crt-name	15
0068d798	MSVCR110.DLL::_CxxThrowException	lib	_library	imports	import-ns	6
0068d79e	MSVCR110.DLL::__CxxFrameHandler3	lib	_library	imports	import-ns	6
0068d7a4	MSVCR110.DLL::libm_sse2_cos_precise	lib	_library	imports	import-ns	6
0068d7aa	MSVCR110.DLL::memcpy	lib	_library	imports	import-ns	6
0068d7b0	MSVCR110.DLL::memset	lib	_library	imports	import-ns	6
0068d7b6	type_info::vfunction1	lib	_library	sdk_classes	rtti-lib-ns	72
0068d800	`eh_vector_destructor_iterator'	gamemisc	world	Unsorted	logic:caller-vote	83
0068d85f	FUN_0068d85f	gamemisc	world	_helpers_wrapper	role:wrapper	16
0068d86f	__ArrayUnwind	gamemisc	world	Unsorted	logic:caller-vote	50
0068d8ce	MSVCR110.DLL::operator_delete[]	lib	_library	imports	import-ns	6
0068d8d4	MSVCR110.DLL::libm_sse2_pow_precise	lib	_library	imports	import-ns	6
0068d8e0	__alloca_probe	lib	_library	crt_stl	crt-name	43
0068d910	FUN_0068d910	gamemisc	control	Unsorted	logic:caller-vote	28
0068d946	FUN_0068d946	gamemisc	control	Unsorted	logic:caller-vote	117
0068d9bc	MSVCR110.DLL::libm_sse2_asin_precise	lib	_library	imports	import-ns	6
0068d9c2	MSVCR110.DLL::libm_sse2_sin_precise	lib	_library	imports	import-ns	6
0068d9c8	MSVCR110.DLL::libm_sse2_sqrt_precise	lib	_library	imports	import-ns	6
0068d9ce	MSVCR110.DLL::libm_sse2_tan_precise	lib	_library	imports	import-ns	6
0068d9e0	__alldiv	gamemisc	game_misc	Unsorted_003	none	170
0068da90	__allmul	gamemisc	control	Unsorted	logic:caller-vote	52
0068dac4	`eh_vector_constructor_iterator'	gamemisc	game_misc	Unsorted_003	none	76
0068db1c	FUN_0068db1c	gamemisc	game_misc	_helpers_wrapper	role:wrapper	16
0068db2c	MSVCR110.DLL::__RTDynamicCast	lib	_library	imports	import-ns	6
0068db32	MSVCR110.DLL::libm_sse2_acos_precise	lib	_library	imports	import-ns	6
0068db38	MSVCR110.DLL::fread	lib	_library	imports	import-ns	6
0068db3e	MSVCR110.DLL::ftell	lib	_library	imports	import-ns	6
0068db44	MSVCR110.DLL::free	lib	_library	imports	import-ns	6
0068db4a	MSVCR110.DLL::malloc	lib	_library	imports	import-ns	6
0068db50	MSVCR110.DLL::fopen	lib	_library	imports	import-ns	6
0068db56	MSVCR110.DLL::fseek	lib	_library	imports	import-ns	6
0068db5c	MSVCR110.DLL::sprintf	lib	_library	imports	import-ns	6
0068db62	MSVCR110.DLL::longjmp	lib	_library	imports	import-ns	6
0068db68	MSVCR110.DLL::setjmp3	lib	_library	imports	import-ns	6
0068db6e	___raise_securityfailure	lib	_library	freetype	lib-island	61
0068dbab	___report_gsfailure	lib	_library	crt_stl	crt-name	249
0068dca4	___report_rangecheckfailure	gamemisc	game_misc	_helpers_computed	role:computed	12
0068dcb0	___report_securityfailure	gamemisc	game_misc	Unsorted_003	none	206
0068dd7e	MSVCR110.DLL::floor	lib	_library	imports	import-ns	6
0068dd84	MSVCR110.DLL::realloc	lib	_library	imports	import-ns	6
0068dd8a	MSVCR110.DLL::strncmp	lib	_library	imports	import-ns	6
0068dd90	__alldvrm	gamemisc	game_misc	Unsorted_003	none	223
0068de70	__allrem	gamemisc	game_misc	Unsorted_003	none	178
0068df30	__allshl	gamemisc	audio	Helpers	caller-vote	31
0068df50	__aulldiv	gamemisc	game_misc	Unsorted_003	none	104
0068dfc0	__aulldvrm	gamemisc	game_misc	Unsorted_003	none	149
0068e060	__aullrem	gamemisc	game_misc	Unsorted_003	none	117
0068e0d6	MSVCR110.DLL::libm_sse2_exp_precise	lib	_library	imports	import-ns	6
0068e195	FUN_0068e195	gamemisc	game_misc	_indirect_dispatch-target	role:dispatch-target	75
0068e1e0	entry	gamemisc	game_misc	_indirect_dispatch-target	role:dispatch-target	396
0068e3a0	__allshr	gamemisc	audio	Helpers	caller-vote	33
0068e3d0	__alloca_probe_16	lib	_library	crt_stl	crt-name	22
0068e3e6	__alloca_probe_8	lib	_library	crt_stl	crt-name	22
0068e3fc	MSVCR110.DLL::qsort	lib	_library	imports	import-ns	6
0068e402	MSVCR110.DLL::memchr	lib	_library	imports	import-ns	6
0068e408	MSVCR110.DLL::libm_sse2_log_precise	lib	_library	imports	import-ns	6
0068e40e	MSVCR110.DLL::std::exception::what	lib	_library	stl	stl-ns	6
0068e414	MSVCR110.DLL::_lock	lib	_library	imports	import-ns	6
0068e41a	MSVCR110.DLL::_unlock	lib	_library	imports	import-ns	6
0068e420	MSVCR110.DLL::__dllonexit	lib	_library	imports	import-ns	6
0068e430	__SEH_prolog4	lib	_library	crt_stl	crt-name	69
0068e475	__SEH_epilog4	lib	_library	crt_stl	crt-name	20
0068e489	fwd_0068e8b2_68e489	gamemisc	game_misc	_helpers_thunk	role:thunk	35
0068e4ac	MSVCR110.DLL::type_info::~type_info	lib	_library	imports	import-ns	6
0068e4b2	MSVCR110.DLL::terminate	lib	_library	imports	import-ns	6
0068e5f2	MSVCR110.DLL::_crt_debugger_hook	lib	_library	imports	import-ns	6
0068e5f8	MSVCR110.DLL::__crtUnhandledException	lib	_library	imports	import-ns	6
0068e5fe	MSVCR110.DLL::__crtTerminateProcess	lib	_library	imports	import-ns	6
0068e604	FUN_0068e604	gamemisc	game_misc	_helpers_wrapper	role:wrapper	64
0068e65a	MSVCR110.DLL::_amsg_exit	lib	_library	imports	import-ns	6
0068e660	__FindPESection	gamemisc	game_misc	Unsorted_003	none	67
0068e6b0	__IsNonwritableInCurrentImage	gamemisc	game_misc	_helpers_dtor-like	role:dtor-like	164
0068e770	__ValidateImageBase	gamemisc	game_misc	Unsorted_003	none	49
0068e7a1	___security_init_cookie	lib	_library	crt_stl	crt-name	154
0068e83b	ret_const_68e83b	gamemisc	game_misc	_helpers_stub	role:stub	3
0068e83e	vdispatch_68e83e	gamemisc	game_misc	_helpers_dispatch	role:dispatch	32
0068e85e	vdispatch_68e85e	gamemisc	game_misc	_helpers_dispatch	role:dispatch	32
0068e87e	FUN_0068e87e	gamemisc	game_misc	_helpers_wrapper	role:wrapper	38
0068e8a6	MSVCR110.DLL::initterm_e	lib	_library	imports	import-ns	6
0068e8ac	MSVCR110.DLL::initterm	lib	_library	imports	import-ns	6
0068e8b2	MSVCR110.DLL::except_handler4_common	lib	_library	imports	import-ns	6
0068e8b8	MSVCR110.DLL::__crtSetUnhandledExceptionFilter	lib	_library	imports	import-ns	6
0068e8be	MSVCR110.DLL::_invoke_watson	lib	_library	imports	import-ns	6
0068e8c4	MSVCR110.DLL::_controlfp_s	lib	_library	imports	import-ns	6
0068e8ca	IPHLPAPI.DLL::GetAdaptersInfo	lib	_library	imports	import-ns	6
0068e8d0	FUN_0068e8d0	gamemisc	engine	Helpers	caller-vote	43
0068e900	FUN_0068e900	gamemisc	engine	Helpers	caller-vote	71
0068e950	FUN_0068e950	gamemisc	engine	Helpers	caller-vote	30
0068e970	FUN_0068e970	gamemisc	game_misc	Unsorted_003	none	35
0068e9a0	FUN_0068e9a0	lib	_library	freetype	lib-island	84
0068ea00	FUN_0068ea00	lib	_library	freetype	lib-island	52
0068ea40	FUN_0068ea40	lib	_library	freetype	lib-island	24
0068ea60	FUN_0068ea60	lib	_library	freetype	lib-island	196
0068eb30	FUN_0068eb30	gamemisc	game_misc	_indirect_dispatch-target	role:dispatch-target	141
0068ebc0	FUN_0068ebc0	lib	_library	freetype	lib-island	118
0068ec40	FUN_0068ec40	lib	_library	freetype	lib-island	134
0068ecd0	FUN_0068ecd0	gamemisc	game_misc	Unsorted_003	none	137
0068ed60	FUN_0068ed60	gamemisc	game_misc	_indirect_dispatch-target	role:dispatch-target	236
0068ee50	FUN_0068ee50	gamemisc	game_misc	_helpers_wrapper	role:wrapper	107
0068eec0	FUN_0068eec0	gamemisc	game_misc	Unsorted_003	none	51
0068ef00	FUN_0068ef00	gamemisc	game_misc	Unsorted_003	none	181
0068efc0	FUN_0068efc0	gamemisc	game_misc	Unsorted_003	none	95
0068f020	FUN_0068f020	lib	_library	freetype	lib-island	29
0068f040	FUN_0068f040	gamemisc	game_misc	Unsorted_003	none	69
0068f090	mutator_68f090	gamemisc	game_misc	_helpers_mutator	role:mutator	13
0068f0a0	FUN_0068f0a0	gamemisc	game_misc	_helpers_wrapper	role:wrapper	22
0068f0c0	FUN_0068f0c0	gamemisc	game_misc	Unsorted_003	none	79
0068f110	FUN_0068f110	lib	_library	freetype	lib-string	96
0068f170	FUN_0068f170	gamemisc	game_misc	Unsorted_003	none	32
0068f190	mutator_68f190	gamemisc	game_misc	_helpers_mutator	role:mutator	22
0068f1b0	FUN_0068f1b0	lib	_library	freetype	lib-island	150
0068f250	FUN_0068f250	lib	_library	freetype	lib-island	156
0068f2f0	FUN_0068f2f0	lib	_library	freetype	lib-island	178
0068f3b0	FUN_0068f3b0	lib	_library	freetype	lib-island	240
0068f4a0	FUN_0068f4a0	gamemisc	game_misc	Unsorted_003	none	94
0068f500	FUN_0068f500	lib	_library	freetype	lib-island	89
0068f560	FUN_0068f560	lib	_library	freetype	lib-island	143
0068f5f0	FUN_0068f5f0	lib	_library	freetype	lib-island	514
0068f810	FUN_0068f810	lib	_library	freetype	lib-island	78
0068f860	FUN_0068f860	lib	_library	freetype	lib-island	137
0068f8f0	FUN_0068f8f0	lib	_library	freetype	lib-island	150
0068f990	FUN_0068f990	lib	_library	freetype	lib-island	151
0068fa30	FUN_0068fa30	lib	_library	freetype	lib-island	224
0068fb10	FUN_0068fb10	gamemisc	game_misc	Unsorted_003	none	127
0068fb90	FUN_0068fb90	lib	_library	freetype	lib-island	30
0068fbb0	vdispatch_68fbb0	gamemisc	game_misc	_helpers_dispatch	role:dispatch	79
0068fc00	FUN_0068fc00	gamemisc	game_misc	Unsorted_003	none	97
0068fc70	vdispatch_68fc70	gamemisc	game_misc	_helpers_dispatch	role:dispatch	79
0068fcc0	FUN_0068fcc0	gamemisc	game_misc	Unsorted_003	none	32
0068fce0	FUN_0068fce0	lib	_library	freetype	lib-island	77
0068fd30	FUN_0068fd30	lib	_library	freetype	lib-island	45
0068fd60	fwd_0068fce0_68fd60	gamemisc	game_misc	_helpers_thunk	role:thunk	23
0068fd80	FUN_0068fd80	lib	_library	freetype	lib-island	112
0068fdf0	FUN_0068fdf0	gamemisc	game_misc	_helpers_wrapper	role:wrapper	31
0068fe10	vdispatch_68fe10	gamemisc	game_misc	_helpers_dispatch	role:dispatch	92
0068fe70	FUN_0068fe70	gamemisc	game_misc	_indirect_vfunc	role:vfunc-indirect	147
0068ff10	FUN_0068ff10	gamemisc	game_misc	_indirect_vfunc	role:vfunc-indirect	119
0068ff90	FUN_0068ff90	gamemisc	game_misc	Unsorted_003	none	931
00690340	FUN_00690340	lib	_library	freetype	lib-island	93
006903a0	FUN_006903a0	gamemisc	game_misc	_indirect_dispatch-target	role:dispatch-target	133
00690430	FUN_00690430	gamemisc	game_misc	Unsorted_003	none	140
006904c0	FUN_006904c0	lib	_library	freetype	lib-island	58
00690500	FUN_00690500	lib	_library	freetype	lib-island	87
00690560	FUN_00690560	lib	_library	freetype	lib-island	54
006905a0	FUN_006905a0	gamemisc	game_misc	Unsorted_003	none	685
00690880	FUN_00690880	lib	_library	freetype	lib-island	32
006908a0	FUN_006908a0	lib	_library	freetype	lib-island	22
006908c0	FUN_006908c0	lib	_library	freetype	lib-island	56
00690900	FUN_00690900	lib	_library	freetype	lib-island	36
00690930	FUN_00690930	lib	_library	freetype	lib-island	8
00690940	FUN_00690940	lib	_library	freetype	lib-island	118
006909c0	vdispatch_6909c0	gamemisc	game_misc	_helpers_dispatch	role:dispatch	89
00690a20	FUN_00690a20	gamemisc	game_misc	Unsorted_003	none	21
00690a40	FUN_00690a40	gamemisc	game_misc	Unsorted_003	none	44
00690a70	FUN_00690a70	gamemisc	game_misc	Unsorted_003	none	44
00690aa0	FUN_00690aa0	gamemisc	game_misc	Unsorted_003	none	56
00690ae0	FUN_00690ae0	gamemisc	game_misc	Unsorted_003	none	57
00690b20	vdispatch_690b20	gamemisc	game_misc	_helpers_dispatch	role:dispatch	94
00690b80	FUN_00690b80	lib	_library	freetype	lib-island	99
00690bf0	FUN_00690bf0	gamemisc	game_misc	Unsorted_003	none	99
00690c60	FUN_00690c60	gamemisc	game_misc	Unsorted_003	none	102
00690cd0	FUN_00690cd0	lib	_library	freetype	lib-island	111
00690d40	FUN_00690d40	gamemisc	game_misc	Unsorted_003	none	111
00690db0	FUN_00690db0	lib	_library	freetype	lib-island	85
00690e10	FUN_00690e10	lib	_library	freetype	lib-island	143
00690ea0	FUN_00690ea0	lib	_library	freetype	lib-island	213
00690f80	FUN_00690f80	lib	_library	freetype	lib-island	162
00691030	FUN_00691030	lib	_library	freetype	lib-island	52
00691070	FUN_00691070	lib	_library	freetype	lib-island	18
00691090	FUN_00691090	lib	_library	freetype	lib-island	62
006910d0	FUN_006910d0	lib	_library	freetype	lib-island	158
00691170	FUN_00691170	gamemisc	game_misc	Unsorted_003	none	110
006911e0	FUN_006911e0	lib	_library	freetype	lib-island	32
00691200	FUN_00691200	lib	_library	freetype	lib-island	60
00691240	FUN_00691240	lib	_library	freetype	lib-island	71
00691290	FUN_00691290	lib	_library	freetype	lib-island	26
006912b0	FUN_006912b0	gamemisc	game_misc	Unsorted_003	none	95
00691310	FUN_00691310	gamemisc	game_misc	Unsorted_003	none	72
00691360	FUN_00691360	gamemisc	game_misc	Unsorted_003	none	46
00691390	FUN_00691390	lib	_library	freetype	lib-island	31
006913b0	FUN_006913b0	lib	_library	freetype	lib-island	37
006913e0	FUN_006913e0	lib	_library	freetype	lib-island	35
00691410	FUN_00691410	lib	_library	freetype	lib-island	68
00691460	FUN_00691460	lib	_library	freetype	lib-island	82
006914c0	FUN_006914c0	gamemisc	game_misc	Unsorted_003	none	23
00691540	FUN_00691540	lib	_library	freetype	lib-island	101
006915b0	FUN_006915b0	lib	_library	freetype	lib-island	31
006915d0	FUN_006915d0	lib	_library	freetype	lib-island	42
00691600	FUN_00691600	lib	_library	freetype	lib-island	68
00691650	fwd_00691600_691650	gamemisc	game_misc	_helpers_thunk	role:thunk	23
00691670	FUN_00691670	lib	_library	freetype	lib-island	120
006916f0	FUN_006916f0	lib	_library	freetype	lib-island	108
00691760	FUN_00691760	lib	_library	freetype	lib-island	103
006917d0	vdispatch_6917d0	gamemisc	game_misc	_helpers_dispatch	role:dispatch	73
00691820	fwd_00691290_691820	gamemisc	game_misc	_helpers_thunk	role:thunk	32
00691840	FUN_00691840	lib	_library	freetype	lib-island	388
006919d0	FUN_006919d0	gamemisc	game_misc	Unsorted_003	none	180
00691a90	FUN_00691a90	gamemisc	game_misc	Unsorted_003	none	108
00691b00	FUN_00691b00	lib	_library	freetype	lib-island	34
00691b30	FUN_00691b30	gamemisc	engine	Unsorted	logic:caller-vote	89
00691b90	FUN_00691b90	lib	_library	freetype	lib-island	141
00691c20	FUN_00691c20	lib	_library	freetype	lib-island	190
00691ce0	FUN_00691ce0	lib	_library	freetype	lib-island	43
00691d10	FUN_00691d10	lib	_library	freetype	lib-island	133
00691da0	FUN_00691da0	lib	_library	freetype	lib-island	25
00691dc0	FUN_00691dc0	gamemisc	game_misc	Unsorted_003	none	255
00691ec0	FUN_00691ec0	lib	_library	freetype	lib-island	28
00691ee0	FUN_00691ee0	gamemisc	game_misc	Unsorted_003	none	70
00691f30	FUN_00691f30	lib	_library	freetype	lib-island	175
00691fe0	FUN_00691fe0	lib	_library	freetype	lib-island	39
00692010	FUN_00692010	gamemisc	game_misc	Unsorted_003	none	469
00692230	FUN_00692230	lib	_library	freetype	lib-island	89
00692290	FUN_00692290	lib	_library	freetype	lib-island	268
006923a0	FUN_006923a0	lib	_library	freetype	lib-island	43
006923d0	FUN_006923d0	lib	_library	freetype	lib-island	211
006924b0	FUN_006924b0	lib	_library	freetype	lib-island	103
00692520	FUN_00692520	gamemisc	game_misc	_helpers_wrapper	role:wrapper	82
00692580	FUN_00692580	lib	_library	freetype	lib-island	149
00692620	FUN_00692620	lib	_library	freetype	lib-island	765
00692920	FUN_00692920	lib	_library	freetype	lib-island	51
00692960	FUN_00692960	lib	_library	freetype	lib-island	77
006929b0	FUN_006929b0	lib	_library	freetype	lib-island	192
00692a70	FUN_00692a70	gamemisc	engine	_helpers_wrapper	role:wrapper	43
00692aa0	FUN_00692aa0	lib	_library	freetype	lib-island	304
00692be0	FUN_00692be0	lib	_library	freetype	lib-island	95
00692c40	FUN_00692c40	lib	_library	freetype	lib-island	189
00692d00	FUN_00692d00	lib	_library	freetype	lib-island	214
00692de0	FUN_00692de0	lib	_library	freetype	lib-island	620
00693060	FUN_00693060	lib	_library	freetype	lib-island	275
00693180	FUN_00693180	lib	_library	freetype	lib-island	88
006931e0	FUN_006931e0	lib	_library	freetype	lib-island	223
006932c0	FUN_006932c0	gamemisc	engine	Helpers	caller-vote	168
00693370	FUN_00693370	gamemisc	engine	Helpers	caller-vote	103
006933e0	FUN_006933e0	gamemisc	engine	Helpers	caller-vote	95
00693440	FUN_00693440	gamemisc	engine	Helpers	caller-vote	139
006934d0	FUN_006934d0	gamemisc	engine	Helpers	caller-vote	175
00693580	FUN_00693580	lib	_library	freetype	lib-island	457
00693750	fwd_00691dc0_693750	gamemisc	game_misc	_helpers_thunk	role:thunk	44
006937b0	FUN_006937b0	gamemisc	game_misc	_indirect_callback	role:callback	127
00693840	FUN_00693840	gamemisc	game_misc	_indirect_callback	role:callback	156
006938e0	FUN_006938e0	gamemisc	game_misc	_indirect_dispatch-target	role:dispatch-target	87
00693940	FUN_00693940	gamemisc	game_misc	_indirect_dispatch-target	role:dispatch-target	235
00693a30	FUN_00693a30	gamemisc	game_misc	_helpers_wrapper	role:wrapper	44
00693a60	FUN_00693a60	lib	_library	freetype	lib-island	132
00693bf0	FUN_00693bf0	gamemisc	game_misc	_helpers_wrapper	role:wrapper	70
00693c40	FUN_00693c40	gamemisc	game_misc	Unsorted_003	none	359
00693db0	FUN_00693db0	gamemisc	game_misc	Unsorted_003	none	87
00693e10	FUN_00693e10	gamemisc	game_misc	Unsorted_003	none	180
00693ed0	FUN_00693ed0	gamemisc	game_misc	Unsorted_003	none	226
00693fc0	FUN_00693fc0	gamemisc	engine	Helpers	caller-vote	431
00694170	FUN_00694170	lib	_library	freetype	lib-island	222
00694250	FUN_00694250	lib	_library	freetype	lib-island	25
00694270	FUN_00694270	lib	_library	freetype	lib-island	557
006946d0	FUN_006946d0	lib	_library	freetype	lib-island	260
006947e0	FUN_006947e0	lib	_library	freetype	lib-island	258
006948f0	FUN_006948f0	lib	_library	freetype	lib-island	213
006949d0	FUN_006949d0	lib	_library	freetype	lib-island	296
00694b00	FUN_00694b00	lib	_library	freetype	lib-island	88
00694b60	FUN_00694b60	lib	_library	freetype	lib-island	926
00694f00	FUN_00694f00	lib	_library	freetype	lib-island	72
00694f50	FUN_00694f50	gamemisc	game_misc	_helpers_wrapper	role:wrapper	80
00694fa0	FUN_00694fa0	lib	_library	freetype	lib-island	132
00695200	FUN_00695200	lib	_library	freetype	lib-island	55
00695240	FUN_00695240	lib	_library	freetype	lib-island	82
006952a0	FUN_006952a0	lib	_library	freetype	lib-island	43
006952d0	FUN_006952d0	lib	_library	freetype	lib-island	141
00695360	FUN_00695360	lib	_library	freetype	lib-island	181
00695420	FUN_00695420	lib	_library	freetype	lib-island	505
00695620	FUN_00695620	lib	_library	freetype	lib-island	6
00695630	FUN_00695630	lib	_library	freetype	lib-island	217
00695710	FUN_00695710	lib	_library	freetype	lib-island	176
006957c0	FUN_006957c0	lib	_library	freetype	lib-island	428
00695970	FUN_00695970	lib	_library	freetype	lib-island	114
006959f0	FUN_006959f0	lib	_library	freetype	lib-island	185
00695ab0	FUN_00695ab0	lib	_library	freetype	lib-island	98
00695b20	FUN_00695b20	lib	_library	freetype	lib-island	74
00695b70	FUN_00695b70	lib	_library	freetype	lib-island	97
00695be0	FUN_00695be0	lib	_library	freetype	lib-island	374
00695d60	FUN_00695d60	lib	_library	freetype	lib-island	42
00695d90	FUN_00695d90	gamemisc	game_misc	Unsorted_003	none	27
00695db0	FUN_00695db0	lib	_library	freetype	lib-island	18
00695dd0	FUN_00695dd0	gamemisc	engine	Helpers	caller-vote	54
00695e10	FUN_00695e10	lib	_library	freetype	lib-island	109
00695e80	FUN_00695e80	lib	_library	freetype	lib-island	130
00695f10	FUN_00695f10	gamemisc	game_misc	Unsorted_003	none	78
00695f60	FUN_00695f60	lib	_library	freetype	lib-island	25
00695f80	FUN_00695f80	gamemisc	engine	Helpers	caller-vote	53
00695fc0	FUN_00695fc0	lib	_library	freetype	lib-island	86
00696020	FUN_00696020	lib	_library	freetype	lib-island	378
006961a0	FUN_006961a0	lib	_library	freetype	lib-island	208
00696270	FUN_00696270	lib	_library	freetype	lib-island	524
00696480	FUN_00696480	lib	_library	freetype	lib-island	65
006964d0	FUN_006964d0	lib	_library	freetype	lib-island	117
00696550	FUN_00696550	lib	_library	freetype	lib-island	200
00696620	FUN_00696620	lib	_library	freetype	lib-island	522
00696830	FUN_00696830	lib	_library	freetype	lib-island	690
00696af0	FUN_00696af0	lib	_library	freetype	lib-island	44
00696b20	FUN_00696b20	lib	_library	freetype	lib-island	191
00696bf0	FUN_00696bf0	lib	_library	freetype	lib-island	231
00696ce0	FUN_00696ce0	lib	_library	freetype	lib-island	101
00696d50	FUN_00696d50	lib	_library	freetype	lib-island	45
00696d80	FUN_00696d80	lib	_library	freetype	lib-island	34
00696db0	FUN_00696db0	lib	_library	freetype	lib-island	763
006970b0	FUN_006970b0	lib	_library	freetype	lib-island	237
006971a0	FUN_006971a0	lib	_library	freetype	lib-island	40
006971d0	FUN_006971d0	gamemisc	game_misc	Unsorted_003	none	147
00697270	FUN_00697270	gamemisc	game_misc	Unsorted_003	none	152
00697310	fwd_00693a60_697310	gamemisc	game_misc	_helpers_thunk	role:thunk	53
00697350	FUN_00697350	gamemisc	game_misc	Unsorted_003	none	69
006973a0	FUN_006973a0	gamemisc	game_misc	Unsorted_003	none	136
00697430	fwd_006971d0_697430	gamemisc	game_misc	_helpers_thunk	role:thunk	8
00697440	FUN_00697440	gamemisc	game_misc	Unsorted_003	none	18
00697460	fwd_00691290_697460	gamemisc	game_misc	_helpers_thunk	role:thunk	39
00697490	FUN_00697490	gamemisc	game_misc	Unsorted_003	none	97
00697500	FUN_00697500	gamemisc	game_misc	Unsorted_003	none	55
00697540	FUN_00697540	gamemisc	game_misc	Unsorted_003	none	117
006975c0	FUN_006975c0	gamemisc	game_misc	Unsorted_003	none	517
006977d0	FUN_006977d0	gamemisc	game_misc	Unsorted_003	none	613
00697a40	FUN_00697a40	gamemisc	game_misc	Unsorted_003	none	181
00697b00	FUN_00697b00	gamemisc	game_misc	Unsorted_003	none	216
00697be0	FUN_00697be0	gamemisc	game_misc	Unsorted_003	none	224
00697ce0	FUN_00697ce0	gamemisc	game_misc	Unsorted_003	none	266
00697df0	FUN_00697df0	gamemisc	game_misc	Unsorted_003	none	63
00697e30	FUN_00697e30	gamemisc	game_misc	_helpers_wrapper	role:wrapper	100
00697ea0	FUN_00697ea0	gamemisc	game_misc	Unsorted_003	none	378
00698060	FUN_00698060	gamemisc	game_misc	_indirect_dispatch-target	role:dispatch-target	195
00698130	FUN_00698130	gamemisc	game_misc	Unsorted_003	none	961
00698500	FUN_00698500	gamemisc	game_misc	_indirect_dispatch-target	role:dispatch-target	2300
00698e00	FUN_00698e00	gamemisc	game_misc	Unsorted_003	none	483
00698ff0	FUN_00698ff0	gamemisc	game_misc	Unsorted_003	none	52
00699130	FUN_00699130	gamemisc	game_misc	Unsorted_003	none	486
00699320	FUN_00699320	gamemisc	game_misc	Unsorted_003	none	155
00699490	FUN_00699490	gamemisc	game_misc	_indirect_vfunc	role:vfunc-indirect	246
006998b0	FUN_006998b0	gamemisc	game_misc	_indirect_callback	role:callback	1752
00699f90	FUN_00699f90	gamemisc	game_misc	Unsorted_003	none	588
0069a1e0	FUN_0069a1e0	gamemisc	game_misc	_artifacts	role:artifact	1310
0069a730	FUN_0069a730	gamemisc	game_misc	_artifacts	role:artifact	187
0069a7f0	FUN_0069a7f0	gamemisc	game_misc	Unsorted_003	none	109
0069a860	FUN_0069a860	gamemisc	game_misc	_helpers_wrapper	role:wrapper	34
0069a890	FUN_0069a890	gamemisc	game_misc	Unsorted_003	none	99
0069a900	FUN_0069a900	gamemisc	game_misc	_indirect_dispatch-target	role:dispatch-target	71
0069a950	FUN_0069a950	gamemisc	game_misc	Unsorted_003	none	355
0069aac0	FUN_0069aac0	gamemisc	game_misc	Unsorted_003	none	639
0069ad50	FUN_0069ad50	lib	_library	freetype	lib-island	92
0069adb0	FUN_0069adb0	gamemisc	game_misc	_indirect_dispatch-target	role:dispatch-target	426
0069af60	FUN_0069af60	gamemisc	game_misc	_indirect_dispatch-target	role:dispatch-target	553
0069b520	FUN_0069b520	gamemisc	game_misc	_artifacts	role:artifact	90
0069bc10	FUN_0069bc10	gamemisc	game_misc	_indirect_dispatch-target	role:dispatch-target	887
0069c020	FUN_0069c020	gamemisc	game_misc	Unsorted_003	none	42
0069c050	FUN_0069c050	gamemisc	game_misc	Unsorted_003	none	54
0069c090	FUN_0069c090	gamemisc	game_misc	Unsorted_003	none	407
0069c230	FUN_0069c230	gamemisc	game_misc	_indirect_vfunc	role:vfunc-indirect	349
0069c400	vdispatch_69c400	gamemisc	game_misc	_helpers_dispatch	role:dispatch	46
0069c470	FUN_0069c470	gamemisc	game_misc	_indirect_vfunc	role:vfunc-indirect	347
0069c5d0	FUN_0069c5d0	gamemisc	game_misc	_indirect_vfunc	role:vfunc-indirect	363
0069c740	FUN_0069c740	gamemisc	game_misc	_indirect_vfunc	role:vfunc-indirect	121
0069c7c0	FUN_0069c7c0	gamemisc	game_misc	_indirect_vfunc	role:vfunc-indirect	73
0069cb00	FUN_0069cb00	gamemisc	game_misc	_indirect_vfunc	role:vfunc-indirect	58
0069cb40	FUN_0069cb40	gamemisc	game_misc	_indirect_vfunc	role:vfunc-indirect	58
0069cec0	FUN_0069cec0	gamemisc	game_misc	_indirect_vfunc	role:vfunc-indirect	295
0069d190	FUN_0069d190	gamemisc	game_misc	Unsorted_003	none	424
0069d340	FUN_0069d340	gamemisc	game_misc	Unsorted_003	none	95
0069d450	FUN_0069d450	gamemisc	game_misc	_artifacts	role:artifact	312
0069d600	FUN_0069d600	gamemisc	game_misc	Unsorted_003	none	330
0069d750	FUN_0069d750	gamemisc	game_misc	Unsorted_003	none	157
0069dd70	FUN_0069dd70	gamemisc	game_misc	_artifacts	role:artifact	1374
0069e3b0	FUN_0069e3b0	gamemisc	game_misc	_artifacts	role:artifact	159
0069e550	FUN_0069e550	gamemisc	game_misc	_artifacts	role:artifact	708
0069f380	FUN_0069f380	gamemisc	game_misc	Unsorted_003	none	191
0069f450	FUN_0069f450	gamemisc	game_misc	_artifacts	role:artifact	360
0069f670	FUN_0069f670	gamemisc	game_misc	_indirect_vfunc	role:vfunc-indirect	45
0069f6a0	FUN_0069f6a0	gamemisc	game_misc	_helpers_wrapper	role:wrapper	57
0069f720	FUN_0069f720	gamemisc	game_misc	_artifacts	role:artifact	803
0069fa90	FUN_0069fa90	gamemisc	game_misc	Unsorted_003	none	108
0069fb00	FUN_0069fb00	gamemisc	game_misc	Unsorted_003	none	127
0069fb90	FUN_0069fb90	gamemisc	game_misc	_indirect_dispatch-target	role:dispatch-target	105
0069fdc0	FUN_0069fdc0	gamemisc	game_misc	_indirect_vfunc	role:vfunc-indirect	317
0069ff10	FUN_0069ff10	gamemisc	game_misc	Unsorted_003	none	55
0069ff50	FUN_0069ff50	gamemisc	game_misc	_indirect_dispatch-target	role:dispatch-target	138
0069ffe0	FUN_0069ffe0	gamemisc	game_misc	_indirect_dispatch-target	role:dispatch-target	163
006a03d0	FUN_006a03d0	gamemisc	game_misc	Unsorted_003	none	584
006a0860	FUN_006a0860	gamemisc	game_misc	_helpers_wrapper	role:wrapper	46
006a0890	FUN_006a0890	gamemisc	game_misc	_indirect_vfunc	role:vfunc-indirect	484
006a0a80	FUN_006a0a80	gamemisc	game_misc	Unsorted_003	none	115
006a0b70	FUN_006a0b70	gamemisc	game_misc	Unsorted_003	none	536
006a0da0	FUN_006a0da0	gamemisc	game_misc	Unsorted_003	none	38
006a0dd0	FUN_006a0dd0	gamemisc	game_misc	_indirect_dispatch-target	role:dispatch-target	372
006a1010	FUN_006a1010	gamemisc	game_misc	_indirect_vfunc	role:vfunc-indirect	1780
006a1820	FUN_006a1820	gamemisc	game_misc	_indirect_dispatch-target	role:dispatch-target	604
006a1aa0	plasma::Shape::vfunction14	game	engine	Shape	rtti	3
006a1ab0	FUN_006a1ab0	gamemisc	game_misc	Unsorted_003	none	353
006a1c20	FUN_006a1c20	gamemisc	game_misc	_helpers_wrapper	role:wrapper	59
006a1c60	FUN_006a1c60	gamemisc	game_misc	Unsorted_003	none	228
006a1d50	FUN_006a1d50	gamemisc	game_misc	Unsorted_003	none	295
006a1e90	FUN_006a1e90	gamemisc	game_misc	_indirect_vfunc	role:vfunc-indirect	740
006a2240	fwd_0068f3b0_6a2240	gamemisc	game_misc	_helpers_thunk	role:thunk	26
006a22d0	FUN_006a22d0	gamemisc	game_misc	Unsorted_003	none	261
006a23f0	FUN_006a23f0	gamemisc	game_misc	Unsorted_003	none	111
006a2460	FUN_006a2460	gamemisc	game_misc	Unsorted_003	none	172
006a2530	FUN_006a2530	gamemisc	game_misc	Unsorted_003	none	437
006a26f0	FUN_006a26f0	gamemisc	game_misc	Unsorted_003	none	282
006a2820	FUN_006a2820	gamemisc	game_misc	Unsorted_003	none	691
006a2b20	FUN_006a2b20	gamemisc	game_misc	_indirect_vfunc	role:vfunc-indirect	258
006a2c30	FUN_006a2c30	gamemisc	game_misc	Unsorted_003	none	533
006a2e50	FUN_006a2e50	gamemisc	game_misc	Unsorted_003	none	194
006a2f20	FUN_006a2f20	gamemisc	game_misc	Unsorted_003	none	120
006a30a0	FUN_006a30a0	gamemisc	game_misc	Unsorted_003	none	289
006a31d0	FUN_006a31d0	gamemisc	game_misc	_indirect_dispatch-target	role:dispatch-target	57
006a3210	FUN_006a3210	gamemisc	game_misc	Unsorted_003	none	446
006a33d0	FUN_006a33d0	gamemisc	game_misc	Unsorted_003	none	543
006a3780	FUN_006a3780	gamemisc	game_misc	_helpers_wrapper	role:wrapper	59
006a37c0	FUN_006a37c0	gamemisc	game_misc	_indirect_vfunc	role:vfunc-indirect	125
006a3840	FUN_006a3840	gamemisc	game_misc	_indirect_dispatch-target	role:dispatch-target	106
006a38b0	FUN_006a38b0	gamemisc	game_misc	_indirect_vfunc	role:vfunc-indirect	90
006a3910	FUN_006a3910	gamemisc	game_misc	Unsorted_003	none	85
006a3970	FUN_006a3970	gamemisc	game_misc	Unsorted_003	none	166
006a3a20	FUN_006a3a20	gamemisc	game_misc	Unsorted_003	none	128
006a3aa0	FUN_006a3aa0	gamemisc	game_misc	Unsorted_003	none	99
006a3b10	FUN_006a3b10	gamemisc	game_misc	Unsorted_003	none	171
006a3bc0	FUN_006a3bc0	gamemisc	game_misc	Unsorted_003	none	96
006a3c20	FUN_006a3c20	gamemisc	game_misc	Unsorted_003	none	140
006a3cb0	FUN_006a3cb0	gamemisc	game_misc	Unsorted_003	none	375
006a3e30	FUN_006a3e30	gamemisc	game_misc	_helpers_wrapper	role:wrapper	69
006a3e80	FUN_006a3e80	gamemisc	game_misc	Unsorted_003	none	356
006a3ff0	FUN_006a3ff0	gamemisc	game_misc	Unsorted_003	none	102
006a4060	FUN_006a4060	gamemisc	game_misc	Unsorted_003	none	306
006a41a0	FUN_006a41a0	gamemisc	game_misc	Unsorted_003	none	338
006a4300	FUN_006a4300	gamemisc	game_misc	Unsorted_003	none	392
006a4490	FUN_006a4490	gamemisc	game_misc	Unsorted_003	none	847
006a47f0	FUN_006a47f0	gamemisc	game_misc	Unsorted_003	none	283
006a4910	mutator_6a4910	gamemisc	game_misc	_helpers_mutator	role:mutator	7
006a4920	FUN_006a4920	gamemisc	game_misc	Unsorted_003	none	36
006a4950	FUN_006a4950	gamemisc	game_misc	Unsorted_003	none	26
006a4970	FUN_006a4970	gamemisc	game_misc	Unsorted_003	none	115
006a4a40	FUN_006a4a40	gamemisc	game_misc	_helpers_dtor-like	role:dtor-like	218
006a4eb0	FUN_006a4eb0	gamemisc	game_misc	Unsorted_003	none	789
006a51d0	FUN_006a51d0	gamemisc	game_misc	Unsorted_003	none	272
006a52f0	FUN_006a52f0	gamemisc	game_misc	Unsorted_003	none	296
006a5420	ret_const_6a5420	gamemisc	game_misc	_helpers_stub	role:stub	6
006a5430	FUN_006a5430	gamemisc	game_misc	_indirect_vfunc	role:vfunc-indirect	57
006a54e0	FUN_006a54e0	gamemisc	game_misc	_indirect_vfunc	role:vfunc-indirect	317
006a5680	FUN_006a5680	gamemisc	game_misc	_indirect_vfunc	role:vfunc-indirect	541
006a58a0	fwd_00691290_6a58a0	gamemisc	game_misc	_helpers_thunk	role:thunk	24
006a58c0	FUN_006a58c0	gamemisc	game_misc	Unsorted_003	none	63
006a5900	FUN_006a5900	gamemisc	game_misc	Unsorted_003	none	77
006a5950	fwd_00691290_6a5950	gamemisc	game_misc	_helpers_thunk	role:thunk	27
006a5970	FUN_006a5970	gamemisc	game_misc	Unsorted_003	none	82
006a59d0	FUN_006a59d0	gamemisc	game_misc	Unsorted_003	none	32
006a59f0	FUN_006a59f0	gamemisc	game_misc	_helpers_dtor-like	role:dtor-like	27
006a5a10	FUN_006a5a10	gamemisc	game_misc	Unsorted_003	none	70
006a5a60	FUN_006a5a60	gamemisc	game_misc	Unsorted_003	none	57
006a5aa0	FUN_006a5aa0	gamemisc	game_misc	Unsorted_003	none	63
006a5ae0	FUN_006a5ae0	gamemisc	game_misc	Unsorted_004	none	75
006a5b30	fwd_006a5ae0_6a5b30	gamemisc	game_misc	_helpers_thunk	role:thunk	49
006a5b70	FUN_006a5b70	gamemisc	game_misc	_helpers_dtor-like	role:dtor-like	138
006a5c00	FUN_006a5c00	gamemisc	game_misc	_helpers_dtor-like	role:dtor-like	87
006a5c60	FUN_006a5c60	gamemisc	game_misc	Unsorted_004	none	270
006a5d80	FUN_006a5d80	gamemisc	game_misc	Unsorted_004	none	90
006a5de0	FUN_006a5de0	gamemisc	game_misc	_helpers_wrapper	role:wrapper	35
006a5e10	FUN_006a5e10	gamemisc	game_misc	Unsorted_004	none	11
006a5e20	FUN_006a5e20	gamemisc	game_misc	Unsorted_004	none	17
006a5e40	FUN_006a5e40	gamemisc	game_misc	_helpers_wrapper	role:wrapper	29
006a5e60	FUN_006a5e60	gamemisc	game_misc	_helpers_wrapper	role:wrapper	45
006a5e90	FUN_006a5e90	gamemisc	game_misc	Unsorted_004	none	190
006a5f50	FUN_006a5f50	gamemisc	game_misc	Unsorted_004	none	168
006a6000	FUN_006a6000	gamemisc	game_misc	_helpers_wrapper	role:wrapper	26
006a6020	fwd_006a5de0_6a6020	gamemisc	game_misc	_helpers_thunk	role:thunk	34
006a6050	fwd_0068d7b0_6a6050	gamemisc	game_misc	_helpers_thunk	role:thunk	22
006a6070	FUN_006a6070	gamemisc	game_misc	_helpers_wrapper	role:wrapper	46
006a60a0	FUN_006a60a0	gamemisc	game_misc	Unsorted_004	none	93
006a6100	FUN_006a6100	gamemisc	game_misc	_indirect_callback	role:callback	228
006a61f0	FUN_006a61f0	gamemisc	game_misc	_indirect_callback	role:callback	83
006a6250	FUN_006a6250	gamemisc	game_misc	_indirect_callback	role:callback	100
006a6370	FUN_006a6370	gamemisc	game_misc	_helpers_wrapper	role:wrapper	68
006a64e0	FUN_006a64e0	gamemisc	game_misc	Unsorted_004	none	119
006a6560	FUN_006a6560	gamemisc	game_misc	Unsorted_004	none	297
006a66a0	FUN_006a66a0	gamemisc	game_misc	_indirect_dispatch-target	role:dispatch-target	310
006a67e0	FUN_006a67e0	gamemisc	game_misc	Unsorted_004	none	465
006a69c0	FUN_006a69c0	gamemisc	game_misc	Unsorted_004	none	217
006a6c10	FUN_006a6c10	gamemisc	game_misc	_indirect_dispatch-target	role:dispatch-target	124
006a6c90	FUN_006a6c90	gamemisc	game_misc	_indirect_dispatch-target	role:dispatch-target	21
006a6cb0	FUN_006a6cb0	gamemisc	game_misc	Unsorted_004	none	31
006a6cd0	fwd_00691290_6a6cd0	gamemisc	game_misc	_helpers_thunk	role:thunk	61
006a6d10	FUN_006a6d10	gamemisc	game_misc	Unsorted_004	none	29
006a6d30	FUN_006a6d30	gamemisc	game_misc	Unsorted_004	none	116
006a6db0	FUN_006a6db0	gamemisc	game_misc	Unsorted_004	none	73
006a6e00	FUN_006a6e00	gamemisc	game_misc	Unsorted_004	none	272
006a6f10	FUN_006a6f10	gamemisc	game_misc	Unsorted_004	none	186
006a6fd0	FUN_006a6fd0	gamemisc	game_misc	Unsorted_004	none	106
006a7040	FUN_006a7040	gamemisc	game_misc	Unsorted_004	none	48
006a7070	FUN_006a7070	gamemisc	game_misc	Unsorted_004	none	667
006a7310	fwd_006a7070_6a7310	gamemisc	game_misc	_helpers_thunk	role:thunk	42
006a7340	FUN_006a7340	gamemisc	game_misc	Unsorted_004	none	385
006a74e0	FUN_006a74e0	gamemisc	game_misc	_helpers_wrapper	role:wrapper	63
006a7520	FUN_006a7520	gamemisc	game_misc	Unsorted_004	none	77
006a7570	FUN_006a7570	gamemisc	game_misc	Unsorted_004	none	65
006a75c0	FUN_006a75c0	gamemisc	game_misc	_indirect_dispatch-target	role:dispatch-target	73
006a7610	FUN_006a7610	gamemisc	game_misc	_indirect_dispatch-target	role:dispatch-target	627
006a7890	FUN_006a7890	gamemisc	game_misc	_indirect_dispatch-target	role:dispatch-target	244
006a7990	FUN_006a7990	gamemisc	game_misc	Unsorted_004	none	470
006a7b70	FUN_006a7b70	gamemisc	game_misc	_indirect_dispatch-target	role:dispatch-target	327
006a7cc0	FUN_006a7cc0	gamemisc	game_misc	_indirect_dispatch-target	role:dispatch-target	247
006a7dd0	FUN_006a7dd0	gamemisc	game_misc	_indirect_dispatch-target	role:dispatch-target	164
006a7e80	FUN_006a7e80	gamemisc	game_misc	_indirect_dispatch-target	role:dispatch-target	520
006a8090	FUN_006a8090	gamemisc	game_misc	_indirect_dispatch-target	role:dispatch-target	438
006a84c0	FUN_006a84c0	gamemisc	game_misc	_indirect_dispatch-target	role:dispatch-target	47
006a84f0	FUN_006a84f0	gamemisc	game_misc	_indirect_dispatch-target	role:dispatch-target	47
006a8560	FUN_006a8560	gamemisc	game_misc	Unsorted_004	none	217
006a8640	FUN_006a8640	gamemisc	game_misc	Unsorted_004	none	217
006a8770	FUN_006a8770	gamemisc	game_misc	Unsorted_004	none	96
006a87e0	FUN_006a87e0	gamemisc	game_misc	Unsorted_004	none	30
006a8800	FUN_006a8800	gamemisc	game_misc	_indirect_vfunc	role:vfunc-indirect	680
006a8b20	FUN_006a8b20	gamemisc	game_misc	_indirect_vfunc	role:vfunc-indirect	166
006a8c20	FUN_006a8c20	gamemisc	game_misc	_indirect_dispatch-target	role:dispatch-target	166
006a8cd0	FUN_006a8cd0	gamemisc	game_misc	Unsorted_004	none	39
006a8d00	FUN_006a8d00	gamemisc	game_misc	_indirect_dispatch-target	role:dispatch-target	90
006a8e80	FUN_006a8e80	gamemisc	game_misc	_helpers_wrapper	role:wrapper	80
006a8ed0	FUN_006a8ed0	gamemisc	game_misc	Unsorted_004	none	26
006a8ef0	FUN_006a8ef0	gamemisc	game_misc	Unsorted_004	none	73
006a8f40	FUN_006a8f40	gamemisc	game_misc	Unsorted_004	none	124
006a9020	FUN_006a9020	gamemisc	game_misc	Unsorted_004	none	95
006a9080	FUN_006a9080	gamemisc	game_misc	Unsorted_004	none	153
006a9190	FUN_006a9190	gamemisc	game_misc	Unsorted_004	none	295
006a92c0	fwd_006a8ef0_6a92c0	gamemisc	game_misc	_helpers_thunk	role:thunk	15
006a92d0	FUN_006a92d0	gamemisc	game_misc	Unsorted_004	none	281
006a93f0	FUN_006a93f0	gamemisc	game_misc	_indirect_vfunc	role:vfunc-indirect	195
006a94c0	FUN_006a94c0	gamemisc	game_misc	_indirect_dispatch-target	role:dispatch-target	91
006a9560	FUN_006a9560	gamemisc	game_misc	Unsorted_004	none	139
006a95f0	FUN_006a95f0	gamemisc	game_misc	_indirect_dispatch-target	role:dispatch-target	46
006a9620	FUN_006a9620	gamemisc	game_misc	Unsorted_004	none	52
006a9660	FUN_006a9660	gamemisc	game_misc	_helpers_wrapper	role:wrapper	85
006a96c0	FUN_006a96c0	gamemisc	game_misc	_helpers_wrapper	role:wrapper	49
006a9700	FUN_006a9700	gamemisc	game_misc	Unsorted_004	none	103
006a9770	FUN_006a9770	gamemisc	game_misc	_indirect_vfunc	role:vfunc-indirect	56
006a97b0	FUN_006a97b0	gamemisc	game_misc	_indirect_vfunc	role:vfunc-indirect	137
006a9840	FUN_006a9840	gamemisc	game_misc	Unsorted_004	none	133
006a98d0	vdispatch_6a98d0	gamemisc	game_misc	_helpers_dispatch	role:dispatch	14
006a98e0	FUN_006a98e0	gamemisc	game_misc	_indirect_dispatch-target	role:dispatch-target	172
006a99a0	FUN_006a99a0	gamemisc	game_misc	_indirect_dispatch-target	role:dispatch-target	55
006a9a00	FUN_006a9a00	gamemisc	game_misc	Unsorted_004	none	140
006a9a90	FUN_006a9a90	gamemisc	game_misc	_indirect_vfunc	role:vfunc-indirect	61
006a9b80	FUN_006a9b80	gamemisc	game_misc	_indirect_vfunc	role:vfunc-indirect	63
006a9c50	FUN_006a9c50	gamemisc	game_misc	Unsorted_004	none	102
006a9cc0	FUN_006a9cc0	gamemisc	game_misc	Unsorted_004	none	99
006a9d30	FUN_006a9d30	gamemisc	game_misc	Unsorted_004	none	74
006a9d80	FUN_006a9d80	gamemisc	game_misc	Unsorted_004	none	130
006a9e10	FUN_006a9e10	gamemisc	game_misc	Unsorted_004	none	72
006a9eb0	FUN_006a9eb0	gamemisc	game_misc	_indirect_vfunc	role:vfunc-indirect	29
006a9ed0	FUN_006a9ed0	gamemisc	game_misc	_indirect_callback	role:callback	37
006a9f00	FUN_006a9f00	gamemisc	game_misc	_indirect_dispatch-target	role:dispatch-target	126
006a9f80	FUN_006a9f80	gamemisc	game_misc	Unsorted_004	none	145
006aa020	FUN_006aa020	gamemisc	game_misc	_helpers_wrapper	role:wrapper	46
006aa050	FUN_006aa050	gamemisc	game_misc	Unsorted_004	none	349
006aa1c0	FUN_006aa1c0	gamemisc	game_misc	Unsorted_004	none	156
006aa260	FUN_006aa260	gamemisc	game_misc	_indirect_dispatch-target	role:dispatch-target	119
006aa2e0	FUN_006aa2e0	gamemisc	game_misc	Unsorted_004	none	246
006aa3e0	FUN_006aa3e0	gamemisc	game_misc	Unsorted_004	none	230
006aa4d0	FUN_006aa4d0	gamemisc	game_misc	_indirect_vfunc	role:vfunc-indirect	314
006aa8b0	FUN_006aa8b0	gamemisc	game_misc	_indirect_vfunc	role:vfunc-indirect	24
006aa8d0	FUN_006aa8d0	gamemisc	game_misc	_indirect_vfunc	role:vfunc-indirect	119
006aa950	FUN_006aa950	gamemisc	game_misc	_indirect_vfunc	role:vfunc-indirect	31
006aa970	FUN_006aa970	gamemisc	game_misc	_indirect_vfunc	role:vfunc-indirect	36
006aa9a0	FUN_006aa9a0	gamemisc	game_misc	_indirect_vfunc	role:vfunc-indirect	41
006aa9f0	FUN_006aa9f0	gamemisc	game_misc	_indirect_dispatch-target	role:dispatch-target	468
006aabd0	FUN_006aabd0	gamemisc	game_misc	_indirect_dispatch-target	role:dispatch-target	742
006abbc0	FUN_006abbc0	gamemisc	game_misc	Unsorted_004	none	300
006abd10	fwd_006abbc0_6abd10	gamemisc	game_misc	_helpers_thunk	role:thunk	56
006abd50	FUN_006abd50	gamemisc	game_misc	Unsorted_004	none	205
006abf20	FUN_006abf20	gamemisc	game_misc	Unsorted_004	none	422
006ac110	FUN_006ac110	gamemisc	game_misc	_indirect_dispatch-target	role:dispatch-target	116
006ac1e0	FUN_006ac1e0	gamemisc	game_misc	_indirect_vfunc	role:vfunc-indirect	318
006ac4e0	FUN_006ac4e0	gamemisc	game_misc	_indirect_dispatch-target	role:dispatch-target	61
006ac520	FUN_006ac520	gamemisc	game_misc	_indirect_dispatch-target	role:dispatch-target	34
006ac550	FUN_006ac550	gamemisc	game_misc	_indirect_dispatch-target	role:dispatch-target	48
006ac580	FUN_006ac580	gamemisc	game_misc	Unsorted_004	none	482
006ac770	FUN_006ac770	gamemisc	game_misc	Unsorted_004	none	134
006ac800	FUN_006ac800	gamemisc	game_misc	Unsorted_004	none	119
006ac880	FUN_006ac880	gamemisc	game_misc	Unsorted_004	none	24
006ac8a0	FUN_006ac8a0	gamemisc	game_misc	Unsorted_004	none	128
006ac920	FUN_006ac920	gamemisc	game_misc	Unsorted_004	none	751
006acc20	FUN_006acc20	gamemisc	game_misc	Unsorted_004	none	437
006acde0	FUN_006acde0	gamemisc	game_misc	Unsorted_004	none	473
006acfc0	FUN_006acfc0	gamemisc	game_misc	Unsorted_004	none	601
006ad220	FUN_006ad220	gamemisc	game_misc	Unsorted_004	none	322
006ad370	FUN_006ad370	gamemisc	game_misc	Unsorted_004	none	467
006ad550	FUN_006ad550	gamemisc	game_misc	Unsorted_004	none	844
006ad990	FUN_006ad990	gamemisc	game_misc	Unsorted_004	none	306
006adad0	FUN_006adad0	gamemisc	game_misc	_artifacts	role:artifact	415
006adfd0	FUN_006adfd0	gamemisc	game_misc	Unsorted_004	none	89
006ae030	FUN_006ae030	gamemisc	game_misc	Unsorted_004	none	187
006ae0f0	FUN_006ae0f0	gamemisc	game_misc	_artifacts	role:artifact	1770
006af010	FUN_006af010	lib	_library	freetype	lib-island	31
006af030	FUN_006af030	gamemisc	game_misc	_indirect_vfunc	role:vfunc-indirect	48
006af100	FUN_006af100	gamemisc	game_misc	_indirect_vfunc	role:vfunc-indirect	54
006af140	FUN_006af140	gamemisc	game_misc	_indirect_vfunc	role:vfunc-indirect	58
006af1a0	FUN_006af1a0	gamemisc	game_misc	_helpers_wrapper	role:wrapper	114
006af220	FUN_006af220	gamemisc	game_misc	_indirect_vfunc	role:vfunc-indirect	238
006af310	FUN_006af310	lib	_library	freetype	lib-island	305
006af450	vdispatch_6af450	gamemisc	game_misc	_helpers_dispatch	role:dispatch	37
006af480	FUN_006af480	gamemisc	game_misc	Unsorted_004	none	33
006af4b0	FUN_006af4b0	gamemisc	game_misc	_artifacts	role:artifact	243
006af5b0	FUN_006af5b0	gamemisc	game_misc	_artifacts	role:artifact	802
006af8e0	FUN_006af8e0	gamemisc	game_misc	_artifacts	role:artifact	998
006afcd0	FUN_006afcd0	gamemisc	game_misc	_artifacts	role:artifact	1054
006b00f0	FUN_006b00f0	gamemisc	game_misc	Unsorted_004	none	122
006b0170	FUN_006b0170	gamemisc	game_misc	Unsorted_004	none	505
006b0370	FUN_006b0370	gamemisc	game_misc	_helpers_wrapper	role:wrapper	44
006b03a0	vdispatch_6b03a0	gamemisc	game_misc	_helpers_dispatch	role:dispatch	95
006b04d0	FUN_006b04d0	gamemisc	game_misc	_indirect_vfunc	role:vfunc-indirect	28
006b0500	FUN_006b0500	gamemisc	game_misc	Unsorted_004	none	609
006b0770	FUN_006b0770	gamemisc	game_misc	_indirect_vfunc	role:vfunc-indirect	648
006b0a80	FUN_006b0a80	gamemisc	game_misc	Unsorted_004	none	147
006b0b20	FUN_006b0b20	gamemisc	game_misc	Unsorted_004	none	44
006b0b50	FUN_006b0b50	gamemisc	game_misc	Unsorted_004	none	34
006b0b80	FUN_006b0b80	gamemisc	game_misc	_helpers_wrapper	role:wrapper	57
006b0bc0	FUN_006b0bc0	gamemisc	game_misc	_artifacts	role:artifact	479
006b0eb0	FUN_006b0eb0	gamemisc	game_misc	_artifacts	role:artifact	416
006b1050	FUN_006b1050	gamemisc	game_misc	Unsorted_004	none	121
006b1190	FUN_006b1190	gamemisc	game_misc	Unsorted_004	none	1209
006b1650	fwd_0068f020_6b1650	gamemisc	game_misc	_helpers_thunk	role:thunk	39
006b1680	FUN_006b1680	gamemisc	game_misc	_helpers_wrapper	role:wrapper	59
006b16c0	FUN_006b16c0	gamemisc	game_misc	Unsorted_004	none	109
006b1730	mutator_6b1730	gamemisc	game_misc	_helpers_mutator	role:mutator	5
006b1740	FUN_006b1740	gamemisc	game_misc	Unsorted_004	none	94
006b17a0	FUN_006b17a0	gamemisc	game_misc	Unsorted_004	none	136
006b1830	FUN_006b1830	gamemisc	game_misc	Unsorted_004	none	82
006b1890	FUN_006b1890	gamemisc	game_misc	_helpers_wrapper	role:wrapper	19
006b1960	FUN_006b1960	gamemisc	game_misc	_indirect_vfunc	role:vfunc-indirect	158
006b1a80	FUN_006b1a80	gamemisc	game_misc	_indirect_vfunc	role:vfunc-indirect	18
006b1aa0	FUN_006b1aa0	gamemisc	game_misc	_indirect_vfunc	role:vfunc-indirect	537
006b1e00	FUN_006b1e00	gamemisc	game_misc	Unsorted_004	none	57
006b1e40	FUN_006b1e40	gamemisc	game_misc	Unsorted_004	none	175
006b1f00	FUN_006b1f00	gamemisc	game_misc	Unsorted_004	none	256
006b2000	FUN_006b2000	gamemisc	game_misc	Unsorted_004	none	188
006b20c0	FUN_006b20c0	gamemisc	game_misc	Unsorted_004	none	274
006b21e0	FUN_006b21e0	gamemisc	game_misc	Unsorted_004	none	560
006b2440	FUN_006b2440	gamemisc	game_misc	Unsorted_004	none	115
006b24c0	FUN_006b24c0	gamemisc	game_misc	Unsorted_004	none	746
006b27b0	fwd_006b0a80_6b27b0	gamemisc	game_misc	_helpers_thunk	role:thunk	14
006b27c0	FUN_006b27c0	gamemisc	game_misc	Unsorted_004	none	675
006b2a70	FUN_006b2a70	gamemisc	game_misc	Unsorted_004	none	1165
006b2f40	FUN_006b2f40	gamemisc	game_misc	Unsorted_004	none	737
006b3230	FUN_006b3230	gamemisc	game_misc	Unsorted_004	none	416
006b33d0	FUN_006b33d0	gamemisc	game_misc	_helpers_wrapper	role:wrapper	46
006b3400	FUN_006b3400	gamemisc	game_misc	_artifacts	role:artifact	825
006b3740	FUN_006b3740	gamemisc	game_misc	_indirect_vfunc	role:vfunc-indirect	552
006b3970	FUN_006b3970	gamemisc	game_misc	Unsorted_004	none	712
006b3c40	vdispatch_6b3c40	gamemisc	game_misc	_helpers_dispatch	role:dispatch	30
006b3c60	FUN_006b3c60	gamemisc	game_misc	Unsorted_004	none	33
006b3c90	FUN_006b3c90	gamemisc	game_misc	Unsorted_004	none	157
006b3d50	FUN_006b3d50	gamemisc	game_misc	_artifacts	role:artifact	285
006b3f40	FUN_006b3f40	gamemisc	game_misc	Unsorted_004	none	325
006b4090	FUN_006b4090	gamemisc	game_misc	Unsorted_004	none	811
006b43d0	fwd_0068d7b0_6b43d0	gamemisc	game_misc	_helpers_thunk	role:thunk	14
006b43e0	thunk_FUN_006b3c40	gamemisc	game_misc	_helpers_dispatch	role:dispatch	5
006b43f0	FUN_006b43f0	gamemisc	game_misc	Unsorted_004	none	347
006b4550	FUN_006b4550	gamemisc	game_misc	Unsorted_004	none	283
006b46c0	FUN_006b46c0	gamemisc	game_misc	_helpers_wrapper	role:wrapper	55
006b4700	FUN_006b4700	gamemisc	game_misc	_indirect_vfunc	role:vfunc-indirect	43
006b4730	FUN_006b4730	gamemisc	game_misc	_indirect_vfunc	role:vfunc-indirect	72
006b4930	FUN_006b4930	gamemisc	game_misc	_indirect_vfunc	role:vfunc-indirect	584
006b4ba0	FUN_006b4ba0	gamemisc	game_misc	_indirect_dispatch-target	role:dispatch-target	28
006b4c60	FUN_006b4c60	gamemisc	game_misc	_indirect_dispatch-target	role:dispatch-target	921
006b5520	FUN_006b5520	gamemisc	game_misc	_indirect_vfunc	role:vfunc-indirect	70
006b5570	fwd_0068d7b0_6b5570	gamemisc	game_misc	_helpers_thunk	role:thunk	52
006b55b0	FUN_006b55b0	gamemisc	game_misc	Unsorted_004	none	152
006b5650	FUN_006b5650	gamemisc	game_misc	Unsorted_004	none	705
006b5920	FUN_006b5920	gamemisc	game_misc	_helpers_wrapper	role:wrapper	37
006b5950	FUN_006b5950	gamemisc	game_misc	_helpers_wrapper	role:wrapper	38
006b5980	FUN_006b5980	gamemisc	game_misc	_helpers_wrapper	role:wrapper	45
006b5bf0	FUN_006b5bf0	gamemisc	game_misc	Unsorted_004	none	398
006b5e50	FUN_006b5e50	gamemisc	game_misc	Unsorted_004	none	19
006b5e70	FUN_006b5e70	gamemisc	game_misc	Unsorted_004	none	71
006b5ec0	FUN_006b5ec0	gamemisc	game_misc	Unsorted_004	none	273
006b5fe0	FUN_006b5fe0	gamemisc	game_misc	Unsorted_004	none	76
006b6030	FUN_006b6030	gamemisc	game_misc	Unsorted_004	none	364
006b61b0	FUN_006b61b0	gamemisc	game_misc	_helpers_ctor-like	role:ctor-like	345
006b6310	FUN_006b6310	gamemisc	game_misc	Unsorted_004	none	278
006b6430	fwd_00691ee0_6b6430	gamemisc	game_misc	_helpers_thunk	role:thunk	19
006b6450	FUN_006b6450	gamemisc	game_misc	Unsorted_004	none	125
006b64d0	FUN_006b64d0	gamemisc	game_misc	Unsorted_004	none	21
006b64f0	vdispatch_6b64f0	gamemisc	game_misc	_helpers_dispatch	role:dispatch	50
006b6530	FUN_006b6530	gamemisc	game_misc	_helpers_wrapper	role:wrapper	41
006b6560	FUN_006b6560	gamemisc	game_misc	Unsorted_004	none	120
006b6670	FUN_006b6670	gamemisc	game_misc	Unsorted_004	none	116
006b66f0	FUN_006b66f0	gamemisc	game_misc	Unsorted_004	none	15
006b6700	FUN_006b6700	gamemisc	game_misc	_helpers_wrapper	role:wrapper	22
006b6720	FUN_006b6720	gamemisc	game_misc	_helpers_wrapper	role:wrapper	40
006b6750	FUN_006b6750	gamemisc	game_misc	Unsorted_004	none	779
006b6a70	FUN_006b6a70	gamemisc	game_misc	Unsorted_004	none	11
006b6a80	FUN_006b6a80	gamemisc	game_misc	Unsorted_004	none	833
006b6dd0	FUN_006b6dd0	gamemisc	game_misc	Unsorted_004	none	551
006b7000	FUN_006b7000	gamemisc	game_misc	_helpers_wrapper	role:wrapper	48
006b7030	FUN_006b7030	gamemisc	game_misc	_indirect_dispatch-target	role:dispatch-target	999
006b7420	FUN_006b7420	gamemisc	game_misc	Unsorted_004	none	278
006b7540	FUN_006b7540	gamemisc	game_misc	_helpers_wrapper	role:wrapper	61
006b75d0	FUN_006b75d0	gamemisc	game_misc	_indirect_dispatch-target	role:dispatch-target	362
006b7880	FUN_006b7880	gamemisc	game_misc	Unsorted_004	none	227
006b7970	FUN_006b7970	gamemisc	game_misc	_indirect_vfunc	role:vfunc-indirect	280
006b7b00	fwd_00691310_6b7b00	gamemisc	game_misc	_helpers_thunk	role:thunk	16
006b7b10	FUN_006b7b10	gamemisc	game_misc	_indirect_dispatch-target	role:dispatch-target	144
006b8400	FUN_006b8400	gamemisc	game_misc	_indirect_vfunc	role:vfunc-indirect	78
006b8660	FUN_006b8660	gamemisc	game_misc	Unsorted_004	none	44
006b8690	FUN_006b8690	gamemisc	game_misc	Unsorted_004	none	62
006b86d0	FUN_006b86d0	gamemisc	game_misc	_helpers_wrapper	role:wrapper	43
006b8700	FUN_006b8700	gamemisc	game_misc	Unsorted_004	none	90
006b8760	FUN_006b8760	gamemisc	game_misc	Unsorted_004	none	45
006b8790	FUN_006b8790	gamemisc	game_misc	Unsorted_004	none	133
006b8820	FUN_006b8820	gamemisc	game_misc	Unsorted_004	none	57
006b8860	vdispatch_6b8860	gamemisc	game_misc	_helpers_dispatch	role:dispatch	86
006b88c0	vdispatch_6b88c0	gamemisc	game_misc	_helpers_dispatch	role:dispatch	78
006b8910	FUN_006b8910	gamemisc	game_misc	Unsorted_004	none	558
006b8b40	FUN_006b8b40	gamemisc	game_misc	Unsorted_004	none	5939
006ba4b0	FUN_006ba4b0	gamemisc	game_misc	Unsorted_004	none	143
006bace0	FUN_006bace0	gamemisc	game_misc	_indirect_vfunc	role:vfunc-indirect	63
006bad90	FUN_006bad90	gamemisc	game_misc	_indirect_vfunc	role:vfunc-indirect	33
006bae00	FUN_006bae00	gamemisc	game_misc	Unsorted_004	none	70
006bae50	FUN_006bae50	gamemisc	game_misc	_indirect_vfunc	role:vfunc-indirect	90
006bb130	FUN_006bb130	gamemisc	game_misc	_helpers_wrapper	role:wrapper	92
006bb190	FUN_006bb190	gamemisc	game_misc	Unsorted_004	none	193
006bb260	FUN_006bb260	gamemisc	game_misc	Unsorted_004	none	338
006bb3c0	vdispatch_6bb3c0	gamemisc	game_misc	_helpers_dispatch	role:dispatch	61
006bb400	FUN_006bb400	gamemisc	game_misc	Unsorted_004	none	869
006bb770	FUN_006bb770	gamemisc	game_misc	Unsorted_004	none	498
006bb970	FUN_006bb970	gamemisc	game_misc	Unsorted_004	none	99
006bb9e0	FUN_006bb9e0	gamemisc	game_misc	Unsorted_004	none	122
006bba60	FUN_006bba60	gamemisc	game_misc	Unsorted_004	none	189
006bbb20	FUN_006bbb20	gamemisc	game_misc	_indirect_vfunc	role:vfunc-indirect	561
006bbd60	FUN_006bbd60	gamemisc	game_misc	Unsorted_004	none	137
006bbdf0	FUN_006bbdf0	gamemisc	game_misc	Unsorted_004	none	280
006bbf10	FUN_006bbf10	gamemisc	game_misc	_indirect_vfunc	role:vfunc-indirect	117
006bbf90	FUN_006bbf90	gamemisc	game_misc	Unsorted_004	none	296
006bc0c0	FUN_006bc0c0	gamemisc	game_misc	_artifacts	role:artifact	359
006bc720	FUN_006bc720	gamemisc	game_misc	Unsorted_004	none	215
006bc830	vdispatch_6bc830	gamemisc	game_misc	_helpers_dispatch	role:dispatch	81
006bc890	FUN_006bc890	gamemisc	game_misc	_artifacts	role:artifact	303
006bcd60	FUN_006bcd60	gamemisc	game_misc	_artifacts	role:artifact	569
006bcfa0	FUN_006bcfa0	gamemisc	game_misc	_artifacts	role:artifact	1536
006bd5a0	FUN_006bd5a0	gamemisc	game_misc	Unsorted_004	none	930
006bd950	FUN_006bd950	gamemisc	game_misc	_helpers_wrapper	role:wrapper	68
006bd9a0	FUN_006bd9a0	gamemisc	game_misc	Unsorted_004	none	117
006bda20	FUN_006bda20	gamemisc	game_misc	Unsorted_004	none	956
006bdde0	FUN_006bdde0	gamemisc	game_misc	_helpers_wrapper	role:wrapper	55
006bde20	FUN_006bde20	gamemisc	game_misc	_indirect_vfunc	role:vfunc-indirect	43
006bdea0	FUN_006bdea0	gamemisc	game_misc	_indirect_vfunc	role:vfunc-indirect	64
006bdf90	FUN_006bdf90	gamemisc	game_misc	_indirect_dispatch-target	role:dispatch-target	28
006bdff0	FUN_006bdff0	gamemisc	game_misc	Unsorted_004	none	322
006be140	vdispatch_6be140	gamemisc	game_misc	_helpers_dispatch	role:dispatch	76
006be190	FUN_006be190	gamemisc	game_misc	Unsorted_004	none	254
006be8e0	FUN_006be8e0	gamemisc	game_misc	_helpers_wrapper	role:wrapper	47
006be910	FUN_006be910	gamemisc	game_misc	_indirect_callback	role:callback	119
006be990	FUN_006be990	gamemisc	game_misc	Unsorted_004	none	491
006beb80	FUN_006beb80	gamemisc	game_misc	_indirect_vfunc	role:vfunc-indirect	517
006bed90	FUN_006bed90	gamemisc	game_misc	_indirect_dispatch-target	role:dispatch-target	113
006bee10	FUN_006bee10	gamemisc	game_misc	_indirect_dispatch-target	role:dispatch-target	149
006beeb0	FUN_006beeb0	gamemisc	game_misc	_indirect_vfunc	role:vfunc-indirect	401
006bf050	FUN_006bf050	gamemisc	game_misc	_indirect_vfunc	role:vfunc-indirect	789
006bf430	FUN_006bf430	gamemisc	game_misc	_indirect_vfunc	role:vfunc-indirect	80
006bf480	FUN_006bf480	gamemisc	game_misc	Unsorted_004	none	290
006bf5b0	FUN_006bf5b0	gamemisc	game_misc	Unsorted_005	none	198
006bf680	FUN_006bf680	gamemisc	game_misc	_helpers_wrapper	role:wrapper	30
006bf6a0	vdispatch_6bf6a0	gamemisc	game_misc	_helpers_dispatch	role:dispatch	78
006bf6f0	vdispatch_6bf6f0	gamemisc	game_misc	_helpers_dispatch	role:dispatch	78
006bf740	FUN_006bf740	gamemisc	game_misc	Unsorted_005	none	388
006bf8d0	FUN_006bf8d0	gamemisc	game_misc	_helpers_wrapper	role:wrapper	52
006bf910	FUN_006bf910	gamemisc	game_misc	Unsorted_005	none	81
006bf970	vdispatch_6bf970	gamemisc	game_misc	_helpers_dispatch	role:dispatch	50
006bf9b0	vdispatch_6bf9b0	gamemisc	game_misc	_helpers_dispatch	role:dispatch	53
006bf9f0	FUN_006bf9f0	gamemisc	game_misc	_helpers_dtor-like	role:dtor-like	137
006bfa80	FUN_006bfa80	gamemisc	game_misc	Unsorted_005	none	155
006bfb20	FUN_006bfb20	gamemisc	game_misc	Unsorted_005	none	44
006bfc40	FUN_006bfc40	gamemisc	game_misc	_indirect_callback	role:callback	994
006c0030	FUN_006c0030	gamemisc	game_misc	_indirect_callback	role:callback	586
006c0280	FUN_006c0280	gamemisc	game_misc	Unsorted_005	none	51
006c02c0	FUN_006c02c0	gamemisc	game_misc	Unsorted_005	none	78
006c0310	FUN_006c0310	gamemisc	game_misc	Unsorted_005	none	388
006c04a0	FUN_006c04a0	gamemisc	game_misc	Unsorted_005	none	582
006c06f0	FUN_006c06f0	gamemisc	game_misc	Unsorted_005	none	204
006c07c0	FUN_006c07c0	gamemisc	game_misc	_helpers_wrapper	role:wrapper	93
006c0820	FUN_006c0820	gamemisc	game_misc	_helpers_ctor-like	role:ctor-like	234
006c0910	FUN_006c0910	gamemisc	game_misc	Unsorted_005	none	49
006c0950	FUN_006c0950	gamemisc	game_misc	Unsorted_005	none	170
006c0a20	FUN_006c0a20	gamemisc	game_misc	_indirect_vfunc	role:vfunc-indirect	25
006c0a40	FUN_006c0a40	gamemisc	game_misc	Unsorted_005	none	331
006c0bb0	FUN_006c0bb0	gamemisc	game_misc	Unsorted_005	none	45
006c0be0	FUN_006c0be0	gamemisc	game_misc	Unsorted_005	none	21
006c0c00	FUN_006c0c00	gamemisc	game_misc	Unsorted_005	none	19
006c0c20	FUN_006c0c20	gamemisc	game_misc	_helpers_wrapper	role:wrapper	107
006c0c90	FUN_006c0c90	gamemisc	game_misc	_helpers_wrapper	role:wrapper	102
006c0d00	fwd_00693a60_6c0d00	gamemisc	game_misc	_helpers_thunk	role:thunk	55
006c0d40	FUN_006c0d40	gamemisc	game_misc	Unsorted_005	none	483
006c0f30	FUN_006c0f30	gamemisc	game_misc	Unsorted_005	none	120
006c0fb0	FUN_006c0fb0	gamemisc	game_misc	Unsorted_005	none	179
006c1070	FUN_006c1070	gamemisc	game_misc	_indirect_dispatch-target	role:dispatch-target	73
006c10c0	FUN_006c10c0	gamemisc	game_misc	Unsorted_005	none	78
006c1110	FUN_006c1110	gamemisc	game_misc	_indirect_dispatch-target	role:dispatch-target	138
006c11a0	fwd_00691170_6c11a0	gamemisc	game_misc	_helpers_thunk	role:thunk	24
006c11c0	FUN_006c11c0	gamemisc	game_misc	Unsorted_005	none	132
006c1250	FUN_006c1250	gamemisc	game_misc	_helpers_wrapper	role:wrapper	27
006c1290	FUN_006c1290	gamemisc	game_misc	_helpers_wrapper	role:wrapper	35
006c12e0	FUN_006c12e0	gamemisc	game_misc	_helpers_wrapper	role:wrapper	39
006c1360	FUN_006c1360	gamemisc	game_misc	Unsorted_005	none	35
006c1390	FUN_006c1390	gamemisc	game_misc	Unsorted_005	none	92
006c13f0	FUN_006c13f0	gamemisc	game_misc	_indirect_callback	role:callback	130
006c1480	FUN_006c1480	gamemisc	game_misc	_indirect_callback	role:callback	115
006c1590	FUN_006c1590	gamemisc	game_misc	Unsorted_005	none	38
006c1780	FUN_006c1780	gamemisc	game_misc	_indirect_dispatch-target	role:dispatch-target	103
006c1810	FUN_006c1810	gamemisc	game_misc	_indirect_dispatch-target	role:dispatch-target	236
006c1aa0	FUN_006c1aa0	gamemisc	game_misc	Unsorted_005	none	341
006c1c00	FUN_006c1c00	gamemisc	game_misc	Unsorted_005	none	283
006c1d20	FUN_006c1d20	gamemisc	game_misc	_indirect_dispatch-target	role:dispatch-target	92
006c1d80	FUN_006c1d80	gamemisc	game_misc	_helpers_wrapper	role:wrapper	66
006c1dd0	FUN_006c1dd0	gamemisc	game_misc	_indirect_dispatch-target	role:dispatch-target	19
006c1df0	FUN_006c1df0	gamemisc	game_misc	Unsorted_005	none	134
006c1e80	FUN_006c1e80	gamemisc	game_misc	_indirect_dispatch-target	role:dispatch-target	62
006c1ed0	FUN_006c1ed0	gamemisc	game_misc	_indirect_dispatch-target	role:dispatch-target	42
006c1f00	FUN_006c1f00	gamemisc	game_misc	_indirect_dispatch-target	role:dispatch-target	177
006c1fc0	FUN_006c1fc0	gamemisc	game_misc	_indirect_dispatch-target	role:dispatch-target	79
006c2010	FUN_006c2010	gamemisc	game_misc	_indirect_dispatch-target	role:dispatch-target	180
006c20d0	FUN_006c20d0	gamemisc	game_misc	_indirect_dispatch-target	role:dispatch-target	196
006c21a0	FUN_006c21a0	gamemisc	game_misc	_indirect_dispatch-target	role:dispatch-target	186
006c2260	FUN_006c2260	gamemisc	game_misc	_indirect_dispatch-target	role:dispatch-target	100
006c22d0	FUN_006c22d0	gamemisc	game_misc	_indirect_dispatch-target	role:dispatch-target	97
006c2340	FUN_006c2340	gamemisc	game_misc	_indirect_dispatch-target	role:dispatch-target	93
006c23a0	FUN_006c23a0	gamemisc	game_misc	_indirect_dispatch-target	role:dispatch-target	87
006c2400	FUN_006c2400	gamemisc	game_misc	_indirect_dispatch-target	role:dispatch-target	97
006c2470	FUN_006c2470	gamemisc	game_misc	_indirect_dispatch-target	role:dispatch-target	127
006c24f0	FUN_006c24f0	gamemisc	game_misc	_indirect_dispatch-target	role:dispatch-target	245
006c25f0	FUN_006c25f0	gamemisc	game_misc	_indirect_dispatch-target	role:dispatch-target	175
006c26a0	FUN_006c26a0	gamemisc	game_misc	_indirect_dispatch-target	role:dispatch-target	68
006c26f0	FUN_006c26f0	gamemisc	game_misc	_indirect_dispatch-target	role:dispatch-target	68
006c2740	FUN_006c2740	gamemisc	game_misc	_indirect_dispatch-target	role:dispatch-target	68
006c2790	FUN_006c2790	gamemisc	game_misc	_indirect_dispatch-target	role:dispatch-target	114
006c2810	FUN_006c2810	gamemisc	game_misc	_helpers_dtor-like	role:dtor-like	55
006c2850	FUN_006c2850	gamemisc	game_misc	_indirect_dispatch-target	role:dispatch-target	183
006c2910	FUN_006c2910	gamemisc	game_misc	_indirect_dispatch-target	role:dispatch-target	13
006c2920	FUN_006c2920	gamemisc	game_misc	_indirect_dispatch-target	role:dispatch-target	112
006c29a0	FUN_006c29a0	gamemisc	game_misc	_indirect_dispatch-target	role:dispatch-target	69
006c29f0	FUN_006c29f0	gamemisc	game_misc	_indirect_dispatch-target	role:dispatch-target	69
006c2a40	FUN_006c2a40	gamemisc	game_misc	Unsorted_005	none	216
006c2b20	FUN_006c2b20	gamemisc	game_misc	Unsorted_005	none	84
006c2b80	FUN_006c2b80	gamemisc	game_misc	_indirect_dispatch-target	role:dispatch-target	173
006c2c30	FUN_006c2c30	gamemisc	game_misc	_indirect_dispatch-target	role:dispatch-target	242
006c2d30	FUN_006c2d30	gamemisc	game_misc	_indirect_dispatch-target	role:dispatch-target	200
006c2e00	FUN_006c2e00	gamemisc	game_misc	_indirect_dispatch-target	role:dispatch-target	169
006c2eb0	FUN_006c2eb0	gamemisc	game_misc	_indirect_dispatch-target	role:dispatch-target	248
006c2fb0	FUN_006c2fb0	gamemisc	game_misc	_indirect_dispatch-target	role:dispatch-target	125
006c3030	FUN_006c3030	gamemisc	game_misc	_indirect_dispatch-target	role:dispatch-target	260
006c3140	FUN_006c3140	gamemisc	game_misc	_indirect_dispatch-target	role:dispatch-target	475
006c3320	FUN_006c3320	gamemisc	game_misc	_indirect_dispatch-target	role:dispatch-target	545
006c3550	FUN_006c3550	gamemisc	game_misc	_indirect_dispatch-target	role:dispatch-target	199
006c3620	FUN_006c3620	gamemisc	game_misc	_indirect_dispatch-target	role:dispatch-target	548
006c3850	FUN_006c3850	gamemisc	game_misc	_indirect_dispatch-target	role:dispatch-target	129
006c38e0	FUN_006c38e0	gamemisc	game_misc	_indirect_dispatch-target	role:dispatch-target	535
006c3b00	FUN_006c3b00	gamemisc	game_misc	_indirect_dispatch-target	role:dispatch-target	61
006c3b40	FUN_006c3b40	gamemisc	game_misc	Unsorted_005	none	53
006c3b80	FUN_006c3b80	gamemisc	game_misc	Unsorted_005	none	300
006c3cc0	FUN_006c3cc0	gamemisc	game_misc	_indirect_dispatch-target	role:dispatch-target	398
006c3e60	FUN_006c3e60	gamemisc	game_misc	_indirect_dispatch-target	role:dispatch-target	233
006c3f50	FUN_006c3f50	gamemisc	game_misc	_indirect_dispatch-target	role:dispatch-target	235
006c4040	FUN_006c4040	gamemisc	game_misc	_indirect_dispatch-target	role:dispatch-target	74
006c4090	FUN_006c4090	gamemisc	game_misc	_indirect_dispatch-target	role:dispatch-target	148
006c4ee0	FUN_006c4ee0	gamemisc	game_misc	Unsorted_005	none	296
006c5010	FUN_006c5010	gamemisc	game_misc	Unsorted_005	none	253
006c5120	FUN_006c5120	gamemisc	game_misc	Unsorted_005	none	420
006c52d0	FUN_006c52d0	gamemisc	game_misc	Unsorted_005	none	584
006c5520	FUN_006c5520	gamemisc	game_misc	Unsorted_005	none	268
006c5630	FUN_006c5630	gamemisc	game_misc	Unsorted_005	none	1096
006c5a90	FUN_006c5a90	gamemisc	game_misc	Unsorted_005	none	930
006c5e40	FUN_006c5e40	gamemisc	game_misc	Unsorted_005	none	1269
006c6340	FUN_006c6340	gamemisc	game_misc	Unsorted_005	none	132
006c63d0	FUN_006c63d0	gamemisc	game_misc	_indirect_vfunc	role:vfunc-indirect	161
006c6480	FUN_006c6480	gamemisc	game_misc	Unsorted_005	none	80
006c64d0	FUN_006c64d0	gamemisc	game_misc	_indirect_vfunc	role:vfunc-indirect	109
006c6540	FUN_006c6540	gamemisc	game_misc	Unsorted_005	none	222
006c6620	FUN_006c6620	gamemisc	game_misc	Unsorted_005	none	613
006c6890	FUN_006c6890	gamemisc	game_misc	_helpers_ctor-like	role:ctor-like	506
006c6a90	FUN_006c6a90	gamemisc	game_misc	Unsorted_005	none	582
006c6ce0	FUN_006c6ce0	gamemisc	game_misc	Unsorted_005	none	1813
006c7400	FUN_006c7400	gamemisc	game_misc	_indirect_vfunc	role:vfunc-indirect	300
006c7530	FUN_006c7530	gamemisc	game_misc	_indirect_vfunc	role:vfunc-indirect	171
006c75e0	FUN_006c75e0	gamemisc	game_misc	Unsorted_005	none	275
006c7700	FUN_006c7700	gamemisc	game_misc	Unsorted_005	none	200
006c77d0	FUN_006c77d0	gamemisc	game_misc	_helpers_ctor-like	role:ctor-like	405
006c7970	FUN_006c7970	gamemisc	game_misc	Unsorted_005	none	248
006c7ab0	FUN_006c7ab0	gamemisc	game_misc	Unsorted_005	none	372
006c7c30	FUN_006c7c30	gamemisc	game_misc	_indirect_vfunc	role:vfunc-indirect	509
006c7e30	FUN_006c7e30	gamemisc	game_misc	Unsorted_005	none	482
006c8020	FUN_006c8020	gamemisc	game_misc	_indirect_dispatch-target	role:dispatch-target	579
006c83c0	FUN_006c83c0	gamemisc	game_misc	_artifacts	role:artifact	354
006c8670	FUN_006c8670	gamemisc	game_misc	Unsorted_005	none	21
006c8710	FUN_006c8710	gamemisc	game_misc	Unsorted_005	none	217
006c87f0	FUN_006c87f0	gamemisc	game_misc	Unsorted_005	none	93
006c8850	fwd_0068d7b0_6c8850	gamemisc	game_misc	_helpers_thunk	role:thunk	20
006c8870	FUN_006c8870	gamemisc	game_misc	Unsorted_005	none	129
006c8910	FUN_006c8910	gamemisc	game_misc	_artifacts	role:artifact	830
006c8f80	FUN_006c8f80	gamemisc	game_misc	_artifacts	role:artifact	287
006c9b20	FUN_006c9b20	gamemisc	game_misc	_artifacts	role:artifact	380
006c9ca0	FUN_006c9ca0	gamemisc	game_misc	_artifacts	role:artifact	692
006ca150	FUN_006ca150	gamemisc	game_misc	Unsorted_005	none	354
006ca2c0	FUN_006ca2c0	gamemisc	game_misc	_helpers_wrapper	role:wrapper	35
006ca2f0	FUN_006ca2f0	gamemisc	game_misc	_artifacts	role:artifact	1229
006ca960	FUN_006ca960	gamemisc	game_misc	_artifacts	role:artifact	724
006cac40	FUN_006cac40	gamemisc	game_misc	_artifacts	role:artifact	803
006cb000	FUN_006cb000	gamemisc	game_misc	Unsorted_005	none	80
006cb050	FUN_006cb050	gamemisc	game_misc	Unsorted_005	none	297
006cb180	FUN_006cb180	gamemisc	game_misc	_helpers_wrapper	role:wrapper	26
006cb1a0	FUN_006cb1a0	gamemisc	game_misc	Unsorted_005	none	13
006cb1b0	FUN_006cb1b0	gamemisc	game_misc	Unsorted_005	none	399
006cb340	FUN_006cb340	gamemisc	game_misc	_artifacts	role:artifact	673
006cb7b0	FUN_006cb7b0	gamemisc	game_misc	_indirect_dispatch-target	role:dispatch-target	42
006cb7e0	FUN_006cb7e0	gamemisc	game_misc	_helpers_wrapper	role:wrapper	42
006cb810	FUN_006cb810	gamemisc	game_misc	Unsorted_005	none	2030
006cc020	FUN_006cc020	gamemisc	game_misc	_indirect_vfunc	role:vfunc-indirect	15
006cc5a0	fwd_0068d770_6cc5a0	gamemisc	game_misc	_helpers_thunk	role:thunk	29
006cc610	FUN_006cc610	gamemisc	game_misc	Unsorted_005	none	112
006cc680	FUN_006cc680	gamemisc	engine	Helpers	caller-vote	42
006cc6b0	MSVCR110.DLL::free	lib	_library	imports	import-ns	5
006cc6c0	FUN_006cc6c0	gamemisc	game_misc	Unsorted_005	none	58
006cc700	FUN_006cc700	gamemisc	game_misc	Unsorted_005	none	224
006cc7e0	FUN_006cc7e0	gamemisc	game_misc	_indirect_dispatch-target	role:dispatch-target	105
006cc850	FUN_006cc850	gamemisc	game_misc	Unsorted_005	none	57
006cc890	FUN_006cc890	gamemisc	game_misc	_helpers_wrapper	role:wrapper	76
006cc8e0	FUN_006cc8e0	gamemisc	game_misc	Unsorted_005	none	197
006cc9b0	FUN_006cc9b0	gamemisc	game_misc	Unsorted_005	none	87
006cca10	FUN_006cca10	gamemisc	game_misc	Unsorted_005	none	98
006cca80	FUN_006cca80	gamemisc	game_misc	Unsorted_005	none	34
006ccab0	FUN_006ccab0	gamemisc	game_misc	_helpers_wrapper	role:wrapper	82
006ccb10	FUN_006ccb10	gamemisc	game_misc	Unsorted_005	none	91
006ccb70	FUN_006ccb70	gamemisc	game_misc	Unsorted_005	none	668
006cce10	FUN_006cce10	gamemisc	game_misc	_helpers_wrapper	role:wrapper	72
006cce60	fwd_006ccb10_6cce60	gamemisc	game_misc	_helpers_thunk	role:thunk	23
006cce80	FUN_006cce80	gamemisc	game_misc	_helpers_wrapper	role:wrapper	54
006ccec0	FUN_006ccec0	gamemisc	game_misc	_helpers_wrapper	role:wrapper	58
006ccf00	FUN_006ccf00	gamemisc	game_misc	Unsorted_005	none	104
006ccf70	FUN_006ccf70	gamemisc	game_misc	_indirect_dispatch-target	role:dispatch-target	177
006cd030	FUN_006cd030	gamemisc	game_misc	_helpers_wrapper	role:wrapper	43
006cd080	FUN_006cd080	gamemisc	game_misc	Unsorted_005	none	170
006cd130	FUN_006cd130	gamemisc	game_misc	Unsorted_005	none	1240
006cd620	FUN_006cd620	gamemisc	game_misc	_indirect_dispatch-target	role:dispatch-target	158
006cd6c0	FUN_006cd6c0	gamemisc	game_misc	_indirect_dispatch-target	role:dispatch-target	386
006cd850	FUN_006cd850	gamemisc	game_misc	_indirect_dispatch-target	role:dispatch-target	31
006cd870	FUN_006cd870	gamemisc	game_misc	Unsorted_005	none	228
006cd960	vdispatch_6cd960	gamemisc	game_misc	_helpers_dispatch	role:dispatch	55
006cd9a0	FUN_006cd9a0	gamemisc	game_misc	_indirect_dispatch-target	role:dispatch-target	126
006cdf30	vdispatch_6cdf30	gamemisc	game_misc	_helpers_dispatch	role:dispatch	14
006cdf40	FUN_006cdf40	gamemisc	game_misc	Unsorted_005	none	106
006cdfb0	FUN_006cdfb0	gamemisc	game_misc	Unsorted_005	none	153
006ce050	FUN_006ce050	gamemisc	game_misc	_helpers_dtor-like	role:dtor-like	139
006cead0	vdispatch_6cead0	gamemisc	game_misc	_helpers_dispatch	role:dispatch	57
006ceb10	FUN_006ceb10	gamemisc	game_misc	_helpers_wrapper	role:wrapper	63
006ceb50	vdispatch_6ceb50	gamemisc	game_misc	_helpers_dispatch	role:dispatch	63
006ceb90	FUN_006ceb90	lib	_library	zlib	lib-string	894
006cef50	FUN_006cef50	gamemisc	game_misc	_indirect_callback	role:callback	295
006cf090	fwd_00692230_6cf090	gamemisc	game_misc	_helpers_thunk	role:thunk	29
006cf0c0	thunk_FUN_006cf090	gamemisc	game_misc	Unsorted_005	none	5
006cf0e0	FUN_006cf0e0	gamemisc	game_misc	Unsorted_005	none	322
006cf230	fwd_006ceb50_6cf230	gamemisc	game_misc	_helpers_thunk	role:thunk	41
006cf260	FUN_006cf260	gamemisc	game_misc	_helpers_wrapper	role:wrapper	77
006cf2b0	FUN_006cf2b0	gamemisc	game_misc	Unsorted_005	none	114
006cf330	FUN_006cf330	gamemisc	game_misc	Unsorted_005	none	110
006cf3a0	FUN_006cf3a0	gamemisc	game_misc	Unsorted_005	none	60
006cf3f0	FUN_006cf3f0	gamemisc	game_misc	Unsorted_005	none	155
006cf4e0	FUN_006cf4e0	gamemisc	game_misc	Unsorted_005	none	69
006cf530	FUN_006cf530	gamemisc	game_misc	_helpers_dtor-like	role:dtor-like	237
006cf620	FUN_006cf620	gamemisc	game_misc	Unsorted_005	none	142
006cf6b0	FUN_006cf6b0	gamemisc	game_misc	Unsorted_005	none	326
006cf7f6	GLU32.DLL::gluNewTess	lib	_library	imports	import-ns	6
006cf7fc	GLU32.DLL::gluDeleteTess	lib	_library	imports	import-ns	6
006cf802	GLU32.DLL::gluTessBeginPolygon	lib	_library	imports	import-ns	6
006cf808	GLU32.DLL::gluTessBeginContour	lib	_library	imports	import-ns	6
006cf80e	GLU32.DLL::gluTessVertex	lib	_library	imports	import-ns	6
006cf814	GLU32.DLL::gluTessEndContour	lib	_library	imports	import-ns	6
006cf81a	GLU32.DLL::gluTessEndPolygon	lib	_library	imports	import-ns	6
006cf820	GLU32.DLL::gluTessProperty	lib	_library	imports	import-ns	6
006cf826	GLU32.DLL::gluTessCallback	lib	_library	imports	import-ns	6
006cf830	plasma::RenderSurface::RenderSurface	game	engine	RenderSurface	rtti	81
006cf890	plasma::RenderSurface::~RenderSurface	game	engine	RenderSurface	rtti	7
006cf8a0	plasma::RenderSurface::deleting_destructor	game	engine	RenderSurface	rtti	31
006cf8c2	KERNEL32.DLL::IsProcessorFeaturePresent	lib	_library	imports	import-ns	6
006cf8c8	MSVCR110.DLL::strncpy	lib	_library	imports	import-ns	6
006cf8ce	MSVCR110.DLL::strrchr	lib	_library	imports	import-ns	6
006cf8d4	MSVCR110.DLL::atol	lib	_library	imports	import-ns	6
006cf8da	MSVCR110.DLL::strstr	lib	_library	imports	import-ns	6
006cf8e0	FUN_006cf8e0	gamemisc	audio	Helpers	caller-vote	242
006cf9e0	FUN_006cf9e0	gamemisc	audio	Helpers	caller-vote	130
006cfa70	FUN_006cfa70	gamemisc	audio	Helpers	caller-vote	727
006cfd50	FUN_006cfd50	gamemisc	audio	Helpers	caller-vote	324
006cfea0	FUN_006cfea0	gamemisc	audio	Helpers	caller-vote	267
006cffb0	FUN_006cffb0	gamemisc	audio	Helpers	caller-vote	619
006d0230	FUN_006d0230	gamemisc	audio	Helpers	caller-vote	51
006d0270	FUN_006d0270	gamemisc	audio	Helpers	caller-vote	26
006d0290	FUN_006d0290	gamemisc	audio	Helpers	caller-vote	103
006d0300	FUN_006d0300	gamemisc	audio	Helpers	caller-vote	20
006d0320	FUN_006d0320	gamemisc	audio	Helpers	caller-vote	242
006d0420	FUN_006d0420	gamemisc	audio	Helpers	caller-vote	17
006d0440	FUN_006d0440	gamemisc	game_misc	_artifacts	role:artifact	43
006d0470	FUN_006d0470	gamemisc	audio	Helpers	caller-vote	132
006d0500	FUN_006d0500	gamemisc	audio	Helpers	caller-vote	258
006d0610	FUN_006d0610	gamemisc	audio	Helpers	caller-vote	426
006d07c0	FUN_006d07c0	gamemisc	game_misc	_artifacts	role:artifact	51
006d0800	FUN_006d0800	gamemisc	game_misc	_artifacts	role:artifact	794
006d0b20	FUN_006d0b20	gamemisc	audio	Helpers	caller-vote	37
006d0b50	FUN_006d0b50	gamemisc	audio	Helpers	caller-vote	85
006d0bb0	FUN_006d0bb0	gamemisc	audio	Helpers	caller-vote	1639
006d1220	FUN_006d1220	gamemisc	audio	Helpers	caller-vote	55
006d1260	FUN_006d1260	gamemisc	audio	Helpers	caller-vote	128
006d12e0	FUN_006d12e0	gamemisc	audio	Helpers	caller-vote	644
006d1570	FUN_006d1570	gamemisc	audio	Helpers	caller-vote	924
006d1920	FUN_006d1920	gamemisc	audio	Helpers	caller-vote	159
006d19d0	FUN_006d19d0	gamemisc	audio	Helpers	caller-vote	179
006d1ab0	FUN_006d1ab0	gamemisc	audio	Helpers	caller-vote	96
006d1b10	FUN_006d1b10	gamemisc	audio	Helpers	caller-vote	109
006d1b80	FUN_006d1b80	gamemisc	audio	_indirect_callback	role:callback	33
006d1c20	FUN_006d1c20	gamemisc	audio	Helpers	caller-vote	728
006d1f00	FUN_006d1f00	gamemisc	audio	Helpers	caller-vote	158
006d1fa0	FUN_006d1fa0	gamemisc	audio	Helpers	caller-vote	406
006d2140	FUN_006d2140	gamemisc	game_misc	_helpers_wrapper	role:wrapper	82
006d21b0	FUN_006d21b0	gamemisc	audio	Helpers	caller-vote	1714
006d2870	FUN_006d2870	gamemisc	game_misc	_artifacts	role:artifact	307
006d29b0	FUN_006d29b0	gamemisc	audio	Helpers	caller-vote	78
006d2a00	FUN_006d2a00	gamemisc	game_misc	_artifacts	role:artifact	91
006d2a60	FUN_006d2a60	gamemisc	game_misc	Unsorted_005	none	743
006d2d60	FUN_006d2d60	gamemisc	game_misc	Unsorted_005	none	868
006d30d0	FUN_006d30d0	gamemisc	game_misc	_indirect_callback	role:callback	191
006d3250	FUN_006d3250	gamemisc	game_misc	_indirect_callback	role:callback	927
006d3600	FUN_006d3600	gamemisc	game_misc	_artifacts	role:artifact	33
006d3630	FUN_006d3630	gamemisc	game_misc	Unsorted_005	none	348
006d3790	FUN_006d3790	gamemisc	game_misc	Unsorted_005	none	98
006d3800	FUN_006d3800	gamemisc	game_misc	_helpers_wrapper	role:wrapper	63
006d3840	FUN_006d3840	gamemisc	audio	Helpers	caller-vote	946
006d3c20	FUN_006d3c20	gamemisc	game_misc	Unsorted_005	none	2146
006d4490	FUN_006d4490	gamemisc	game_misc	Unsorted_005	none	834
006d47e0	FUN_006d47e0	gamemisc	game_misc	Unsorted_005	none	130
006d4870	FUN_006d4870	gamemisc	game_misc	_indirect_callback	role:callback	41
006d48a0	FUN_006d48a0	gamemisc	game_misc	_artifacts	role:artifact	278
006d49c0	FUN_006d49c0	gamemisc	game_misc	Unsorted_005	none	338
006d4b20	FUN_006d4b20	gamemisc	game_misc	Unsorted_005	none	842
006d4e80	FUN_006d4e80	gamemisc	game_misc	Unsorted_005	none	1557
006d54c0	FUN_006d54c0	gamemisc	game_misc	Unsorted_005	none	252
006d55d0	FUN_006d55d0	gamemisc	game_misc	Unsorted_005	none	391
006d5760	FUN_006d5760	gamemisc	game_misc	Unsorted_005	none	406
006d5910	FUN_006d5910	gamemisc	game_misc	_artifacts	role:artifact	191
006d59d0	FUN_006d59d0	gamemisc	game_misc	Unsorted_005	none	2381
006d6460	empty_stub_6d6460	gamemisc	game_misc	_helpers_stub	role:stub	34
006d6490	FUN_006d6490	gamemisc	audio	Helpers	caller-vote	179
006d6550	FUN_006d6550	gamemisc	game_misc	_artifacts	role:artifact	2236
006d6e60	FUN_006d6e60	gamemisc	game_misc	_helpers_wrapper	role:wrapper	32
006d6eb0	FUN_006d6eb0	gamemisc	game_misc	Unsorted_005	none	516
006d70c0	FUN_006d70c0	gamemisc	game_misc	Unsorted_005	none	3787
006d7fc0	FUN_006d7fc0	gamemisc	game_misc	Unsorted_005	none	1094
006d8420	FUN_006d8420	gamemisc	game_misc	Unsorted_005	none	538
006d8650	fwd_006d8670_6d8650	gamemisc	game_misc	_helpers_thunk	role:thunk	26
006d8670	FUN_006d8670	gamemisc	game_misc	Unsorted_005	none	500
006d8870	FUN_006d8870	gamemisc	game_misc	_helpers_wrapper	role:wrapper	76
006d88c0	FUN_006d88c0	gamemisc	game_misc	_artifacts	role:artifact	57
006d8900	FUN_006d8900	gamemisc	audio	Helpers	caller-vote	140
006d8990	FUN_006d8990	gamemisc	game_misc	Unsorted_005	none	871
006d8d10	FUN_006d8d10	gamemisc	game_misc	Unsorted_005	none	424
006d8ec0	FUN_006d8ec0	gamemisc	game_misc	Unsorted_005	none	613
006d9130	FUN_006d9130	gamemisc	game_misc	_artifacts	role:artifact	461
006d9300	FUN_006d9300	gamemisc	game_misc	Unsorted_005	none	441
006d94c0	FUN_006d94c0	gamemisc	game_misc	Unsorted_005	none	1887
006d9c20	FUN_006d9c20	gamemisc	game_misc	_artifacts	role:artifact	611
006d9e90	FUN_006d9e90	gamemisc	game_misc	_artifacts	role:artifact	177
006d9f50	FUN_006d9f50	gamemisc	game_misc	Unsorted_005	none	596
006da1b0	FUN_006da1b0	gamemisc	audio	Helpers	caller-vote	62
006da1f0	FUN_006da1f0	gamemisc	audio	Helpers	caller-vote	687
006da4b0	FUN_006da4b0	gamemisc	game_misc	Unsorted_005	none	25
006da4e0	FUN_006da4e0	gamemisc	game_misc	Unsorted_005	none	557
006da730	FUN_006da730	gamemisc	game_misc	_indirect_vfunc	role:vfunc-indirect	414
006da8d0	FUN_006da8d0	gamemisc	game_misc	_indirect_vfunc	role:vfunc-indirect	273
006da9f0	FUN_006da9f0	gamemisc	game_misc	_indirect_vfunc	role:vfunc-indirect	526
006dac00	FUN_006dac00	gamemisc	game_misc	_indirect_vfunc	role:vfunc-indirect	86
006dac60	FUN_006dac60	gamemisc	game_misc	_indirect_vfunc	role:vfunc-indirect	640
006daee0	FUN_006daee0	gamemisc	game_misc	_indirect_vfunc	role:vfunc-indirect	87
006daf40	FUN_006daf40	gamemisc	game_misc	_artifacts	role:artifact	86
006dafa0	FUN_006dafa0	gamemisc	game_misc	Unsorted_005	none	643
006db230	FUN_006db230	gamemisc	game_misc	Unsorted_005	none	575
006db470	FUN_006db470	gamemisc	game_misc	_artifacts	role:artifact	467
006db650	FUN_006db650	gamemisc	game_misc	_artifacts	role:artifact	583
006db8a0	FUN_006db8a0	gamemisc	game_misc	Unsorted_005	none	136
006db930	FUN_006db930	gamemisc	game_misc	Unsorted_005	none	1000
006dbd20	FUN_006dbd20	gamemisc	game_misc	_indirect_vfunc	role:vfunc-indirect	520
006dbf30	FUN_006dbf30	gamemisc	game_misc	_indirect_vfunc	role:vfunc-indirect	443
006dc0f0	FUN_006dc0f0	gamemisc	game_misc	_indirect_dispatch-target	role:dispatch-target	234
006dc210	FUN_006dc210	gamemisc	game_misc	_indirect_vfunc	role:vfunc-indirect	112
006dc280	FUN_006dc280	gamemisc	game_misc	_indirect_vfunc	role:vfunc-indirect	37
006dc2b0	FUN_006dc2b0	gamemisc	game_misc	_indirect_vfunc	role:vfunc-indirect	763
006dc5c0	FUN_006dc5c0	gamemisc	game_misc	_indirect_vfunc	role:vfunc-indirect	3811
006dd4b0	empty_stub_6dd4b0	gamemisc	game_misc	_helpers_stub	role:stub	65
006dd500	FUN_006dd500	gamemisc	game_misc	_indirect_vfunc	role:vfunc-indirect	533
006dd730	FUN_006dd730	gamemisc	game_misc	_indirect_dispatch-target	role:dispatch-target	345
006dd8b0	FUN_006dd8b0	gamemisc	game_misc	_indirect_vfunc	role:vfunc-indirect	37
006dd8e0	FUN_006dd8e0	gamemisc	game_misc	_indirect_vfunc	role:vfunc-indirect	428
006ddaa0	FUN_006ddaa0	gamemisc	game_misc	_indirect_vfunc	role:vfunc-indirect	774
006dddb0	FUN_006dddb0	gamemisc	game_misc	_artifacts	role:artifact	41
006ddde0	FUN_006ddde0	gamemisc	game_misc	Unsorted_005	none	531
006de000	FUN_006de000	gamemisc	game_misc	Unsorted_005	none	695
006de2c0	FUN_006de2c0	gamemisc	game_misc	Unsorted_005	none	368
006de430	FUN_006de430	gamemisc	game_misc	_artifacts	role:artifact	147
006de4d0	FUN_006de4d0	gamemisc	game_misc	Unsorted_005	none	188
006de5c0	FUN_006de5c0	gamemisc	game_misc	_artifacts	role:artifact	74
006de610	FUN_006de610	gamemisc	game_misc	_indirect_vfunc	role:vfunc-indirect	650
006de900	FUN_006de900	gamemisc	game_misc	_indirect_vfunc	role:vfunc-indirect	812
006dec50	compute_6dec50	gamemisc	game_misc	_helpers_computed	role:computed	19
006dec70	FUN_006dec70	gamemisc	game_misc	_indirect_vfunc	role:vfunc-indirect	454
006dee70	FUN_006dee70	gamemisc	game_misc	_indirect_vfunc	role:vfunc-indirect	37
006deea0	FUN_006deea0	gamemisc	game_misc	_indirect_vfunc	role:vfunc-indirect	37
006deed0	FUN_006deed0	gamemisc	game_misc	Unsorted_005	none	1494
006df4c0	FUN_006df4c0	gamemisc	game_misc	Unsorted_005	none	164
006df570	FUN_006df570	gamemisc	game_misc	Unsorted_005	none	1555
006dfba0	FUN_006dfba0	gamemisc	game_misc	_indirect_vfunc	role:vfunc-indirect	142
006dfc30	FUN_006dfc30	gamemisc	game_misc	_indirect_vfunc	role:vfunc-indirect	312
006dfd70	FUN_006dfd70	gamemisc	game_misc	_indirect_vfunc	role:vfunc-indirect	53
006dfdb0	FUN_006dfdb0	gamemisc	game_misc	Unsorted_005	none	477
006dff90	FUN_006dff90	gamemisc	game_misc	_indirect_vfunc	role:vfunc-indirect	242
006e0090	FUN_006e0090	gamemisc	game_misc	_indirect_vfunc	role:vfunc-indirect	93
006e00f0	FUN_006e00f0	gamemisc	game_misc	_indirect_vfunc	role:vfunc-indirect	34
006e0120	FUN_006e0120	gamemisc	game_misc	_artifacts	role:artifact	37
006e0150	FUN_006e0150	gamemisc	game_misc	Unsorted_005	none	549
006e0390	FUN_006e0390	gamemisc	game_misc	Unsorted_005	none	828
006e03a2	MSVCR110.DLL::libm_sse2_atan_precise	lib	_library	imports	import-ns	6
006e03b0	FUN_006e03b0	gamemisc	game_misc	Unsorted_005	none	416
006e0b70	___common_srl	gamemisc	game_misc	Unsorted_005	none	45
006e0ba0	___common_sll	gamemisc	game_misc	Unsorted_005	none	43
006e0bd0	FUN_006e0bd0	gamemisc	game_misc	Unsorted_005	none	752
006e0ec0	FUN_006e0ec0	gamemisc	game_misc	_artifacts	role:artifact	778
006e11d0	Unwind@006e11d0	lib	_library	eh_funclets	eh	8
006e11d8	Unwind@006e11d8	lib	_library	eh_funclets	eh	8
006e12c0	Unwind@006e12c0	lib	_library	eh_funclets	eh	29
006e12dd	Unwind@006e12dd	lib	_library	eh_funclets	eh	12
006e12e9	Unwind@006e12e9	lib	_library	eh_funclets	eh	9
006e1330	Unwind@006e1330	lib	_library	eh_funclets	eh	11
006e133b	Unwind@006e133b	lib	_library	eh_funclets	eh	11
006e1346	Unwind@006e1346	lib	_library	eh_funclets	eh	11
006e1351	Unwind@006e1351	lib	_library	eh_funclets	eh	11
006e135c	Unwind@006e135c	lib	_library	eh_funclets	eh	11
006e1367	Unwind@006e1367	lib	_library	eh_funclets	eh	11
006e1372	Unwind@006e1372	lib	_library	eh_funclets	eh	11
006e13a0	Unwind@006e13a0	lib	_library	eh_funclets	eh	8
006e13d0	Unwind@006e13d0	lib	_library	eh_funclets	eh	8
006e1400	Unwind@006e1400	lib	_library	eh_funclets	eh	8
006e1450	Unwind@006e1450	lib	_library	eh_funclets	eh	8
006e1480	Unwind@006e1480	lib	_library	eh_funclets	eh	8
006e14b0	Unwind@006e14b0	lib	_library	eh_funclets	eh	8
006e14e0	Unwind@006e14e0	lib	_library	eh_funclets	eh	8
006e1510	Unwind@006e1510	lib	_library	eh_funclets	eh	8
006e1540	Unwind@006e1540	lib	_library	eh_funclets	eh	8
006e1548	Unwind@006e1548	lib	_library	eh_funclets	eh	17
006e1559	Unwind@006e1559	lib	_library	eh_funclets	eh	17
006e1590	Unwind@006e1590	lib	_library	eh_funclets	eh	8
006e15c0	Unwind@006e15c0	lib	_library	eh_funclets	eh	8
006e15f0	Unwind@006e15f0	lib	_library	eh_funclets	eh	8
006e15f8	Unwind@006e15f8	lib	_library	eh_funclets	eh	8
006e1620	Unwind@006e1620	lib	_library	eh_funclets	eh	8
006e1628	Unwind@006e1628	lib	_library	eh_funclets	eh	8
006e1650	Unwind@006e1650	lib	_library	eh_funclets	eh	8
006e1680	Unwind@006e1680	lib	_library	eh_funclets	eh	8
006e16b0	Unwind@006e16b0	lib	_library	eh_funclets	eh	8
006e16b8	Unwind@006e16b8	lib	_library	eh_funclets	eh	8
006e16e0	Unwind@006e16e0	lib	_library	eh_funclets	eh	8
006e16e8	Unwind@006e16e8	lib	_library	eh_funclets	eh	8
006e1710	Unwind@006e1710	lib	_library	eh_funclets	eh	8
006e1718	Unwind@006e1718	lib	_library	eh_funclets	eh	8
006e1720	Unwind@006e1720	lib	_library	eh_funclets	eh	8
006e1728	Unwind@006e1728	lib	_library	eh_funclets	eh	17
006e1739	Unwind@006e1739	lib	_library	eh_funclets	eh	17
006e1770	Unwind@006e1770	lib	_library	eh_funclets	eh	8
006e1778	Unwind@006e1778	lib	_library	eh_funclets	eh	8
006e1780	Unwind@006e1780	lib	_library	eh_funclets	eh	17
006e1791	Unwind@006e1791	lib	_library	eh_funclets	eh	17
006e17c0	Unwind@006e17c0	lib	_library	eh_funclets	eh	8
006e17f0	Unwind@006e17f0	lib	_library	eh_funclets	eh	8
006e17f8	Unwind@006e17f8	lib	_library	eh_funclets	eh	8
006e1830	Unwind@006e1830	lib	_library	eh_funclets	eh	26
006e184a	Unwind@006e184a	lib	_library	eh_funclets	eh	12
006e1856	Unwind@006e1856	lib	_library	eh_funclets	eh	12
006e1862	Unwind@006e1862	lib	_library	eh_funclets	eh	11
006e18a0	Unwind@006e18a0	lib	_library	eh_funclets	eh	8
006e18a8	Unwind@006e18a8	lib	_library	eh_funclets	eh	8
006e18b0	Unwind@006e18b0	lib	_library	eh_funclets	eh	17
006e18c1	Unwind@006e18c1	lib	_library	eh_funclets	eh	17
006e18f0	Unwind@006e18f0	lib	_library	eh_funclets	eh	11
006e18fb	Unwind@006e18fb	lib	_library	eh_funclets	eh	11
006e1930	Unwind@006e1930	lib	_library	eh_funclets	eh	11
006e1960	Unwind@006e1960	lib	_library	eh_funclets	eh	8
006e1990	Unwind@006e1990	lib	_library	eh_funclets	eh	8
006e1998	Unwind@006e1998	lib	_library	eh_funclets	eh	8
006e19a0	Unwind@006e19a0	lib	_library	eh_funclets	eh	8
006e19d0	Unwind@006e19d0	lib	_library	eh_funclets	eh	8
006e19d8	Unwind@006e19d8	lib	_library	eh_funclets	eh	8
006e1a00	Unwind@006e1a00	lib	_library	eh_funclets	eh	9
006e1a30	Unwind@006e1a30	lib	_library	eh_funclets	eh	29
006e1a4d	Unwind@006e1a4d	lib	_library	eh_funclets	eh	12
006e1a59	Unwind@006e1a59	lib	_library	eh_funclets	eh	9
006e1a80	Unwind@006e1a80	lib	_library	eh_funclets	eh	8
006e1a88	Unwind@006e1a88	lib	_library	eh_funclets	eh	8
006e1ad0	Unwind@006e1ad0	lib	_library	eh_funclets	eh	35
006e1af3	Unwind@006e1af3	lib	_library	eh_funclets	eh	12
006e1aff	Unwind@006e1aff	lib	_library	eh_funclets	eh	12
006e1b0b	Unwind@006e1b0b	lib	_library	eh_funclets	eh	11
006e1b16	Unwind@006e1b16	lib	_library	eh_funclets	eh	11
006e1b21	Unwind@006e1b21	lib	_library	eh_funclets	eh	11
006e1b2c	Unwind@006e1b2c	lib	_library	eh_funclets	eh	11
006e1b37	Unwind@006e1b37	lib	_library	eh_funclets	eh	11
006e1b42	Unwind@006e1b42	lib	_library	eh_funclets	eh	11
006e1b4d	Unwind@006e1b4d	lib	_library	eh_funclets	eh	11
006e1b58	Unwind@006e1b58	lib	_library	eh_funclets	eh	11
006e1b63	Unwind@006e1b63	lib	_library	eh_funclets	eh	11
006e1b6e	Unwind@006e1b6e	lib	_library	eh_funclets	eh	11
006e1b79	Unwind@006e1b79	lib	_library	eh_funclets	eh	11
006e1b84	Unwind@006e1b84	lib	_library	eh_funclets	eh	11
006e1b8f	Unwind@006e1b8f	lib	_library	eh_funclets	eh	11
006e1b9a	Unwind@006e1b9a	lib	_library	eh_funclets	eh	11
006e1ba5	Unwind@006e1ba5	lib	_library	eh_funclets	eh	11
006e1bb0	Unwind@006e1bb0	lib	_library	eh_funclets	eh	11
006e1bbb	Unwind@006e1bbb	lib	_library	eh_funclets	eh	11
006e1bc6	Unwind@006e1bc6	lib	_library	eh_funclets	eh	11
006e1bd1	Unwind@006e1bd1	lib	_library	eh_funclets	eh	11
006e1bdc	Unwind@006e1bdc	lib	_library	eh_funclets	eh	11
006e1be7	Unwind@006e1be7	lib	_library	eh_funclets	eh	11
006e1bf2	Unwind@006e1bf2	lib	_library	eh_funclets	eh	11
006e1bfd	Unwind@006e1bfd	lib	_library	eh_funclets	eh	11
006e1c08	Unwind@006e1c08	lib	_library	eh_funclets	eh	11
006e1c13	Unwind@006e1c13	lib	_library	eh_funclets	eh	11
006e1c50	Unwind@006e1c50	lib	_library	eh_funclets	eh	8
006e1c58	Unwind@006e1c58	lib	_library	eh_funclets	eh	8
006e1ca0	Unwind@006e1ca0	lib	_library	eh_funclets	eh	35
006e1cc3	Unwind@006e1cc3	lib	_library	eh_funclets	eh	12
006e1ccf	Unwind@006e1ccf	lib	_library	eh_funclets	eh	12
006e1cdb	Unwind@006e1cdb	lib	_library	eh_funclets	eh	11
006e1ce6	Unwind@006e1ce6	lib	_library	eh_funclets	eh	11
006e1cf1	Unwind@006e1cf1	lib	_library	eh_funclets	eh	11
006e1cfc	Unwind@006e1cfc	lib	_library	eh_funclets	eh	11
006e1d07	Unwind@006e1d07	lib	_library	eh_funclets	eh	11
006e1d12	Unwind@006e1d12	lib	_library	eh_funclets	eh	35
006e1d35	Unwind@006e1d35	lib	_library	eh_funclets	eh	12
006e1d41	Unwind@006e1d41	lib	_library	eh_funclets	eh	12
006e1d4d	Unwind@006e1d4d	lib	_library	eh_funclets	eh	11
006e1d58	Unwind@006e1d58	lib	_library	eh_funclets	eh	11
006e1d63	Unwind@006e1d63	lib	_library	eh_funclets	eh	11
006e1d6e	Unwind@006e1d6e	lib	_library	eh_funclets	eh	11
006e1d79	Unwind@006e1d79	lib	_library	eh_funclets	eh	11
006e1d84	Unwind@006e1d84	lib	_library	eh_funclets	eh	11
006e1d8f	Unwind@006e1d8f	lib	_library	eh_funclets	eh	11
006e1d9a	Unwind@006e1d9a	lib	_library	eh_funclets	eh	11
006e1da5	Unwind@006e1da5	lib	_library	eh_funclets	eh	11
006e1db0	Unwind@006e1db0	lib	_library	eh_funclets	eh	11
006e1dbb	Unwind@006e1dbb	lib	_library	eh_funclets	eh	11
006e1dc6	Unwind@006e1dc6	lib	_library	eh_funclets	eh	11
006e1dd1	Unwind@006e1dd1	lib	_library	eh_funclets	eh	11
006e1ddc	Unwind@006e1ddc	lib	_library	eh_funclets	eh	11
006e1de7	Unwind@006e1de7	lib	_library	eh_funclets	eh	11
006e1df2	Unwind@006e1df2	lib	_library	eh_funclets	eh	11
006e1dfd	Unwind@006e1dfd	lib	_library	eh_funclets	eh	11
006e1e40	Unwind@006e1e40	lib	_library	eh_funclets	eh	8
006e1e70	Unwind@006e1e70	lib	_library	eh_funclets	eh	8
006e1e78	Unwind@006e1e78	lib	_library	eh_funclets	eh	8
006e1e80	Unwind@006e1e80	lib	_library	eh_funclets	eh	8
006e1e88	Unwind@006e1e88	lib	_library	eh_funclets	eh	8
006e1e90	Unwind@006e1e90	lib	_library	eh_funclets	eh	8
006e1e98	Unwind@006e1e98	lib	_library	eh_funclets	eh	8
006e1ea0	Unwind@006e1ea0	lib	_library	eh_funclets	eh	8
006e1ea8	Unwind@006e1ea8	lib	_library	eh_funclets	eh	8
006e1eb0	Unwind@006e1eb0	lib	_library	eh_funclets	eh	8
006e1eb8	Unwind@006e1eb8	lib	_library	eh_funclets	eh	8
006e1ec0	Unwind@006e1ec0	lib	_library	eh_funclets	eh	8
006e1ec8	Unwind@006e1ec8	lib	_library	eh_funclets	eh	8
006e1ed0	Unwind@006e1ed0	lib	_library	eh_funclets	eh	8
006e1ed8	Unwind@006e1ed8	lib	_library	eh_funclets	eh	8
006e1ee0	Unwind@006e1ee0	lib	_library	eh_funclets	eh	8
006e1ee8	Unwind@006e1ee8	lib	_library	eh_funclets	eh	8
006e1f60	Unwind@006e1f60	lib	_library	eh_funclets	eh	35
006e1f83	Unwind@006e1f83	lib	_library	eh_funclets	eh	12
006e1f8f	Unwind@006e1f8f	lib	_library	eh_funclets	eh	12
006e1f9b	Unwind@006e1f9b	lib	_library	eh_funclets	eh	11
006e1fa6	Unwind@006e1fa6	lib	_library	eh_funclets	eh	8
006e1fae	Unwind@006e1fae	lib	_library	eh_funclets	eh	8
006e1fb6	Unwind@006e1fb6	lib	_library	eh_funclets	eh	8
006e1fbe	Unwind@006e1fbe	lib	_library	eh_funclets	eh	8
006e1fc6	Unwind@006e1fc6	lib	_library	eh_funclets	eh	8
006e1fce	Unwind@006e1fce	lib	_library	eh_funclets	eh	8
006e1fd6	Unwind@006e1fd6	lib	_library	eh_funclets	eh	8
006e1fde	Unwind@006e1fde	lib	_library	eh_funclets	eh	8
006e1fe6	Unwind@006e1fe6	lib	_library	eh_funclets	eh	8
006e1fee	Unwind@006e1fee	lib	_library	eh_funclets	eh	8
006e1ff6	Unwind@006e1ff6	lib	_library	eh_funclets	eh	8
006e1ffe	Unwind@006e1ffe	lib	_library	eh_funclets	eh	8
006e2006	Unwind@006e2006	lib	_library	eh_funclets	eh	8
006e200e	Unwind@006e200e	lib	_library	eh_funclets	eh	8
006e2016	Unwind@006e2016	lib	_library	eh_funclets	eh	8
006e201e	Unwind@006e201e	lib	_library	eh_funclets	eh	8
006e2026	Unwind@006e2026	lib	_library	eh_funclets	eh	8
006e202e	Unwind@006e202e	lib	_library	eh_funclets	eh	8
006e2036	Unwind@006e2036	lib	_library	eh_funclets	eh	8
006e203e	Unwind@006e203e	lib	_library	eh_funclets	eh	8
006e2046	Unwind@006e2046	lib	_library	eh_funclets	eh	8
006e204e	Unwind@006e204e	lib	_library	eh_funclets	eh	8
006e2056	Unwind@006e2056	lib	_library	eh_funclets	eh	8
006e205e	Unwind@006e205e	lib	_library	eh_funclets	eh	8
006e2066	Unwind@006e2066	lib	_library	eh_funclets	eh	8
006e206e	Unwind@006e206e	lib	_library	eh_funclets	eh	8
006e2076	Unwind@006e2076	lib	_library	eh_funclets	eh	8
006e207e	Unwind@006e207e	lib	_library	eh_funclets	eh	8
006e2086	Unwind@006e2086	lib	_library	eh_funclets	eh	8
006e208e	Unwind@006e208e	lib	_library	eh_funclets	eh	8
006e2096	Unwind@006e2096	lib	_library	eh_funclets	eh	8
006e209e	Unwind@006e209e	lib	_library	eh_funclets	eh	8
006e20a6	Unwind@006e20a6	lib	_library	eh_funclets	eh	8
006e20ae	Unwind@006e20ae	lib	_library	eh_funclets	eh	8
006e20b6	Unwind@006e20b6	lib	_library	eh_funclets	eh	8
006e20be	Unwind@006e20be	lib	_library	eh_funclets	eh	8
006e20c6	Unwind@006e20c6	lib	_library	eh_funclets	eh	8
006e20ce	Unwind@006e20ce	lib	_library	eh_funclets	eh	8
006e20d6	Unwind@006e20d6	lib	_library	eh_funclets	eh	8
006e20de	Unwind@006e20de	lib	_library	eh_funclets	eh	8
006e20e6	Unwind@006e20e6	lib	_library	eh_funclets	eh	8
006e20ee	Unwind@006e20ee	lib	_library	eh_funclets	eh	8
006e20f6	Unwind@006e20f6	lib	_library	eh_funclets	eh	8
006e20fe	Unwind@006e20fe	lib	_library	eh_funclets	eh	8
006e2106	Unwind@006e2106	lib	_library	eh_funclets	eh	8
006e210e	Unwind@006e210e	lib	_library	eh_funclets	eh	8
006e2116	Unwind@006e2116	lib	_library	eh_funclets	eh	8
006e211e	Unwind@006e211e	lib	_library	eh_funclets	eh	8
006e2126	Unwind@006e2126	lib	_library	eh_funclets	eh	8
006e212e	Unwind@006e212e	lib	_library	eh_funclets	eh	8
006e21a0	Unwind@006e21a0	lib	_library	eh_funclets	eh	11
006e21ab	Unwind@006e21ab	lib	_library	eh_funclets	eh	11
006e21b6	Unwind@006e21b6	lib	_library	eh_funclets	eh	11
006e21c1	Unwind@006e21c1	lib	_library	eh_funclets	eh	11
006e2200	Unwind@006e2200	lib	_library	eh_funclets	eh	8
006e2208	Unwind@006e2208	lib	_library	eh_funclets	eh	8
006e2210	Unwind@006e2210	lib	_library	eh_funclets	eh	14
006e221e	Unwind@006e221e	lib	_library	eh_funclets	eh	8
006e2250	Unwind@006e2250	lib	_library	eh_funclets	eh	35
006e2273	Unwind@006e2273	lib	_library	eh_funclets	eh	12
006e227f	Unwind@006e227f	lib	_library	eh_funclets	eh	12
006e228b	Unwind@006e228b	lib	_library	eh_funclets	eh	11
006e2296	Unwind@006e2296	lib	_library	eh_funclets	eh	11
006e22a1	Unwind@006e22a1	lib	_library	eh_funclets	eh	11
006e22ac	Unwind@006e22ac	lib	_library	eh_funclets	eh	11
006e22b7	Unwind@006e22b7	lib	_library	eh_funclets	eh	11
006e22c2	Unwind@006e22c2	lib	_library	eh_funclets	eh	11
006e22cd	Unwind@006e22cd	lib	_library	eh_funclets	eh	35
006e22f0	Unwind@006e22f0	lib	_library	eh_funclets	eh	12
006e22fc	Unwind@006e22fc	lib	_library	eh_funclets	eh	12
006e2308	Unwind@006e2308	lib	_library	eh_funclets	eh	11
006e2313	Unwind@006e2313	lib	_library	eh_funclets	eh	11
006e231e	Unwind@006e231e	lib	_library	eh_funclets	eh	11
006e2329	Unwind@006e2329	lib	_library	eh_funclets	eh	11
006e2334	Unwind@006e2334	lib	_library	eh_funclets	eh	11
006e233f	Unwind@006e233f	lib	_library	eh_funclets	eh	11
006e234a	Unwind@006e234a	lib	_library	eh_funclets	eh	11
006e2355	Unwind@006e2355	lib	_library	eh_funclets	eh	11
006e2360	Unwind@006e2360	lib	_library	eh_funclets	eh	11
006e236b	Unwind@006e236b	lib	_library	eh_funclets	eh	11
006e2376	Unwind@006e2376	lib	_library	eh_funclets	eh	11
006e2381	Unwind@006e2381	lib	_library	eh_funclets	eh	11
006e238c	Unwind@006e238c	lib	_library	eh_funclets	eh	11
006e2397	Unwind@006e2397	lib	_library	eh_funclets	eh	11
006e23a2	Unwind@006e23a2	lib	_library	eh_funclets	eh	11
006e23ad	Unwind@006e23ad	lib	_library	eh_funclets	eh	11
006e23b8	Unwind@006e23b8	lib	_library	eh_funclets	eh	11
006e23c3	Unwind@006e23c3	lib	_library	eh_funclets	eh	11
006e23ce	Unwind@006e23ce	lib	_library	eh_funclets	eh	11
006e23d9	Unwind@006e23d9	lib	_library	eh_funclets	eh	11
006e23e4	Unwind@006e23e4	lib	_library	eh_funclets	eh	11
006e23ef	Unwind@006e23ef	lib	_library	eh_funclets	eh	11
006e23fa	Unwind@006e23fa	lib	_library	eh_funclets	eh	11
006e2405	Unwind@006e2405	lib	_library	eh_funclets	eh	11
006e2410	Unwind@006e2410	lib	_library	eh_funclets	eh	11
006e241b	Unwind@006e241b	lib	_library	eh_funclets	eh	11
006e2426	Unwind@006e2426	lib	_library	eh_funclets	eh	11
006e2431	Unwind@006e2431	lib	_library	eh_funclets	eh	11
006e243c	Unwind@006e243c	lib	_library	eh_funclets	eh	11
006e2447	Unwind@006e2447	lib	_library	eh_funclets	eh	11
006e2452	Unwind@006e2452	lib	_library	eh_funclets	eh	11
006e245d	Unwind@006e245d	lib	_library	eh_funclets	eh	11
006e2468	Unwind@006e2468	lib	_library	eh_funclets	eh	11
006e2473	Unwind@006e2473	lib	_library	eh_funclets	eh	11
006e247e	Unwind@006e247e	lib	_library	eh_funclets	eh	11
006e2489	Unwind@006e2489	lib	_library	eh_funclets	eh	11
006e24d0	Unwind@006e24d0	lib	_library	eh_funclets	eh	35
006e24f3	Unwind@006e24f3	lib	_library	eh_funclets	eh	12
006e24ff	Unwind@006e24ff	lib	_library	eh_funclets	eh	12
006e250b	Unwind@006e250b	lib	_library	eh_funclets	eh	11
006e2516	Unwind@006e2516	lib	_library	eh_funclets	eh	8
006e251e	Unwind@006e251e	lib	_library	eh_funclets	eh	8
006e2526	Unwind@006e2526	lib	_library	eh_funclets	eh	8
006e252e	Unwind@006e252e	lib	_library	eh_funclets	eh	8
006e2536	Unwind@006e2536	lib	_library	eh_funclets	eh	8
006e253e	Unwind@006e253e	lib	_library	eh_funclets	eh	8
006e2546	Unwind@006e2546	lib	_library	eh_funclets	eh	8
006e254e	Unwind@006e254e	lib	_library	eh_funclets	eh	8
006e2556	Unwind@006e2556	lib	_library	eh_funclets	eh	8
006e255e	Unwind@006e255e	lib	_library	eh_funclets	eh	8
006e2566	Unwind@006e2566	lib	_library	eh_funclets	eh	8
006e256e	Unwind@006e256e	lib	_library	eh_funclets	eh	8
006e2576	Unwind@006e2576	lib	_library	eh_funclets	eh	8
006e257e	Unwind@006e257e	lib	_library	eh_funclets	eh	8
006e2586	Unwind@006e2586	lib	_library	eh_funclets	eh	8
006e258e	Unwind@006e258e	lib	_library	eh_funclets	eh	8
006e2596	Unwind@006e2596	lib	_library	eh_funclets	eh	8
006e259e	Unwind@006e259e	lib	_library	eh_funclets	eh	8
006e25a6	Unwind@006e25a6	lib	_library	eh_funclets	eh	8
006e25ae	Unwind@006e25ae	lib	_library	eh_funclets	eh	8
006e25b6	Unwind@006e25b6	lib	_library	eh_funclets	eh	8
006e25be	Unwind@006e25be	lib	_library	eh_funclets	eh	8
006e25c6	Unwind@006e25c6	lib	_library	eh_funclets	eh	8
006e25ce	Unwind@006e25ce	lib	_library	eh_funclets	eh	8
006e25d6	Unwind@006e25d6	lib	_library	eh_funclets	eh	8
006e25de	Unwind@006e25de	lib	_library	eh_funclets	eh	8
006e25e6	Unwind@006e25e6	lib	_library	eh_funclets	eh	8
006e25ee	Unwind@006e25ee	lib	_library	eh_funclets	eh	8
006e25f6	Unwind@006e25f6	lib	_library	eh_funclets	eh	8
006e25fe	Unwind@006e25fe	lib	_library	eh_funclets	eh	8
006e2606	Unwind@006e2606	lib	_library	eh_funclets	eh	8
006e260e	Unwind@006e260e	lib	_library	eh_funclets	eh	8
006e2616	Unwind@006e2616	lib	_library	eh_funclets	eh	8
006e261e	Unwind@006e261e	lib	_library	eh_funclets	eh	8
006e2626	Unwind@006e2626	lib	_library	eh_funclets	eh	8
006e262e	Unwind@006e262e	lib	_library	eh_funclets	eh	8
006e2636	Unwind@006e2636	lib	_library	eh_funclets	eh	8
006e263e	Unwind@006e263e	lib	_library	eh_funclets	eh	8
006e2646	Unwind@006e2646	lib	_library	eh_funclets	eh	8
006e264e	Unwind@006e264e	lib	_library	eh_funclets	eh	8
006e2656	Unwind@006e2656	lib	_library	eh_funclets	eh	8
006e265e	Unwind@006e265e	lib	_library	eh_funclets	eh	8
006e2666	Unwind@006e2666	lib	_library	eh_funclets	eh	8
006e266e	Unwind@006e266e	lib	_library	eh_funclets	eh	8
006e2676	Unwind@006e2676	lib	_library	eh_funclets	eh	8
006e267e	Unwind@006e267e	lib	_library	eh_funclets	eh	8
006e2686	Unwind@006e2686	lib	_library	eh_funclets	eh	8
006e268e	Unwind@006e268e	lib	_library	eh_funclets	eh	8
006e2696	Unwind@006e2696	lib	_library	eh_funclets	eh	8
006e269e	Unwind@006e269e	lib	_library	eh_funclets	eh	8
006e26a6	Unwind@006e26a6	lib	_library	eh_funclets	eh	8
006e26ae	Unwind@006e26ae	lib	_library	eh_funclets	eh	8
006e26b6	Unwind@006e26b6	lib	_library	eh_funclets	eh	8
006e26be	Unwind@006e26be	lib	_library	eh_funclets	eh	11
006e26c9	Unwind@006e26c9	lib	_library	eh_funclets	eh	8
006e26d1	Unwind@006e26d1	lib	_library	eh_funclets	eh	11
006e26dc	Unwind@006e26dc	lib	_library	eh_funclets	eh	11
006e26e7	Unwind@006e26e7	lib	_library	eh_funclets	eh	11
006e26f2	Unwind@006e26f2	lib	_library	eh_funclets	eh	11
006e26fd	Unwind@006e26fd	lib	_library	eh_funclets	eh	11
006e2708	Unwind@006e2708	lib	_library	eh_funclets	eh	11
006e2713	Unwind@006e2713	lib	_library	eh_funclets	eh	11
006e271e	Unwind@006e271e	lib	_library	eh_funclets	eh	11
006e2729	Unwind@006e2729	lib	_library	eh_funclets	eh	11
006e2734	Unwind@006e2734	lib	_library	eh_funclets	eh	11
006e273f	Unwind@006e273f	lib	_library	eh_funclets	eh	11
006e274a	Unwind@006e274a	lib	_library	eh_funclets	eh	11
006e2755	Unwind@006e2755	lib	_library	eh_funclets	eh	11
006e2760	Unwind@006e2760	lib	_library	eh_funclets	eh	11
006e276b	Unwind@006e276b	lib	_library	eh_funclets	eh	11
006e2776	Unwind@006e2776	lib	_library	eh_funclets	eh	11
006e2781	Unwind@006e2781	lib	_library	eh_funclets	eh	11
006e278c	Unwind@006e278c	lib	_library	eh_funclets	eh	11
006e2797	Unwind@006e2797	lib	_library	eh_funclets	eh	11
006e27a2	Unwind@006e27a2	lib	_library	eh_funclets	eh	11
006e27ad	Unwind@006e27ad	lib	_library	eh_funclets	eh	11
006e27b8	Unwind@006e27b8	lib	_library	eh_funclets	eh	11
006e27c3	Unwind@006e27c3	lib	_library	eh_funclets	eh	11
006e27ce	Unwind@006e27ce	lib	_library	eh_funclets	eh	11
006e27d9	Unwind@006e27d9	lib	_library	eh_funclets	eh	11
006e27e4	Unwind@006e27e4	lib	_library	eh_funclets	eh	11
006e27ef	Unwind@006e27ef	lib	_library	eh_funclets	eh	11
006e27fa	Unwind@006e27fa	lib	_library	eh_funclets	eh	11
006e2805	Unwind@006e2805	lib	_library	eh_funclets	eh	11
006e2810	Unwind@006e2810	lib	_library	eh_funclets	eh	11
006e281b	Unwind@006e281b	lib	_library	eh_funclets	eh	11
006e2826	Unwind@006e2826	lib	_library	eh_funclets	eh	11
006e2831	Unwind@006e2831	lib	_library	eh_funclets	eh	11
006e283c	Unwind@006e283c	lib	_library	eh_funclets	eh	11
006e2847	Unwind@006e2847	lib	_library	eh_funclets	eh	11
006e2852	Unwind@006e2852	lib	_library	eh_funclets	eh	11
006e285d	Unwind@006e285d	lib	_library	eh_funclets	eh	11
006e2868	Unwind@006e2868	lib	_library	eh_funclets	eh	11
006e2873	Unwind@006e2873	lib	_library	eh_funclets	eh	11
006e287e	Unwind@006e287e	lib	_library	eh_funclets	eh	11
006e2889	Unwind@006e2889	lib	_library	eh_funclets	eh	11
006e2894	Unwind@006e2894	lib	_library	eh_funclets	eh	11
006e289f	Unwind@006e289f	lib	_library	eh_funclets	eh	11
006e28aa	Unwind@006e28aa	lib	_library	eh_funclets	eh	11
006e28b5	Unwind@006e28b5	lib	_library	eh_funclets	eh	11
006e28c0	Unwind@006e28c0	lib	_library	eh_funclets	eh	11
006e28cb	Unwind@006e28cb	lib	_library	eh_funclets	eh	11
006e28d6	Unwind@006e28d6	lib	_library	eh_funclets	eh	11
006e28e1	Unwind@006e28e1	lib	_library	eh_funclets	eh	11
006e28ec	Unwind@006e28ec	lib	_library	eh_funclets	eh	11
006e28f7	Unwind@006e28f7	lib	_library	eh_funclets	eh	11
006e2930	Unwind@006e2930	lib	_library	eh_funclets	eh	17
006e2960	Unwind@006e2960	lib	_library	eh_funclets	eh	17
006e2990	Unwind@006e2990	lib	_library	eh_funclets	eh	8
006e2998	Unwind@006e2998	lib	_library	eh_funclets	eh	8
006e29a0	Unwind@006e29a0	lib	_library	eh_funclets	eh	14
006e29ae	Unwind@006e29ae	lib	_library	eh_funclets	eh	14
006e29bc	Unwind@006e29bc	lib	_library	eh_funclets	eh	8
006e29f0	Unwind@006e29f0	lib	_library	eh_funclets	eh	8
006e29f8	Unwind@006e29f8	lib	_library	eh_funclets	eh	11
006e2a30	Unwind@006e2a30	lib	_library	eh_funclets	eh	8
006e2a60	Unwind@006e2a60	lib	_library	eh_funclets	eh	8
006e2a68	Unwind@006e2a68	lib	_library	eh_funclets	eh	8
006e2a70	Unwind@006e2a70	lib	_library	eh_funclets	eh	8
006e2a78	Unwind@006e2a78	lib	_library	eh_funclets	eh	8
006e2a80	Unwind@006e2a80	lib	_library	eh_funclets	eh	8
006e2a88	Unwind@006e2a88	lib	_library	eh_funclets	eh	8
006e2a90	Unwind@006e2a90	lib	_library	eh_funclets	eh	8
006e2a98	Unwind@006e2a98	lib	_library	eh_funclets	eh	8
006e2ad0	Unwind@006e2ad0	lib	_library	eh_funclets	eh	14
006e2ade	Unwind@006e2ade	lib	_library	eh_funclets	eh	14
006e2aec	Unwind@006e2aec	lib	_library	eh_funclets	eh	14
006e2afa	Unwind@006e2afa	lib	_library	eh_funclets	eh	14
006e2b08	Unwind@006e2b08	lib	_library	eh_funclets	eh	14
006e2b16	Unwind@006e2b16	lib	_library	eh_funclets	eh	14
006e2b24	Unwind@006e2b24	lib	_library	eh_funclets	eh	14
006e2b32	Unwind@006e2b32	lib	_library	eh_funclets	eh	14
006e2b40	Unwind@006e2b40	lib	_library	eh_funclets	eh	14
006e2b4e	Unwind@006e2b4e	lib	_library	eh_funclets	eh	14
006e2b5c	Unwind@006e2b5c	lib	_library	eh_funclets	eh	14
006e2b6a	Unwind@006e2b6a	lib	_library	eh_funclets	eh	14
006e2b78	Unwind@006e2b78	lib	_library	eh_funclets	eh	14
006e2b86	Unwind@006e2b86	lib	_library	eh_funclets	eh	14
006e2b94	Unwind@006e2b94	lib	_library	eh_funclets	eh	14
006e2ba2	Unwind@006e2ba2	lib	_library	eh_funclets	eh	14
006e2bd0	Unwind@006e2bd0	lib	_library	eh_funclets	eh	8
006e2c00	Unwind@006e2c00	lib	_library	eh_funclets	eh	8
006e2c08	Unwind@006e2c08	lib	_library	eh_funclets	eh	8
006e2c70	Unwind@006e2c70	lib	_library	eh_funclets	eh	17
006e2cc0	Unwind@006e2cc0	lib	_library	eh_funclets	eh	11
006e2d50	Unwind@006e2d50	lib	_library	eh_funclets	eh	8
006e2de0	Unwind@006e2de0	lib	_library	eh_funclets	eh	12
006e2dee	Unwind@006e2dee	lib	_library	eh_funclets	eh	11
006e2df9	Unwind@006e2df9	lib	_library	eh_funclets	eh	12
006e2e07	Unwind@006e2e07	lib	_library	eh_funclets	eh	8
006e2e0f	Unwind@006e2e0f	lib	_library	eh_funclets	eh	8
006e2e17	Unwind@006e2e17	lib	_library	eh_funclets	eh	8
006e2e50	Unwind@006e2e50	lib	_library	eh_funclets	eh	11
006e2e5b	Unwind@006e2e5b	lib	_library	eh_funclets	eh	11
006e2eb0	Unwind@006e2eb0	lib	_library	eh_funclets	eh	8
006e2eb8	Unwind@006e2eb8	lib	_library	eh_funclets	eh	8
006e2ef0	Unwind@006e2ef0	lib	_library	eh_funclets	eh	8
006e2ef8	Unwind@006e2ef8	lib	_library	eh_funclets	eh	8
006e2f20	Unwind@006e2f20	lib	_library	eh_funclets	eh	35
006e2f43	Unwind@006e2f43	lib	_library	eh_funclets	eh	12
006e2f4f	Unwind@006e2f4f	lib	_library	eh_funclets	eh	12
006e2f5b	Unwind@006e2f5b	lib	_library	eh_funclets	eh	11
006e2f66	Unwind@006e2f66	lib	_library	eh_funclets	eh	11
006e2f71	Unwind@006e2f71	lib	_library	eh_funclets	eh	11
006e2f7c	Unwind@006e2f7c	lib	_library	eh_funclets	eh	11
006e2f87	Unwind@006e2f87	lib	_library	eh_funclets	eh	11
006e2f92	Unwind@006e2f92	lib	_library	eh_funclets	eh	11
006e2f9d	Unwind@006e2f9d	lib	_library	eh_funclets	eh	11
006e2fa8	Unwind@006e2fa8	lib	_library	eh_funclets	eh	11
006e2fb3	Unwind@006e2fb3	lib	_library	eh_funclets	eh	11
006e2fbe	Unwind@006e2fbe	lib	_library	eh_funclets	eh	11
006e2fc9	Unwind@006e2fc9	lib	_library	eh_funclets	eh	11
006e2fd4	Unwind@006e2fd4	lib	_library	eh_funclets	eh	11
006e2fdf	Unwind@006e2fdf	lib	_library	eh_funclets	eh	11
006e2fea	Unwind@006e2fea	lib	_library	eh_funclets	eh	11
006e2ff5	Unwind@006e2ff5	lib	_library	eh_funclets	eh	11
006e3000	Unwind@006e3000	lib	_library	eh_funclets	eh	11
006e300b	Unwind@006e300b	lib	_library	eh_funclets	eh	11
006e3016	Unwind@006e3016	lib	_library	eh_funclets	eh	11
006e3021	Unwind@006e3021	lib	_library	eh_funclets	eh	11
006e302c	Unwind@006e302c	lib	_library	eh_funclets	eh	11
006e3037	Unwind@006e3037	lib	_library	eh_funclets	eh	11
006e3042	Unwind@006e3042	lib	_library	eh_funclets	eh	11
006e304d	Unwind@006e304d	lib	_library	eh_funclets	eh	11
006e3058	Unwind@006e3058	lib	_library	eh_funclets	eh	11
006e3063	Unwind@006e3063	lib	_library	eh_funclets	eh	11
006e306e	Unwind@006e306e	lib	_library	eh_funclets	eh	11
006e3079	Unwind@006e3079	lib	_library	eh_funclets	eh	11
006e3084	Unwind@006e3084	lib	_library	eh_funclets	eh	11
006e308f	Unwind@006e308f	lib	_library	eh_funclets	eh	11
006e309a	Unwind@006e309a	lib	_library	eh_funclets	eh	11
006e30a5	Unwind@006e30a5	lib	_library	eh_funclets	eh	11
006e30b0	Unwind@006e30b0	lib	_library	eh_funclets	eh	11
006e30bb	Unwind@006e30bb	lib	_library	eh_funclets	eh	11
006e30c6	Unwind@006e30c6	lib	_library	eh_funclets	eh	11
006e30d1	Unwind@006e30d1	lib	_library	eh_funclets	eh	11
006e3110	Unwind@006e3110	lib	_library	eh_funclets	eh	9
006e311b	Unwind@006e311b	lib	_library	eh_funclets	eh	8
006e3140	Unwind@006e3140	lib	_library	eh_funclets	eh	8
006e3170	Unwind@006e3170	lib	_library	eh_funclets	eh	8
006e3178	Unwind@006e3178	lib	_library	eh_funclets	eh	8
006e3180	Unwind@006e3180	lib	_library	eh_funclets	eh	8
006e31b0	Unwind@006e31b0	lib	_library	eh_funclets	eh	25
006e3210	Unwind@006e3210	lib	_library	eh_funclets	eh	17
006e3240	Unwind@006e3240	lib	_library	eh_funclets	eh	17
006e3270	Unwind@006e3270	lib	_library	eh_funclets	eh	17
006e32a0	Unwind@006e32a0	lib	_library	eh_funclets	eh	17
006e3650	Unwind@006e3650	lib	_library	eh_funclets	eh	11
006e3690	Unwind@006e3690	lib	_library	eh_funclets	eh	11
006e36d0	Unwind@006e36d0	lib	_library	eh_funclets	eh	17
006e3700	Unwind@006e3700	lib	_library	eh_funclets	eh	17
006e3730	Unwind@006e3730	lib	_library	eh_funclets	eh	17
006e3760	Unwind@006e3760	lib	_library	eh_funclets	eh	17
006e37f0	Unwind@006e37f0	lib	_library	eh_funclets	eh	8
006e37f8	Unwind@006e37f8	lib	_library	eh_funclets	eh	8
006e3800	Unwind@006e3800	lib	_library	eh_funclets	eh	8
006e3830	Unwind@006e3830	lib	_library	eh_funclets	eh	8
006e3838	Unwind@006e3838	lib	_library	eh_funclets	eh	8
006e3860	Unwind@006e3860	lib	_library	eh_funclets	eh	17
006e3890	Unwind@006e3890	lib	_library	eh_funclets	eh	8
006e3898	Unwind@006e3898	lib	_library	eh_funclets	eh	8
006e38c0	Unwind@006e38c0	lib	_library	eh_funclets	eh	11
006e3900	Unwind@006e3900	lib	_library	eh_funclets	eh	8
006e3930	Unwind@006e3930	lib	_library	eh_funclets	eh	8
006e3960	Unwind@006e3960	lib	_library	eh_funclets	eh	8
006e3990	Unwind@006e3990	lib	_library	eh_funclets	eh	8
006e39c0	Unwind@006e39c0	lib	_library	eh_funclets	eh	8
006e39f0	Unwind@006e39f0	lib	_library	eh_funclets	eh	8
006e3a20	Unwind@006e3a20	lib	_library	eh_funclets	eh	8
006e3a50	Unwind@006e3a50	lib	_library	eh_funclets	eh	8
006e3a80	Unwind@006e3a80	lib	_library	eh_funclets	eh	8
006e3af0	Unwind@006e3af0	lib	_library	eh_funclets	eh	11
006e3afb	Unwind@006e3afb	lib	_library	eh_funclets	eh	11
006e3b06	Unwind@006e3b06	lib	_library	eh_funclets	eh	14
006e3b30	Unwind@006e3b30	lib	_library	eh_funclets	eh	11
006e3b3b	Unwind@006e3b3b	lib	_library	eh_funclets	eh	17
006e3b4c	Unwind@006e3b4c	lib	_library	eh_funclets	eh	17
006e3b5d	Unwind@006e3b5d	lib	_library	eh_funclets	eh	17
006e3b6e	Unwind@006e3b6e	lib	_library	eh_funclets	eh	17
006e3b7f	Unwind@006e3b7f	lib	_library	eh_funclets	eh	17
006e3b90	Unwind@006e3b90	lib	_library	eh_funclets	eh	17
006e3ba1	Unwind@006e3ba1	lib	_library	eh_funclets	eh	17
006e3bb2	Unwind@006e3bb2	lib	_library	eh_funclets	eh	17
006e3bc3	Unwind@006e3bc3	lib	_library	eh_funclets	eh	17
006e3bd4	Unwind@006e3bd4	lib	_library	eh_funclets	eh	17
006e3be5	Unwind@006e3be5	lib	_library	eh_funclets	eh	17
006e3bf6	Unwind@006e3bf6	lib	_library	eh_funclets	eh	17
006e3c07	Unwind@006e3c07	lib	_library	eh_funclets	eh	17
006e3c18	Unwind@006e3c18	lib	_library	eh_funclets	eh	17
006e3c29	Unwind@006e3c29	lib	_library	eh_funclets	eh	17
006e3c3a	Unwind@006e3c3a	lib	_library	eh_funclets	eh	17
006e3c4b	Unwind@006e3c4b	lib	_library	eh_funclets	eh	17
006e3c5c	Unwind@006e3c5c	lib	_library	eh_funclets	eh	17
006e3c6d	Unwind@006e3c6d	lib	_library	eh_funclets	eh	17
006e3c7e	Unwind@006e3c7e	lib	_library	eh_funclets	eh	17
006e3c8f	Unwind@006e3c8f	lib	_library	eh_funclets	eh	17
006e3ca0	Unwind@006e3ca0	lib	_library	eh_funclets	eh	17
006e3cb1	Unwind@006e3cb1	lib	_library	eh_funclets	eh	17
006e3cc2	Unwind@006e3cc2	lib	_library	eh_funclets	eh	17
006e3cd3	Unwind@006e3cd3	lib	_library	eh_funclets	eh	17
006e3ce4	Unwind@006e3ce4	lib	_library	eh_funclets	eh	17
006e3cf5	Unwind@006e3cf5	lib	_library	eh_funclets	eh	17
006e3d06	Unwind@006e3d06	lib	_library	eh_funclets	eh	17
006e3d17	Unwind@006e3d17	lib	_library	eh_funclets	eh	17
006e3d28	Unwind@006e3d28	lib	_library	eh_funclets	eh	17
006e3d39	Unwind@006e3d39	lib	_library	eh_funclets	eh	17
006e3d4a	Unwind@006e3d4a	lib	_library	eh_funclets	eh	17
006e3d5b	Unwind@006e3d5b	lib	_library	eh_funclets	eh	17
006e3d6c	Unwind@006e3d6c	lib	_library	eh_funclets	eh	17
006e3d7d	Unwind@006e3d7d	lib	_library	eh_funclets	eh	17
006e3d8e	Unwind@006e3d8e	lib	_library	eh_funclets	eh	17
006e3d9f	Unwind@006e3d9f	lib	_library	eh_funclets	eh	17
006e3db0	Unwind@006e3db0	lib	_library	eh_funclets	eh	17
006e3dc1	Unwind@006e3dc1	lib	_library	eh_funclets	eh	17
006e3dd2	Unwind@006e3dd2	lib	_library	eh_funclets	eh	17
006e3de3	Unwind@006e3de3	lib	_library	eh_funclets	eh	17
006e3df4	Unwind@006e3df4	lib	_library	eh_funclets	eh	17
006e3e05	Unwind@006e3e05	lib	_library	eh_funclets	eh	17
006e3e16	Unwind@006e3e16	lib	_library	eh_funclets	eh	17
006e3e27	Unwind@006e3e27	lib	_library	eh_funclets	eh	17
006e3e38	Unwind@006e3e38	lib	_library	eh_funclets	eh	17
006e3e49	Unwind@006e3e49	lib	_library	eh_funclets	eh	17
006e3e5a	Unwind@006e3e5a	lib	_library	eh_funclets	eh	11
006e3e65	Unwind@006e3e65	lib	_library	eh_funclets	eh	11
006e3e70	Unwind@006e3e70	lib	_library	eh_funclets	eh	11
006e3e7b	Unwind@006e3e7b	lib	_library	eh_funclets	eh	11
006e3e86	Unwind@006e3e86	lib	_library	eh_funclets	eh	11
006e3e91	Unwind@006e3e91	lib	_library	eh_funclets	eh	11
006e3e9c	Unwind@006e3e9c	lib	_library	eh_funclets	eh	11
006e3ea7	Unwind@006e3ea7	lib	_library	eh_funclets	eh	11
006e3eb2	Unwind@006e3eb2	lib	_library	eh_funclets	eh	11
006e3ebd	Unwind@006e3ebd	lib	_library	eh_funclets	eh	11
006e3ec8	Unwind@006e3ec8	lib	_library	eh_funclets	eh	8
006e3ed0	Unwind@006e3ed0	lib	_library	eh_funclets	eh	8
006e3ed8	Unwind@006e3ed8	lib	_library	eh_funclets	eh	11
006e3ee3	Unwind@006e3ee3	lib	_library	eh_funclets	eh	8
006e3eeb	Unwind@006e3eeb	lib	_library	eh_funclets	eh	11
006e3ef6	Unwind@006e3ef6	lib	_library	eh_funclets	eh	11
006e3f01	Unwind@006e3f01	lib	_library	eh_funclets	eh	11
006e3f0c	Unwind@006e3f0c	lib	_library	eh_funclets	eh	11
006e3f17	Unwind@006e3f17	lib	_library	eh_funclets	eh	11
006e3f22	Unwind@006e3f22	lib	_library	eh_funclets	eh	11
006e3f2d	Unwind@006e3f2d	lib	_library	eh_funclets	eh	11
006e3f38	Unwind@006e3f38	lib	_library	eh_funclets	eh	11
006e3f43	Unwind@006e3f43	lib	_library	eh_funclets	eh	11
006e3f4e	Unwind@006e3f4e	lib	_library	eh_funclets	eh	11
006e3f59	Unwind@006e3f59	lib	_library	eh_funclets	eh	11
006e3f64	Unwind@006e3f64	lib	_library	eh_funclets	eh	11
006e3f6f	Unwind@006e3f6f	lib	_library	eh_funclets	eh	11
006e3f7a	Unwind@006e3f7a	lib	_library	eh_funclets	eh	11
006e3f85	Unwind@006e3f85	lib	_library	eh_funclets	eh	11
006e3f90	Unwind@006e3f90	lib	_library	eh_funclets	eh	11
006e3f9b	Unwind@006e3f9b	lib	_library	eh_funclets	eh	11
006e3fa6	Unwind@006e3fa6	lib	_library	eh_funclets	eh	11
006e3fb1	Unwind@006e3fb1	lib	_library	eh_funclets	eh	11
006e3fbc	Unwind@006e3fbc	lib	_library	eh_funclets	eh	11
006e3fc7	Unwind@006e3fc7	lib	_library	eh_funclets	eh	11
006e3fd2	Unwind@006e3fd2	lib	_library	eh_funclets	eh	11
006e3fdd	Unwind@006e3fdd	lib	_library	eh_funclets	eh	11
006e3fe8	Unwind@006e3fe8	lib	_library	eh_funclets	eh	11
006e3ff3	Unwind@006e3ff3	lib	_library	eh_funclets	eh	11
006e3ffe	Unwind@006e3ffe	lib	_library	eh_funclets	eh	11
006e4009	Unwind@006e4009	lib	_library	eh_funclets	eh	11
006e4014	Unwind@006e4014	lib	_library	eh_funclets	eh	11
006e401f	Unwind@006e401f	lib	_library	eh_funclets	eh	11
006e402a	Unwind@006e402a	lib	_library	eh_funclets	eh	11
006e4035	Unwind@006e4035	lib	_library	eh_funclets	eh	11
006e4040	Unwind@006e4040	lib	_library	eh_funclets	eh	11
006e404b	Unwind@006e404b	lib	_library	eh_funclets	eh	11
006e4056	Unwind@006e4056	lib	_library	eh_funclets	eh	11
006e4061	Unwind@006e4061	lib	_library	eh_funclets	eh	11
006e406c	Unwind@006e406c	lib	_library	eh_funclets	eh	11
006e4077	Unwind@006e4077	lib	_library	eh_funclets	eh	11
006e4082	Unwind@006e4082	lib	_library	eh_funclets	eh	11
006e408d	Unwind@006e408d	lib	_library	eh_funclets	eh	11
006e4098	Unwind@006e4098	lib	_library	eh_funclets	eh	11
006e40a3	Unwind@006e40a3	lib	_library	eh_funclets	eh	11
006e40ae	Unwind@006e40ae	lib	_library	eh_funclets	eh	11
006e40b9	Unwind@006e40b9	lib	_library	eh_funclets	eh	11
006e40c4	Unwind@006e40c4	lib	_library	eh_funclets	eh	11
006e40cf	Unwind@006e40cf	lib	_library	eh_funclets	eh	12
006e40dd	Unwind@006e40dd	lib	_library	eh_funclets	eh	11
006e40e8	Unwind@006e40e8	lib	_library	eh_funclets	eh	11
006e40f3	Unwind@006e40f3	lib	_library	eh_funclets	eh	11
006e40fe	Unwind@006e40fe	lib	_library	eh_funclets	eh	11
006e4109	Unwind@006e4109	lib	_library	eh_funclets	eh	11
006e4114	Unwind@006e4114	lib	_library	eh_funclets	eh	11
006e411f	Unwind@006e411f	lib	_library	eh_funclets	eh	11
006e412a	Unwind@006e412a	lib	_library	eh_funclets	eh	11
006e4135	Unwind@006e4135	lib	_library	eh_funclets	eh	11
006e4140	Unwind@006e4140	lib	_library	eh_funclets	eh	11
006e414b	Unwind@006e414b	lib	_library	eh_funclets	eh	11
006e4156	Unwind@006e4156	lib	_library	eh_funclets	eh	11
006e4161	Unwind@006e4161	lib	_library	eh_funclets	eh	11
006e416c	Unwind@006e416c	lib	_library	eh_funclets	eh	11
006e4177	Unwind@006e4177	lib	_library	eh_funclets	eh	11
006e4182	Unwind@006e4182	lib	_library	eh_funclets	eh	11
006e418d	Unwind@006e418d	lib	_library	eh_funclets	eh	11
006e4198	Unwind@006e4198	lib	_library	eh_funclets	eh	11
006e41a3	Unwind@006e41a3	lib	_library	eh_funclets	eh	11
006e41ae	Unwind@006e41ae	lib	_library	eh_funclets	eh	11
006e41b9	Unwind@006e41b9	lib	_library	eh_funclets	eh	11
006e41c4	Unwind@006e41c4	lib	_library	eh_funclets	eh	11
006e41cf	Unwind@006e41cf	lib	_library	eh_funclets	eh	11
006e41da	Unwind@006e41da	lib	_library	eh_funclets	eh	11
006e41e5	Unwind@006e41e5	lib	_library	eh_funclets	eh	11
006e41f0	Unwind@006e41f0	lib	_library	eh_funclets	eh	11
006e41fb	Unwind@006e41fb	lib	_library	eh_funclets	eh	11
006e4206	Unwind@006e4206	lib	_library	eh_funclets	eh	11
006e4211	Unwind@006e4211	lib	_library	eh_funclets	eh	11
006e421c	Unwind@006e421c	lib	_library	eh_funclets	eh	11
006e4227	Unwind@006e4227	lib	_library	eh_funclets	eh	11
006e4232	Unwind@006e4232	lib	_library	eh_funclets	eh	11
006e423d	Unwind@006e423d	lib	_library	eh_funclets	eh	11
006e4248	Unwind@006e4248	lib	_library	eh_funclets	eh	11
006e4253	Unwind@006e4253	lib	_library	eh_funclets	eh	11
006e425e	Unwind@006e425e	lib	_library	eh_funclets	eh	11
006e4269	Unwind@006e4269	lib	_library	eh_funclets	eh	11
006e4274	Unwind@006e4274	lib	_library	eh_funclets	eh	11
006e427f	Unwind@006e427f	lib	_library	eh_funclets	eh	11
006e428a	Unwind@006e428a	lib	_library	eh_funclets	eh	11
006e4295	Unwind@006e4295	lib	_library	eh_funclets	eh	11
006e42a0	Unwind@006e42a0	lib	_library	eh_funclets	eh	11
006e42ab	Unwind@006e42ab	lib	_library	eh_funclets	eh	11
006e42b6	Unwind@006e42b6	lib	_library	eh_funclets	eh	11
006e42c1	Unwind@006e42c1	lib	_library	eh_funclets	eh	11
006e42cc	Unwind@006e42cc	lib	_library	eh_funclets	eh	11
006e42d7	Unwind@006e42d7	lib	_library	eh_funclets	eh	11
006e42e2	Unwind@006e42e2	lib	_library	eh_funclets	eh	11
006e42ed	Unwind@006e42ed	lib	_library	eh_funclets	eh	11
006e42f8	Unwind@006e42f8	lib	_library	eh_funclets	eh	11
006e4303	Unwind@006e4303	lib	_library	eh_funclets	eh	11
006e430e	Unwind@006e430e	lib	_library	eh_funclets	eh	11
006e4319	Unwind@006e4319	lib	_library	eh_funclets	eh	11
006e4324	Unwind@006e4324	lib	_library	eh_funclets	eh	11
006e432f	Unwind@006e432f	lib	_library	eh_funclets	eh	11
006e433a	Unwind@006e433a	lib	_library	eh_funclets	eh	11
006e4345	Unwind@006e4345	lib	_library	eh_funclets	eh	11
006e4350	Unwind@006e4350	lib	_library	eh_funclets	eh	11
006e435b	Unwind@006e435b	lib	_library	eh_funclets	eh	11
006e4366	Unwind@006e4366	lib	_library	eh_funclets	eh	11
006e4371	Unwind@006e4371	lib	_library	eh_funclets	eh	11
006e437c	Unwind@006e437c	lib	_library	eh_funclets	eh	11
006e4387	Unwind@006e4387	lib	_library	eh_funclets	eh	11
006e4392	Unwind@006e4392	lib	_library	eh_funclets	eh	11
006e439d	Unwind@006e439d	lib	_library	eh_funclets	eh	11
006e43a8	Unwind@006e43a8	lib	_library	eh_funclets	eh	11
006e43b3	Unwind@006e43b3	lib	_library	eh_funclets	eh	11
006e43be	Unwind@006e43be	lib	_library	eh_funclets	eh	11
006e43c9	Unwind@006e43c9	lib	_library	eh_funclets	eh	11
006e43d4	Unwind@006e43d4	lib	_library	eh_funclets	eh	11
006e43df	Unwind@006e43df	lib	_library	eh_funclets	eh	11
006e43ea	Unwind@006e43ea	lib	_library	eh_funclets	eh	11
006e43f5	Unwind@006e43f5	lib	_library	eh_funclets	eh	11
006e4400	Unwind@006e4400	lib	_library	eh_funclets	eh	11
006e440b	Unwind@006e440b	lib	_library	eh_funclets	eh	11
006e4416	Unwind@006e4416	lib	_library	eh_funclets	eh	11
006e4421	Unwind@006e4421	lib	_library	eh_funclets	eh	11
006e442c	Unwind@006e442c	lib	_library	eh_funclets	eh	11
006e4437	Unwind@006e4437	lib	_library	eh_funclets	eh	11
006e4442	Unwind@006e4442	lib	_library	eh_funclets	eh	11
006e444d	Unwind@006e444d	lib	_library	eh_funclets	eh	11
006e4458	Unwind@006e4458	lib	_library	eh_funclets	eh	11
006e4463	Unwind@006e4463	lib	_library	eh_funclets	eh	11
006e446e	Unwind@006e446e	lib	_library	eh_funclets	eh	11
006e4479	Unwind@006e4479	lib	_library	eh_funclets	eh	8
006e4481	Unwind@006e4481	lib	_library	eh_funclets	eh	12
006e448f	Unwind@006e448f	lib	_library	eh_funclets	eh	11
006e449a	Unwind@006e449a	lib	_library	eh_funclets	eh	11
006e44a5	Unwind@006e44a5	lib	_library	eh_funclets	eh	11
006e44b0	Unwind@006e44b0	lib	_library	eh_funclets	eh	11
006e44bb	Unwind@006e44bb	lib	_library	eh_funclets	eh	11
006e44c6	Unwind@006e44c6	lib	_library	eh_funclets	eh	11
006e44d1	Unwind@006e44d1	lib	_library	eh_funclets	eh	11
006e44dc	Unwind@006e44dc	lib	_library	eh_funclets	eh	11
006e44e7	Unwind@006e44e7	lib	_library	eh_funclets	eh	11
006e44f2	Unwind@006e44f2	lib	_library	eh_funclets	eh	11
006e44fd	Unwind@006e44fd	lib	_library	eh_funclets	eh	11
006e4508	Unwind@006e4508	lib	_library	eh_funclets	eh	11
006e4513	Unwind@006e4513	lib	_library	eh_funclets	eh	11
006e451e	Unwind@006e451e	lib	_library	eh_funclets	eh	11
006e4529	Unwind@006e4529	lib	_library	eh_funclets	eh	11
006e4534	Unwind@006e4534	lib	_library	eh_funclets	eh	11
006e453f	Unwind@006e453f	lib	_library	eh_funclets	eh	11
006e454a	Unwind@006e454a	lib	_library	eh_funclets	eh	11
006e4555	Unwind@006e4555	lib	_library	eh_funclets	eh	11
006e4560	Unwind@006e4560	lib	_library	eh_funclets	eh	11
006e456b	Unwind@006e456b	lib	_library	eh_funclets	eh	11
006e4576	Unwind@006e4576	lib	_library	eh_funclets	eh	11
006e4581	Unwind@006e4581	lib	_library	eh_funclets	eh	11
006e458c	Unwind@006e458c	lib	_library	eh_funclets	eh	11
006e4597	Unwind@006e4597	lib	_library	eh_funclets	eh	11
006e45a2	Unwind@006e45a2	lib	_library	eh_funclets	eh	11
006e45ad	Unwind@006e45ad	lib	_library	eh_funclets	eh	11
006e45b8	Unwind@006e45b8	lib	_library	eh_funclets	eh	11
006e45c3	Unwind@006e45c3	lib	_library	eh_funclets	eh	11
006e45ce	Unwind@006e45ce	lib	_library	eh_funclets	eh	11
006e45d9	Unwind@006e45d9	lib	_library	eh_funclets	eh	11
006e45e4	Unwind@006e45e4	lib	_library	eh_funclets	eh	11
006e45ef	Unwind@006e45ef	lib	_library	eh_funclets	eh	11
006e45fa	Unwind@006e45fa	lib	_library	eh_funclets	eh	11
006e4605	Unwind@006e4605	lib	_library	eh_funclets	eh	11
006e4610	Unwind@006e4610	lib	_library	eh_funclets	eh	11
006e461b	Unwind@006e461b	lib	_library	eh_funclets	eh	11
006e4626	Unwind@006e4626	lib	_library	eh_funclets	eh	11
006e4631	Unwind@006e4631	lib	_library	eh_funclets	eh	11
006e463c	Unwind@006e463c	lib	_library	eh_funclets	eh	11
006e4647	Unwind@006e4647	lib	_library	eh_funclets	eh	11
006e4652	Unwind@006e4652	lib	_library	eh_funclets	eh	11
006e465d	Unwind@006e465d	lib	_library	eh_funclets	eh	11
006e4668	Unwind@006e4668	lib	_library	eh_funclets	eh	11
006e4673	Unwind@006e4673	lib	_library	eh_funclets	eh	11
006e467e	Unwind@006e467e	lib	_library	eh_funclets	eh	11
006e4689	Unwind@006e4689	lib	_library	eh_funclets	eh	11
006e4694	Unwind@006e4694	lib	_library	eh_funclets	eh	11
006e469f	Unwind@006e469f	lib	_library	eh_funclets	eh	11
006e46aa	Unwind@006e46aa	lib	_library	eh_funclets	eh	11
006e46b5	Unwind@006e46b5	lib	_library	eh_funclets	eh	11
006e46c0	Unwind@006e46c0	lib	_library	eh_funclets	eh	11
006e46cb	Unwind@006e46cb	lib	_library	eh_funclets	eh	11
006e46d6	Unwind@006e46d6	lib	_library	eh_funclets	eh	11
006e46e1	Unwind@006e46e1	lib	_library	eh_funclets	eh	11
006e46ec	Unwind@006e46ec	lib	_library	eh_funclets	eh	11
006e46f7	Unwind@006e46f7	lib	_library	eh_funclets	eh	11
006e4702	Unwind@006e4702	lib	_library	eh_funclets	eh	11
006e470d	Unwind@006e470d	lib	_library	eh_funclets	eh	11
006e4718	Unwind@006e4718	lib	_library	eh_funclets	eh	11
006e4723	Unwind@006e4723	lib	_library	eh_funclets	eh	11
006e472e	Unwind@006e472e	lib	_library	eh_funclets	eh	11
006e4739	Unwind@006e4739	lib	_library	eh_funclets	eh	11
006e4744	Unwind@006e4744	lib	_library	eh_funclets	eh	11
006e474f	Unwind@006e474f	lib	_library	eh_funclets	eh	11
006e475a	Unwind@006e475a	lib	_library	eh_funclets	eh	11
006e4765	Unwind@006e4765	lib	_library	eh_funclets	eh	11
006e4770	Unwind@006e4770	lib	_library	eh_funclets	eh	11
006e477b	Unwind@006e477b	lib	_library	eh_funclets	eh	11
006e4786	Unwind@006e4786	lib	_library	eh_funclets	eh	11
006e4791	Unwind@006e4791	lib	_library	eh_funclets	eh	11
006e479c	Unwind@006e479c	lib	_library	eh_funclets	eh	11
006e47a7	Unwind@006e47a7	lib	_library	eh_funclets	eh	11
006e47b2	Unwind@006e47b2	lib	_library	eh_funclets	eh	11
006e47bd	Unwind@006e47bd	lib	_library	eh_funclets	eh	11
006e47c8	Unwind@006e47c8	lib	_library	eh_funclets	eh	11
006e47d3	Unwind@006e47d3	lib	_library	eh_funclets	eh	11
006e47de	Unwind@006e47de	lib	_library	eh_funclets	eh	11
006e47e9	Unwind@006e47e9	lib	_library	eh_funclets	eh	11
006e47f4	Unwind@006e47f4	lib	_library	eh_funclets	eh	11
006e47ff	Unwind@006e47ff	lib	_library	eh_funclets	eh	11
006e480a	Unwind@006e480a	lib	_library	eh_funclets	eh	11
006e4815	Unwind@006e4815	lib	_library	eh_funclets	eh	11
006e4820	Unwind@006e4820	lib	_library	eh_funclets	eh	11
006e482b	Unwind@006e482b	lib	_library	eh_funclets	eh	11
006e4836	Unwind@006e4836	lib	_library	eh_funclets	eh	11
006e4841	Unwind@006e4841	lib	_library	eh_funclets	eh	11
006e484c	Unwind@006e484c	lib	_library	eh_funclets	eh	11
006e4857	Unwind@006e4857	lib	_library	eh_funclets	eh	11
006e4862	Unwind@006e4862	lib	_library	eh_funclets	eh	11
006e486d	Unwind@006e486d	lib	_library	eh_funclets	eh	11
006e4878	Unwind@006e4878	lib	_library	eh_funclets	eh	11
006e4883	Unwind@006e4883	lib	_library	eh_funclets	eh	11
006e488e	Unwind@006e488e	lib	_library	eh_funclets	eh	11
006e4899	Unwind@006e4899	lib	_library	eh_funclets	eh	12
006e48a7	Unwind@006e48a7	lib	_library	eh_funclets	eh	11
006e48b2	Unwind@006e48b2	lib	_library	eh_funclets	eh	11
006e48bd	Unwind@006e48bd	lib	_library	eh_funclets	eh	11
006e48c8	Unwind@006e48c8	lib	_library	eh_funclets	eh	11
006e48d3	Unwind@006e48d3	lib	_library	eh_funclets	eh	11
006e48de	Unwind@006e48de	lib	_library	eh_funclets	eh	11
006e48e9	Unwind@006e48e9	lib	_library	eh_funclets	eh	11
006e48f4	Unwind@006e48f4	lib	_library	eh_funclets	eh	11
006e48ff	Unwind@006e48ff	lib	_library	eh_funclets	eh	11
006e490a	Unwind@006e490a	lib	_library	eh_funclets	eh	11
006e4915	Unwind@006e4915	lib	_library	eh_funclets	eh	11
006e4920	Unwind@006e4920	lib	_library	eh_funclets	eh	11
006e492b	Unwind@006e492b	lib	_library	eh_funclets	eh	11
006e4936	Unwind@006e4936	lib	_library	eh_funclets	eh	11
006e4941	Unwind@006e4941	lib	_library	eh_funclets	eh	11
006e494c	Unwind@006e494c	lib	_library	eh_funclets	eh	11
006e4957	Unwind@006e4957	lib	_library	eh_funclets	eh	12
006e4965	Unwind@006e4965	lib	_library	eh_funclets	eh	11
006e4970	Unwind@006e4970	lib	_library	eh_funclets	eh	11
006e497b	Unwind@006e497b	lib	_library	eh_funclets	eh	11
006e4986	Unwind@006e4986	lib	_library	eh_funclets	eh	11
006e4991	Unwind@006e4991	lib	_library	eh_funclets	eh	11
006e499c	Unwind@006e499c	lib	_library	eh_funclets	eh	11
006e49a7	Unwind@006e49a7	lib	_library	eh_funclets	eh	11
006e49b2	Unwind@006e49b2	lib	_library	eh_funclets	eh	11
006e49bd	Unwind@006e49bd	lib	_library	eh_funclets	eh	11
006e49c8	Unwind@006e49c8	lib	_library	eh_funclets	eh	11
006e49d3	Unwind@006e49d3	lib	_library	eh_funclets	eh	11
006e49de	Unwind@006e49de	lib	_library	eh_funclets	eh	11
006e49e9	Unwind@006e49e9	lib	_library	eh_funclets	eh	11
006e49f4	Unwind@006e49f4	lib	_library	eh_funclets	eh	11
006e49ff	Unwind@006e49ff	lib	_library	eh_funclets	eh	11
006e4a0a	Unwind@006e4a0a	lib	_library	eh_funclets	eh	11
006e4a15	Unwind@006e4a15	lib	_library	eh_funclets	eh	11
006e4a20	Unwind@006e4a20	lib	_library	eh_funclets	eh	11
006e4a2b	Unwind@006e4a2b	lib	_library	eh_funclets	eh	11
006e4a36	Unwind@006e4a36	lib	_library	eh_funclets	eh	11
006e4a41	Unwind@006e4a41	lib	_library	eh_funclets	eh	11
006e4a4c	Unwind@006e4a4c	lib	_library	eh_funclets	eh	11
006e4a57	Unwind@006e4a57	lib	_library	eh_funclets	eh	11
006e4a62	Unwind@006e4a62	lib	_library	eh_funclets	eh	11
006e4a6d	Unwind@006e4a6d	lib	_library	eh_funclets	eh	11
006e4a78	Unwind@006e4a78	lib	_library	eh_funclets	eh	11
006e4a83	Unwind@006e4a83	lib	_library	eh_funclets	eh	11
006e4a8e	Unwind@006e4a8e	lib	_library	eh_funclets	eh	11
006e4a99	Unwind@006e4a99	lib	_library	eh_funclets	eh	11
006e4aa4	Unwind@006e4aa4	lib	_library	eh_funclets	eh	11
006e4aaf	Unwind@006e4aaf	lib	_library	eh_funclets	eh	11
006e4aba	Unwind@006e4aba	lib	_library	eh_funclets	eh	11
006e4ac5	Unwind@006e4ac5	lib	_library	eh_funclets	eh	11
006e4ad0	Unwind@006e4ad0	lib	_library	eh_funclets	eh	11
006e4adb	Unwind@006e4adb	lib	_library	eh_funclets	eh	11
006e4ae6	Unwind@006e4ae6	lib	_library	eh_funclets	eh	11
006e4af1	Unwind@006e4af1	lib	_library	eh_funclets	eh	11
006e4afc	Unwind@006e4afc	lib	_library	eh_funclets	eh	11
006e4b07	Unwind@006e4b07	lib	_library	eh_funclets	eh	11
006e4b12	Unwind@006e4b12	lib	_library	eh_funclets	eh	11
006e4b1d	Unwind@006e4b1d	lib	_library	eh_funclets	eh	11
006e4b28	Unwind@006e4b28	lib	_library	eh_funclets	eh	11
006e4b33	Unwind@006e4b33	lib	_library	eh_funclets	eh	11
006e4b3e	Unwind@006e4b3e	lib	_library	eh_funclets	eh	12
006e4b4c	Unwind@006e4b4c	lib	_library	eh_funclets	eh	11
006e4b57	Unwind@006e4b57	lib	_library	eh_funclets	eh	12
006e4b65	Unwind@006e4b65	lib	_library	eh_funclets	eh	11
006e4b70	Unwind@006e4b70	lib	_library	eh_funclets	eh	12
006e4b7e	Unwind@006e4b7e	lib	_library	eh_funclets	eh	11
006e4b89	Unwind@006e4b89	lib	_library	eh_funclets	eh	12
006e4b97	Unwind@006e4b97	lib	_library	eh_funclets	eh	11
006e4ba2	Unwind@006e4ba2	lib	_library	eh_funclets	eh	12
006e4bb0	Unwind@006e4bb0	lib	_library	eh_funclets	eh	11
006e4bbb	Unwind@006e4bbb	lib	_library	eh_funclets	eh	11
006e4bc6	Unwind@006e4bc6	lib	_library	eh_funclets	eh	14
006e4bd4	Unwind@006e4bd4	lib	_library	eh_funclets	eh	12
006e4be2	Unwind@006e4be2	lib	_library	eh_funclets	eh	12
006e4bf0	Unwind@006e4bf0	lib	_library	eh_funclets	eh	12
006e4bfe	Unwind@006e4bfe	lib	_library	eh_funclets	eh	12
006e4c0c	Unwind@006e4c0c	lib	_library	eh_funclets	eh	11
006e4c17	Unwind@006e4c17	lib	_library	eh_funclets	eh	11
006e4c22	Unwind@006e4c22	lib	_library	eh_funclets	eh	11
006e4c2d	Unwind@006e4c2d	lib	_library	eh_funclets	eh	11
006e4c38	Unwind@006e4c38	lib	_library	eh_funclets	eh	11
006e4c43	Unwind@006e4c43	lib	_library	eh_funclets	eh	11
006e4c4e	Unwind@006e4c4e	lib	_library	eh_funclets	eh	11
006e4c59	Unwind@006e4c59	lib	_library	eh_funclets	eh	11
006e4c64	Unwind@006e4c64	lib	_library	eh_funclets	eh	11
006e4c6f	Unwind@006e4c6f	lib	_library	eh_funclets	eh	11
006e4c7a	Unwind@006e4c7a	lib	_library	eh_funclets	eh	11
006e4c85	Unwind@006e4c85	lib	_library	eh_funclets	eh	11
006e4c90	Unwind@006e4c90	lib	_library	eh_funclets	eh	11
006e4c9b	Unwind@006e4c9b	lib	_library	eh_funclets	eh	11
006e4ca6	Unwind@006e4ca6	lib	_library	eh_funclets	eh	11
006e4cb1	Unwind@006e4cb1	lib	_library	eh_funclets	eh	11
006e4cbc	Unwind@006e4cbc	lib	_library	eh_funclets	eh	11
006e4cc7	Unwind@006e4cc7	lib	_library	eh_funclets	eh	11
006e4cd2	Unwind@006e4cd2	lib	_library	eh_funclets	eh	11
006e4cdd	Unwind@006e4cdd	lib	_library	eh_funclets	eh	11
006e4ce8	Unwind@006e4ce8	lib	_library	eh_funclets	eh	11
006e4cf3	Unwind@006e4cf3	lib	_library	eh_funclets	eh	11
006e4cfe	Unwind@006e4cfe	lib	_library	eh_funclets	eh	11
006e4d09	Unwind@006e4d09	lib	_library	eh_funclets	eh	12
006e4d17	Unwind@006e4d17	lib	_library	eh_funclets	eh	11
006e4d22	Unwind@006e4d22	lib	_library	eh_funclets	eh	12
006e4d30	Unwind@006e4d30	lib	_library	eh_funclets	eh	11
006e4d3b	Unwind@006e4d3b	lib	_library	eh_funclets	eh	11
006e4d46	Unwind@006e4d46	lib	_library	eh_funclets	eh	11
006e4d51	Unwind@006e4d51	lib	_library	eh_funclets	eh	12
006e4d5f	Unwind@006e4d5f	lib	_library	eh_funclets	eh	11
006e4d6a	Unwind@006e4d6a	lib	_library	eh_funclets	eh	12
006e4d78	Unwind@006e4d78	lib	_library	eh_funclets	eh	11
006e4d83	Unwind@006e4d83	lib	_library	eh_funclets	eh	11
006e4d8e	Unwind@006e4d8e	lib	_library	eh_funclets	eh	11
006e4d99	Unwind@006e4d99	lib	_library	eh_funclets	eh	12
006e4da7	Unwind@006e4da7	lib	_library	eh_funclets	eh	34
006e4dc9	Unwind@006e4dc9	lib	_library	eh_funclets	eh	11
006e4dd4	Unwind@006e4dd4	lib	_library	eh_funclets	eh	12
006e4de2	Unwind@006e4de2	lib	_library	eh_funclets	eh	11
006e4ded	Unwind@006e4ded	lib	_library	eh_funclets	eh	12
006e4dfb	Unwind@006e4dfb	lib	_library	eh_funclets	eh	11
006e4e06	Unwind@006e4e06	lib	_library	eh_funclets	eh	12
006e4e14	Unwind@006e4e14	lib	_library	eh_funclets	eh	11
006e4e1f	Unwind@006e4e1f	lib	_library	eh_funclets	eh	11
006e4e2a	Unwind@006e4e2a	lib	_library	eh_funclets	eh	12
006e4e38	Unwind@006e4e38	lib	_library	eh_funclets	eh	11
006e4e43	Unwind@006e4e43	lib	_library	eh_funclets	eh	11
006e4e4e	Unwind@006e4e4e	lib	_library	eh_funclets	eh	12
006e4e5c	Unwind@006e4e5c	lib	_library	eh_funclets	eh	11
006e4e67	Unwind@006e4e67	lib	_library	eh_funclets	eh	12
006e4e75	Unwind@006e4e75	lib	_library	eh_funclets	eh	11
006e4e80	Unwind@006e4e80	lib	_library	eh_funclets	eh	11
006e4e8b	Unwind@006e4e8b	lib	_library	eh_funclets	eh	11
006e4e96	Unwind@006e4e96	lib	_library	eh_funclets	eh	12
006e4ea4	Unwind@006e4ea4	lib	_library	eh_funclets	eh	11
006e4eaf	Unwind@006e4eaf	lib	_library	eh_funclets	eh	11
006e4eba	Unwind@006e4eba	lib	_library	eh_funclets	eh	11
006e4ec5	Unwind@006e4ec5	lib	_library	eh_funclets	eh	11
006e4ed0	Unwind@006e4ed0	lib	_library	eh_funclets	eh	12
006e4ede	Unwind@006e4ede	lib	_library	eh_funclets	eh	11
006e4ee9	Unwind@006e4ee9	lib	_library	eh_funclets	eh	12
006e4ef7	Unwind@006e4ef7	lib	_library	eh_funclets	eh	11
006e4f02	Unwind@006e4f02	lib	_library	eh_funclets	eh	11
006e4f0d	Unwind@006e4f0d	lib	_library	eh_funclets	eh	11
006e4f18	Unwind@006e4f18	lib	_library	eh_funclets	eh	11
006e4f23	Unwind@006e4f23	lib	_library	eh_funclets	eh	11
006e4f2e	Unwind@006e4f2e	lib	_library	eh_funclets	eh	12
006e4f70	Unwind@006e4f70	lib	_library	eh_funclets	eh	11
006e4f7b	Unwind@006e4f7b	lib	_library	eh_funclets	eh	11
006e4fb0	Unwind@006e4fb0	lib	_library	eh_funclets	eh	8
006e4fe0	Unwind@006e4fe0	lib	_library	eh_funclets	eh	8
006e4fe8	Unwind@006e4fe8	lib	_library	eh_funclets	eh	11
006e4ff3	Unwind@006e4ff3	lib	_library	eh_funclets	eh	11
006e4ffe	Unwind@006e4ffe	lib	_library	eh_funclets	eh	11
006e5009	Unwind@006e5009	lib	_library	eh_funclets	eh	11
006e5014	Unwind@006e5014	lib	_library	eh_funclets	eh	11
006e501f	Unwind@006e501f	lib	_library	eh_funclets	eh	11
006e502a	Unwind@006e502a	lib	_library	eh_funclets	eh	11
006e5035	Unwind@006e5035	lib	_library	eh_funclets	eh	11
006e5040	Unwind@006e5040	lib	_library	eh_funclets	eh	11
006e504b	Unwind@006e504b	lib	_library	eh_funclets	eh	11
006e5056	Unwind@006e5056	lib	_library	eh_funclets	eh	11
006e5080	Unwind@006e5080	lib	_library	eh_funclets	eh	11
006e508b	Unwind@006e508b	lib	_library	eh_funclets	eh	11
006e5096	Unwind@006e5096	lib	_library	eh_funclets	eh	14
006e50a4	Unwind@006e50a4	lib	_library	eh_funclets	eh	14
006e50d0	Unwind@006e50d0	lib	_library	eh_funclets	eh	8
006e50d8	Unwind@006e50d8	lib	_library	eh_funclets	eh	14
006e50e6	Unwind@006e50e6	lib	_library	eh_funclets	eh	14
006e50f4	Unwind@006e50f4	lib	_library	eh_funclets	eh	14
006e5102	Unwind@006e5102	lib	_library	eh_funclets	eh	14
006e5110	Unwind@006e5110	lib	_library	eh_funclets	eh	14
006e511e	Unwind@006e511e	lib	_library	eh_funclets	eh	14
006e512c	Unwind@006e512c	lib	_library	eh_funclets	eh	14
006e513a	Unwind@006e513a	lib	_library	eh_funclets	eh	14
006e5148	Unwind@006e5148	lib	_library	eh_funclets	eh	14
006e5156	Unwind@006e5156	lib	_library	eh_funclets	eh	14
006e5164	Unwind@006e5164	lib	_library	eh_funclets	eh	14
006e5172	Unwind@006e5172	lib	_library	eh_funclets	eh	14
006e5180	Unwind@006e5180	lib	_library	eh_funclets	eh	14
006e518e	Unwind@006e518e	lib	_library	eh_funclets	eh	14
006e519c	Unwind@006e519c	lib	_library	eh_funclets	eh	14
006e51aa	Unwind@006e51aa	lib	_library	eh_funclets	eh	14
006e51b8	Unwind@006e51b8	lib	_library	eh_funclets	eh	14
006e51c6	Unwind@006e51c6	lib	_library	eh_funclets	eh	14
006e51d4	Unwind@006e51d4	lib	_library	eh_funclets	eh	14
006e51e2	Unwind@006e51e2	lib	_library	eh_funclets	eh	14
006e51f0	Unwind@006e51f0	lib	_library	eh_funclets	eh	14
006e51fe	Unwind@006e51fe	lib	_library	eh_funclets	eh	14
006e520c	Unwind@006e520c	lib	_library	eh_funclets	eh	14
006e521a	Unwind@006e521a	lib	_library	eh_funclets	eh	14
006e5228	Unwind@006e5228	lib	_library	eh_funclets	eh	14
006e5236	Unwind@006e5236	lib	_library	eh_funclets	eh	14
006e5244	Unwind@006e5244	lib	_library	eh_funclets	eh	14
006e5252	Unwind@006e5252	lib	_library	eh_funclets	eh	14
006e5260	Unwind@006e5260	lib	_library	eh_funclets	eh	14
006e526e	Unwind@006e526e	lib	_library	eh_funclets	eh	14
006e527c	Unwind@006e527c	lib	_library	eh_funclets	eh	14
006e528a	Unwind@006e528a	lib	_library	eh_funclets	eh	14
006e5298	Unwind@006e5298	lib	_library	eh_funclets	eh	14
006e52a6	Unwind@006e52a6	lib	_library	eh_funclets	eh	14
006e52b4	Unwind@006e52b4	lib	_library	eh_funclets	eh	14
006e52c2	Unwind@006e52c2	lib	_library	eh_funclets	eh	14
006e52d0	Unwind@006e52d0	lib	_library	eh_funclets	eh	14
006e52de	Unwind@006e52de	lib	_library	eh_funclets	eh	14
006e52ec	Unwind@006e52ec	lib	_library	eh_funclets	eh	14
006e52fa	Unwind@006e52fa	lib	_library	eh_funclets	eh	14
006e5308	Unwind@006e5308	lib	_library	eh_funclets	eh	14
006e5316	Unwind@006e5316	lib	_library	eh_funclets	eh	14
006e5324	Unwind@006e5324	lib	_library	eh_funclets	eh	14
006e5332	Unwind@006e5332	lib	_library	eh_funclets	eh	14
006e5340	Unwind@006e5340	lib	_library	eh_funclets	eh	14
006e534e	Unwind@006e534e	lib	_library	eh_funclets	eh	14
006e535c	Unwind@006e535c	lib	_library	eh_funclets	eh	14
006e5410	Unwind@006e5410	lib	_library	eh_funclets	eh	8
006e5440	Unwind@006e5440	lib	_library	eh_funclets	eh	11
006e544b	Unwind@006e544b	lib	_library	eh_funclets	eh	11
006e5456	Unwind@006e5456	lib	_library	eh_funclets	eh	11
006e5461	Unwind@006e5461	lib	_library	eh_funclets	eh	11
006e546c	Unwind@006e546c	lib	_library	eh_funclets	eh	8
006e5474	Unwind@006e5474	lib	_library	eh_funclets	eh	11
006e54b0	Unwind@006e54b0	lib	_library	eh_funclets	eh	11
006e54bb	Unwind@006e54bb	lib	_library	eh_funclets	eh	11
006e54c6	Unwind@006e54c6	lib	_library	eh_funclets	eh	8
006e54ce	Unwind@006e54ce	lib	_library	eh_funclets	eh	11
006e54d9	Unwind@006e54d9	lib	_library	eh_funclets	eh	8
006e5510	Unwind@006e5510	lib	_library	eh_funclets	eh	11
006e551b	Unwind@006e551b	lib	_library	eh_funclets	eh	11
006e5526	Unwind@006e5526	lib	_library	eh_funclets	eh	35
006e5549	Unwind@006e5549	lib	_library	eh_funclets	eh	12
006e5555	Unwind@006e5555	lib	_library	eh_funclets	eh	12
006e5561	Unwind@006e5561	lib	_library	eh_funclets	eh	11
006e556c	Unwind@006e556c	lib	_library	eh_funclets	eh	8
006e5574	Unwind@006e5574	lib	_library	eh_funclets	eh	11
006e557f	Unwind@006e557f	lib	_library	eh_funclets	eh	12
006e558d	Unwind@006e558d	lib	_library	eh_funclets	eh	11
006e5598	Unwind@006e5598	lib	_library	eh_funclets	eh	11
006e55a3	Unwind@006e55a3	lib	_library	eh_funclets	eh	12
006e55b1	Unwind@006e55b1	lib	_library	eh_funclets	eh	11
006e55bc	Unwind@006e55bc	lib	_library	eh_funclets	eh	11
006e55c7	Unwind@006e55c7	lib	_library	eh_funclets	eh	11
006e55d2	Unwind@006e55d2	lib	_library	eh_funclets	eh	12
006e55e0	Unwind@006e55e0	lib	_library	eh_funclets	eh	8
006e55e8	Unwind@006e55e8	lib	_library	eh_funclets	eh	11
006e55f3	Unwind@006e55f3	lib	_library	eh_funclets	eh	11
006e55fe	Unwind@006e55fe	lib	_library	eh_funclets	eh	8
006e5606	Unwind@006e5606	lib	_library	eh_funclets	eh	8
006e5640	Unwind@006e5640	lib	_library	eh_funclets	eh	11
006e5730	Unwind@006e5730	lib	_library	eh_funclets	eh	8
006e5738	Unwind@006e5738	lib	_library	eh_funclets	eh	8
006e5770	Unwind@006e5770	lib	_library	eh_funclets	eh	35
006e5793	Unwind@006e5793	lib	_library	eh_funclets	eh	12
006e579f	Unwind@006e579f	lib	_library	eh_funclets	eh	12
006e57ab	Unwind@006e57ab	lib	_library	eh_funclets	eh	11
006e57b6	Unwind@006e57b6	lib	_library	eh_funclets	eh	11
006e57c1	Unwind@006e57c1	lib	_library	eh_funclets	eh	11
006e57cc	Unwind@006e57cc	lib	_library	eh_funclets	eh	11
006e57d7	Unwind@006e57d7	lib	_library	eh_funclets	eh	11
006e57e2	Unwind@006e57e2	lib	_library	eh_funclets	eh	11
006e57ed	Unwind@006e57ed	lib	_library	eh_funclets	eh	11
006e57f8	Unwind@006e57f8	lib	_library	eh_funclets	eh	11
006e5803	Unwind@006e5803	lib	_library	eh_funclets	eh	11
006e580e	Unwind@006e580e	lib	_library	eh_funclets	eh	11
006e5819	Unwind@006e5819	lib	_library	eh_funclets	eh	12
006e5827	Unwind@006e5827	lib	_library	eh_funclets	eh	12
006e5835	Unwind@006e5835	lib	_library	eh_funclets	eh	11
006e5840	Unwind@006e5840	lib	_library	eh_funclets	eh	11
006e584b	Unwind@006e584b	lib	_library	eh_funclets	eh	35
006e586e	Unwind@006e586e	lib	_library	eh_funclets	eh	12
006e587a	Unwind@006e587a	lib	_library	eh_funclets	eh	12
006e5886	Unwind@006e5886	lib	_library	eh_funclets	eh	11
006e5891	Unwind@006e5891	lib	_library	eh_funclets	eh	11
006e589c	Unwind@006e589c	lib	_library	eh_funclets	eh	35
006e58bf	Unwind@006e58bf	lib	_library	eh_funclets	eh	12
006e58cb	Unwind@006e58cb	lib	_library	eh_funclets	eh	12
006e58d7	Unwind@006e58d7	lib	_library	eh_funclets	eh	11
006e58e2	Unwind@006e58e2	lib	_library	eh_funclets	eh	11
006e58ed	Unwind@006e58ed	lib	_library	eh_funclets	eh	11
006e5920	Unwind@006e5920	lib	_library	eh_funclets	eh	8
006e5950	Unwind@006e5950	lib	_library	eh_funclets	eh	8
006e5980	Unwind@006e5980	lib	_library	eh_funclets	eh	11
006e59c0	Unwind@006e59c0	lib	_library	eh_funclets	eh	11
006e59cb	Unwind@006e59cb	lib	_library	eh_funclets	eh	11
006e59d6	Unwind@006e59d6	lib	_library	eh_funclets	eh	11
006e59e1	Unwind@006e59e1	lib	_library	eh_funclets	eh	8
006e59e9	Unwind@006e59e9	lib	_library	eh_funclets	eh	8
006e59f1	Unwind@006e59f1	lib	_library	eh_funclets	eh	8
006e59f9	Unwind@006e59f9	lib	_library	eh_funclets	eh	8
006e5a01	Unwind@006e5a01	lib	_library	eh_funclets	eh	8
006e5a09	Unwind@006e5a09	lib	_library	eh_funclets	eh	8
006e5a11	Unwind@006e5a11	lib	_library	eh_funclets	eh	11
006e5a1c	Unwind@006e5a1c	lib	_library	eh_funclets	eh	8
006e5a24	Unwind@006e5a24	lib	_library	eh_funclets	eh	11
006e5a2f	Unwind@006e5a2f	lib	_library	eh_funclets	eh	8
006e5a37	Unwind@006e5a37	lib	_library	eh_funclets	eh	11
006e5a42	Unwind@006e5a42	lib	_library	eh_funclets	eh	11
006e5a4d	Unwind@006e5a4d	lib	_library	eh_funclets	eh	11
006e5a58	Unwind@006e5a58	lib	_library	eh_funclets	eh	11
006e5a63	Unwind@006e5a63	lib	_library	eh_funclets	eh	11
006e5a6e	Unwind@006e5a6e	lib	_library	eh_funclets	eh	11
006e5a79	Unwind@006e5a79	lib	_library	eh_funclets	eh	35
006e5a9c	Unwind@006e5a9c	lib	_library	eh_funclets	eh	12
006e5aa8	Unwind@006e5aa8	lib	_library	eh_funclets	eh	12
006e5ab4	Unwind@006e5ab4	lib	_library	eh_funclets	eh	11
006e5af0	Unwind@006e5af0	lib	_library	eh_funclets	eh	35
006e5b13	Unwind@006e5b13	lib	_library	eh_funclets	eh	12
006e5b1f	Unwind@006e5b1f	lib	_library	eh_funclets	eh	12
006e5b2b	Unwind@006e5b2b	lib	_library	eh_funclets	eh	11
006e5b36	Unwind@006e5b36	lib	_library	eh_funclets	eh	8
006e5b3e	Unwind@006e5b3e	lib	_library	eh_funclets	eh	8
006e5b46	Unwind@006e5b46	lib	_library	eh_funclets	eh	8
006e5b4e	Unwind@006e5b4e	lib	_library	eh_funclets	eh	8
006e5b56	Unwind@006e5b56	lib	_library	eh_funclets	eh	8
006e5b5e	Unwind@006e5b5e	lib	_library	eh_funclets	eh	8
006e5b66	Unwind@006e5b66	lib	_library	eh_funclets	eh	8
006e5b6e	Unwind@006e5b6e	lib	_library	eh_funclets	eh	8
006e5b76	Unwind@006e5b76	lib	_library	eh_funclets	eh	8
006e5b7e	Unwind@006e5b7e	lib	_library	eh_funclets	eh	8
006e5b86	Unwind@006e5b86	lib	_library	eh_funclets	eh	8
006e5b8e	Unwind@006e5b8e	lib	_library	eh_funclets	eh	8
006e5b96	Unwind@006e5b96	lib	_library	eh_funclets	eh	8
006e5b9e	Unwind@006e5b9e	lib	_library	eh_funclets	eh	8
006e5ba6	Unwind@006e5ba6	lib	_library	eh_funclets	eh	8
006e5bae	Unwind@006e5bae	lib	_library	eh_funclets	eh	8
006e5bb6	Unwind@006e5bb6	lib	_library	eh_funclets	eh	8
006e5bbe	Unwind@006e5bbe	lib	_library	eh_funclets	eh	8
006e5bc6	Unwind@006e5bc6	lib	_library	eh_funclets	eh	8
006e5bce	Unwind@006e5bce	lib	_library	eh_funclets	eh	8
006e5bd6	Unwind@006e5bd6	lib	_library	eh_funclets	eh	8
006e5bde	Unwind@006e5bde	lib	_library	eh_funclets	eh	8
006e5be6	Unwind@006e5be6	lib	_library	eh_funclets	eh	8
006e5bee	Unwind@006e5bee	lib	_library	eh_funclets	eh	8
006e5bf6	Unwind@006e5bf6	lib	_library	eh_funclets	eh	8
006e5bfe	Unwind@006e5bfe	lib	_library	eh_funclets	eh	8
006e5c06	Unwind@006e5c06	lib	_library	eh_funclets	eh	8
006e5c0e	Unwind@006e5c0e	lib	_library	eh_funclets	eh	8
006e5c16	Unwind@006e5c16	lib	_library	eh_funclets	eh	8
006e5c1e	Unwind@006e5c1e	lib	_library	eh_funclets	eh	8
006e5c26	Unwind@006e5c26	lib	_library	eh_funclets	eh	8
006e5c2e	Unwind@006e5c2e	lib	_library	eh_funclets	eh	8
006e5c36	Unwind@006e5c36	lib	_library	eh_funclets	eh	8
006e5c3e	Unwind@006e5c3e	lib	_library	eh_funclets	eh	8
006e5c46	Unwind@006e5c46	lib	_library	eh_funclets	eh	8
006e5c4e	Unwind@006e5c4e	lib	_library	eh_funclets	eh	8
006e5c56	Unwind@006e5c56	lib	_library	eh_funclets	eh	8
006e5c5e	Unwind@006e5c5e	lib	_library	eh_funclets	eh	8
006e5c66	Unwind@006e5c66	lib	_library	eh_funclets	eh	8
006e5c6e	Unwind@006e5c6e	lib	_library	eh_funclets	eh	8
006e5c76	Unwind@006e5c76	lib	_library	eh_funclets	eh	8
006e5c7e	Unwind@006e5c7e	lib	_library	eh_funclets	eh	8
006e5c86	Unwind@006e5c86	lib	_library	eh_funclets	eh	8
006e5c8e	Unwind@006e5c8e	lib	_library	eh_funclets	eh	8
006e5c96	Unwind@006e5c96	lib	_library	eh_funclets	eh	11
006e5ca1	Unwind@006e5ca1	lib	_library	eh_funclets	eh	11
006e5cac	Unwind@006e5cac	lib	_library	eh_funclets	eh	11
006e5cb7	Unwind@006e5cb7	lib	_library	eh_funclets	eh	11
006e5cc2	Unwind@006e5cc2	lib	_library	eh_funclets	eh	11
006e5ccd	Unwind@006e5ccd	lib	_library	eh_funclets	eh	11
006e5cd8	Unwind@006e5cd8	lib	_library	eh_funclets	eh	11
006e5ce3	Unwind@006e5ce3	lib	_library	eh_funclets	eh	11
006e5cee	Unwind@006e5cee	lib	_library	eh_funclets	eh	11
006e5cf9	Unwind@006e5cf9	lib	_library	eh_funclets	eh	11
006e5d04	Unwind@006e5d04	lib	_library	eh_funclets	eh	11
006e5d0f	Unwind@006e5d0f	lib	_library	eh_funclets	eh	11
006e5d1a	Unwind@006e5d1a	lib	_library	eh_funclets	eh	11
006e5d25	Unwind@006e5d25	lib	_library	eh_funclets	eh	11
006e5d30	Unwind@006e5d30	lib	_library	eh_funclets	eh	11
006e5d3b	Unwind@006e5d3b	lib	_library	eh_funclets	eh	11
006e5d46	Unwind@006e5d46	lib	_library	eh_funclets	eh	11
006e5d51	Unwind@006e5d51	lib	_library	eh_funclets	eh	11
006e5d5c	Unwind@006e5d5c	lib	_library	eh_funclets	eh	11
006e5d67	Unwind@006e5d67	lib	_library	eh_funclets	eh	11
006e5d72	Unwind@006e5d72	lib	_library	eh_funclets	eh	11
006e5d7d	Unwind@006e5d7d	lib	_library	eh_funclets	eh	11
006e5d88	Unwind@006e5d88	lib	_library	eh_funclets	eh	11
006e5d93	Unwind@006e5d93	lib	_library	eh_funclets	eh	11
006e5d9e	Unwind@006e5d9e	lib	_library	eh_funclets	eh	11
006e5da9	Unwind@006e5da9	lib	_library	eh_funclets	eh	11
006e5db4	Unwind@006e5db4	lib	_library	eh_funclets	eh	11
006e5dbf	Unwind@006e5dbf	lib	_library	eh_funclets	eh	8
006e5dc7	Unwind@006e5dc7	lib	_library	eh_funclets	eh	11
006e5dd2	Unwind@006e5dd2	lib	_library	eh_funclets	eh	8
006e5dda	Unwind@006e5dda	lib	_library	eh_funclets	eh	11
006e5de5	Unwind@006e5de5	lib	_library	eh_funclets	eh	11
006e5df0	Unwind@006e5df0	lib	_library	eh_funclets	eh	11
006e5dfb	Unwind@006e5dfb	lib	_library	eh_funclets	eh	8
006e5e03	Unwind@006e5e03	lib	_library	eh_funclets	eh	11
006e5e0e	Unwind@006e5e0e	lib	_library	eh_funclets	eh	8
006e5e16	Unwind@006e5e16	lib	_library	eh_funclets	eh	11
006e5e21	Unwind@006e5e21	lib	_library	eh_funclets	eh	11
006e5e2c	Unwind@006e5e2c	lib	_library	eh_funclets	eh	11
006e5e37	Unwind@006e5e37	lib	_library	eh_funclets	eh	11
006e5e42	Unwind@006e5e42	lib	_library	eh_funclets	eh	11
006e5e4d	Unwind@006e5e4d	lib	_library	eh_funclets	eh	11
006e5e58	Unwind@006e5e58	lib	_library	eh_funclets	eh	11
006e5e63	Unwind@006e5e63	lib	_library	eh_funclets	eh	11
006e5e6e	Unwind@006e5e6e	lib	_library	eh_funclets	eh	11
006e5e79	Unwind@006e5e79	lib	_library	eh_funclets	eh	11
006e5e84	Unwind@006e5e84	lib	_library	eh_funclets	eh	11
006e5e8f	Unwind@006e5e8f	lib	_library	eh_funclets	eh	11
006e5e9a	Unwind@006e5e9a	lib	_library	eh_funclets	eh	11
006e5ea5	Unwind@006e5ea5	lib	_library	eh_funclets	eh	11
006e5eb0	Unwind@006e5eb0	lib	_library	eh_funclets	eh	11
006e5ebb	Unwind@006e5ebb	lib	_library	eh_funclets	eh	11
006e5ec6	Unwind@006e5ec6	lib	_library	eh_funclets	eh	11
006e5ed1	Unwind@006e5ed1	lib	_library	eh_funclets	eh	11
006e5edc	Unwind@006e5edc	lib	_library	eh_funclets	eh	11
006e5ee7	Unwind@006e5ee7	lib	_library	eh_funclets	eh	11
006e5ef2	Unwind@006e5ef2	lib	_library	eh_funclets	eh	11
006e5efd	Unwind@006e5efd	lib	_library	eh_funclets	eh	11
006e5f08	Unwind@006e5f08	lib	_library	eh_funclets	eh	11
006e5f13	Unwind@006e5f13	lib	_library	eh_funclets	eh	11
006e5f1e	Unwind@006e5f1e	lib	_library	eh_funclets	eh	11
006e5f29	Unwind@006e5f29	lib	_library	eh_funclets	eh	11
006e5f34	Unwind@006e5f34	lib	_library	eh_funclets	eh	11
006e5f3f	Unwind@006e5f3f	lib	_library	eh_funclets	eh	11
006e5f4a	Unwind@006e5f4a	lib	_library	eh_funclets	eh	11
006e5f55	Unwind@006e5f55	lib	_library	eh_funclets	eh	11
006e5f60	Unwind@006e5f60	lib	_library	eh_funclets	eh	11
006e5f6b	Unwind@006e5f6b	lib	_library	eh_funclets	eh	11
006e5f76	Unwind@006e5f76	lib	_library	eh_funclets	eh	11
006e5f81	Unwind@006e5f81	lib	_library	eh_funclets	eh	11
006e5f8c	Unwind@006e5f8c	lib	_library	eh_funclets	eh	11
006e5f97	Unwind@006e5f97	lib	_library	eh_funclets	eh	11
006e5fd0	Unwind@006e5fd0	lib	_library	eh_funclets	eh	25
006e6010	Unwind@006e6010	lib	_library	eh_funclets	eh	11
006e601b	Unwind@006e601b	lib	_library	eh_funclets	eh	11
006e6026	Unwind@006e6026	lib	_library	eh_funclets	eh	11
006e6031	Unwind@006e6031	lib	_library	eh_funclets	eh	11
006e603c	Unwind@006e603c	lib	_library	eh_funclets	eh	8
006e6070	Unwind@006e6070	lib	_library	eh_funclets	eh	8
006e60a0	Unwind@006e60a0	lib	_library	eh_funclets	eh	35
006e60c3	Unwind@006e60c3	lib	_library	eh_funclets	eh	12
006e60cf	Unwind@006e60cf	lib	_library	eh_funclets	eh	9
006e60d8	Unwind@006e60d8	lib	_library	eh_funclets	eh	11
006e60e3	Unwind@006e60e3	lib	_library	eh_funclets	eh	8
006e60eb	Unwind@006e60eb	lib	_library	eh_funclets	eh	8
006e60f3	Unwind@006e60f3	lib	_library	eh_funclets	eh	8
006e60fb	Unwind@006e60fb	lib	_library	eh_funclets	eh	8
006e6103	Unwind@006e6103	lib	_library	eh_funclets	eh	8
006e610b	Unwind@006e610b	lib	_library	eh_funclets	eh	11
006e6140	Unwind@006e6140	lib	_library	eh_funclets	eh	29
006e615d	Unwind@006e615d	lib	_library	eh_funclets	eh	12
006e6169	Unwind@006e6169	lib	_library	eh_funclets	eh	12
006e6175	Unwind@006e6175	lib	_library	eh_funclets	eh	11
006e6180	Unwind@006e6180	lib	_library	eh_funclets	eh	8
006e6188	Unwind@006e6188	lib	_library	eh_funclets	eh	8
006e61c0	Unwind@006e61c0	lib	_library	eh_funclets	eh	29
006e61dd	Unwind@006e61dd	lib	_library	eh_funclets	eh	12
006e61e9	Unwind@006e61e9	lib	_library	eh_funclets	eh	12
006e61f5	Unwind@006e61f5	lib	_library	eh_funclets	eh	11
006e6200	Unwind@006e6200	lib	_library	eh_funclets	eh	8
006e6208	Unwind@006e6208	lib	_library	eh_funclets	eh	8
006e6210	Unwind@006e6210	lib	_library	eh_funclets	eh	8
006e6218	Unwind@006e6218	lib	_library	eh_funclets	eh	8
006e6220	Unwind@006e6220	lib	_library	eh_funclets	eh	9
006e6260	Unwind@006e6260	lib	_library	eh_funclets	eh	8
006e6268	Unwind@006e6268	lib	_library	eh_funclets	eh	14
006e6276	Unwind@006e6276	lib	_library	eh_funclets	eh	10
006e62a0	Unwind@006e62a0	lib	_library	eh_funclets	eh	8
006e62a8	Unwind@006e62a8	lib	_library	eh_funclets	eh	8
006e62b0	Unwind@006e62b0	lib	_library	eh_funclets	eh	8
006e62b8	Unwind@006e62b8	lib	_library	eh_funclets	eh	8
006e62c0	Unwind@006e62c0	lib	_library	eh_funclets	eh	35
006e62e3	Unwind@006e62e3	lib	_library	eh_funclets	eh	12
006e62ef	Unwind@006e62ef	lib	_library	eh_funclets	eh	12
006e62fb	Unwind@006e62fb	lib	_library	eh_funclets	eh	11
006e6306	Unwind@006e6306	lib	_library	eh_funclets	eh	11
006e6311	Unwind@006e6311	lib	_library	eh_funclets	eh	8
006e6319	Unwind@006e6319	lib	_library	eh_funclets	eh	8
006e6321	Unwind@006e6321	lib	_library	eh_funclets	eh	8
006e6329	Unwind@006e6329	lib	_library	eh_funclets	eh	8
006e6331	Unwind@006e6331	lib	_library	eh_funclets	eh	8
006e6339	Unwind@006e6339	lib	_library	eh_funclets	eh	11
006e6370	Unwind@006e6370	lib	_library	eh_funclets	eh	8
006e6378	Unwind@006e6378	lib	_library	eh_funclets	eh	8
006e6380	Unwind@006e6380	lib	_library	eh_funclets	eh	8
006e63b0	Unwind@006e63b0	lib	_library	eh_funclets	eh	8
006e63b8	Unwind@006e63b8	lib	_library	eh_funclets	eh	8
006e63c0	Unwind@006e63c0	lib	_library	eh_funclets	eh	29
006e63dd	Unwind@006e63dd	lib	_library	eh_funclets	eh	12
006e63e9	Unwind@006e63e9	lib	_library	eh_funclets	eh	12
006e63f5	Unwind@006e63f5	lib	_library	eh_funclets	eh	11
006e6400	Unwind@006e6400	lib	_library	eh_funclets	eh	8
006e6408	Unwind@006e6408	lib	_library	eh_funclets	eh	29
006e6425	Unwind@006e6425	lib	_library	eh_funclets	eh	12
006e6431	Unwind@006e6431	lib	_library	eh_funclets	eh	12
006e643d	Unwind@006e643d	lib	_library	eh_funclets	eh	11
006e6448	Unwind@006e6448	lib	_library	eh_funclets	eh	29
006e6465	Unwind@006e6465	lib	_library	eh_funclets	eh	12
006e6471	Unwind@006e6471	lib	_library	eh_funclets	eh	12
006e647d	Unwind@006e647d	lib	_library	eh_funclets	eh	11
006e6488	Unwind@006e6488	lib	_library	eh_funclets	eh	8
006e6490	Unwind@006e6490	lib	_library	eh_funclets	eh	8
006e64c0	Unwind@006e64c0	lib	_library	eh_funclets	eh	8
006e64c8	Unwind@006e64c8	lib	_library	eh_funclets	eh	8
006e64d0	Unwind@006e64d0	lib	_library	eh_funclets	eh	8
006e64d8	Unwind@006e64d8	lib	_library	eh_funclets	eh	8
006e64e0	Unwind@006e64e0	lib	_library	eh_funclets	eh	8
006e64e8	Unwind@006e64e8	lib	_library	eh_funclets	eh	8
006e6520	Unwind@006e6520	lib	_library	eh_funclets	eh	8
006e6528	Unwind@006e6528	lib	_library	eh_funclets	eh	8
006e6530	Unwind@006e6530	lib	_library	eh_funclets	eh	8
006e6538	Unwind@006e6538	lib	_library	eh_funclets	eh	8
006e6570	Unwind@006e6570	lib	_library	eh_funclets	eh	8
006e6578	Unwind@006e6578	lib	_library	eh_funclets	eh	8
006e6580	Unwind@006e6580	lib	_library	eh_funclets	eh	8
006e6588	Unwind@006e6588	lib	_library	eh_funclets	eh	8
006e6590	Unwind@006e6590	lib	_library	eh_funclets	eh	8
006e6598	Unwind@006e6598	lib	_library	eh_funclets	eh	9
006e65a3	Unwind@006e65a3	lib	_library	eh_funclets	eh	9
006e65e0	Unwind@006e65e0	lib	_library	eh_funclets	eh	11
006e65eb	Unwind@006e65eb	lib	_library	eh_funclets	eh	8
006e65f3	Unwind@006e65f3	lib	_library	eh_funclets	eh	8
006e65fb	Unwind@006e65fb	lib	_library	eh_funclets	eh	8
006e6603	Unwind@006e6603	lib	_library	eh_funclets	eh	8
006e660b	Unwind@006e660b	lib	_library	eh_funclets	eh	8
006e6613	Unwind@006e6613	lib	_library	eh_funclets	eh	29
006e6630	Unwind@006e6630	lib	_library	eh_funclets	eh	12
006e663c	Unwind@006e663c	lib	_library	eh_funclets	eh	12
006e6648	Unwind@006e6648	lib	_library	eh_funclets	eh	11
006e6680	Unwind@006e6680	lib	_library	eh_funclets	eh	9
006e668b	Unwind@006e668b	lib	_library	eh_funclets	eh	8
006e66c0	Unwind@006e66c0	lib	_library	eh_funclets	eh	8
006e66c8	Unwind@006e66c8	lib	_library	eh_funclets	eh	8
006e6700	Unwind@006e6700	lib	_library	eh_funclets	eh	11
006e670b	Unwind@006e670b	lib	_library	eh_funclets	eh	11
006e6716	Unwind@006e6716	lib	_library	eh_funclets	eh	11
006e6721	Unwind@006e6721	lib	_library	eh_funclets	eh	11
006e672c	Unwind@006e672c	lib	_library	eh_funclets	eh	8
006e6734	Unwind@006e6734	lib	_library	eh_funclets	eh	11
006e673f	Unwind@006e673f	lib	_library	eh_funclets	eh	11
006e674a	Unwind@006e674a	lib	_library	eh_funclets	eh	11
006e6755	Unwind@006e6755	lib	_library	eh_funclets	eh	11
006e6760	Unwind@006e6760	lib	_library	eh_funclets	eh	11
006e676b	Unwind@006e676b	lib	_library	eh_funclets	eh	11
006e6776	Unwind@006e6776	lib	_library	eh_funclets	eh	11
006e6781	Unwind@006e6781	lib	_library	eh_funclets	eh	11
006e678c	Unwind@006e678c	lib	_library	eh_funclets	eh	11
006e6797	Unwind@006e6797	lib	_library	eh_funclets	eh	11
006e67a2	Unwind@006e67a2	lib	_library	eh_funclets	eh	11
006e67ad	Unwind@006e67ad	lib	_library	eh_funclets	eh	11
006e67b8	Unwind@006e67b8	lib	_library	eh_funclets	eh	11
006e67c3	Unwind@006e67c3	lib	_library	eh_funclets	eh	11
006e67ce	Unwind@006e67ce	lib	_library	eh_funclets	eh	11
006e67d9	Unwind@006e67d9	lib	_library	eh_funclets	eh	11
006e67e4	Unwind@006e67e4	lib	_library	eh_funclets	eh	11
006e67ef	Unwind@006e67ef	lib	_library	eh_funclets	eh	11
006e67fa	Unwind@006e67fa	lib	_library	eh_funclets	eh	11
006e6805	Unwind@006e6805	lib	_library	eh_funclets	eh	11
006e6810	Unwind@006e6810	lib	_library	eh_funclets	eh	11
006e681b	Unwind@006e681b	lib	_library	eh_funclets	eh	11
006e6826	Unwind@006e6826	lib	_library	eh_funclets	eh	11
006e6831	Unwind@006e6831	lib	_library	eh_funclets	eh	11
006e683c	Unwind@006e683c	lib	_library	eh_funclets	eh	11
006e6847	Unwind@006e6847	lib	_library	eh_funclets	eh	11
006e6852	Unwind@006e6852	lib	_library	eh_funclets	eh	11
006e685d	Unwind@006e685d	lib	_library	eh_funclets	eh	11
006e6868	Unwind@006e6868	lib	_library	eh_funclets	eh	11
006e6873	Unwind@006e6873	lib	_library	eh_funclets	eh	11
006e687e	Unwind@006e687e	lib	_library	eh_funclets	eh	11
006e6889	Unwind@006e6889	lib	_library	eh_funclets	eh	8
006e6891	Unwind@006e6891	lib	_library	eh_funclets	eh	11
006e689c	Unwind@006e689c	lib	_library	eh_funclets	eh	11
006e68a7	Unwind@006e68a7	lib	_library	eh_funclets	eh	11
006e68b2	Unwind@006e68b2	lib	_library	eh_funclets	eh	11
006e68bd	Unwind@006e68bd	lib	_library	eh_funclets	eh	11
006e68c8	Unwind@006e68c8	lib	_library	eh_funclets	eh	11
006e68d3	Unwind@006e68d3	lib	_library	eh_funclets	eh	11
006e68de	Unwind@006e68de	lib	_library	eh_funclets	eh	11
006e68e9	Unwind@006e68e9	lib	_library	eh_funclets	eh	11
006e68f4	Unwind@006e68f4	lib	_library	eh_funclets	eh	11
006e68ff	Unwind@006e68ff	lib	_library	eh_funclets	eh	11
006e690a	Unwind@006e690a	lib	_library	eh_funclets	eh	11
006e6915	Unwind@006e6915	lib	_library	eh_funclets	eh	11
006e6920	Unwind@006e6920	lib	_library	eh_funclets	eh	11
006e692b	Unwind@006e692b	lib	_library	eh_funclets	eh	11
006e6936	Unwind@006e6936	lib	_library	eh_funclets	eh	11
006e6941	Unwind@006e6941	lib	_library	eh_funclets	eh	11
006e694c	Unwind@006e694c	lib	_library	eh_funclets	eh	11
006e6957	Unwind@006e6957	lib	_library	eh_funclets	eh	11
006e6962	Unwind@006e6962	lib	_library	eh_funclets	eh	11
006e696d	Unwind@006e696d	lib	_library	eh_funclets	eh	11
006e6978	Unwind@006e6978	lib	_library	eh_funclets	eh	11
006e6983	Unwind@006e6983	lib	_library	eh_funclets	eh	11
006e698e	Unwind@006e698e	lib	_library	eh_funclets	eh	11
006e6999	Unwind@006e6999	lib	_library	eh_funclets	eh	11
006e69a4	Unwind@006e69a4	lib	_library	eh_funclets	eh	11
006e69af	Unwind@006e69af	lib	_library	eh_funclets	eh	11
006e69ba	Unwind@006e69ba	lib	_library	eh_funclets	eh	11
006e69c5	Unwind@006e69c5	lib	_library	eh_funclets	eh	11
006e69d0	Unwind@006e69d0	lib	_library	eh_funclets	eh	11
006e69db	Unwind@006e69db	lib	_library	eh_funclets	eh	11
006e69e6	Unwind@006e69e6	lib	_library	eh_funclets	eh	11
006e69f1	Unwind@006e69f1	lib	_library	eh_funclets	eh	11
006e69fc	Unwind@006e69fc	lib	_library	eh_funclets	eh	11
006e6a07	Unwind@006e6a07	lib	_library	eh_funclets	eh	11
006e6a12	Unwind@006e6a12	lib	_library	eh_funclets	eh	11
006e6a1d	Unwind@006e6a1d	lib	_library	eh_funclets	eh	11
006e6a28	Unwind@006e6a28	lib	_library	eh_funclets	eh	11
006e6a33	Unwind@006e6a33	lib	_library	eh_funclets	eh	11
006e6a3e	Unwind@006e6a3e	lib	_library	eh_funclets	eh	11
006e6a49	Unwind@006e6a49	lib	_library	eh_funclets	eh	11
006e6a54	Unwind@006e6a54	lib	_library	eh_funclets	eh	11
006e6a5f	Unwind@006e6a5f	lib	_library	eh_funclets	eh	11
006e6a6a	Unwind@006e6a6a	lib	_library	eh_funclets	eh	11
006e6a75	Unwind@006e6a75	lib	_library	eh_funclets	eh	11
006e6a80	Unwind@006e6a80	lib	_library	eh_funclets	eh	11
006e6a8b	Unwind@006e6a8b	lib	_library	eh_funclets	eh	11
006e6a96	Unwind@006e6a96	lib	_library	eh_funclets	eh	11
006e6aa1	Unwind@006e6aa1	lib	_library	eh_funclets	eh	11
006e6aac	Unwind@006e6aac	lib	_library	eh_funclets	eh	11
006e6ab7	Unwind@006e6ab7	lib	_library	eh_funclets	eh	11
006e6ac2	Unwind@006e6ac2	lib	_library	eh_funclets	eh	11
006e6acd	Unwind@006e6acd	lib	_library	eh_funclets	eh	11
006e6ad8	Unwind@006e6ad8	lib	_library	eh_funclets	eh	11
006e6ae3	Unwind@006e6ae3	lib	_library	eh_funclets	eh	11
006e6aee	Unwind@006e6aee	lib	_library	eh_funclets	eh	11
006e6af9	Unwind@006e6af9	lib	_library	eh_funclets	eh	11
006e6b04	Unwind@006e6b04	lib	_library	eh_funclets	eh	11
006e6b0f	Unwind@006e6b0f	lib	_library	eh_funclets	eh	11
006e6b1a	Unwind@006e6b1a	lib	_library	eh_funclets	eh	11
006e6b25	Unwind@006e6b25	lib	_library	eh_funclets	eh	11
006e6b30	Unwind@006e6b30	lib	_library	eh_funclets	eh	11
006e6b3b	Unwind@006e6b3b	lib	_library	eh_funclets	eh	11
006e6b46	Unwind@006e6b46	lib	_library	eh_funclets	eh	8
006e6b4e	Unwind@006e6b4e	lib	_library	eh_funclets	eh	8
006e6b90	Unwind@006e6b90	lib	_library	eh_funclets	eh	17
006e6ba1	Unwind@006e6ba1	lib	_library	eh_funclets	eh	17
006e6bd0	Unwind@006e6bd0	lib	_library	eh_funclets	eh	8
006e6bd8	Unwind@006e6bd8	lib	_library	eh_funclets	eh	8
006e6be0	Unwind@006e6be0	lib	_library	eh_funclets	eh	8
006e6c70	Unwind@006e6c70	lib	_library	eh_funclets	eh	8
006e6c78	Unwind@006e6c78	lib	_library	eh_funclets	eh	9
006e6c83	Unwind@006e6c83	lib	_library	eh_funclets	eh	9
006e6c8e	Unwind@006e6c8e	lib	_library	eh_funclets	eh	8
006e6c96	Unwind@006e6c96	lib	_library	eh_funclets	eh	29
006e6cb3	Unwind@006e6cb3	lib	_library	eh_funclets	eh	12
006e6cbf	Unwind@006e6cbf	lib	_library	eh_funclets	eh	12
006e6ccb	Unwind@006e6ccb	lib	_library	eh_funclets	eh	11
006e6cd6	Unwind@006e6cd6	lib	_library	eh_funclets	eh	8
006e6d10	Unwind@006e6d10	lib	_library	eh_funclets	eh	9
006e6d1b	Unwind@006e6d1b	lib	_library	eh_funclets	eh	8
006e6d23	Unwind@006e6d23	lib	_library	eh_funclets	eh	8
006e6d2b	Unwind@006e6d2b	lib	_library	eh_funclets	eh	8
006e6d33	Unwind@006e6d33	lib	_library	eh_funclets	eh	29
006e6d50	Unwind@006e6d50	lib	_library	eh_funclets	eh	12
006e6d5c	Unwind@006e6d5c	lib	_library	eh_funclets	eh	12
006e6d68	Unwind@006e6d68	lib	_library	eh_funclets	eh	11
006e6d73	Unwind@006e6d73	lib	_library	eh_funclets	eh	8
006e6db0	Unwind@006e6db0	lib	_library	eh_funclets	eh	8
006e6de0	Unwind@006e6de0	lib	_library	eh_funclets	eh	8
006e6e10	Unwind@006e6e10	lib	_library	eh_funclets	eh	8
006e6e18	Unwind@006e6e18	lib	_library	eh_funclets	eh	8
006e6e20	Unwind@006e6e20	lib	_library	eh_funclets	eh	8
006e6e28	Unwind@006e6e28	lib	_library	eh_funclets	eh	8
006e6e30	Unwind@006e6e30	lib	_library	eh_funclets	eh	8
006e6e60	Unwind@006e6e60	lib	_library	eh_funclets	eh	11
006e6e6b	Unwind@006e6e6b	lib	_library	eh_funclets	eh	11
006e6e76	Unwind@006e6e76	lib	_library	eh_funclets	eh	11
006e6e81	Unwind@006e6e81	lib	_library	eh_funclets	eh	11
006e6e8c	Unwind@006e6e8c	lib	_library	eh_funclets	eh	11
006e6e97	Unwind@006e6e97	lib	_library	eh_funclets	eh	11
006e6ea2	Unwind@006e6ea2	lib	_library	eh_funclets	eh	11
006e6ead	Unwind@006e6ead	lib	_library	eh_funclets	eh	11
006e6eb8	Unwind@006e6eb8	lib	_library	eh_funclets	eh	11
006e6ec3	Unwind@006e6ec3	lib	_library	eh_funclets	eh	11
006e6ece	Unwind@006e6ece	lib	_library	eh_funclets	eh	11
006e6ed9	Unwind@006e6ed9	lib	_library	eh_funclets	eh	11
006e6ee4	Unwind@006e6ee4	lib	_library	eh_funclets	eh	11
006e6eef	Unwind@006e6eef	lib	_library	eh_funclets	eh	11
006e6efa	Unwind@006e6efa	lib	_library	eh_funclets	eh	11
006e6f05	Unwind@006e6f05	lib	_library	eh_funclets	eh	11
006e6f10	Unwind@006e6f10	lib	_library	eh_funclets	eh	11
006e6f1b	Unwind@006e6f1b	lib	_library	eh_funclets	eh	11
006e6f26	Unwind@006e6f26	lib	_library	eh_funclets	eh	11
006e6f31	Unwind@006e6f31	lib	_library	eh_funclets	eh	11
006e6f3c	Unwind@006e6f3c	lib	_library	eh_funclets	eh	11
006e6f47	Unwind@006e6f47	lib	_library	eh_funclets	eh	11
006e6f52	Unwind@006e6f52	lib	_library	eh_funclets	eh	11
006e6f5d	Unwind@006e6f5d	lib	_library	eh_funclets	eh	11
006e6f68	Unwind@006e6f68	lib	_library	eh_funclets	eh	11
006e6f73	Unwind@006e6f73	lib	_library	eh_funclets	eh	11
006e6f7e	Unwind@006e6f7e	lib	_library	eh_funclets	eh	11
006e6f89	Unwind@006e6f89	lib	_library	eh_funclets	eh	11
006e6f94	Unwind@006e6f94	lib	_library	eh_funclets	eh	11
006e6f9f	Unwind@006e6f9f	lib	_library	eh_funclets	eh	11
006e6faa	Unwind@006e6faa	lib	_library	eh_funclets	eh	11
006e6fb5	Unwind@006e6fb5	lib	_library	eh_funclets	eh	11
006e6fc0	Unwind@006e6fc0	lib	_library	eh_funclets	eh	11
006e6fcb	Unwind@006e6fcb	lib	_library	eh_funclets	eh	11
006e6fd6	Unwind@006e6fd6	lib	_library	eh_funclets	eh	11
006e6fe1	Unwind@006e6fe1	lib	_library	eh_funclets	eh	11
006e6fec	Unwind@006e6fec	lib	_library	eh_funclets	eh	11
006e6ff7	Unwind@006e6ff7	lib	_library	eh_funclets	eh	11
006e7002	Unwind@006e7002	lib	_library	eh_funclets	eh	11
006e700d	Unwind@006e700d	lib	_library	eh_funclets	eh	11
006e7018	Unwind@006e7018	lib	_library	eh_funclets	eh	11
006e7023	Unwind@006e7023	lib	_library	eh_funclets	eh	11
006e702e	Unwind@006e702e	lib	_library	eh_funclets	eh	11
006e7039	Unwind@006e7039	lib	_library	eh_funclets	eh	11
006e7044	Unwind@006e7044	lib	_library	eh_funclets	eh	11
006e704f	Unwind@006e704f	lib	_library	eh_funclets	eh	11
006e705a	Unwind@006e705a	lib	_library	eh_funclets	eh	11
006e7065	Unwind@006e7065	lib	_library	eh_funclets	eh	11
006e7070	Unwind@006e7070	lib	_library	eh_funclets	eh	11
006e707b	Unwind@006e707b	lib	_library	eh_funclets	eh	11
006e7086	Unwind@006e7086	lib	_library	eh_funclets	eh	11
006e7091	Unwind@006e7091	lib	_library	eh_funclets	eh	11
006e709c	Unwind@006e709c	lib	_library	eh_funclets	eh	11
006e70a7	Unwind@006e70a7	lib	_library	eh_funclets	eh	11
006e70b2	Unwind@006e70b2	lib	_library	eh_funclets	eh	11
006e70bd	Unwind@006e70bd	lib	_library	eh_funclets	eh	11
006e70c8	Unwind@006e70c8	lib	_library	eh_funclets	eh	11
006e70d3	Unwind@006e70d3	lib	_library	eh_funclets	eh	11
006e70de	Unwind@006e70de	lib	_library	eh_funclets	eh	11
006e70e9	Unwind@006e70e9	lib	_library	eh_funclets	eh	11
006e70f4	Unwind@006e70f4	lib	_library	eh_funclets	eh	11
006e70ff	Unwind@006e70ff	lib	_library	eh_funclets	eh	11
006e710a	Unwind@006e710a	lib	_library	eh_funclets	eh	11
006e7115	Unwind@006e7115	lib	_library	eh_funclets	eh	11
006e7120	Unwind@006e7120	lib	_library	eh_funclets	eh	11
006e712b	Unwind@006e712b	lib	_library	eh_funclets	eh	11
006e7136	Unwind@006e7136	lib	_library	eh_funclets	eh	11
006e7141	Unwind@006e7141	lib	_library	eh_funclets	eh	11
006e714c	Unwind@006e714c	lib	_library	eh_funclets	eh	11
006e7157	Unwind@006e7157	lib	_library	eh_funclets	eh	11
006e7162	Unwind@006e7162	lib	_library	eh_funclets	eh	11
006e716d	Unwind@006e716d	lib	_library	eh_funclets	eh	11
006e7178	Unwind@006e7178	lib	_library	eh_funclets	eh	11
006e7183	Unwind@006e7183	lib	_library	eh_funclets	eh	11
006e718e	Unwind@006e718e	lib	_library	eh_funclets	eh	11
006e7199	Unwind@006e7199	lib	_library	eh_funclets	eh	11
006e71a4	Unwind@006e71a4	lib	_library	eh_funclets	eh	11
006e71af	Unwind@006e71af	lib	_library	eh_funclets	eh	11
006e71ba	Unwind@006e71ba	lib	_library	eh_funclets	eh	11
006e71c5	Unwind@006e71c5	lib	_library	eh_funclets	eh	11
006e71d0	Unwind@006e71d0	lib	_library	eh_funclets	eh	11
006e71db	Unwind@006e71db	lib	_library	eh_funclets	eh	11
006e71e6	Unwind@006e71e6	lib	_library	eh_funclets	eh	11
006e71f1	Unwind@006e71f1	lib	_library	eh_funclets	eh	11
006e71fc	Unwind@006e71fc	lib	_library	eh_funclets	eh	11
006e7207	Unwind@006e7207	lib	_library	eh_funclets	eh	11
006e7212	Unwind@006e7212	lib	_library	eh_funclets	eh	11
006e721d	Unwind@006e721d	lib	_library	eh_funclets	eh	11
006e7228	Unwind@006e7228	lib	_library	eh_funclets	eh	11
006e7233	Unwind@006e7233	lib	_library	eh_funclets	eh	11
006e723e	Unwind@006e723e	lib	_library	eh_funclets	eh	11
006e7249	Unwind@006e7249	lib	_library	eh_funclets	eh	11
006e7254	Unwind@006e7254	lib	_library	eh_funclets	eh	11
006e725f	Unwind@006e725f	lib	_library	eh_funclets	eh	11
006e726a	Unwind@006e726a	lib	_library	eh_funclets	eh	11
006e7275	Unwind@006e7275	lib	_library	eh_funclets	eh	11
006e7280	Unwind@006e7280	lib	_library	eh_funclets	eh	11
006e728b	Unwind@006e728b	lib	_library	eh_funclets	eh	11
006e7296	Unwind@006e7296	lib	_library	eh_funclets	eh	11
006e72a1	Unwind@006e72a1	lib	_library	eh_funclets	eh	11
006e72ac	Unwind@006e72ac	lib	_library	eh_funclets	eh	11
006e72b7	Unwind@006e72b7	lib	_library	eh_funclets	eh	11
006e72c2	Unwind@006e72c2	lib	_library	eh_funclets	eh	11
006e72cd	Unwind@006e72cd	lib	_library	eh_funclets	eh	11
006e72d8	Unwind@006e72d8	lib	_library	eh_funclets	eh	11
006e72e3	Unwind@006e72e3	lib	_library	eh_funclets	eh	11
006e72ee	Unwind@006e72ee	lib	_library	eh_funclets	eh	11
006e72f9	Unwind@006e72f9	lib	_library	eh_funclets	eh	11
006e7304	Unwind@006e7304	lib	_library	eh_funclets	eh	11
006e730f	Unwind@006e730f	lib	_library	eh_funclets	eh	11
006e731a	Unwind@006e731a	lib	_library	eh_funclets	eh	11
006e7325	Unwind@006e7325	lib	_library	eh_funclets	eh	11
006e7330	Unwind@006e7330	lib	_library	eh_funclets	eh	11
006e733b	Unwind@006e733b	lib	_library	eh_funclets	eh	11
006e7346	Unwind@006e7346	lib	_library	eh_funclets	eh	11
006e7351	Unwind@006e7351	lib	_library	eh_funclets	eh	11
006e735c	Unwind@006e735c	lib	_library	eh_funclets	eh	11
006e7367	Unwind@006e7367	lib	_library	eh_funclets	eh	11
006e7372	Unwind@006e7372	lib	_library	eh_funclets	eh	11
006e737d	Unwind@006e737d	lib	_library	eh_funclets	eh	11
006e7388	Unwind@006e7388	lib	_library	eh_funclets	eh	11
006e7393	Unwind@006e7393	lib	_library	eh_funclets	eh	11
006e739e	Unwind@006e739e	lib	_library	eh_funclets	eh	11
006e73a9	Unwind@006e73a9	lib	_library	eh_funclets	eh	11
006e73b4	Unwind@006e73b4	lib	_library	eh_funclets	eh	11
006e73bf	Unwind@006e73bf	lib	_library	eh_funclets	eh	11
006e73ca	Unwind@006e73ca	lib	_library	eh_funclets	eh	11
006e73d5	Unwind@006e73d5	lib	_library	eh_funclets	eh	11
006e73e0	Unwind@006e73e0	lib	_library	eh_funclets	eh	11
006e73eb	Unwind@006e73eb	lib	_library	eh_funclets	eh	11
006e73f6	Unwind@006e73f6	lib	_library	eh_funclets	eh	11
006e7401	Unwind@006e7401	lib	_library	eh_funclets	eh	11
006e740c	Unwind@006e740c	lib	_library	eh_funclets	eh	11
006e7417	Unwind@006e7417	lib	_library	eh_funclets	eh	11
006e7422	Unwind@006e7422	lib	_library	eh_funclets	eh	11
006e742d	Unwind@006e742d	lib	_library	eh_funclets	eh	11
006e7438	Unwind@006e7438	lib	_library	eh_funclets	eh	11
006e7443	Unwind@006e7443	lib	_library	eh_funclets	eh	11
006e744e	Unwind@006e744e	lib	_library	eh_funclets	eh	11
006e7459	Unwind@006e7459	lib	_library	eh_funclets	eh	11
006e7464	Unwind@006e7464	lib	_library	eh_funclets	eh	11
006e746f	Unwind@006e746f	lib	_library	eh_funclets	eh	11
006e747a	Unwind@006e747a	lib	_library	eh_funclets	eh	11
006e7485	Unwind@006e7485	lib	_library	eh_funclets	eh	11
006e7490	Unwind@006e7490	lib	_library	eh_funclets	eh	11
006e749b	Unwind@006e749b	lib	_library	eh_funclets	eh	11
006e74a6	Unwind@006e74a6	lib	_library	eh_funclets	eh	11
006e74b1	Unwind@006e74b1	lib	_library	eh_funclets	eh	11
006e74bc	Unwind@006e74bc	lib	_library	eh_funclets	eh	11
006e74c7	Unwind@006e74c7	lib	_library	eh_funclets	eh	11
006e74d2	Unwind@006e74d2	lib	_library	eh_funclets	eh	11
006e74dd	Unwind@006e74dd	lib	_library	eh_funclets	eh	11
006e74e8	Unwind@006e74e8	lib	_library	eh_funclets	eh	11
006e74f3	Unwind@006e74f3	lib	_library	eh_funclets	eh	11
006e74fe	Unwind@006e74fe	lib	_library	eh_funclets	eh	11
006e7509	Unwind@006e7509	lib	_library	eh_funclets	eh	11
006e7514	Unwind@006e7514	lib	_library	eh_funclets	eh	11
006e751f	Unwind@006e751f	lib	_library	eh_funclets	eh	11
006e752a	Unwind@006e752a	lib	_library	eh_funclets	eh	11
006e7535	Unwind@006e7535	lib	_library	eh_funclets	eh	11
006e7540	Unwind@006e7540	lib	_library	eh_funclets	eh	11
006e754b	Unwind@006e754b	lib	_library	eh_funclets	eh	11
006e7556	Unwind@006e7556	lib	_library	eh_funclets	eh	11
006e7561	Unwind@006e7561	lib	_library	eh_funclets	eh	11
006e756c	Unwind@006e756c	lib	_library	eh_funclets	eh	11
006e7577	Unwind@006e7577	lib	_library	eh_funclets	eh	11
006e7582	Unwind@006e7582	lib	_library	eh_funclets	eh	11
006e758d	Unwind@006e758d	lib	_library	eh_funclets	eh	11
006e7598	Unwind@006e7598	lib	_library	eh_funclets	eh	11
006e75a3	Unwind@006e75a3	lib	_library	eh_funclets	eh	11
006e75ae	Unwind@006e75ae	lib	_library	eh_funclets	eh	11
006e75b9	Unwind@006e75b9	lib	_library	eh_funclets	eh	11
006e75c4	Unwind@006e75c4	lib	_library	eh_funclets	eh	11
006e75cf	Unwind@006e75cf	lib	_library	eh_funclets	eh	11
006e75da	Unwind@006e75da	lib	_library	eh_funclets	eh	11
006e75e5	Unwind@006e75e5	lib	_library	eh_funclets	eh	11
006e75f0	Unwind@006e75f0	lib	_library	eh_funclets	eh	11
006e75fb	Unwind@006e75fb	lib	_library	eh_funclets	eh	11
006e7606	Unwind@006e7606	lib	_library	eh_funclets	eh	11
006e7611	Unwind@006e7611	lib	_library	eh_funclets	eh	11
006e761c	Unwind@006e761c	lib	_library	eh_funclets	eh	11
006e7627	Unwind@006e7627	lib	_library	eh_funclets	eh	11
006e7632	Unwind@006e7632	lib	_library	eh_funclets	eh	11
006e763d	Unwind@006e763d	lib	_library	eh_funclets	eh	11
006e7648	Unwind@006e7648	lib	_library	eh_funclets	eh	11
006e7653	Unwind@006e7653	lib	_library	eh_funclets	eh	11
006e765e	Unwind@006e765e	lib	_library	eh_funclets	eh	11
006e7669	Unwind@006e7669	lib	_library	eh_funclets	eh	11
006e7674	Unwind@006e7674	lib	_library	eh_funclets	eh	11
006e767f	Unwind@006e767f	lib	_library	eh_funclets	eh	11
006e768a	Unwind@006e768a	lib	_library	eh_funclets	eh	11
006e7695	Unwind@006e7695	lib	_library	eh_funclets	eh	11
006e76a0	Unwind@006e76a0	lib	_library	eh_funclets	eh	11
006e76ab	Unwind@006e76ab	lib	_library	eh_funclets	eh	11
006e76b6	Unwind@006e76b6	lib	_library	eh_funclets	eh	11
006e76c1	Unwind@006e76c1	lib	_library	eh_funclets	eh	11
006e76cc	Unwind@006e76cc	lib	_library	eh_funclets	eh	11
006e76d7	Unwind@006e76d7	lib	_library	eh_funclets	eh	11
006e76e2	Unwind@006e76e2	lib	_library	eh_funclets	eh	11
006e76ed	Unwind@006e76ed	lib	_library	eh_funclets	eh	11
006e76f8	Unwind@006e76f8	lib	_library	eh_funclets	eh	11
006e7703	Unwind@006e7703	lib	_library	eh_funclets	eh	11
006e770e	Unwind@006e770e	lib	_library	eh_funclets	eh	11
006e7719	Unwind@006e7719	lib	_library	eh_funclets	eh	11
006e7724	Unwind@006e7724	lib	_library	eh_funclets	eh	11
006e772f	Unwind@006e772f	lib	_library	eh_funclets	eh	11
006e773a	Unwind@006e773a	lib	_library	eh_funclets	eh	11
006e7745	Unwind@006e7745	lib	_library	eh_funclets	eh	11
006e7750	Unwind@006e7750	lib	_library	eh_funclets	eh	11
006e775b	Unwind@006e775b	lib	_library	eh_funclets	eh	11
006e7766	Unwind@006e7766	lib	_library	eh_funclets	eh	11
006e7771	Unwind@006e7771	lib	_library	eh_funclets	eh	11
006e777c	Unwind@006e777c	lib	_library	eh_funclets	eh	11
006e7787	Unwind@006e7787	lib	_library	eh_funclets	eh	11
006e7792	Unwind@006e7792	lib	_library	eh_funclets	eh	11
006e779d	Unwind@006e779d	lib	_library	eh_funclets	eh	11
006e77a8	Unwind@006e77a8	lib	_library	eh_funclets	eh	11
006e77b3	Unwind@006e77b3	lib	_library	eh_funclets	eh	11
006e77be	Unwind@006e77be	lib	_library	eh_funclets	eh	11
006e77c9	Unwind@006e77c9	lib	_library	eh_funclets	eh	11
006e77d4	Unwind@006e77d4	lib	_library	eh_funclets	eh	11
006e77df	Unwind@006e77df	lib	_library	eh_funclets	eh	11
006e77ea	Unwind@006e77ea	lib	_library	eh_funclets	eh	11
006e77f5	Unwind@006e77f5	lib	_library	eh_funclets	eh	11
006e7800	Unwind@006e7800	lib	_library	eh_funclets	eh	11
006e780b	Unwind@006e780b	lib	_library	eh_funclets	eh	11
006e7816	Unwind@006e7816	lib	_library	eh_funclets	eh	11
006e7821	Unwind@006e7821	lib	_library	eh_funclets	eh	11
006e782c	Unwind@006e782c	lib	_library	eh_funclets	eh	11
006e7837	Unwind@006e7837	lib	_library	eh_funclets	eh	11
006e7842	Unwind@006e7842	lib	_library	eh_funclets	eh	11
006e7880	Unwind@006e7880	lib	_library	eh_funclets	eh	8
006e7888	Unwind@006e7888	lib	_library	eh_funclets	eh	9
006e78b0	Unwind@006e78b0	lib	_library	eh_funclets	eh	11
006e78bb	Unwind@006e78bb	lib	_library	eh_funclets	eh	11
006e78c6	Unwind@006e78c6	lib	_library	eh_funclets	eh	11
006e78d1	Unwind@006e78d1	lib	_library	eh_funclets	eh	11
006e7910	Unwind@006e7910	lib	_library	eh_funclets	eh	11
006e791b	Unwind@006e791b	lib	_library	eh_funclets	eh	11
006e7926	Unwind@006e7926	lib	_library	eh_funclets	eh	11
006e7931	Unwind@006e7931	lib	_library	eh_funclets	eh	11
006e793c	Unwind@006e793c	lib	_library	eh_funclets	eh	11
006e7947	Unwind@006e7947	lib	_library	eh_funclets	eh	11
006e7952	Unwind@006e7952	lib	_library	eh_funclets	eh	11
006e7990	Unwind@006e7990	lib	_library	eh_funclets	eh	8
006e7998	Unwind@006e7998	lib	_library	eh_funclets	eh	8
006e79d0	Unwind@006e79d0	lib	_library	eh_funclets	eh	25
006e79e9	Unwind@006e79e9	lib	_library	eh_funclets	eh	8
006e79f1	Unwind@006e79f1	lib	_library	eh_funclets	eh	9
006e7a30	Unwind@006e7a30	lib	_library	eh_funclets	eh	35
006e7a53	Unwind@006e7a53	lib	_library	eh_funclets	eh	12
006e7a5f	Unwind@006e7a5f	lib	_library	eh_funclets	eh	12
006e7a6b	Unwind@006e7a6b	lib	_library	eh_funclets	eh	11
006e7a76	Unwind@006e7a76	lib	_library	eh_funclets	eh	8
006e7a7e	Unwind@006e7a7e	lib	_library	eh_funclets	eh	11
006e7a89	Unwind@006e7a89	lib	_library	eh_funclets	eh	11
006e7a94	Unwind@006e7a94	lib	_library	eh_funclets	eh	8
006e7a9c	Unwind@006e7a9c	lib	_library	eh_funclets	eh	11
006e7aa7	Unwind@006e7aa7	lib	_library	eh_funclets	eh	8
006e7aaf	Unwind@006e7aaf	lib	_library	eh_funclets	eh	8
006e7ab7	Unwind@006e7ab7	lib	_library	eh_funclets	eh	8
006e7abf	Unwind@006e7abf	lib	_library	eh_funclets	eh	8
006e7ac7	Unwind@006e7ac7	lib	_library	eh_funclets	eh	8
006e7acf	Unwind@006e7acf	lib	_library	eh_funclets	eh	8
006e7ad7	Unwind@006e7ad7	lib	_library	eh_funclets	eh	8
006e7adf	Unwind@006e7adf	lib	_library	eh_funclets	eh	8
006e7ae7	Unwind@006e7ae7	lib	_library	eh_funclets	eh	11
006e7af2	Unwind@006e7af2	lib	_library	eh_funclets	eh	8
006e7afa	Unwind@006e7afa	lib	_library	eh_funclets	eh	11
006e7b05	Unwind@006e7b05	lib	_library	eh_funclets	eh	8
006e7b0d	Unwind@006e7b0d	lib	_library	eh_funclets	eh	11
006e7b18	Unwind@006e7b18	lib	_library	eh_funclets	eh	8
006e7b20	Unwind@006e7b20	lib	_library	eh_funclets	eh	8
006e7b28	Unwind@006e7b28	lib	_library	eh_funclets	eh	8
006e7b30	Unwind@006e7b30	lib	_library	eh_funclets	eh	8
006e7b38	Unwind@006e7b38	lib	_library	eh_funclets	eh	11
006e7b43	Unwind@006e7b43	lib	_library	eh_funclets	eh	8
006e7b4b	Unwind@006e7b4b	lib	_library	eh_funclets	eh	11
006e7b56	Unwind@006e7b56	lib	_library	eh_funclets	eh	8
006e7b5e	Unwind@006e7b5e	lib	_library	eh_funclets	eh	8
006e7b66	Unwind@006e7b66	lib	_library	eh_funclets	eh	11
006e7b71	Unwind@006e7b71	lib	_library	eh_funclets	eh	8
006e7b79	Unwind@006e7b79	lib	_library	eh_funclets	eh	11
006e7b84	Unwind@006e7b84	lib	_library	eh_funclets	eh	8
006e7b8c	Unwind@006e7b8c	lib	_library	eh_funclets	eh	8
006e7b94	Unwind@006e7b94	lib	_library	eh_funclets	eh	11
006e7b9f	Unwind@006e7b9f	lib	_library	eh_funclets	eh	8
006e7ba7	Unwind@006e7ba7	lib	_library	eh_funclets	eh	11
006e7bb2	Unwind@006e7bb2	lib	_library	eh_funclets	eh	8
006e7bba	Unwind@006e7bba	lib	_library	eh_funclets	eh	8
006e7bc2	Unwind@006e7bc2	lib	_library	eh_funclets	eh	11
006e7bcd	Unwind@006e7bcd	lib	_library	eh_funclets	eh	8
006e7bd5	Unwind@006e7bd5	lib	_library	eh_funclets	eh	11
006e7be0	Unwind@006e7be0	lib	_library	eh_funclets	eh	8
006e7be8	Unwind@006e7be8	lib	_library	eh_funclets	eh	8
006e7bf0	Unwind@006e7bf0	lib	_library	eh_funclets	eh	11
006e7bfb	Unwind@006e7bfb	lib	_library	eh_funclets	eh	8
006e7c03	Unwind@006e7c03	lib	_library	eh_funclets	eh	11
006e7c0e	Unwind@006e7c0e	lib	_library	eh_funclets	eh	8
006e7c16	Unwind@006e7c16	lib	_library	eh_funclets	eh	8
006e7c1e	Unwind@006e7c1e	lib	_library	eh_funclets	eh	11
006e7c29	Unwind@006e7c29	lib	_library	eh_funclets	eh	8
006e7c31	Unwind@006e7c31	lib	_library	eh_funclets	eh	11
006e7c3c	Unwind@006e7c3c	lib	_library	eh_funclets	eh	8
006e7c44	Unwind@006e7c44	lib	_library	eh_funclets	eh	8
006e7c4c	Unwind@006e7c4c	lib	_library	eh_funclets	eh	11
006e7c57	Unwind@006e7c57	lib	_library	eh_funclets	eh	8
006e7c5f	Unwind@006e7c5f	lib	_library	eh_funclets	eh	11
006e7c6a	Unwind@006e7c6a	lib	_library	eh_funclets	eh	8
006e7c72	Unwind@006e7c72	lib	_library	eh_funclets	eh	8
006e7c7a	Unwind@006e7c7a	lib	_library	eh_funclets	eh	11
006e7c85	Unwind@006e7c85	lib	_library	eh_funclets	eh	8
006e7c8d	Unwind@006e7c8d	lib	_library	eh_funclets	eh	11
006e7c98	Unwind@006e7c98	lib	_library	eh_funclets	eh	8
006e7ca0	Unwind@006e7ca0	lib	_library	eh_funclets	eh	11
006e7cab	Unwind@006e7cab	lib	_library	eh_funclets	eh	8
006e7cb3	Unwind@006e7cb3	lib	_library	eh_funclets	eh	11
006e7cbe	Unwind@006e7cbe	lib	_library	eh_funclets	eh	11
006e7cc9	Unwind@006e7cc9	lib	_library	eh_funclets	eh	11
006e7cd4	Unwind@006e7cd4	lib	_library	eh_funclets	eh	11
006e7cdf	Unwind@006e7cdf	lib	_library	eh_funclets	eh	11
006e7cea	Unwind@006e7cea	lib	_library	eh_funclets	eh	11
006e7cf5	Unwind@006e7cf5	lib	_library	eh_funclets	eh	8
006e7cfd	Unwind@006e7cfd	lib	_library	eh_funclets	eh	11
006e7d30	Unwind@006e7d30	lib	_library	eh_funclets	eh	8
006e7d38	Unwind@006e7d38	lib	_library	eh_funclets	eh	11
006e7d43	Unwind@006e7d43	lib	_library	eh_funclets	eh	11
006e7d4e	Unwind@006e7d4e	lib	_library	eh_funclets	eh	11
006e7d59	Unwind@006e7d59	lib	_library	eh_funclets	eh	8
006e7d61	Unwind@006e7d61	lib	_library	eh_funclets	eh	8
006e7d69	Unwind@006e7d69	lib	_library	eh_funclets	eh	8
006e7d71	Unwind@006e7d71	lib	_library	eh_funclets	eh	8
006e7d79	Unwind@006e7d79	lib	_library	eh_funclets	eh	8
006e7d81	Unwind@006e7d81	lib	_library	eh_funclets	eh	8
006e7d89	Unwind@006e7d89	lib	_library	eh_funclets	eh	8
006e7d91	Unwind@006e7d91	lib	_library	eh_funclets	eh	8
006e7d99	Unwind@006e7d99	lib	_library	eh_funclets	eh	8
006e7dd0	Unwind@006e7dd0	lib	_library	eh_funclets	eh	8
006e7dd8	Unwind@006e7dd8	lib	_library	eh_funclets	eh	11
006e7de3	Unwind@006e7de3	lib	_library	eh_funclets	eh	11
006e7dee	Unwind@006e7dee	lib	_library	eh_funclets	eh	11
006e7df9	Unwind@006e7df9	lib	_library	eh_funclets	eh	11
006e7e04	Unwind@006e7e04	lib	_library	eh_funclets	eh	11
006e7e0f	Unwind@006e7e0f	lib	_library	eh_funclets	eh	8
006e7e17	Unwind@006e7e17	lib	_library	eh_funclets	eh	8
006e7e1f	Unwind@006e7e1f	lib	_library	eh_funclets	eh	8
006e7e27	Unwind@006e7e27	lib	_library	eh_funclets	eh	11
006e7e32	Unwind@006e7e32	lib	_library	eh_funclets	eh	11
006e7e3d	Unwind@006e7e3d	lib	_library	eh_funclets	eh	11
006e7ef0	Unwind@006e7ef0	lib	_library	eh_funclets	eh	11
006e7efb	Unwind@006e7efb	lib	_library	eh_funclets	eh	11
006e7f06	Unwind@006e7f06	lib	_library	eh_funclets	eh	11
006e7f11	Unwind@006e7f11	lib	_library	eh_funclets	eh	11
006e7f1c	Unwind@006e7f1c	lib	_library	eh_funclets	eh	11
006e7f27	Unwind@006e7f27	lib	_library	eh_funclets	eh	11
006e7f32	Unwind@006e7f32	lib	_library	eh_funclets	eh	11
006e7f70	Unwind@006e7f70	lib	_library	eh_funclets	eh	8
006e7f78	Unwind@006e7f78	lib	_library	eh_funclets	eh	8
006e7f80	Unwind@006e7f80	lib	_library	eh_funclets	eh	14
006e7f8e	Unwind@006e7f8e	lib	_library	eh_funclets	eh	14
006e7f9c	Unwind@006e7f9c	lib	_library	eh_funclets	eh	8
006e7fa4	Unwind@006e7fa4	lib	_library	eh_funclets	eh	8
006e7fac	Unwind@006e7fac	lib	_library	eh_funclets	eh	8
006e7ff0	Unwind@006e7ff0	lib	_library	eh_funclets	eh	35
006e8013	Unwind@006e8013	lib	_library	eh_funclets	eh	12
006e801f	Unwind@006e801f	lib	_library	eh_funclets	eh	12
006e802b	Unwind@006e802b	lib	_library	eh_funclets	eh	11
006e8036	Unwind@006e8036	lib	_library	eh_funclets	eh	11
006e8041	Unwind@006e8041	lib	_library	eh_funclets	eh	11
006e804c	Unwind@006e804c	lib	_library	eh_funclets	eh	11
006e8057	Unwind@006e8057	lib	_library	eh_funclets	eh	11
006e8062	Unwind@006e8062	lib	_library	eh_funclets	eh	11
006e806d	Unwind@006e806d	lib	_library	eh_funclets	eh	11
006e8078	Unwind@006e8078	lib	_library	eh_funclets	eh	11
006e8083	Unwind@006e8083	lib	_library	eh_funclets	eh	11
006e808e	Unwind@006e808e	lib	_library	eh_funclets	eh	11
006e8099	Unwind@006e8099	lib	_library	eh_funclets	eh	11
006e80a4	Unwind@006e80a4	lib	_library	eh_funclets	eh	11
006e80af	Unwind@006e80af	lib	_library	eh_funclets	eh	11
006e80ba	Unwind@006e80ba	lib	_library	eh_funclets	eh	11
006e80c5	Unwind@006e80c5	lib	_library	eh_funclets	eh	11
006e80d0	Unwind@006e80d0	lib	_library	eh_funclets	eh	11
006e80db	Unwind@006e80db	lib	_library	eh_funclets	eh	11
006e80e6	Unwind@006e80e6	lib	_library	eh_funclets	eh	11
006e80f1	Unwind@006e80f1	lib	_library	eh_funclets	eh	11
006e80fc	Unwind@006e80fc	lib	_library	eh_funclets	eh	11
006e8107	Unwind@006e8107	lib	_library	eh_funclets	eh	11
006e8112	Unwind@006e8112	lib	_library	eh_funclets	eh	11
006e811d	Unwind@006e811d	lib	_library	eh_funclets	eh	11
006e8128	Unwind@006e8128	lib	_library	eh_funclets	eh	11
006e8133	Unwind@006e8133	lib	_library	eh_funclets	eh	11
006e813e	Unwind@006e813e	lib	_library	eh_funclets	eh	35
006e8161	Unwind@006e8161	lib	_library	eh_funclets	eh	12
006e816d	Unwind@006e816d	lib	_library	eh_funclets	eh	12
006e8179	Unwind@006e8179	lib	_library	eh_funclets	eh	11
006e8184	Unwind@006e8184	lib	_library	eh_funclets	eh	11
006e818f	Unwind@006e818f	lib	_library	eh_funclets	eh	11
006e819a	Unwind@006e819a	lib	_library	eh_funclets	eh	11
006e81a5	Unwind@006e81a5	lib	_library	eh_funclets	eh	11
006e81b0	Unwind@006e81b0	lib	_library	eh_funclets	eh	35
006e81d3	Unwind@006e81d3	lib	_library	eh_funclets	eh	12
006e81df	Unwind@006e81df	lib	_library	eh_funclets	eh	12
006e81eb	Unwind@006e81eb	lib	_library	eh_funclets	eh	11
006e81f6	Unwind@006e81f6	lib	_library	eh_funclets	eh	11
006e8201	Unwind@006e8201	lib	_library	eh_funclets	eh	11
006e820c	Unwind@006e820c	lib	_library	eh_funclets	eh	11
006e8217	Unwind@006e8217	lib	_library	eh_funclets	eh	11
006e8222	Unwind@006e8222	lib	_library	eh_funclets	eh	11
006e822d	Unwind@006e822d	lib	_library	eh_funclets	eh	11
006e8238	Unwind@006e8238	lib	_library	eh_funclets	eh	11
006e8243	Unwind@006e8243	lib	_library	eh_funclets	eh	11
006e824e	Unwind@006e824e	lib	_library	eh_funclets	eh	11
006e8259	Unwind@006e8259	lib	_library	eh_funclets	eh	11
006e8264	Unwind@006e8264	lib	_library	eh_funclets	eh	35
006e8287	Unwind@006e8287	lib	_library	eh_funclets	eh	12
006e8293	Unwind@006e8293	lib	_library	eh_funclets	eh	12
006e829f	Unwind@006e829f	lib	_library	eh_funclets	eh	11
006e82aa	Unwind@006e82aa	lib	_library	eh_funclets	eh	11
006e82b5	Unwind@006e82b5	lib	_library	eh_funclets	eh	11
006e82c0	Unwind@006e82c0	lib	_library	eh_funclets	eh	11
006e82cb	Unwind@006e82cb	lib	_library	eh_funclets	eh	11
006e82d6	Unwind@006e82d6	lib	_library	eh_funclets	eh	11
006e82e1	Unwind@006e82e1	lib	_library	eh_funclets	eh	11
006e82ec	Unwind@006e82ec	lib	_library	eh_funclets	eh	11
006e82f7	Unwind@006e82f7	lib	_library	eh_funclets	eh	11
006e8302	Unwind@006e8302	lib	_library	eh_funclets	eh	11
006e830d	Unwind@006e830d	lib	_library	eh_funclets	eh	11
006e8318	Unwind@006e8318	lib	_library	eh_funclets	eh	11
006e8323	Unwind@006e8323	lib	_library	eh_funclets	eh	11
006e832e	Unwind@006e832e	lib	_library	eh_funclets	eh	11
006e8339	Unwind@006e8339	lib	_library	eh_funclets	eh	11
006e8344	Unwind@006e8344	lib	_library	eh_funclets	eh	11
006e834f	Unwind@006e834f	lib	_library	eh_funclets	eh	11
006e835a	Unwind@006e835a	lib	_library	eh_funclets	eh	11
006e8365	Unwind@006e8365	lib	_library	eh_funclets	eh	11
006e8370	Unwind@006e8370	lib	_library	eh_funclets	eh	11
006e837b	Unwind@006e837b	lib	_library	eh_funclets	eh	11
006e8386	Unwind@006e8386	lib	_library	eh_funclets	eh	11
006e83c0	Unwind@006e83c0	lib	_library	eh_funclets	eh	8
006e8410	Unwind@006e8410	lib	_library	eh_funclets	eh	9
006e841b	Unwind@006e841b	lib	_library	eh_funclets	eh	8
006e8423	Unwind@006e8423	lib	_library	eh_funclets	eh	9
006e8460	Unwind@006e8460	lib	_library	eh_funclets	eh	35
006e8483	Unwind@006e8483	lib	_library	eh_funclets	eh	12
006e848f	Unwind@006e848f	lib	_library	eh_funclets	eh	12
006e849b	Unwind@006e849b	lib	_library	eh_funclets	eh	11
006e84a6	Unwind@006e84a6	lib	_library	eh_funclets	eh	11
006e84b1	Unwind@006e84b1	lib	_library	eh_funclets	eh	11
006e84bc	Unwind@006e84bc	lib	_library	eh_funclets	eh	11
006e84c7	Unwind@006e84c7	lib	_library	eh_funclets	eh	11
006e84d2	Unwind@006e84d2	lib	_library	eh_funclets	eh	11
006e84dd	Unwind@006e84dd	lib	_library	eh_funclets	eh	11
006e84e8	Unwind@006e84e8	lib	_library	eh_funclets	eh	11
006e8560	Unwind@006e8560	lib	_library	eh_funclets	eh	8
006e8590	Unwind@006e8590	lib	_library	eh_funclets	eh	8
006e8598	Unwind@006e8598	lib	_library	eh_funclets	eh	8
006e85a0	Unwind@006e85a0	lib	_library	eh_funclets	eh	8
006e85d0	Unwind@006e85d0	lib	_library	eh_funclets	eh	29
006e85ed	Unwind@006e85ed	lib	_library	eh_funclets	eh	12
006e85f9	Unwind@006e85f9	lib	_library	eh_funclets	eh	9
006e8602	Unwind@006e8602	lib	_library	eh_funclets	eh	11
006e8630	Unwind@006e8630	lib	_library	eh_funclets	eh	11
006e863b	Unwind@006e863b	lib	_library	eh_funclets	eh	8
006e8670	Unwind@006e8670	lib	_library	eh_funclets	eh	11
006e86a0	Unwind@006e86a0	lib	_library	eh_funclets	eh	8
006e86a8	Unwind@006e86a8	lib	_library	eh_funclets	eh	8
006e86b0	Unwind@006e86b0	lib	_library	eh_funclets	eh	14
006e86be	Unwind@006e86be	lib	_library	eh_funclets	eh	8
006e86c6	Unwind@006e86c6	lib	_library	eh_funclets	eh	8
006e86ce	Unwind@006e86ce	lib	_library	eh_funclets	eh	8
006e86d6	Unwind@006e86d6	lib	_library	eh_funclets	eh	8
006e86de	Unwind@006e86de	lib	_library	eh_funclets	eh	8
006e86e6	Unwind@006e86e6	lib	_library	eh_funclets	eh	8
006e86ee	Unwind@006e86ee	lib	_library	eh_funclets	eh	8
006e86f6	Unwind@006e86f6	lib	_library	eh_funclets	eh	8
006e86fe	Unwind@006e86fe	lib	_library	eh_funclets	eh	8
006e8706	Unwind@006e8706	lib	_library	eh_funclets	eh	8
006e870e	Unwind@006e870e	lib	_library	eh_funclets	eh	8
006e8716	Unwind@006e8716	lib	_library	eh_funclets	eh	8
006e871e	Unwind@006e871e	lib	_library	eh_funclets	eh	8
006e8726	Unwind@006e8726	lib	_library	eh_funclets	eh	8
006e872e	Unwind@006e872e	lib	_library	eh_funclets	eh	8
006e8736	Unwind@006e8736	lib	_library	eh_funclets	eh	8
006e873e	Unwind@006e873e	lib	_library	eh_funclets	eh	8
006e8746	Unwind@006e8746	lib	_library	eh_funclets	eh	8
006e874e	Unwind@006e874e	lib	_library	eh_funclets	eh	8
006e8756	Unwind@006e8756	lib	_library	eh_funclets	eh	8
006e875e	Unwind@006e875e	lib	_library	eh_funclets	eh	8
006e8766	Unwind@006e8766	lib	_library	eh_funclets	eh	8
006e876e	Unwind@006e876e	lib	_library	eh_funclets	eh	8
006e8776	Unwind@006e8776	lib	_library	eh_funclets	eh	8
006e877e	Unwind@006e877e	lib	_library	eh_funclets	eh	8
006e87b0	Unwind@006e87b0	lib	_library	eh_funclets	eh	35
006e87d3	Unwind@006e87d3	lib	_library	eh_funclets	eh	12
006e87df	Unwind@006e87df	lib	_library	eh_funclets	eh	12
006e87eb	Unwind@006e87eb	lib	_library	eh_funclets	eh	11
006e87f6	Unwind@006e87f6	lib	_library	eh_funclets	eh	8
006e87fe	Unwind@006e87fe	lib	_library	eh_funclets	eh	8
006e8806	Unwind@006e8806	lib	_library	eh_funclets	eh	8
006e880e	Unwind@006e880e	lib	_library	eh_funclets	eh	8
006e8816	Unwind@006e8816	lib	_library	eh_funclets	eh	8
006e881e	Unwind@006e881e	lib	_library	eh_funclets	eh	8
006e8826	Unwind@006e8826	lib	_library	eh_funclets	eh	8
006e882e	Unwind@006e882e	lib	_library	eh_funclets	eh	8
006e8836	Unwind@006e8836	lib	_library	eh_funclets	eh	8
006e883e	Unwind@006e883e	lib	_library	eh_funclets	eh	8
006e8846	Unwind@006e8846	lib	_library	eh_funclets	eh	8
006e884e	Unwind@006e884e	lib	_library	eh_funclets	eh	8
006e8856	Unwind@006e8856	lib	_library	eh_funclets	eh	8
006e885e	Unwind@006e885e	lib	_library	eh_funclets	eh	8
006e8866	Unwind@006e8866	lib	_library	eh_funclets	eh	8
006e886e	Unwind@006e886e	lib	_library	eh_funclets	eh	8
006e8876	Unwind@006e8876	lib	_library	eh_funclets	eh	8
006e887e	Unwind@006e887e	lib	_library	eh_funclets	eh	8
006e8886	Unwind@006e8886	lib	_library	eh_funclets	eh	8
006e888e	Unwind@006e888e	lib	_library	eh_funclets	eh	8
006e8896	Unwind@006e8896	lib	_library	eh_funclets	eh	8
006e889e	Unwind@006e889e	lib	_library	eh_funclets	eh	8
006e88a6	Unwind@006e88a6	lib	_library	eh_funclets	eh	8
006e88ae	Unwind@006e88ae	lib	_library	eh_funclets	eh	8
006e88b6	Unwind@006e88b6	lib	_library	eh_funclets	eh	8
006e88be	Unwind@006e88be	lib	_library	eh_funclets	eh	8
006e88c6	Unwind@006e88c6	lib	_library	eh_funclets	eh	8
006e88ce	Unwind@006e88ce	lib	_library	eh_funclets	eh	8
006e88d6	Unwind@006e88d6	lib	_library	eh_funclets	eh	8
006e88de	Unwind@006e88de	lib	_library	eh_funclets	eh	8
006e88e6	Unwind@006e88e6	lib	_library	eh_funclets	eh	8
006e88ee	Unwind@006e88ee	lib	_library	eh_funclets	eh	8
006e88f6	Unwind@006e88f6	lib	_library	eh_funclets	eh	8
006e88fe	Unwind@006e88fe	lib	_library	eh_funclets	eh	8
006e8906	Unwind@006e8906	lib	_library	eh_funclets	eh	8
006e890e	Unwind@006e890e	lib	_library	eh_funclets	eh	8
006e8916	Unwind@006e8916	lib	_library	eh_funclets	eh	8
006e891e	Unwind@006e891e	lib	_library	eh_funclets	eh	8
006e8926	Unwind@006e8926	lib	_library	eh_funclets	eh	8
006e892e	Unwind@006e892e	lib	_library	eh_funclets	eh	8
006e8936	Unwind@006e8936	lib	_library	eh_funclets	eh	8
006e893e	Unwind@006e893e	lib	_library	eh_funclets	eh	8
006e8946	Unwind@006e8946	lib	_library	eh_funclets	eh	8
006e894e	Unwind@006e894e	lib	_library	eh_funclets	eh	8
006e8956	Unwind@006e8956	lib	_library	eh_funclets	eh	8
006e895e	Unwind@006e895e	lib	_library	eh_funclets	eh	8
006e8966	Unwind@006e8966	lib	_library	eh_funclets	eh	8
006e896e	Unwind@006e896e	lib	_library	eh_funclets	eh	8
006e8976	Unwind@006e8976	lib	_library	eh_funclets	eh	8
006e897e	Unwind@006e897e	lib	_library	eh_funclets	eh	8
006e8986	Unwind@006e8986	lib	_library	eh_funclets	eh	8
006e898e	Unwind@006e898e	lib	_library	eh_funclets	eh	8
006e8996	Unwind@006e8996	lib	_library	eh_funclets	eh	11
006e89a1	Unwind@006e89a1	lib	_library	eh_funclets	eh	8
006e89a9	Unwind@006e89a9	lib	_library	eh_funclets	eh	11
006e89b4	Unwind@006e89b4	lib	_library	eh_funclets	eh	8
006e89bc	Unwind@006e89bc	lib	_library	eh_funclets	eh	11
006e89c7	Unwind@006e89c7	lib	_library	eh_funclets	eh	11
006e89d2	Unwind@006e89d2	lib	_library	eh_funclets	eh	11
006e89dd	Unwind@006e89dd	lib	_library	eh_funclets	eh	11
006e89e8	Unwind@006e89e8	lib	_library	eh_funclets	eh	11
006e89f3	Unwind@006e89f3	lib	_library	eh_funclets	eh	11
006e89fe	Unwind@006e89fe	lib	_library	eh_funclets	eh	11
006e8a09	Unwind@006e8a09	lib	_library	eh_funclets	eh	11
006e8a14	Unwind@006e8a14	lib	_library	eh_funclets	eh	11
006e8a1f	Unwind@006e8a1f	lib	_library	eh_funclets	eh	11
006e8a2a	Unwind@006e8a2a	lib	_library	eh_funclets	eh	11
006e8a35	Unwind@006e8a35	lib	_library	eh_funclets	eh	11
006e8a40	Unwind@006e8a40	lib	_library	eh_funclets	eh	11
006e8a4b	Unwind@006e8a4b	lib	_library	eh_funclets	eh	11
006e8a56	Unwind@006e8a56	lib	_library	eh_funclets	eh	11
006e8a61	Unwind@006e8a61	lib	_library	eh_funclets	eh	11
006e8a6c	Unwind@006e8a6c	lib	_library	eh_funclets	eh	11
006e8a77	Unwind@006e8a77	lib	_library	eh_funclets	eh	11
006e8a82	Unwind@006e8a82	lib	_library	eh_funclets	eh	11
006e8a8d	Unwind@006e8a8d	lib	_library	eh_funclets	eh	11
006e8a98	Unwind@006e8a98	lib	_library	eh_funclets	eh	11
006e8aa3	Unwind@006e8aa3	lib	_library	eh_funclets	eh	11
006e8aae	Unwind@006e8aae	lib	_library	eh_funclets	eh	11
006e8ab9	Unwind@006e8ab9	lib	_library	eh_funclets	eh	11
006e8ac4	Unwind@006e8ac4	lib	_library	eh_funclets	eh	11
006e8acf	Unwind@006e8acf	lib	_library	eh_funclets	eh	11
006e8ada	Unwind@006e8ada	lib	_library	eh_funclets	eh	11
006e8ae5	Unwind@006e8ae5	lib	_library	eh_funclets	eh	11
006e8af0	Unwind@006e8af0	lib	_library	eh_funclets	eh	11
006e8afb	Unwind@006e8afb	lib	_library	eh_funclets	eh	11
006e8b06	Unwind@006e8b06	lib	_library	eh_funclets	eh	11
006e8b11	Unwind@006e8b11	lib	_library	eh_funclets	eh	11
006e8b1c	Unwind@006e8b1c	lib	_library	eh_funclets	eh	11
006e8b27	Unwind@006e8b27	lib	_library	eh_funclets	eh	11
006e8b32	Unwind@006e8b32	lib	_library	eh_funclets	eh	11
006e8b3d	Unwind@006e8b3d	lib	_library	eh_funclets	eh	11
006e8b48	Unwind@006e8b48	lib	_library	eh_funclets	eh	11
006e8b53	Unwind@006e8b53	lib	_library	eh_funclets	eh	11
006e8b5e	Unwind@006e8b5e	lib	_library	eh_funclets	eh	11
006e8b69	Unwind@006e8b69	lib	_library	eh_funclets	eh	11
006e8b74	Unwind@006e8b74	lib	_library	eh_funclets	eh	11
006e8b7f	Unwind@006e8b7f	lib	_library	eh_funclets	eh	11
006e8bc0	Unwind@006e8bc0	lib	_library	eh_funclets	eh	11
006e8bcb	Unwind@006e8bcb	lib	_library	eh_funclets	eh	11
006e8bd6	Unwind@006e8bd6	lib	_library	eh_funclets	eh	11
006e8be1	Unwind@006e8be1	lib	_library	eh_funclets	eh	11
006e8bec	Unwind@006e8bec	lib	_library	eh_funclets	eh	11
006e8bf7	Unwind@006e8bf7	lib	_library	eh_funclets	eh	11
006e8c02	Unwind@006e8c02	lib	_library	eh_funclets	eh	11
006e8c0d	Unwind@006e8c0d	lib	_library	eh_funclets	eh	11
006e8c18	Unwind@006e8c18	lib	_library	eh_funclets	eh	11
006e8c23	Unwind@006e8c23	lib	_library	eh_funclets	eh	11
006e8c2e	Unwind@006e8c2e	lib	_library	eh_funclets	eh	11
006e8c39	Unwind@006e8c39	lib	_library	eh_funclets	eh	11
006e8c44	Unwind@006e8c44	lib	_library	eh_funclets	eh	11
006e8c4f	Unwind@006e8c4f	lib	_library	eh_funclets	eh	11
006e8c5a	Unwind@006e8c5a	lib	_library	eh_funclets	eh	11
006e8c65	Unwind@006e8c65	lib	_library	eh_funclets	eh	11
006e8c70	Unwind@006e8c70	lib	_library	eh_funclets	eh	11
006e8c7b	Unwind@006e8c7b	lib	_library	eh_funclets	eh	11
006e8c86	Unwind@006e8c86	lib	_library	eh_funclets	eh	11
006e8c91	Unwind@006e8c91	lib	_library	eh_funclets	eh	11
006e8c9c	Unwind@006e8c9c	lib	_library	eh_funclets	eh	11
006e8ca7	Unwind@006e8ca7	lib	_library	eh_funclets	eh	11
006e8cb2	Unwind@006e8cb2	lib	_library	eh_funclets	eh	11
006e8cbd	Unwind@006e8cbd	lib	_library	eh_funclets	eh	11
006e8cc8	Unwind@006e8cc8	lib	_library	eh_funclets	eh	32
006e8ce8	Unwind@006e8ce8	lib	_library	eh_funclets	eh	12
006e8cf4	Unwind@006e8cf4	lib	_library	eh_funclets	eh	12
006e8d00	Unwind@006e8d00	lib	_library	eh_funclets	eh	11
006e8d0b	Unwind@006e8d0b	lib	_library	eh_funclets	eh	11
006e8d16	Unwind@006e8d16	lib	_library	eh_funclets	eh	11
006e8d21	Unwind@006e8d21	lib	_library	eh_funclets	eh	11
006e8d2c	Unwind@006e8d2c	lib	_library	eh_funclets	eh	11
006e8d37	Unwind@006e8d37	lib	_library	eh_funclets	eh	11
006e8d42	Unwind@006e8d42	lib	_library	eh_funclets	eh	11
006e8d4d	Unwind@006e8d4d	lib	_library	eh_funclets	eh	11
006e8d58	Unwind@006e8d58	lib	_library	eh_funclets	eh	11
006e8d63	Unwind@006e8d63	lib	_library	eh_funclets	eh	11
006e8d6e	Unwind@006e8d6e	lib	_library	eh_funclets	eh	11
006e8d79	Unwind@006e8d79	lib	_library	eh_funclets	eh	11
006e8d84	Unwind@006e8d84	lib	_library	eh_funclets	eh	11
006e8d8f	Unwind@006e8d8f	lib	_library	eh_funclets	eh	11
006e8d9a	Unwind@006e8d9a	lib	_library	eh_funclets	eh	11
006e8da5	Unwind@006e8da5	lib	_library	eh_funclets	eh	11
006e8db0	Unwind@006e8db0	lib	_library	eh_funclets	eh	11
006e8dbb	Unwind@006e8dbb	lib	_library	eh_funclets	eh	11
006e8dc6	Unwind@006e8dc6	lib	_library	eh_funclets	eh	11
006e8e00	Unwind@006e8e00	lib	_library	eh_funclets	eh	17
006e8e90	Unwind@006e8e90	lib	_library	eh_funclets	eh	11
006e8e9b	Unwind@006e8e9b	lib	_library	eh_funclets	eh	11
006e8ea6	Unwind@006e8ea6	lib	_library	eh_funclets	eh	11
006e8eb1	Unwind@006e8eb1	lib	_library	eh_funclets	eh	11
006e8ee0	Unwind@006e8ee0	lib	_library	eh_funclets	eh	11
006e8f10	Unwind@006e8f10	lib	_library	eh_funclets	eh	11
006e8f1b	Unwind@006e8f1b	lib	_library	eh_funclets	eh	11
006e8f26	Unwind@006e8f26	lib	_library	eh_funclets	eh	11
006e8f31	Unwind@006e8f31	lib	_library	eh_funclets	eh	11
006e8f3c	Unwind@006e8f3c	lib	_library	eh_funclets	eh	11
006e8f70	Unwind@006e8f70	lib	_library	eh_funclets	eh	11
006e8fa0	Unwind@006e8fa0	lib	_library	eh_funclets	eh	8
006e8fa8	Unwind@006e8fa8	lib	_library	eh_funclets	eh	9
006e8fb3	Unwind@006e8fb3	lib	_library	eh_funclets	eh	8
006e8fbb	Unwind@006e8fbb	lib	_library	eh_funclets	eh	9
006e8fc6	Unwind@006e8fc6	lib	_library	eh_funclets	eh	9
006e8fd1	Unwind@006e8fd1	lib	_library	eh_funclets	eh	9
006e8fdc	Unwind@006e8fdc	lib	_library	eh_funclets	eh	8
006e8fe4	Unwind@006e8fe4	lib	_library	eh_funclets	eh	9
006e8fef	Unwind@006e8fef	lib	_library	eh_funclets	eh	9
006e8ffa	Unwind@006e8ffa	lib	_library	eh_funclets	eh	9
006e9030	Unwind@006e9030	lib	_library	eh_funclets	eh	11
006e9070	Unwind@006e9070	lib	_library	eh_funclets	eh	11
006e9140	Unwind@006e9140	lib	_library	eh_funclets	eh	8
006e9170	Unwind@006e9170	lib	_library	eh_funclets	eh	11
006e917b	Unwind@006e917b	lib	_library	eh_funclets	eh	11
006e9186	Unwind@006e9186	lib	_library	eh_funclets	eh	11
006e9191	Unwind@006e9191	lib	_library	eh_funclets	eh	8
006e91d0	Unwind@006e91d0	lib	_library	eh_funclets	eh	35
006e91f3	Unwind@006e91f3	lib	_library	eh_funclets	eh	12
006e91ff	Unwind@006e91ff	lib	_library	eh_funclets	eh	12
006e920b	Unwind@006e920b	lib	_library	eh_funclets	eh	11
006e9216	Unwind@006e9216	lib	_library	eh_funclets	eh	8
006e921e	Unwind@006e921e	lib	_library	eh_funclets	eh	8
006e9226	Unwind@006e9226	lib	_library	eh_funclets	eh	8
006e922e	Unwind@006e922e	lib	_library	eh_funclets	eh	8
006e9236	Unwind@006e9236	lib	_library	eh_funclets	eh	8
006e923e	Unwind@006e923e	lib	_library	eh_funclets	eh	8
006e9246	Unwind@006e9246	lib	_library	eh_funclets	eh	8
006e924e	Unwind@006e924e	lib	_library	eh_funclets	eh	8
006e9256	Unwind@006e9256	lib	_library	eh_funclets	eh	8
006e925e	Unwind@006e925e	lib	_library	eh_funclets	eh	8
006e9266	Unwind@006e9266	lib	_library	eh_funclets	eh	8
006e926e	Unwind@006e926e	lib	_library	eh_funclets	eh	8
006e9276	Unwind@006e9276	lib	_library	eh_funclets	eh	8
006e927e	Unwind@006e927e	lib	_library	eh_funclets	eh	8
006e9286	Unwind@006e9286	lib	_library	eh_funclets	eh	8
006e928e	Unwind@006e928e	lib	_library	eh_funclets	eh	8
006e9296	Unwind@006e9296	lib	_library	eh_funclets	eh	8
006e929e	Unwind@006e929e	lib	_library	eh_funclets	eh	8
006e92a6	Unwind@006e92a6	lib	_library	eh_funclets	eh	8
006e92ae	Unwind@006e92ae	lib	_library	eh_funclets	eh	8
006e92b6	Unwind@006e92b6	lib	_library	eh_funclets	eh	8
006e92be	Unwind@006e92be	lib	_library	eh_funclets	eh	8
006e92c6	Unwind@006e92c6	lib	_library	eh_funclets	eh	11
006e92d1	Unwind@006e92d1	lib	_library	eh_funclets	eh	8
006e92d9	Unwind@006e92d9	lib	_library	eh_funclets	eh	8
006e92e1	Unwind@006e92e1	lib	_library	eh_funclets	eh	11
006e92ec	Unwind@006e92ec	lib	_library	eh_funclets	eh	8
006e92f4	Unwind@006e92f4	lib	_library	eh_funclets	eh	11
006e92ff	Unwind@006e92ff	lib	_library	eh_funclets	eh	8
006e9307	Unwind@006e9307	lib	_library	eh_funclets	eh	8
006e930f	Unwind@006e930f	lib	_library	eh_funclets	eh	11
006e931a	Unwind@006e931a	lib	_library	eh_funclets	eh	8
006e9322	Unwind@006e9322	lib	_library	eh_funclets	eh	11
006e932d	Unwind@006e932d	lib	_library	eh_funclets	eh	8
006e9335	Unwind@006e9335	lib	_library	eh_funclets	eh	8
006e933d	Unwind@006e933d	lib	_library	eh_funclets	eh	11
006e9348	Unwind@006e9348	lib	_library	eh_funclets	eh	8
006e9350	Unwind@006e9350	lib	_library	eh_funclets	eh	11
006e935b	Unwind@006e935b	lib	_library	eh_funclets	eh	8
006e9363	Unwind@006e9363	lib	_library	eh_funclets	eh	8
006e936b	Unwind@006e936b	lib	_library	eh_funclets	eh	11
006e9376	Unwind@006e9376	lib	_library	eh_funclets	eh	8
006e937e	Unwind@006e937e	lib	_library	eh_funclets	eh	11
006e9389	Unwind@006e9389	lib	_library	eh_funclets	eh	11
006e9394	Unwind@006e9394	lib	_library	eh_funclets	eh	8
006e939c	Unwind@006e939c	lib	_library	eh_funclets	eh	11
006e93a7	Unwind@006e93a7	lib	_library	eh_funclets	eh	11
006e93b2	Unwind@006e93b2	lib	_library	eh_funclets	eh	11
006e93bd	Unwind@006e93bd	lib	_library	eh_funclets	eh	11
006e93f0	Unwind@006e93f0	lib	_library	eh_funclets	eh	17
006e9401	Unwind@006e9401	lib	_library	eh_funclets	eh	8
006e9430	Unwind@006e9430	lib	_library	eh_funclets	eh	17
006e9441	Unwind@006e9441	lib	_library	eh_funclets	eh	8
006e9449	Unwind@006e9449	lib	_library	eh_funclets	eh	8
006e9470	Unwind@006e9470	lib	_library	eh_funclets	eh	17
006e9481	Unwind@006e9481	lib	_library	eh_funclets	eh	8
006e94b0	Unwind@006e94b0	lib	_library	eh_funclets	eh	17
006e9500	Unwind@006e9500	lib	_library	eh_funclets	eh	8
006e9630	Unwind@006e9630	lib	_library	eh_funclets	eh	8
006e9660	Unwind@006e9660	lib	_library	eh_funclets	eh	8
006e9690	Unwind@006e9690	lib	_library	eh_funclets	eh	8
006e96c0	Unwind@006e96c0	lib	_library	eh_funclets	eh	14
006e96ce	Unwind@006e96ce	lib	_library	eh_funclets	eh	14
006e96dc	Unwind@006e96dc	lib	_library	eh_funclets	eh	14
006e96ea	Unwind@006e96ea	lib	_library	eh_funclets	eh	14
006e96f8	Unwind@006e96f8	lib	_library	eh_funclets	eh	14
006e9706	Unwind@006e9706	lib	_library	eh_funclets	eh	14
006e9714	Unwind@006e9714	lib	_library	eh_funclets	eh	14
006e9722	Unwind@006e9722	lib	_library	eh_funclets	eh	14
006e9730	Unwind@006e9730	lib	_library	eh_funclets	eh	14
006e973e	Unwind@006e973e	lib	_library	eh_funclets	eh	14
006e974c	Unwind@006e974c	lib	_library	eh_funclets	eh	11
006e9757	Unwind@006e9757	lib	_library	eh_funclets	eh	11
006e9762	Unwind@006e9762	lib	_library	eh_funclets	eh	8
006e976a	Unwind@006e976a	lib	_library	eh_funclets	eh	11
006e9775	Unwind@006e9775	lib	_library	eh_funclets	eh	8
006e977d	Unwind@006e977d	lib	_library	eh_funclets	eh	8
006e9785	Unwind@006e9785	lib	_library	eh_funclets	eh	8
006e978d	Unwind@006e978d	lib	_library	eh_funclets	eh	11
006e9798	Unwind@006e9798	lib	_library	eh_funclets	eh	11
006e97a3	Unwind@006e97a3	lib	_library	eh_funclets	eh	8
006e97ab	Unwind@006e97ab	lib	_library	eh_funclets	eh	8
006e97b3	Unwind@006e97b3	lib	_library	eh_funclets	eh	35
006e97d6	Unwind@006e97d6	lib	_library	eh_funclets	eh	12
006e97e2	Unwind@006e97e2	lib	_library	eh_funclets	eh	12
006e97ee	Unwind@006e97ee	lib	_library	eh_funclets	eh	11
006e97f9	Unwind@006e97f9	lib	_library	eh_funclets	eh	8
006e9801	Unwind@006e9801	lib	_library	eh_funclets	eh	12
006e980f	Unwind@006e980f	lib	_library	eh_funclets	eh	8
006e9817	Unwind@006e9817	lib	_library	eh_funclets	eh	11
006e9822	Unwind@006e9822	lib	_library	eh_funclets	eh	12
006e9830	Unwind@006e9830	lib	_library	eh_funclets	eh	11
006e9870	Unwind@006e9870	lib	_library	eh_funclets	eh	8
006e98a0	Unwind@006e98a0	lib	_library	eh_funclets	eh	11
006e98ab	Unwind@006e98ab	lib	_library	eh_funclets	eh	11
006e98b6	Unwind@006e98b6	lib	_library	eh_funclets	eh	11
006e98c1	Unwind@006e98c1	lib	_library	eh_funclets	eh	11
006e98cc	Unwind@006e98cc	lib	_library	eh_funclets	eh	11
006e98d7	Unwind@006e98d7	lib	_library	eh_funclets	eh	11
006e98e2	Unwind@006e98e2	lib	_library	eh_funclets	eh	11
006e98ed	Unwind@006e98ed	lib	_library	eh_funclets	eh	11
006e98f8	Unwind@006e98f8	lib	_library	eh_funclets	eh	11
006e9903	Unwind@006e9903	lib	_library	eh_funclets	eh	11
006e9930	Unwind@006e9930	lib	_library	eh_funclets	eh	8
006e9938	Unwind@006e9938	lib	_library	eh_funclets	eh	8
006e9970	Unwind@006e9970	lib	_library	eh_funclets	eh	8
006e9978	Unwind@006e9978	lib	_library	eh_funclets	eh	8
006e9980	Unwind@006e9980	lib	_library	eh_funclets	eh	8
006e9988	Unwind@006e9988	lib	_library	eh_funclets	eh	8
006e9990	Unwind@006e9990	lib	_library	eh_funclets	eh	8
006e99c0	Unwind@006e99c0	lib	_library	eh_funclets	eh	8
006e99c8	Unwind@006e99c8	lib	_library	eh_funclets	eh	8
006e9a00	Unwind@006e9a00	lib	_library	eh_funclets	eh	8
006e9a08	Unwind@006e9a08	lib	_library	eh_funclets	eh	8
006e9a10	Unwind@006e9a10	lib	_library	eh_funclets	eh	8
006e9a18	Unwind@006e9a18	lib	_library	eh_funclets	eh	8
006e9a50	Unwind@006e9a50	lib	_library	eh_funclets	eh	8
006e9a80	Unwind@006e9a80	lib	_library	eh_funclets	eh	8
006e9ab0	Unwind@006e9ab0	lib	_library	eh_funclets	eh	8
006e9ae0	Unwind@006e9ae0	lib	_library	eh_funclets	eh	11
006e9b20	Unwind@006e9b20	lib	_library	eh_funclets	eh	8
006e9b28	Unwind@006e9b28	lib	_library	eh_funclets	eh	8
006e9b30	Unwind@006e9b30	lib	_library	eh_funclets	eh	8
006e9b60	Unwind@006e9b60	lib	_library	eh_funclets	eh	8
006e9b68	Unwind@006e9b68	lib	_library	eh_funclets	eh	8
006e9b70	Unwind@006e9b70	lib	_library	eh_funclets	eh	8
006e9b78	Unwind@006e9b78	lib	_library	eh_funclets	eh	8
006e9b80	Unwind@006e9b80	lib	_library	eh_funclets	eh	8
006e9b88	Unwind@006e9b88	lib	_library	eh_funclets	eh	8
006e9b90	Unwind@006e9b90	lib	_library	eh_funclets	eh	8
006e9b98	Unwind@006e9b98	lib	_library	eh_funclets	eh	8
006e9ba0	Unwind@006e9ba0	lib	_library	eh_funclets	eh	8
006e9ba8	Unwind@006e9ba8	lib	_library	eh_funclets	eh	8
006e9bb0	Unwind@006e9bb0	lib	_library	eh_funclets	eh	8
006e9bb8	Unwind@006e9bb8	lib	_library	eh_funclets	eh	8
006e9bc0	Unwind@006e9bc0	lib	_library	eh_funclets	eh	11
006e9bcb	Unwind@006e9bcb	lib	_library	eh_funclets	eh	11
006e9bd6	Unwind@006e9bd6	lib	_library	eh_funclets	eh	8
006e9bde	Unwind@006e9bde	lib	_library	eh_funclets	eh	8
006e9be6	Unwind@006e9be6	lib	_library	eh_funclets	eh	8
006e9bee	Unwind@006e9bee	lib	_library	eh_funclets	eh	35
006e9c11	Unwind@006e9c11	lib	_library	eh_funclets	eh	12
006e9c1d	Unwind@006e9c1d	lib	_library	eh_funclets	eh	12
006e9c29	Unwind@006e9c29	lib	_library	eh_funclets	eh	11
006e9c34	Unwind@006e9c34	lib	_library	eh_funclets	eh	8
006e9c70	Unwind@006e9c70	lib	_library	eh_funclets	eh	8
006e9c78	Unwind@006e9c78	lib	_library	eh_funclets	eh	8
006e9c80	Unwind@006e9c80	lib	_library	eh_funclets	eh	8
006e9c88	Unwind@006e9c88	lib	_library	eh_funclets	eh	8
006e9cc0	Unwind@006e9cc0	lib	_library	eh_funclets	eh	8
006e9cc8	Unwind@006e9cc8	lib	_library	eh_funclets	eh	8
006e9cd0	Unwind@006e9cd0	lib	_library	eh_funclets	eh	8
006e9cd8	Unwind@006e9cd8	lib	_library	eh_funclets	eh	8
006e9d10	Unwind@006e9d10	lib	_library	eh_funclets	eh	8
006e9d18	Unwind@006e9d18	lib	_library	eh_funclets	eh	29
006e9d35	Unwind@006e9d35	lib	_library	eh_funclets	eh	12
006e9d41	Unwind@006e9d41	lib	_library	eh_funclets	eh	9
006e9d4a	Unwind@006e9d4a	lib	_library	eh_funclets	eh	11
006e9d55	Unwind@006e9d55	lib	_library	eh_funclets	eh	8
006e9d5d	Unwind@006e9d5d	lib	_library	eh_funclets	eh	8
006e9d65	Unwind@006e9d65	lib	_library	eh_funclets	eh	8
006e9da0	Unwind@006e9da0	lib	_library	eh_funclets	eh	8
006e9da8	Unwind@006e9da8	lib	_library	eh_funclets	eh	8
006e9db0	Unwind@006e9db0	lib	_library	eh_funclets	eh	8
006e9db8	Unwind@006e9db8	lib	_library	eh_funclets	eh	8
006e9dc0	Unwind@006e9dc0	lib	_library	eh_funclets	eh	8
006e9df0	Unwind@006e9df0	lib	_library	eh_funclets	eh	11
006e9dfb	Unwind@006e9dfb	lib	_library	eh_funclets	eh	11
006e9e06	Unwind@006e9e06	lib	_library	eh_funclets	eh	17
006e9e17	Unwind@006e9e17	lib	_library	eh_funclets	eh	17
006e9e28	Unwind@006e9e28	lib	_library	eh_funclets	eh	17
006e9e70	Unwind@006e9e70	lib	_library	eh_funclets	eh	8
006e9ea0	Unwind@006e9ea0	lib	_library	eh_funclets	eh	8
006e9ed0	Unwind@006e9ed0	lib	_library	eh_funclets	eh	22
006e9f10	Unwind@006e9f10	lib	_library	eh_funclets	eh	22
006e9f26	Unwind@006e9f26	lib	_library	eh_funclets	eh	11
006e9f50	Unwind@006e9f50	lib	_library	eh_funclets	eh	8
006e9f58	Unwind@006e9f58	lib	_library	eh_funclets	eh	8
006e9f60	Unwind@006e9f60	lib	_library	eh_funclets	eh	11
006e9f6b	Unwind@006e9f6b	lib	_library	eh_funclets	eh	8
006e9fa0	Unwind@006e9fa0	lib	_library	eh_funclets	eh	11
006e9fab	Unwind@006e9fab	lib	_library	eh_funclets	eh	11
006e9fe0	Unwind@006e9fe0	lib	_library	eh_funclets	eh	17
006ea050	Unwind@006ea050	lib	_library	eh_funclets	eh	11
006ea080	Unwind@006ea080	lib	_library	eh_funclets	eh	12
006ea08e	Unwind@006ea08e	lib	_library	eh_funclets	eh	8
006ea096	Unwind@006ea096	lib	_library	eh_funclets	eh	12
006ea0a4	Unwind@006ea0a4	lib	_library	eh_funclets	eh	11
006ea0af	Unwind@006ea0af	lib	_library	eh_funclets	eh	11
006ea0ba	Unwind@006ea0ba	lib	_library	eh_funclets	eh	11
006ea0c5	Unwind@006ea0c5	lib	_library	eh_funclets	eh	11
006ea0d0	Unwind@006ea0d0	lib	_library	eh_funclets	eh	11
006ea0db	Unwind@006ea0db	lib	_library	eh_funclets	eh	11
006ea0e6	Unwind@006ea0e6	lib	_library	eh_funclets	eh	11
006ea0f1	Unwind@006ea0f1	lib	_library	eh_funclets	eh	11
006ea0fc	Unwind@006ea0fc	lib	_library	eh_funclets	eh	11
006ea107	Unwind@006ea107	lib	_library	eh_funclets	eh	11
006ea112	Unwind@006ea112	lib	_library	eh_funclets	eh	11
006ea11d	Unwind@006ea11d	lib	_library	eh_funclets	eh	11
006ea128	Unwind@006ea128	lib	_library	eh_funclets	eh	11
006ea133	Unwind@006ea133	lib	_library	eh_funclets	eh	11
006ea13e	Unwind@006ea13e	lib	_library	eh_funclets	eh	11
006ea149	Unwind@006ea149	lib	_library	eh_funclets	eh	11
006ea154	Unwind@006ea154	lib	_library	eh_funclets	eh	11
006ea15f	Unwind@006ea15f	lib	_library	eh_funclets	eh	11
006ea16a	Unwind@006ea16a	lib	_library	eh_funclets	eh	11
006ea175	Unwind@006ea175	lib	_library	eh_funclets	eh	11
006ea180	Unwind@006ea180	lib	_library	eh_funclets	eh	11
006ea18b	Unwind@006ea18b	lib	_library	eh_funclets	eh	11
006ea196	Unwind@006ea196	lib	_library	eh_funclets	eh	11
006ea1a1	Unwind@006ea1a1	lib	_library	eh_funclets	eh	11
006ea1ac	Unwind@006ea1ac	lib	_library	eh_funclets	eh	11
006ea1b7	Unwind@006ea1b7	lib	_library	eh_funclets	eh	11
006ea1c2	Unwind@006ea1c2	lib	_library	eh_funclets	eh	11
006ea1cd	Unwind@006ea1cd	lib	_library	eh_funclets	eh	11
006ea1d8	Unwind@006ea1d8	lib	_library	eh_funclets	eh	11
006ea1e3	Unwind@006ea1e3	lib	_library	eh_funclets	eh	11
006ea1ee	Unwind@006ea1ee	lib	_library	eh_funclets	eh	11
006ea1f9	Unwind@006ea1f9	lib	_library	eh_funclets	eh	11
006ea204	Unwind@006ea204	lib	_library	eh_funclets	eh	11
006ea20f	Unwind@006ea20f	lib	_library	eh_funclets	eh	11
006ea21a	Unwind@006ea21a	lib	_library	eh_funclets	eh	11
006ea225	Unwind@006ea225	lib	_library	eh_funclets	eh	11
006ea230	Unwind@006ea230	lib	_library	eh_funclets	eh	11
006ea23b	Unwind@006ea23b	lib	_library	eh_funclets	eh	11
006ea246	Unwind@006ea246	lib	_library	eh_funclets	eh	11
006ea251	Unwind@006ea251	lib	_library	eh_funclets	eh	11
006ea25c	Unwind@006ea25c	lib	_library	eh_funclets	eh	11
006ea267	Unwind@006ea267	lib	_library	eh_funclets	eh	11
006ea272	Unwind@006ea272	lib	_library	eh_funclets	eh	11
006ea27d	Unwind@006ea27d	lib	_library	eh_funclets	eh	11
006ea288	Unwind@006ea288	lib	_library	eh_funclets	eh	11
006ea293	Unwind@006ea293	lib	_library	eh_funclets	eh	11
006ea29e	Unwind@006ea29e	lib	_library	eh_funclets	eh	11
006ea2a9	Unwind@006ea2a9	lib	_library	eh_funclets	eh	11
006ea2b4	Unwind@006ea2b4	lib	_library	eh_funclets	eh	11
006ea2bf	Unwind@006ea2bf	lib	_library	eh_funclets	eh	11
006ea2ca	Unwind@006ea2ca	lib	_library	eh_funclets	eh	11
006ea2d5	Unwind@006ea2d5	lib	_library	eh_funclets	eh	11
006ea2e0	Unwind@006ea2e0	lib	_library	eh_funclets	eh	11
006ea2eb	Unwind@006ea2eb	lib	_library	eh_funclets	eh	11
006ea2f6	Unwind@006ea2f6	lib	_library	eh_funclets	eh	11
006ea301	Unwind@006ea301	lib	_library	eh_funclets	eh	11
006ea30c	Unwind@006ea30c	lib	_library	eh_funclets	eh	11
006ea317	Unwind@006ea317	lib	_library	eh_funclets	eh	11
006ea322	Unwind@006ea322	lib	_library	eh_funclets	eh	11
006ea32d	Unwind@006ea32d	lib	_library	eh_funclets	eh	11
006ea338	Unwind@006ea338	lib	_library	eh_funclets	eh	11
006ea343	Unwind@006ea343	lib	_library	eh_funclets	eh	11
006ea34e	Unwind@006ea34e	lib	_library	eh_funclets	eh	11
006ea359	Unwind@006ea359	lib	_library	eh_funclets	eh	11
006ea364	Unwind@006ea364	lib	_library	eh_funclets	eh	11
006ea36f	Unwind@006ea36f	lib	_library	eh_funclets	eh	11
006ea37a	Unwind@006ea37a	lib	_library	eh_funclets	eh	11
006ea385	Unwind@006ea385	lib	_library	eh_funclets	eh	11
006ea390	Unwind@006ea390	lib	_library	eh_funclets	eh	11
006ea39b	Unwind@006ea39b	lib	_library	eh_funclets	eh	11
006ea3a6	Unwind@006ea3a6	lib	_library	eh_funclets	eh	11
006ea3b1	Unwind@006ea3b1	lib	_library	eh_funclets	eh	11
006ea3bc	Unwind@006ea3bc	lib	_library	eh_funclets	eh	11
006ea3c7	Unwind@006ea3c7	lib	_library	eh_funclets	eh	11
006ea3d2	Unwind@006ea3d2	lib	_library	eh_funclets	eh	11
006ea3dd	Unwind@006ea3dd	lib	_library	eh_funclets	eh	11
006ea3e8	Unwind@006ea3e8	lib	_library	eh_funclets	eh	11
006ea3f3	Unwind@006ea3f3	lib	_library	eh_funclets	eh	11
006ea3fe	Unwind@006ea3fe	lib	_library	eh_funclets	eh	11
006ea409	Unwind@006ea409	lib	_library	eh_funclets	eh	11
006ea414	Unwind@006ea414	lib	_library	eh_funclets	eh	11
006ea41f	Unwind@006ea41f	lib	_library	eh_funclets	eh	11
006ea42a	Unwind@006ea42a	lib	_library	eh_funclets	eh	11
006ea435	Unwind@006ea435	lib	_library	eh_funclets	eh	11
006ea440	Unwind@006ea440	lib	_library	eh_funclets	eh	11
006ea44b	Unwind@006ea44b	lib	_library	eh_funclets	eh	11
006ea456	Unwind@006ea456	lib	_library	eh_funclets	eh	11
006ea461	Unwind@006ea461	lib	_library	eh_funclets	eh	11
006ea46c	Unwind@006ea46c	lib	_library	eh_funclets	eh	11
006ea477	Unwind@006ea477	lib	_library	eh_funclets	eh	11
006ea482	Unwind@006ea482	lib	_library	eh_funclets	eh	11
006ea48d	Unwind@006ea48d	lib	_library	eh_funclets	eh	11
006ea498	Unwind@006ea498	lib	_library	eh_funclets	eh	11
006ea4a3	Unwind@006ea4a3	lib	_library	eh_funclets	eh	11
006ea4ae	Unwind@006ea4ae	lib	_library	eh_funclets	eh	11
006ea4b9	Unwind@006ea4b9	lib	_library	eh_funclets	eh	11
006ea4c4	Unwind@006ea4c4	lib	_library	eh_funclets	eh	11
006ea4cf	Unwind@006ea4cf	lib	_library	eh_funclets	eh	11
006ea4da	Unwind@006ea4da	lib	_library	eh_funclets	eh	11
006ea4e5	Unwind@006ea4e5	lib	_library	eh_funclets	eh	11
006ea4f0	Unwind@006ea4f0	lib	_library	eh_funclets	eh	11
006ea4fb	Unwind@006ea4fb	lib	_library	eh_funclets	eh	11
006ea506	Unwind@006ea506	lib	_library	eh_funclets	eh	11
006ea511	Unwind@006ea511	lib	_library	eh_funclets	eh	11
006ea51c	Unwind@006ea51c	lib	_library	eh_funclets	eh	11
006ea527	Unwind@006ea527	lib	_library	eh_funclets	eh	11
006ea532	Unwind@006ea532	lib	_library	eh_funclets	eh	11
006ea53d	Unwind@006ea53d	lib	_library	eh_funclets	eh	11
006ea548	Unwind@006ea548	lib	_library	eh_funclets	eh	11
006ea553	Unwind@006ea553	lib	_library	eh_funclets	eh	11
006ea55e	Unwind@006ea55e	lib	_library	eh_funclets	eh	11
006ea569	Unwind@006ea569	lib	_library	eh_funclets	eh	11
006ea574	Unwind@006ea574	lib	_library	eh_funclets	eh	11
006ea57f	Unwind@006ea57f	lib	_library	eh_funclets	eh	11
006ea58a	Unwind@006ea58a	lib	_library	eh_funclets	eh	11
006ea595	Unwind@006ea595	lib	_library	eh_funclets	eh	11
006ea5a0	Unwind@006ea5a0	lib	_library	eh_funclets	eh	11
006ea5ab	Unwind@006ea5ab	lib	_library	eh_funclets	eh	11
006ea5b6	Unwind@006ea5b6	lib	_library	eh_funclets	eh	11
006ea5c1	Unwind@006ea5c1	lib	_library	eh_funclets	eh	11
006ea5cc	Unwind@006ea5cc	lib	_library	eh_funclets	eh	11
006ea5d7	Unwind@006ea5d7	lib	_library	eh_funclets	eh	11
006ea5e2	Unwind@006ea5e2	lib	_library	eh_funclets	eh	11
006ea5ed	Unwind@006ea5ed	lib	_library	eh_funclets	eh	11
006ea5f8	Unwind@006ea5f8	lib	_library	eh_funclets	eh	11
006ea603	Unwind@006ea603	lib	_library	eh_funclets	eh	11
006ea60e	Unwind@006ea60e	lib	_library	eh_funclets	eh	11
006ea619	Unwind@006ea619	lib	_library	eh_funclets	eh	11
006ea624	Unwind@006ea624	lib	_library	eh_funclets	eh	11
006ea62f	Unwind@006ea62f	lib	_library	eh_funclets	eh	11
006ea63a	Unwind@006ea63a	lib	_library	eh_funclets	eh	11
006ea645	Unwind@006ea645	lib	_library	eh_funclets	eh	11
006ea650	Unwind@006ea650	lib	_library	eh_funclets	eh	11
006ea65b	Unwind@006ea65b	lib	_library	eh_funclets	eh	11
006ea666	Unwind@006ea666	lib	_library	eh_funclets	eh	11
006ea671	Unwind@006ea671	lib	_library	eh_funclets	eh	11
006ea67c	Unwind@006ea67c	lib	_library	eh_funclets	eh	11
006ea687	Unwind@006ea687	lib	_library	eh_funclets	eh	11
006ea692	Unwind@006ea692	lib	_library	eh_funclets	eh	11
006ea69d	Unwind@006ea69d	lib	_library	eh_funclets	eh	11
006ea6a8	Unwind@006ea6a8	lib	_library	eh_funclets	eh	11
006ea6b3	Unwind@006ea6b3	lib	_library	eh_funclets	eh	11
006ea6be	Unwind@006ea6be	lib	_library	eh_funclets	eh	11
006ea6c9	Unwind@006ea6c9	lib	_library	eh_funclets	eh	11
006ea6d4	Unwind@006ea6d4	lib	_library	eh_funclets	eh	11
006ea6df	Unwind@006ea6df	lib	_library	eh_funclets	eh	11
006ea6ea	Unwind@006ea6ea	lib	_library	eh_funclets	eh	11
006ea6f5	Unwind@006ea6f5	lib	_library	eh_funclets	eh	11
006ea700	Unwind@006ea700	lib	_library	eh_funclets	eh	11
006ea70b	Unwind@006ea70b	lib	_library	eh_funclets	eh	11
006ea716	Unwind@006ea716	lib	_library	eh_funclets	eh	11
006ea721	Unwind@006ea721	lib	_library	eh_funclets	eh	11
006ea72c	Unwind@006ea72c	lib	_library	eh_funclets	eh	11
006ea737	Unwind@006ea737	lib	_library	eh_funclets	eh	11
006ea742	Unwind@006ea742	lib	_library	eh_funclets	eh	11
006ea74d	Unwind@006ea74d	lib	_library	eh_funclets	eh	11
006ea758	Unwind@006ea758	lib	_library	eh_funclets	eh	11
006ea763	Unwind@006ea763	lib	_library	eh_funclets	eh	11
006ea76e	Unwind@006ea76e	lib	_library	eh_funclets	eh	11
006ea779	Unwind@006ea779	lib	_library	eh_funclets	eh	11
006ea784	Unwind@006ea784	lib	_library	eh_funclets	eh	11
006ea78f	Unwind@006ea78f	lib	_library	eh_funclets	eh	11
006ea79a	Unwind@006ea79a	lib	_library	eh_funclets	eh	11
006ea7a5	Unwind@006ea7a5	lib	_library	eh_funclets	eh	11
006ea7b0	Unwind@006ea7b0	lib	_library	eh_funclets	eh	11
006ea7bb	Unwind@006ea7bb	lib	_library	eh_funclets	eh	11
006ea7c6	Unwind@006ea7c6	lib	_library	eh_funclets	eh	11
006ea7d1	Unwind@006ea7d1	lib	_library	eh_funclets	eh	11
006ea7dc	Unwind@006ea7dc	lib	_library	eh_funclets	eh	11
006ea7e7	Unwind@006ea7e7	lib	_library	eh_funclets	eh	11
006ea7f2	Unwind@006ea7f2	lib	_library	eh_funclets	eh	11
006ea7fd	Unwind@006ea7fd	lib	_library	eh_funclets	eh	11
006ea808	Unwind@006ea808	lib	_library	eh_funclets	eh	11
006ea813	Unwind@006ea813	lib	_library	eh_funclets	eh	11
006ea81e	Unwind@006ea81e	lib	_library	eh_funclets	eh	11
006ea829	Unwind@006ea829	lib	_library	eh_funclets	eh	11
006ea834	Unwind@006ea834	lib	_library	eh_funclets	eh	11
006ea83f	Unwind@006ea83f	lib	_library	eh_funclets	eh	11
006ea84a	Unwind@006ea84a	lib	_library	eh_funclets	eh	11
006ea855	Unwind@006ea855	lib	_library	eh_funclets	eh	11
006ea860	Unwind@006ea860	lib	_library	eh_funclets	eh	11
006ea86b	Unwind@006ea86b	lib	_library	eh_funclets	eh	11
006ea876	Unwind@006ea876	lib	_library	eh_funclets	eh	11
006ea881	Unwind@006ea881	lib	_library	eh_funclets	eh	11
006ea88c	Unwind@006ea88c	lib	_library	eh_funclets	eh	11
006ea897	Unwind@006ea897	lib	_library	eh_funclets	eh	11
006ea8a2	Unwind@006ea8a2	lib	_library	eh_funclets	eh	11
006ea8ad	Unwind@006ea8ad	lib	_library	eh_funclets	eh	11
006ea8b8	Unwind@006ea8b8	lib	_library	eh_funclets	eh	11
006ea8c3	Unwind@006ea8c3	lib	_library	eh_funclets	eh	11
006ea8ce	Unwind@006ea8ce	lib	_library	eh_funclets	eh	11
006ea8d9	Unwind@006ea8d9	lib	_library	eh_funclets	eh	11
006ea8e4	Unwind@006ea8e4	lib	_library	eh_funclets	eh	11
006ea8ef	Unwind@006ea8ef	lib	_library	eh_funclets	eh	11
006ea8fa	Unwind@006ea8fa	lib	_library	eh_funclets	eh	11
006ea905	Unwind@006ea905	lib	_library	eh_funclets	eh	11
006ea910	Unwind@006ea910	lib	_library	eh_funclets	eh	11
006ea91b	Unwind@006ea91b	lib	_library	eh_funclets	eh	11
006ea926	Unwind@006ea926	lib	_library	eh_funclets	eh	11
006ea931	Unwind@006ea931	lib	_library	eh_funclets	eh	11
006ea93c	Unwind@006ea93c	lib	_library	eh_funclets	eh	11
006ea947	Unwind@006ea947	lib	_library	eh_funclets	eh	11
006ea952	Unwind@006ea952	lib	_library	eh_funclets	eh	11
006ea95d	Unwind@006ea95d	lib	_library	eh_funclets	eh	11
006ea968	Unwind@006ea968	lib	_library	eh_funclets	eh	11
006ea973	Unwind@006ea973	lib	_library	eh_funclets	eh	11
006ea97e	Unwind@006ea97e	lib	_library	eh_funclets	eh	11
006ea989	Unwind@006ea989	lib	_library	eh_funclets	eh	11
006ea994	Unwind@006ea994	lib	_library	eh_funclets	eh	11
006ea99f	Unwind@006ea99f	lib	_library	eh_funclets	eh	11
006ea9aa	Unwind@006ea9aa	lib	_library	eh_funclets	eh	11
006ea9b5	Unwind@006ea9b5	lib	_library	eh_funclets	eh	11
006ea9c0	Unwind@006ea9c0	lib	_library	eh_funclets	eh	11
006ea9cb	Unwind@006ea9cb	lib	_library	eh_funclets	eh	11
006ea9d6	Unwind@006ea9d6	lib	_library	eh_funclets	eh	11
006ea9e1	Unwind@006ea9e1	lib	_library	eh_funclets	eh	11
006ea9ec	Unwind@006ea9ec	lib	_library	eh_funclets	eh	11
006ea9f7	Unwind@006ea9f7	lib	_library	eh_funclets	eh	11
006eaa02	Unwind@006eaa02	lib	_library	eh_funclets	eh	11
006eaa0d	Unwind@006eaa0d	lib	_library	eh_funclets	eh	11
006eaa18	Unwind@006eaa18	lib	_library	eh_funclets	eh	11
006eaa23	Unwind@006eaa23	lib	_library	eh_funclets	eh	11
006eaa2e	Unwind@006eaa2e	lib	_library	eh_funclets	eh	11
006eaa39	Unwind@006eaa39	lib	_library	eh_funclets	eh	11
006eaa44	Unwind@006eaa44	lib	_library	eh_funclets	eh	11
006eaa4f	Unwind@006eaa4f	lib	_library	eh_funclets	eh	11
006eaa5a	Unwind@006eaa5a	lib	_library	eh_funclets	eh	11
006eaa65	Unwind@006eaa65	lib	_library	eh_funclets	eh	11
006eaa70	Unwind@006eaa70	lib	_library	eh_funclets	eh	11
006eaa7b	Unwind@006eaa7b	lib	_library	eh_funclets	eh	11
006eaa86	Unwind@006eaa86	lib	_library	eh_funclets	eh	11
006eaa91	Unwind@006eaa91	lib	_library	eh_funclets	eh	11
006eaa9c	Unwind@006eaa9c	lib	_library	eh_funclets	eh	11
006eaaa7	Unwind@006eaaa7	lib	_library	eh_funclets	eh	11
006eaab2	Unwind@006eaab2	lib	_library	eh_funclets	eh	11
006eaabd	Unwind@006eaabd	lib	_library	eh_funclets	eh	11
006eaac8	Unwind@006eaac8	lib	_library	eh_funclets	eh	11
006eaad3	Unwind@006eaad3	lib	_library	eh_funclets	eh	11
006eaade	Unwind@006eaade	lib	_library	eh_funclets	eh	11
006eaae9	Unwind@006eaae9	lib	_library	eh_funclets	eh	11
006eaaf4	Unwind@006eaaf4	lib	_library	eh_funclets	eh	11
006eaaff	Unwind@006eaaff	lib	_library	eh_funclets	eh	11
006eab0a	Unwind@006eab0a	lib	_library	eh_funclets	eh	11
006eab15	Unwind@006eab15	lib	_library	eh_funclets	eh	11
006eab20	Unwind@006eab20	lib	_library	eh_funclets	eh	11
006eab2b	Unwind@006eab2b	lib	_library	eh_funclets	eh	11
006eab36	Unwind@006eab36	lib	_library	eh_funclets	eh	11
006eab41	Unwind@006eab41	lib	_library	eh_funclets	eh	11
006eab4c	Unwind@006eab4c	lib	_library	eh_funclets	eh	11
006eab57	Unwind@006eab57	lib	_library	eh_funclets	eh	11
006eab62	Unwind@006eab62	lib	_library	eh_funclets	eh	11
006eab6d	Unwind@006eab6d	lib	_library	eh_funclets	eh	11
006eab78	Unwind@006eab78	lib	_library	eh_funclets	eh	11
006eab83	Unwind@006eab83	lib	_library	eh_funclets	eh	11
006eab8e	Unwind@006eab8e	lib	_library	eh_funclets	eh	11
006eab99	Unwind@006eab99	lib	_library	eh_funclets	eh	11
006eaba4	Unwind@006eaba4	lib	_library	eh_funclets	eh	11
006eabaf	Unwind@006eabaf	lib	_library	eh_funclets	eh	11
006eabba	Unwind@006eabba	lib	_library	eh_funclets	eh	11
006eabc5	Unwind@006eabc5	lib	_library	eh_funclets	eh	11
006eabd0	Unwind@006eabd0	lib	_library	eh_funclets	eh	11
006eabdb	Unwind@006eabdb	lib	_library	eh_funclets	eh	11
006eabe6	Unwind@006eabe6	lib	_library	eh_funclets	eh	11
006eabf1	Unwind@006eabf1	lib	_library	eh_funclets	eh	11
006eabfc	Unwind@006eabfc	lib	_library	eh_funclets	eh	11
006eac07	Unwind@006eac07	lib	_library	eh_funclets	eh	11
006eac12	Unwind@006eac12	lib	_library	eh_funclets	eh	11
006eac1d	Unwind@006eac1d	lib	_library	eh_funclets	eh	11
006eac28	Unwind@006eac28	lib	_library	eh_funclets	eh	11
006eac33	Unwind@006eac33	lib	_library	eh_funclets	eh	11
006eac3e	Unwind@006eac3e	lib	_library	eh_funclets	eh	11
006eac49	Unwind@006eac49	lib	_library	eh_funclets	eh	11
006eac54	Unwind@006eac54	lib	_library	eh_funclets	eh	11
006eac5f	Unwind@006eac5f	lib	_library	eh_funclets	eh	11
006eac6a	Unwind@006eac6a	lib	_library	eh_funclets	eh	11
006eac75	Unwind@006eac75	lib	_library	eh_funclets	eh	11
006eac80	Unwind@006eac80	lib	_library	eh_funclets	eh	11
006eac8b	Unwind@006eac8b	lib	_library	eh_funclets	eh	11
006eac96	Unwind@006eac96	lib	_library	eh_funclets	eh	11
006eaca1	Unwind@006eaca1	lib	_library	eh_funclets	eh	11
006eacac	Unwind@006eacac	lib	_library	eh_funclets	eh	11
006eacb7	Unwind@006eacb7	lib	_library	eh_funclets	eh	11
006eacc2	Unwind@006eacc2	lib	_library	eh_funclets	eh	11
006eaccd	Unwind@006eaccd	lib	_library	eh_funclets	eh	11
006eacd8	Unwind@006eacd8	lib	_library	eh_funclets	eh	11
006eace3	Unwind@006eace3	lib	_library	eh_funclets	eh	11
006eacee	Unwind@006eacee	lib	_library	eh_funclets	eh	11
006eacf9	Unwind@006eacf9	lib	_library	eh_funclets	eh	11
006ead04	Unwind@006ead04	lib	_library	eh_funclets	eh	11
006ead0f	Unwind@006ead0f	lib	_library	eh_funclets	eh	11
006ead1a	Unwind@006ead1a	lib	_library	eh_funclets	eh	11
006ead25	Unwind@006ead25	lib	_library	eh_funclets	eh	11
006ead30	Unwind@006ead30	lib	_library	eh_funclets	eh	11
006ead3b	Unwind@006ead3b	lib	_library	eh_funclets	eh	11
006ead46	Unwind@006ead46	lib	_library	eh_funclets	eh	11
006ead51	Unwind@006ead51	lib	_library	eh_funclets	eh	11
006ead5c	Unwind@006ead5c	lib	_library	eh_funclets	eh	11
006ead67	Unwind@006ead67	lib	_library	eh_funclets	eh	11
006ead72	Unwind@006ead72	lib	_library	eh_funclets	eh	11
006ead7d	Unwind@006ead7d	lib	_library	eh_funclets	eh	11
006ead88	Unwind@006ead88	lib	_library	eh_funclets	eh	11
006ead93	Unwind@006ead93	lib	_library	eh_funclets	eh	11
006ead9e	Unwind@006ead9e	lib	_library	eh_funclets	eh	11
006eada9	Unwind@006eada9	lib	_library	eh_funclets	eh	11
006eadb4	Unwind@006eadb4	lib	_library	eh_funclets	eh	11
006eadbf	Unwind@006eadbf	lib	_library	eh_funclets	eh	11
006eadca	Unwind@006eadca	lib	_library	eh_funclets	eh	11
006eadd5	Unwind@006eadd5	lib	_library	eh_funclets	eh	11
006eade0	Unwind@006eade0	lib	_library	eh_funclets	eh	11
006eadeb	Unwind@006eadeb	lib	_library	eh_funclets	eh	11
006eadf6	Unwind@006eadf6	lib	_library	eh_funclets	eh	11
006eae01	Unwind@006eae01	lib	_library	eh_funclets	eh	11
006eae0c	Unwind@006eae0c	lib	_library	eh_funclets	eh	11
006eae17	Unwind@006eae17	lib	_library	eh_funclets	eh	11
006eae22	Unwind@006eae22	lib	_library	eh_funclets	eh	11
006eae2d	Unwind@006eae2d	lib	_library	eh_funclets	eh	11
006eae38	Unwind@006eae38	lib	_library	eh_funclets	eh	11
006eae43	Unwind@006eae43	lib	_library	eh_funclets	eh	11
006eae4e	Unwind@006eae4e	lib	_library	eh_funclets	eh	11
006eae59	Unwind@006eae59	lib	_library	eh_funclets	eh	11
006eae64	Unwind@006eae64	lib	_library	eh_funclets	eh	11
006eae6f	Unwind@006eae6f	lib	_library	eh_funclets	eh	11
006eae7a	Unwind@006eae7a	lib	_library	eh_funclets	eh	11
006eae85	Unwind@006eae85	lib	_library	eh_funclets	eh	11
006eae90	Unwind@006eae90	lib	_library	eh_funclets	eh	11
006eae9b	Unwind@006eae9b	lib	_library	eh_funclets	eh	11
006eaea6	Unwind@006eaea6	lib	_library	eh_funclets	eh	11
006eaeb1	Unwind@006eaeb1	lib	_library	eh_funclets	eh	11
006eaebc	Unwind@006eaebc	lib	_library	eh_funclets	eh	11
006eaec7	Unwind@006eaec7	lib	_library	eh_funclets	eh	11
006eaed2	Unwind@006eaed2	lib	_library	eh_funclets	eh	11
006eaedd	Unwind@006eaedd	lib	_library	eh_funclets	eh	11
006eaee8	Unwind@006eaee8	lib	_library	eh_funclets	eh	11
006eaef3	Unwind@006eaef3	lib	_library	eh_funclets	eh	11
006eaefe	Unwind@006eaefe	lib	_library	eh_funclets	eh	11
006eaf09	Unwind@006eaf09	lib	_library	eh_funclets	eh	11
006eaf14	Unwind@006eaf14	lib	_library	eh_funclets	eh	11
006eaf1f	Unwind@006eaf1f	lib	_library	eh_funclets	eh	11
006eaf2a	Unwind@006eaf2a	lib	_library	eh_funclets	eh	11
006eaf35	Unwind@006eaf35	lib	_library	eh_funclets	eh	11
006eaf40	Unwind@006eaf40	lib	_library	eh_funclets	eh	11
006eaf4b	Unwind@006eaf4b	lib	_library	eh_funclets	eh	11
006eaf56	Unwind@006eaf56	lib	_library	eh_funclets	eh	11
006eaf61	Unwind@006eaf61	lib	_library	eh_funclets	eh	11
006eaf6c	Unwind@006eaf6c	lib	_library	eh_funclets	eh	11
006eaf77	Unwind@006eaf77	lib	_library	eh_funclets	eh	11
006eaf82	Unwind@006eaf82	lib	_library	eh_funclets	eh	11
006eaf8d	Unwind@006eaf8d	lib	_library	eh_funclets	eh	11
006eaf98	Unwind@006eaf98	lib	_library	eh_funclets	eh	11
006eafa3	Unwind@006eafa3	lib	_library	eh_funclets	eh	11
006eafae	Unwind@006eafae	lib	_library	eh_funclets	eh	11
006eafb9	Unwind@006eafb9	lib	_library	eh_funclets	eh	11
006eafc4	Unwind@006eafc4	lib	_library	eh_funclets	eh	11
006eafcf	Unwind@006eafcf	lib	_library	eh_funclets	eh	11
006eafda	Unwind@006eafda	lib	_library	eh_funclets	eh	11
006eafe5	Unwind@006eafe5	lib	_library	eh_funclets	eh	11
006eaff0	Unwind@006eaff0	lib	_library	eh_funclets	eh	11
006eaffb	Unwind@006eaffb	lib	_library	eh_funclets	eh	11
006eb006	Unwind@006eb006	lib	_library	eh_funclets	eh	11
006eb011	Unwind@006eb011	lib	_library	eh_funclets	eh	11
006eb01c	Unwind@006eb01c	lib	_library	eh_funclets	eh	11
006eb027	Unwind@006eb027	lib	_library	eh_funclets	eh	11
006eb032	Unwind@006eb032	lib	_library	eh_funclets	eh	11
006eb03d	Unwind@006eb03d	lib	_library	eh_funclets	eh	11
006eb048	Unwind@006eb048	lib	_library	eh_funclets	eh	11
006eb053	Unwind@006eb053	lib	_library	eh_funclets	eh	11
006eb05e	Unwind@006eb05e	lib	_library	eh_funclets	eh	11
006eb069	Unwind@006eb069	lib	_library	eh_funclets	eh	11
006eb074	Unwind@006eb074	lib	_library	eh_funclets	eh	11
006eb07f	Unwind@006eb07f	lib	_library	eh_funclets	eh	11
006eb08a	Unwind@006eb08a	lib	_library	eh_funclets	eh	11
006eb095	Unwind@006eb095	lib	_library	eh_funclets	eh	11
006eb0a0	Unwind@006eb0a0	lib	_library	eh_funclets	eh	11
006eb0ab	Unwind@006eb0ab	lib	_library	eh_funclets	eh	11
006eb0b6	Unwind@006eb0b6	lib	_library	eh_funclets	eh	11
006eb0c1	Unwind@006eb0c1	lib	_library	eh_funclets	eh	11
006eb0cc	Unwind@006eb0cc	lib	_library	eh_funclets	eh	11
006eb0d7	Unwind@006eb0d7	lib	_library	eh_funclets	eh	11
006eb0e2	Unwind@006eb0e2	lib	_library	eh_funclets	eh	11
006eb0ed	Unwind@006eb0ed	lib	_library	eh_funclets	eh	11
006eb0f8	Unwind@006eb0f8	lib	_library	eh_funclets	eh	11
006eb103	Unwind@006eb103	lib	_library	eh_funclets	eh	11
006eb10e	Unwind@006eb10e	lib	_library	eh_funclets	eh	11
006eb119	Unwind@006eb119	lib	_library	eh_funclets	eh	11
006eb124	Unwind@006eb124	lib	_library	eh_funclets	eh	11
006eb12f	Unwind@006eb12f	lib	_library	eh_funclets	eh	11
006eb13a	Unwind@006eb13a	lib	_library	eh_funclets	eh	11
006eb145	Unwind@006eb145	lib	_library	eh_funclets	eh	11
006eb150	Unwind@006eb150	lib	_library	eh_funclets	eh	11
006eb15b	Unwind@006eb15b	lib	_library	eh_funclets	eh	11
006eb166	Unwind@006eb166	lib	_library	eh_funclets	eh	11
006eb171	Unwind@006eb171	lib	_library	eh_funclets	eh	11
006eb17c	Unwind@006eb17c	lib	_library	eh_funclets	eh	11
006eb187	Unwind@006eb187	lib	_library	eh_funclets	eh	11
006eb192	Unwind@006eb192	lib	_library	eh_funclets	eh	11
006eb19d	Unwind@006eb19d	lib	_library	eh_funclets	eh	11
006eb1a8	Unwind@006eb1a8	lib	_library	eh_funclets	eh	11
006eb1b3	Unwind@006eb1b3	lib	_library	eh_funclets	eh	11
006eb1be	Unwind@006eb1be	lib	_library	eh_funclets	eh	11
006eb1c9	Unwind@006eb1c9	lib	_library	eh_funclets	eh	11
006eb1d4	Unwind@006eb1d4	lib	_library	eh_funclets	eh	11
006eb1df	Unwind@006eb1df	lib	_library	eh_funclets	eh	11
006eb1ea	Unwind@006eb1ea	lib	_library	eh_funclets	eh	11
006eb1f5	Unwind@006eb1f5	lib	_library	eh_funclets	eh	11
006eb200	Unwind@006eb200	lib	_library	eh_funclets	eh	11
006eb20b	Unwind@006eb20b	lib	_library	eh_funclets	eh	11
006eb216	Unwind@006eb216	lib	_library	eh_funclets	eh	11
006eb221	Unwind@006eb221	lib	_library	eh_funclets	eh	11
006eb22c	Unwind@006eb22c	lib	_library	eh_funclets	eh	11
006eb237	Unwind@006eb237	lib	_library	eh_funclets	eh	11
006eb242	Unwind@006eb242	lib	_library	eh_funclets	eh	11
006eb24d	Unwind@006eb24d	lib	_library	eh_funclets	eh	11
006eb258	Unwind@006eb258	lib	_library	eh_funclets	eh	11
006eb263	Unwind@006eb263	lib	_library	eh_funclets	eh	11
006eb26e	Unwind@006eb26e	lib	_library	eh_funclets	eh	11
006eb279	Unwind@006eb279	lib	_library	eh_funclets	eh	11
006eb284	Unwind@006eb284	lib	_library	eh_funclets	eh	11
006eb28f	Unwind@006eb28f	lib	_library	eh_funclets	eh	11
006eb29a	Unwind@006eb29a	lib	_library	eh_funclets	eh	11
006eb2a5	Unwind@006eb2a5	lib	_library	eh_funclets	eh	11
006eb2b0	Unwind@006eb2b0	lib	_library	eh_funclets	eh	11
006eb2bb	Unwind@006eb2bb	lib	_library	eh_funclets	eh	11
006eb2c6	Unwind@006eb2c6	lib	_library	eh_funclets	eh	11
006eb2d1	Unwind@006eb2d1	lib	_library	eh_funclets	eh	11
006eb2dc	Unwind@006eb2dc	lib	_library	eh_funclets	eh	11
006eb2e7	Unwind@006eb2e7	lib	_library	eh_funclets	eh	11
006eb2f2	Unwind@006eb2f2	lib	_library	eh_funclets	eh	11
006eb2fd	Unwind@006eb2fd	lib	_library	eh_funclets	eh	11
006eb308	Unwind@006eb308	lib	_library	eh_funclets	eh	11
006eb313	Unwind@006eb313	lib	_library	eh_funclets	eh	11
006eb31e	Unwind@006eb31e	lib	_library	eh_funclets	eh	11
006eb329	Unwind@006eb329	lib	_library	eh_funclets	eh	11
006eb334	Unwind@006eb334	lib	_library	eh_funclets	eh	11
006eb33f	Unwind@006eb33f	lib	_library	eh_funclets	eh	11
006eb34a	Unwind@006eb34a	lib	_library	eh_funclets	eh	11
006eb355	Unwind@006eb355	lib	_library	eh_funclets	eh	11
006eb360	Unwind@006eb360	lib	_library	eh_funclets	eh	11
006eb36b	Unwind@006eb36b	lib	_library	eh_funclets	eh	11
006eb376	Unwind@006eb376	lib	_library	eh_funclets	eh	11
006eb381	Unwind@006eb381	lib	_library	eh_funclets	eh	11
006eb38c	Unwind@006eb38c	lib	_library	eh_funclets	eh	11
006eb397	Unwind@006eb397	lib	_library	eh_funclets	eh	11
006eb3a2	Unwind@006eb3a2	lib	_library	eh_funclets	eh	11
006eb3ad	Unwind@006eb3ad	lib	_library	eh_funclets	eh	11
006eb3b8	Unwind@006eb3b8	lib	_library	eh_funclets	eh	11
006eb3c3	Unwind@006eb3c3	lib	_library	eh_funclets	eh	11
006eb3ce	Unwind@006eb3ce	lib	_library	eh_funclets	eh	11
006eb3d9	Unwind@006eb3d9	lib	_library	eh_funclets	eh	11
006eb3e4	Unwind@006eb3e4	lib	_library	eh_funclets	eh	11
006eb3ef	Unwind@006eb3ef	lib	_library	eh_funclets	eh	11
006eb3fa	Unwind@006eb3fa	lib	_library	eh_funclets	eh	11
006eb405	Unwind@006eb405	lib	_library	eh_funclets	eh	11
006eb410	Unwind@006eb410	lib	_library	eh_funclets	eh	11
006eb41b	Unwind@006eb41b	lib	_library	eh_funclets	eh	11
006eb426	Unwind@006eb426	lib	_library	eh_funclets	eh	11
006eb431	Unwind@006eb431	lib	_library	eh_funclets	eh	11
006eb43c	Unwind@006eb43c	lib	_library	eh_funclets	eh	11
006eb447	Unwind@006eb447	lib	_library	eh_funclets	eh	11
006eb452	Unwind@006eb452	lib	_library	eh_funclets	eh	11
006eb45d	Unwind@006eb45d	lib	_library	eh_funclets	eh	11
006eb468	Unwind@006eb468	lib	_library	eh_funclets	eh	11
006eb473	Unwind@006eb473	lib	_library	eh_funclets	eh	11
006eb47e	Unwind@006eb47e	lib	_library	eh_funclets	eh	11
006eb489	Unwind@006eb489	lib	_library	eh_funclets	eh	11
006eb494	Unwind@006eb494	lib	_library	eh_funclets	eh	11
006eb49f	Unwind@006eb49f	lib	_library	eh_funclets	eh	11
006eb4aa	Unwind@006eb4aa	lib	_library	eh_funclets	eh	11
006eb4b5	Unwind@006eb4b5	lib	_library	eh_funclets	eh	11
006eb4c0	Unwind@006eb4c0	lib	_library	eh_funclets	eh	11
006eb4cb	Unwind@006eb4cb	lib	_library	eh_funclets	eh	11
006eb4d6	Unwind@006eb4d6	lib	_library	eh_funclets	eh	11
006eb4e1	Unwind@006eb4e1	lib	_library	eh_funclets	eh	11
006eb4ec	Unwind@006eb4ec	lib	_library	eh_funclets	eh	11
006eb4f7	Unwind@006eb4f7	lib	_library	eh_funclets	eh	11
006eb502	Unwind@006eb502	lib	_library	eh_funclets	eh	11
006eb50d	Unwind@006eb50d	lib	_library	eh_funclets	eh	11
006eb518	Unwind@006eb518	lib	_library	eh_funclets	eh	11
006eb523	Unwind@006eb523	lib	_library	eh_funclets	eh	11
006eb52e	Unwind@006eb52e	lib	_library	eh_funclets	eh	11
006eb539	Unwind@006eb539	lib	_library	eh_funclets	eh	11
006eb544	Unwind@006eb544	lib	_library	eh_funclets	eh	11
006eb54f	Unwind@006eb54f	lib	_library	eh_funclets	eh	11
006eb55a	Unwind@006eb55a	lib	_library	eh_funclets	eh	11
006eb565	Unwind@006eb565	lib	_library	eh_funclets	eh	11
006eb570	Unwind@006eb570	lib	_library	eh_funclets	eh	11
006eb57b	Unwind@006eb57b	lib	_library	eh_funclets	eh	11
006eb586	Unwind@006eb586	lib	_library	eh_funclets	eh	11
006eb591	Unwind@006eb591	lib	_library	eh_funclets	eh	11
006eb59c	Unwind@006eb59c	lib	_library	eh_funclets	eh	11
006eb5a7	Unwind@006eb5a7	lib	_library	eh_funclets	eh	11
006eb5b2	Unwind@006eb5b2	lib	_library	eh_funclets	eh	11
006eb5bd	Unwind@006eb5bd	lib	_library	eh_funclets	eh	11
006eb5c8	Unwind@006eb5c8	lib	_library	eh_funclets	eh	11
006eb5d3	Unwind@006eb5d3	lib	_library	eh_funclets	eh	11
006eb5de	Unwind@006eb5de	lib	_library	eh_funclets	eh	11
006eb5e9	Unwind@006eb5e9	lib	_library	eh_funclets	eh	11
006eb5f4	Unwind@006eb5f4	lib	_library	eh_funclets	eh	11
006eb5ff	Unwind@006eb5ff	lib	_library	eh_funclets	eh	11
006eb60a	Unwind@006eb60a	lib	_library	eh_funclets	eh	11
006eb615	Unwind@006eb615	lib	_library	eh_funclets	eh	11
006eb620	Unwind@006eb620	lib	_library	eh_funclets	eh	11
006eb62b	Unwind@006eb62b	lib	_library	eh_funclets	eh	11
006eb636	Unwind@006eb636	lib	_library	eh_funclets	eh	11
006eb641	Unwind@006eb641	lib	_library	eh_funclets	eh	11
006eb64c	Unwind@006eb64c	lib	_library	eh_funclets	eh	11
006eb657	Unwind@006eb657	lib	_library	eh_funclets	eh	11
006eb662	Unwind@006eb662	lib	_library	eh_funclets	eh	11
006eb66d	Unwind@006eb66d	lib	_library	eh_funclets	eh	11
006eb678	Unwind@006eb678	lib	_library	eh_funclets	eh	11
006eb683	Unwind@006eb683	lib	_library	eh_funclets	eh	11
006eb68e	Unwind@006eb68e	lib	_library	eh_funclets	eh	11
006eb699	Unwind@006eb699	lib	_library	eh_funclets	eh	11
006eb6a4	Unwind@006eb6a4	lib	_library	eh_funclets	eh	11
006eb6af	Unwind@006eb6af	lib	_library	eh_funclets	eh	11
006eb6ba	Unwind@006eb6ba	lib	_library	eh_funclets	eh	11
006eb6c5	Unwind@006eb6c5	lib	_library	eh_funclets	eh	11
006eb6d0	Unwind@006eb6d0	lib	_library	eh_funclets	eh	11
006eb6db	Unwind@006eb6db	lib	_library	eh_funclets	eh	11
006eb6e6	Unwind@006eb6e6	lib	_library	eh_funclets	eh	11
006eb6f1	Unwind@006eb6f1	lib	_library	eh_funclets	eh	11
006eb6fc	Unwind@006eb6fc	lib	_library	eh_funclets	eh	11
006eb707	Unwind@006eb707	lib	_library	eh_funclets	eh	11
006eb712	Unwind@006eb712	lib	_library	eh_funclets	eh	11
006eb71d	Unwind@006eb71d	lib	_library	eh_funclets	eh	11
006eb728	Unwind@006eb728	lib	_library	eh_funclets	eh	11
006eb733	Unwind@006eb733	lib	_library	eh_funclets	eh	11
006eb73e	Unwind@006eb73e	lib	_library	eh_funclets	eh	11
006eb749	Unwind@006eb749	lib	_library	eh_funclets	eh	11
006eb754	Unwind@006eb754	lib	_library	eh_funclets	eh	11
006eb75f	Unwind@006eb75f	lib	_library	eh_funclets	eh	11
006eb76a	Unwind@006eb76a	lib	_library	eh_funclets	eh	11
006eb775	Unwind@006eb775	lib	_library	eh_funclets	eh	11
006eb780	Unwind@006eb780	lib	_library	eh_funclets	eh	11
006eb78b	Unwind@006eb78b	lib	_library	eh_funclets	eh	11
006eb796	Unwind@006eb796	lib	_library	eh_funclets	eh	11
006eb7a1	Unwind@006eb7a1	lib	_library	eh_funclets	eh	11
006eb7ac	Unwind@006eb7ac	lib	_library	eh_funclets	eh	11
006eb7b7	Unwind@006eb7b7	lib	_library	eh_funclets	eh	11
006eb7c2	Unwind@006eb7c2	lib	_library	eh_funclets	eh	11
006eb7cd	Unwind@006eb7cd	lib	_library	eh_funclets	eh	11
006eb7d8	Unwind@006eb7d8	lib	_library	eh_funclets	eh	11
006eb7e3	Unwind@006eb7e3	lib	_library	eh_funclets	eh	11
006eb7ee	Unwind@006eb7ee	lib	_library	eh_funclets	eh	11
006eb7f9	Unwind@006eb7f9	lib	_library	eh_funclets	eh	11
006eb804	Unwind@006eb804	lib	_library	eh_funclets	eh	11
006eb80f	Unwind@006eb80f	lib	_library	eh_funclets	eh	11
006eb81a	Unwind@006eb81a	lib	_library	eh_funclets	eh	11
006eb825	Unwind@006eb825	lib	_library	eh_funclets	eh	11
006eb830	Unwind@006eb830	lib	_library	eh_funclets	eh	11
006eb83b	Unwind@006eb83b	lib	_library	eh_funclets	eh	11
006eb846	Unwind@006eb846	lib	_library	eh_funclets	eh	11
006eb851	Unwind@006eb851	lib	_library	eh_funclets	eh	11
006eb85c	Unwind@006eb85c	lib	_library	eh_funclets	eh	11
006eb867	Unwind@006eb867	lib	_library	eh_funclets	eh	11
006eb872	Unwind@006eb872	lib	_library	eh_funclets	eh	11
006eb87d	Unwind@006eb87d	lib	_library	eh_funclets	eh	11
006eb888	Unwind@006eb888	lib	_library	eh_funclets	eh	11
006eb893	Unwind@006eb893	lib	_library	eh_funclets	eh	11
006eb89e	Unwind@006eb89e	lib	_library	eh_funclets	eh	11
006eb8a9	Unwind@006eb8a9	lib	_library	eh_funclets	eh	11
006eb8b4	Unwind@006eb8b4	lib	_library	eh_funclets	eh	11
006eb8bf	Unwind@006eb8bf	lib	_library	eh_funclets	eh	11
006eb8ca	Unwind@006eb8ca	lib	_library	eh_funclets	eh	11
006eb8d5	Unwind@006eb8d5	lib	_library	eh_funclets	eh	11
006eb8e0	Unwind@006eb8e0	lib	_library	eh_funclets	eh	11
006eb8eb	Unwind@006eb8eb	lib	_library	eh_funclets	eh	11
006eb8f6	Unwind@006eb8f6	lib	_library	eh_funclets	eh	11
006eb901	Unwind@006eb901	lib	_library	eh_funclets	eh	11
006eb90c	Unwind@006eb90c	lib	_library	eh_funclets	eh	11
006eb917	Unwind@006eb917	lib	_library	eh_funclets	eh	11
006eb922	Unwind@006eb922	lib	_library	eh_funclets	eh	11
006eb92d	Unwind@006eb92d	lib	_library	eh_funclets	eh	11
006eb938	Unwind@006eb938	lib	_library	eh_funclets	eh	11
006eb943	Unwind@006eb943	lib	_library	eh_funclets	eh	11
006eb94e	Unwind@006eb94e	lib	_library	eh_funclets	eh	11
006eb959	Unwind@006eb959	lib	_library	eh_funclets	eh	11
006eb964	Unwind@006eb964	lib	_library	eh_funclets	eh	11
006eb96f	Unwind@006eb96f	lib	_library	eh_funclets	eh	11
006eb97a	Unwind@006eb97a	lib	_library	eh_funclets	eh	11
006eb985	Unwind@006eb985	lib	_library	eh_funclets	eh	11
006eb990	Unwind@006eb990	lib	_library	eh_funclets	eh	11
006eb99b	Unwind@006eb99b	lib	_library	eh_funclets	eh	11
006eb9a6	Unwind@006eb9a6	lib	_library	eh_funclets	eh	11
006eb9b1	Unwind@006eb9b1	lib	_library	eh_funclets	eh	11
006eb9bc	Unwind@006eb9bc	lib	_library	eh_funclets	eh	11
006eb9c7	Unwind@006eb9c7	lib	_library	eh_funclets	eh	11
006eb9d2	Unwind@006eb9d2	lib	_library	eh_funclets	eh	11
006eb9dd	Unwind@006eb9dd	lib	_library	eh_funclets	eh	11
006eb9e8	Unwind@006eb9e8	lib	_library	eh_funclets	eh	11
006eb9f3	Unwind@006eb9f3	lib	_library	eh_funclets	eh	11
006eb9fe	Unwind@006eb9fe	lib	_library	eh_funclets	eh	11
006eba09	Unwind@006eba09	lib	_library	eh_funclets	eh	11
006eba14	Unwind@006eba14	lib	_library	eh_funclets	eh	11
006eba1f	Unwind@006eba1f	lib	_library	eh_funclets	eh	11
006eba2a	Unwind@006eba2a	lib	_library	eh_funclets	eh	11
006eba35	Unwind@006eba35	lib	_library	eh_funclets	eh	11
006eba40	Unwind@006eba40	lib	_library	eh_funclets	eh	11
006eba4b	Unwind@006eba4b	lib	_library	eh_funclets	eh	11
006eba56	Unwind@006eba56	lib	_library	eh_funclets	eh	11
006eba61	Unwind@006eba61	lib	_library	eh_funclets	eh	11
006eba6c	Unwind@006eba6c	lib	_library	eh_funclets	eh	11
006eba77	Unwind@006eba77	lib	_library	eh_funclets	eh	11
006eba82	Unwind@006eba82	lib	_library	eh_funclets	eh	11
006eba8d	Unwind@006eba8d	lib	_library	eh_funclets	eh	11
006eba98	Unwind@006eba98	lib	_library	eh_funclets	eh	11
006ebaa3	Unwind@006ebaa3	lib	_library	eh_funclets	eh	11
006ebaae	Unwind@006ebaae	lib	_library	eh_funclets	eh	11
006ebab9	Unwind@006ebab9	lib	_library	eh_funclets	eh	11
006ebac4	Unwind@006ebac4	lib	_library	eh_funclets	eh	11
006ebacf	Unwind@006ebacf	lib	_library	eh_funclets	eh	11
006ebada	Unwind@006ebada	lib	_library	eh_funclets	eh	11
006ebae5	Unwind@006ebae5	lib	_library	eh_funclets	eh	11
006ebaf0	Unwind@006ebaf0	lib	_library	eh_funclets	eh	11
006ebafb	Unwind@006ebafb	lib	_library	eh_funclets	eh	11
006ebb06	Unwind@006ebb06	lib	_library	eh_funclets	eh	11
006ebb11	Unwind@006ebb11	lib	_library	eh_funclets	eh	11
006ebb1c	Unwind@006ebb1c	lib	_library	eh_funclets	eh	11
006ebb27	Unwind@006ebb27	lib	_library	eh_funclets	eh	11
006ebb32	Unwind@006ebb32	lib	_library	eh_funclets	eh	11
006ebb3d	Unwind@006ebb3d	lib	_library	eh_funclets	eh	11
006ebb48	Unwind@006ebb48	lib	_library	eh_funclets	eh	11
006ebb53	Unwind@006ebb53	lib	_library	eh_funclets	eh	11
006ebb5e	Unwind@006ebb5e	lib	_library	eh_funclets	eh	11
006ebb69	Unwind@006ebb69	lib	_library	eh_funclets	eh	11
006ebb74	Unwind@006ebb74	lib	_library	eh_funclets	eh	11
006ebb7f	Unwind@006ebb7f	lib	_library	eh_funclets	eh	11
006ebb8a	Unwind@006ebb8a	lib	_library	eh_funclets	eh	11
006ebb95	Unwind@006ebb95	lib	_library	eh_funclets	eh	11
006ebba0	Unwind@006ebba0	lib	_library	eh_funclets	eh	11
006ebbab	Unwind@006ebbab	lib	_library	eh_funclets	eh	11
006ebbb6	Unwind@006ebbb6	lib	_library	eh_funclets	eh	11
006ebbc1	Unwind@006ebbc1	lib	_library	eh_funclets	eh	11
006ebbcc	Unwind@006ebbcc	lib	_library	eh_funclets	eh	11
006ebbd7	Unwind@006ebbd7	lib	_library	eh_funclets	eh	11
006ebbe2	Unwind@006ebbe2	lib	_library	eh_funclets	eh	11
006ebbed	Unwind@006ebbed	lib	_library	eh_funclets	eh	11
006ebbf8	Unwind@006ebbf8	lib	_library	eh_funclets	eh	11
006ebc03	Unwind@006ebc03	lib	_library	eh_funclets	eh	11
006ebc0e	Unwind@006ebc0e	lib	_library	eh_funclets	eh	11
006ebc19	Unwind@006ebc19	lib	_library	eh_funclets	eh	11
006ebc24	Unwind@006ebc24	lib	_library	eh_funclets	eh	11
006ebc2f	Unwind@006ebc2f	lib	_library	eh_funclets	eh	11
006ebc3a	Unwind@006ebc3a	lib	_library	eh_funclets	eh	11
006ebc45	Unwind@006ebc45	lib	_library	eh_funclets	eh	11
006ebc50	Unwind@006ebc50	lib	_library	eh_funclets	eh	11
006ebc5b	Unwind@006ebc5b	lib	_library	eh_funclets	eh	11
006ebc66	Unwind@006ebc66	lib	_library	eh_funclets	eh	11
006ebc71	Unwind@006ebc71	lib	_library	eh_funclets	eh	11
006ebc7c	Unwind@006ebc7c	lib	_library	eh_funclets	eh	11
006ebc87	Unwind@006ebc87	lib	_library	eh_funclets	eh	11
006ebc92	Unwind@006ebc92	lib	_library	eh_funclets	eh	11
006ebc9d	Unwind@006ebc9d	lib	_library	eh_funclets	eh	11
006ebca8	Unwind@006ebca8	lib	_library	eh_funclets	eh	11
006ebcb3	Unwind@006ebcb3	lib	_library	eh_funclets	eh	11
006ebcbe	Unwind@006ebcbe	lib	_library	eh_funclets	eh	11
006ebcc9	Unwind@006ebcc9	lib	_library	eh_funclets	eh	11
006ebcd4	Unwind@006ebcd4	lib	_library	eh_funclets	eh	11
006ebcdf	Unwind@006ebcdf	lib	_library	eh_funclets	eh	11
006ebcea	Unwind@006ebcea	lib	_library	eh_funclets	eh	11
006ebcf5	Unwind@006ebcf5	lib	_library	eh_funclets	eh	11
006ebd00	Unwind@006ebd00	lib	_library	eh_funclets	eh	11
006ebd0b	Unwind@006ebd0b	lib	_library	eh_funclets	eh	11
006ebd16	Unwind@006ebd16	lib	_library	eh_funclets	eh	11
006ebd21	Unwind@006ebd21	lib	_library	eh_funclets	eh	11
006ebd2c	Unwind@006ebd2c	lib	_library	eh_funclets	eh	11
006ebd37	Unwind@006ebd37	lib	_library	eh_funclets	eh	11
006ebd42	Unwind@006ebd42	lib	_library	eh_funclets	eh	11
006ebd4d	Unwind@006ebd4d	lib	_library	eh_funclets	eh	11
006ebd58	Unwind@006ebd58	lib	_library	eh_funclets	eh	11
006ebd63	Unwind@006ebd63	lib	_library	eh_funclets	eh	11
006ebd6e	Unwind@006ebd6e	lib	_library	eh_funclets	eh	11
006ebd79	Unwind@006ebd79	lib	_library	eh_funclets	eh	11
006ebd84	Unwind@006ebd84	lib	_library	eh_funclets	eh	11
006ebd8f	Unwind@006ebd8f	lib	_library	eh_funclets	eh	11
006ebd9a	Unwind@006ebd9a	lib	_library	eh_funclets	eh	11
006ebda5	Unwind@006ebda5	lib	_library	eh_funclets	eh	11
006ebdb0	Unwind@006ebdb0	lib	_library	eh_funclets	eh	11
006ebdbb	Unwind@006ebdbb	lib	_library	eh_funclets	eh	11
006ebdc6	Unwind@006ebdc6	lib	_library	eh_funclets	eh	11
006ebdd1	Unwind@006ebdd1	lib	_library	eh_funclets	eh	11
006ebddc	Unwind@006ebddc	lib	_library	eh_funclets	eh	11
006ebde7	Unwind@006ebde7	lib	_library	eh_funclets	eh	11
006ebdf2	Unwind@006ebdf2	lib	_library	eh_funclets	eh	11
006ebdfd	Unwind@006ebdfd	lib	_library	eh_funclets	eh	11
006ebe08	Unwind@006ebe08	lib	_library	eh_funclets	eh	11
006ebe13	Unwind@006ebe13	lib	_library	eh_funclets	eh	11
006ebe1e	Unwind@006ebe1e	lib	_library	eh_funclets	eh	11
006ebe29	Unwind@006ebe29	lib	_library	eh_funclets	eh	11
006ebe34	Unwind@006ebe34	lib	_library	eh_funclets	eh	11
006ebe3f	Unwind@006ebe3f	lib	_library	eh_funclets	eh	11
006ebe4a	Unwind@006ebe4a	lib	_library	eh_funclets	eh	11
006ebe55	Unwind@006ebe55	lib	_library	eh_funclets	eh	11
006ebe60	Unwind@006ebe60	lib	_library	eh_funclets	eh	11
006ebe6b	Unwind@006ebe6b	lib	_library	eh_funclets	eh	11
006ebe76	Unwind@006ebe76	lib	_library	eh_funclets	eh	11
006ebe81	Unwind@006ebe81	lib	_library	eh_funclets	eh	11
006ebe8c	Unwind@006ebe8c	lib	_library	eh_funclets	eh	11
006ebe97	Unwind@006ebe97	lib	_library	eh_funclets	eh	11
006ebea2	Unwind@006ebea2	lib	_library	eh_funclets	eh	11
006ebead	Unwind@006ebead	lib	_library	eh_funclets	eh	11
006ebeb8	Unwind@006ebeb8	lib	_library	eh_funclets	eh	11
006ebec3	Unwind@006ebec3	lib	_library	eh_funclets	eh	11
006ebece	Unwind@006ebece	lib	_library	eh_funclets	eh	11
006ebed9	Unwind@006ebed9	lib	_library	eh_funclets	eh	11
006ebee4	Unwind@006ebee4	lib	_library	eh_funclets	eh	11
006ebeef	Unwind@006ebeef	lib	_library	eh_funclets	eh	11
006ebefa	Unwind@006ebefa	lib	_library	eh_funclets	eh	11
006ebf05	Unwind@006ebf05	lib	_library	eh_funclets	eh	11
006ebf10	Unwind@006ebf10	lib	_library	eh_funclets	eh	11
006ebf1b	Unwind@006ebf1b	lib	_library	eh_funclets	eh	11
006ebf26	Unwind@006ebf26	lib	_library	eh_funclets	eh	11
006ebf31	Unwind@006ebf31	lib	_library	eh_funclets	eh	11
006ebf3c	Unwind@006ebf3c	lib	_library	eh_funclets	eh	11
006ebf47	Unwind@006ebf47	lib	_library	eh_funclets	eh	11
006ebf52	Unwind@006ebf52	lib	_library	eh_funclets	eh	11
006ebf5d	Unwind@006ebf5d	lib	_library	eh_funclets	eh	11
006ebf68	Unwind@006ebf68	lib	_library	eh_funclets	eh	11
006ebf73	Unwind@006ebf73	lib	_library	eh_funclets	eh	11
006ebf7e	Unwind@006ebf7e	lib	_library	eh_funclets	eh	11
006ebf89	Unwind@006ebf89	lib	_library	eh_funclets	eh	11
006ebf94	Unwind@006ebf94	lib	_library	eh_funclets	eh	11
006ebf9f	Unwind@006ebf9f	lib	_library	eh_funclets	eh	11
006ebfaa	Unwind@006ebfaa	lib	_library	eh_funclets	eh	11
006ebfb5	Unwind@006ebfb5	lib	_library	eh_funclets	eh	11
006ebfc0	Unwind@006ebfc0	lib	_library	eh_funclets	eh	11
006ebfcb	Unwind@006ebfcb	lib	_library	eh_funclets	eh	11
006ebfd6	Unwind@006ebfd6	lib	_library	eh_funclets	eh	11
006ebfe1	Unwind@006ebfe1	lib	_library	eh_funclets	eh	11
006ebfec	Unwind@006ebfec	lib	_library	eh_funclets	eh	11
006ebff7	Unwind@006ebff7	lib	_library	eh_funclets	eh	11
006ec002	Unwind@006ec002	lib	_library	eh_funclets	eh	11
006ec00d	Unwind@006ec00d	lib	_library	eh_funclets	eh	11
006ec018	Unwind@006ec018	lib	_library	eh_funclets	eh	11
006ec023	Unwind@006ec023	lib	_library	eh_funclets	eh	11
006ec02e	Unwind@006ec02e	lib	_library	eh_funclets	eh	11
006ec039	Unwind@006ec039	lib	_library	eh_funclets	eh	11
006ec044	Unwind@006ec044	lib	_library	eh_funclets	eh	11
006ec04f	Unwind@006ec04f	lib	_library	eh_funclets	eh	11
006ec05a	Unwind@006ec05a	lib	_library	eh_funclets	eh	11
006ec065	Unwind@006ec065	lib	_library	eh_funclets	eh	11
006ec070	Unwind@006ec070	lib	_library	eh_funclets	eh	11
006ec07b	Unwind@006ec07b	lib	_library	eh_funclets	eh	11
006ec086	Unwind@006ec086	lib	_library	eh_funclets	eh	11
006ec091	Unwind@006ec091	lib	_library	eh_funclets	eh	11
006ec09c	Unwind@006ec09c	lib	_library	eh_funclets	eh	11
006ec0a7	Unwind@006ec0a7	lib	_library	eh_funclets	eh	11
006ec0b2	Unwind@006ec0b2	lib	_library	eh_funclets	eh	11
006ec0bd	Unwind@006ec0bd	lib	_library	eh_funclets	eh	11
006ec0c8	Unwind@006ec0c8	lib	_library	eh_funclets	eh	11
006ec0d3	Unwind@006ec0d3	lib	_library	eh_funclets	eh	11
006ec0de	Unwind@006ec0de	lib	_library	eh_funclets	eh	11
006ec0e9	Unwind@006ec0e9	lib	_library	eh_funclets	eh	11
006ec0f4	Unwind@006ec0f4	lib	_library	eh_funclets	eh	11
006ec0ff	Unwind@006ec0ff	lib	_library	eh_funclets	eh	11
006ec10a	Unwind@006ec10a	lib	_library	eh_funclets	eh	11
006ec115	Unwind@006ec115	lib	_library	eh_funclets	eh	11
006ec120	Unwind@006ec120	lib	_library	eh_funclets	eh	11
006ec12b	Unwind@006ec12b	lib	_library	eh_funclets	eh	11
006ec136	Unwind@006ec136	lib	_library	eh_funclets	eh	11
006ec141	Unwind@006ec141	lib	_library	eh_funclets	eh	11
006ec14c	Unwind@006ec14c	lib	_library	eh_funclets	eh	11
006ec157	Unwind@006ec157	lib	_library	eh_funclets	eh	11
006ec162	Unwind@006ec162	lib	_library	eh_funclets	eh	11
006ec16d	Unwind@006ec16d	lib	_library	eh_funclets	eh	11
006ec178	Unwind@006ec178	lib	_library	eh_funclets	eh	11
006ec183	Unwind@006ec183	lib	_library	eh_funclets	eh	11
006ec18e	Unwind@006ec18e	lib	_library	eh_funclets	eh	11
006ec199	Unwind@006ec199	lib	_library	eh_funclets	eh	11
006ec1a4	Unwind@006ec1a4	lib	_library	eh_funclets	eh	11
006ec1af	Unwind@006ec1af	lib	_library	eh_funclets	eh	11
006ec1ba	Unwind@006ec1ba	lib	_library	eh_funclets	eh	11
006ec1c5	Unwind@006ec1c5	lib	_library	eh_funclets	eh	11
006ec1d0	Unwind@006ec1d0	lib	_library	eh_funclets	eh	11
006ec1db	Unwind@006ec1db	lib	_library	eh_funclets	eh	11
006ec1e6	Unwind@006ec1e6	lib	_library	eh_funclets	eh	11
006ec1f1	Unwind@006ec1f1	lib	_library	eh_funclets	eh	11
006ec1fc	Unwind@006ec1fc	lib	_library	eh_funclets	eh	11
006ec207	Unwind@006ec207	lib	_library	eh_funclets	eh	11
006ec212	Unwind@006ec212	lib	_library	eh_funclets	eh	11
006ec21d	Unwind@006ec21d	lib	_library	eh_funclets	eh	11
006ec228	Unwind@006ec228	lib	_library	eh_funclets	eh	11
006ec233	Unwind@006ec233	lib	_library	eh_funclets	eh	11
006ec23e	Unwind@006ec23e	lib	_library	eh_funclets	eh	11
006ec249	Unwind@006ec249	lib	_library	eh_funclets	eh	11
006ec254	Unwind@006ec254	lib	_library	eh_funclets	eh	11
006ec25f	Unwind@006ec25f	lib	_library	eh_funclets	eh	11
006ec26a	Unwind@006ec26a	lib	_library	eh_funclets	eh	11
006ec275	Unwind@006ec275	lib	_library	eh_funclets	eh	11
006ec280	Unwind@006ec280	lib	_library	eh_funclets	eh	11
006ec28b	Unwind@006ec28b	lib	_library	eh_funclets	eh	11
006ec296	Unwind@006ec296	lib	_library	eh_funclets	eh	11
006ec2a1	Unwind@006ec2a1	lib	_library	eh_funclets	eh	11
006ec2ac	Unwind@006ec2ac	lib	_library	eh_funclets	eh	11
006ec2b7	Unwind@006ec2b7	lib	_library	eh_funclets	eh	11
006ec2c2	Unwind@006ec2c2	lib	_library	eh_funclets	eh	11
006ec2cd	Unwind@006ec2cd	lib	_library	eh_funclets	eh	11
006ec2d8	Unwind@006ec2d8	lib	_library	eh_funclets	eh	11
006ec2e3	Unwind@006ec2e3	lib	_library	eh_funclets	eh	11
006ec2ee	Unwind@006ec2ee	lib	_library	eh_funclets	eh	11
006ec2f9	Unwind@006ec2f9	lib	_library	eh_funclets	eh	11
006ec304	Unwind@006ec304	lib	_library	eh_funclets	eh	11
006ec30f	Unwind@006ec30f	lib	_library	eh_funclets	eh	11
006ec31a	Unwind@006ec31a	lib	_library	eh_funclets	eh	11
006ec325	Unwind@006ec325	lib	_library	eh_funclets	eh	11
006ec330	Unwind@006ec330	lib	_library	eh_funclets	eh	11
006ec33b	Unwind@006ec33b	lib	_library	eh_funclets	eh	11
006ec346	Unwind@006ec346	lib	_library	eh_funclets	eh	11
006ec351	Unwind@006ec351	lib	_library	eh_funclets	eh	11
006ec35c	Unwind@006ec35c	lib	_library	eh_funclets	eh	11
006ec367	Unwind@006ec367	lib	_library	eh_funclets	eh	11
006ec372	Unwind@006ec372	lib	_library	eh_funclets	eh	11
006ec37d	Unwind@006ec37d	lib	_library	eh_funclets	eh	11
006ec388	Unwind@006ec388	lib	_library	eh_funclets	eh	11
006ec393	Unwind@006ec393	lib	_library	eh_funclets	eh	11
006ec39e	Unwind@006ec39e	lib	_library	eh_funclets	eh	11
006ec3a9	Unwind@006ec3a9	lib	_library	eh_funclets	eh	11
006ec3b4	Unwind@006ec3b4	lib	_library	eh_funclets	eh	11
006ec3bf	Unwind@006ec3bf	lib	_library	eh_funclets	eh	11
006ec3ca	Unwind@006ec3ca	lib	_library	eh_funclets	eh	11
006ec3d5	Unwind@006ec3d5	lib	_library	eh_funclets	eh	11
006ec3e0	Unwind@006ec3e0	lib	_library	eh_funclets	eh	11
006ec3eb	Unwind@006ec3eb	lib	_library	eh_funclets	eh	11
006ec3f6	Unwind@006ec3f6	lib	_library	eh_funclets	eh	11
006ec401	Unwind@006ec401	lib	_library	eh_funclets	eh	11
006ec40c	Unwind@006ec40c	lib	_library	eh_funclets	eh	11
006ec417	Unwind@006ec417	lib	_library	eh_funclets	eh	11
006ec422	Unwind@006ec422	lib	_library	eh_funclets	eh	11
006ec42d	Unwind@006ec42d	lib	_library	eh_funclets	eh	11
006ec438	Unwind@006ec438	lib	_library	eh_funclets	eh	11
006ec443	Unwind@006ec443	lib	_library	eh_funclets	eh	11
006ec44e	Unwind@006ec44e	lib	_library	eh_funclets	eh	11
006ec459	Unwind@006ec459	lib	_library	eh_funclets	eh	11
006ec464	Unwind@006ec464	lib	_library	eh_funclets	eh	11
006ec46f	Unwind@006ec46f	lib	_library	eh_funclets	eh	11
006ec47a	Unwind@006ec47a	lib	_library	eh_funclets	eh	11
006ec485	Unwind@006ec485	lib	_library	eh_funclets	eh	11
006ec490	Unwind@006ec490	lib	_library	eh_funclets	eh	11
006ec49b	Unwind@006ec49b	lib	_library	eh_funclets	eh	11
006ec4a6	Unwind@006ec4a6	lib	_library	eh_funclets	eh	11
006ec4b1	Unwind@006ec4b1	lib	_library	eh_funclets	eh	11
006ec4bc	Unwind@006ec4bc	lib	_library	eh_funclets	eh	11
006ec4c7	Unwind@006ec4c7	lib	_library	eh_funclets	eh	11
006ec4d2	Unwind@006ec4d2	lib	_library	eh_funclets	eh	11
006ec4dd	Unwind@006ec4dd	lib	_library	eh_funclets	eh	11
006ec4e8	Unwind@006ec4e8	lib	_library	eh_funclets	eh	11
006ec4f3	Unwind@006ec4f3	lib	_library	eh_funclets	eh	11
006ec4fe	Unwind@006ec4fe	lib	_library	eh_funclets	eh	11
006ec509	Unwind@006ec509	lib	_library	eh_funclets	eh	11
006ec514	Unwind@006ec514	lib	_library	eh_funclets	eh	11
006ec51f	Unwind@006ec51f	lib	_library	eh_funclets	eh	11
006ec52a	Unwind@006ec52a	lib	_library	eh_funclets	eh	11
006ec535	Unwind@006ec535	lib	_library	eh_funclets	eh	11
006ec540	Unwind@006ec540	lib	_library	eh_funclets	eh	11
006ec54b	Unwind@006ec54b	lib	_library	eh_funclets	eh	11
006ec556	Unwind@006ec556	lib	_library	eh_funclets	eh	11
006ec561	Unwind@006ec561	lib	_library	eh_funclets	eh	11
006ec56c	Unwind@006ec56c	lib	_library	eh_funclets	eh	11
006ec577	Unwind@006ec577	lib	_library	eh_funclets	eh	11
006ec582	Unwind@006ec582	lib	_library	eh_funclets	eh	11
006ec58d	Unwind@006ec58d	lib	_library	eh_funclets	eh	11
006ec598	Unwind@006ec598	lib	_library	eh_funclets	eh	11
006ec5a3	Unwind@006ec5a3	lib	_library	eh_funclets	eh	11
006ec5ae	Unwind@006ec5ae	lib	_library	eh_funclets	eh	11
006ec5b9	Unwind@006ec5b9	lib	_library	eh_funclets	eh	11
006ec5c4	Unwind@006ec5c4	lib	_library	eh_funclets	eh	11
006ec5cf	Unwind@006ec5cf	lib	_library	eh_funclets	eh	11
006ec5da	Unwind@006ec5da	lib	_library	eh_funclets	eh	11
006ec5e5	Unwind@006ec5e5	lib	_library	eh_funclets	eh	11
006ec5f0	Unwind@006ec5f0	lib	_library	eh_funclets	eh	11
006ec5fb	Unwind@006ec5fb	lib	_library	eh_funclets	eh	11
006ec606	Unwind@006ec606	lib	_library	eh_funclets	eh	11
006ec611	Unwind@006ec611	lib	_library	eh_funclets	eh	11
006ec61c	Unwind@006ec61c	lib	_library	eh_funclets	eh	11
006ec627	Unwind@006ec627	lib	_library	eh_funclets	eh	11
006ec632	Unwind@006ec632	lib	_library	eh_funclets	eh	11
006ec63d	Unwind@006ec63d	lib	_library	eh_funclets	eh	11
006ec648	Unwind@006ec648	lib	_library	eh_funclets	eh	11
006ec653	Unwind@006ec653	lib	_library	eh_funclets	eh	11
006ec65e	Unwind@006ec65e	lib	_library	eh_funclets	eh	11
006ec669	Unwind@006ec669	lib	_library	eh_funclets	eh	11
006ec674	Unwind@006ec674	lib	_library	eh_funclets	eh	11
006ec67f	Unwind@006ec67f	lib	_library	eh_funclets	eh	11
006ec68a	Unwind@006ec68a	lib	_library	eh_funclets	eh	11
006ec695	Unwind@006ec695	lib	_library	eh_funclets	eh	11
006ec6a0	Unwind@006ec6a0	lib	_library	eh_funclets	eh	11
006ec6ab	Unwind@006ec6ab	lib	_library	eh_funclets	eh	11
006ec6b6	Unwind@006ec6b6	lib	_library	eh_funclets	eh	11
006ec6c1	Unwind@006ec6c1	lib	_library	eh_funclets	eh	11
006ec6cc	Unwind@006ec6cc	lib	_library	eh_funclets	eh	11
006ec6d7	Unwind@006ec6d7	lib	_library	eh_funclets	eh	11
006ec6e2	Unwind@006ec6e2	lib	_library	eh_funclets	eh	11
006ec6ed	Unwind@006ec6ed	lib	_library	eh_funclets	eh	11
006ec6f8	Unwind@006ec6f8	lib	_library	eh_funclets	eh	11
006ec703	Unwind@006ec703	lib	_library	eh_funclets	eh	11
006ec70e	Unwind@006ec70e	lib	_library	eh_funclets	eh	11
006ec719	Unwind@006ec719	lib	_library	eh_funclets	eh	11
006ec724	Unwind@006ec724	lib	_library	eh_funclets	eh	11
006ec72f	Unwind@006ec72f	lib	_library	eh_funclets	eh	11
006ec73a	Unwind@006ec73a	lib	_library	eh_funclets	eh	11
006ec745	Unwind@006ec745	lib	_library	eh_funclets	eh	11
006ec750	Unwind@006ec750	lib	_library	eh_funclets	eh	11
006ec75b	Unwind@006ec75b	lib	_library	eh_funclets	eh	11
006ec766	Unwind@006ec766	lib	_library	eh_funclets	eh	11
006ec771	Unwind@006ec771	lib	_library	eh_funclets	eh	11
006ec77c	Unwind@006ec77c	lib	_library	eh_funclets	eh	11
006ec787	Unwind@006ec787	lib	_library	eh_funclets	eh	11
006ec792	Unwind@006ec792	lib	_library	eh_funclets	eh	11
006ec79d	Unwind@006ec79d	lib	_library	eh_funclets	eh	11
006ec7a8	Unwind@006ec7a8	lib	_library	eh_funclets	eh	11
006ec7b3	Unwind@006ec7b3	lib	_library	eh_funclets	eh	11
006ec7be	Unwind@006ec7be	lib	_library	eh_funclets	eh	11
006ec7c9	Unwind@006ec7c9	lib	_library	eh_funclets	eh	11
006ec7d4	Unwind@006ec7d4	lib	_library	eh_funclets	eh	11
006ec7df	Unwind@006ec7df	lib	_library	eh_funclets	eh	11
006ec7ea	Unwind@006ec7ea	lib	_library	eh_funclets	eh	11
006ec7f5	Unwind@006ec7f5	lib	_library	eh_funclets	eh	11
006ec800	Unwind@006ec800	lib	_library	eh_funclets	eh	11
006ec80b	Unwind@006ec80b	lib	_library	eh_funclets	eh	11
006ec816	Unwind@006ec816	lib	_library	eh_funclets	eh	11
006ec821	Unwind@006ec821	lib	_library	eh_funclets	eh	11
006ec82c	Unwind@006ec82c	lib	_library	eh_funclets	eh	11
006ec837	Unwind@006ec837	lib	_library	eh_funclets	eh	11
006ec842	Unwind@006ec842	lib	_library	eh_funclets	eh	11
006ec84d	Unwind@006ec84d	lib	_library	eh_funclets	eh	11
006ec858	Unwind@006ec858	lib	_library	eh_funclets	eh	11
006ec863	Unwind@006ec863	lib	_library	eh_funclets	eh	11
006ec86e	Unwind@006ec86e	lib	_library	eh_funclets	eh	11
006ec879	Unwind@006ec879	lib	_library	eh_funclets	eh	11
006ec884	Unwind@006ec884	lib	_library	eh_funclets	eh	11
006ec88f	Unwind@006ec88f	lib	_library	eh_funclets	eh	11
006ec89a	Unwind@006ec89a	lib	_library	eh_funclets	eh	11
006ec8a5	Unwind@006ec8a5	lib	_library	eh_funclets	eh	11
006ec8b0	Unwind@006ec8b0	lib	_library	eh_funclets	eh	11
006ec8bb	Unwind@006ec8bb	lib	_library	eh_funclets	eh	11
006ec8c6	Unwind@006ec8c6	lib	_library	eh_funclets	eh	11
006ec8d1	Unwind@006ec8d1	lib	_library	eh_funclets	eh	11
006ec8dc	Unwind@006ec8dc	lib	_library	eh_funclets	eh	11
006ec8e7	Unwind@006ec8e7	lib	_library	eh_funclets	eh	11
006ec8f2	Unwind@006ec8f2	lib	_library	eh_funclets	eh	11
006ec8fd	Unwind@006ec8fd	lib	_library	eh_funclets	eh	11
006ec908	Unwind@006ec908	lib	_library	eh_funclets	eh	11
006ec913	Unwind@006ec913	lib	_library	eh_funclets	eh	11
006ec91e	Unwind@006ec91e	lib	_library	eh_funclets	eh	11
006ec929	Unwind@006ec929	lib	_library	eh_funclets	eh	11
006ec934	Unwind@006ec934	lib	_library	eh_funclets	eh	11
006ec93f	Unwind@006ec93f	lib	_library	eh_funclets	eh	11
006ec94a	Unwind@006ec94a	lib	_library	eh_funclets	eh	11
006ec955	Unwind@006ec955	lib	_library	eh_funclets	eh	11
006ec960	Unwind@006ec960	lib	_library	eh_funclets	eh	11
006ec96b	Unwind@006ec96b	lib	_library	eh_funclets	eh	11
006ec976	Unwind@006ec976	lib	_library	eh_funclets	eh	11
006ec981	Unwind@006ec981	lib	_library	eh_funclets	eh	11
006ec98c	Unwind@006ec98c	lib	_library	eh_funclets	eh	11
006ec997	Unwind@006ec997	lib	_library	eh_funclets	eh	11
006ec9a2	Unwind@006ec9a2	lib	_library	eh_funclets	eh	11
006ec9ad	Unwind@006ec9ad	lib	_library	eh_funclets	eh	11
006ec9b8	Unwind@006ec9b8	lib	_library	eh_funclets	eh	11
006ec9c3	Unwind@006ec9c3	lib	_library	eh_funclets	eh	11
006ec9ce	Unwind@006ec9ce	lib	_library	eh_funclets	eh	11
006ec9d9	Unwind@006ec9d9	lib	_library	eh_funclets	eh	11
006ec9e4	Unwind@006ec9e4	lib	_library	eh_funclets	eh	11
006ec9ef	Unwind@006ec9ef	lib	_library	eh_funclets	eh	11
006ec9fa	Unwind@006ec9fa	lib	_library	eh_funclets	eh	11
006eca05	Unwind@006eca05	lib	_library	eh_funclets	eh	11
006eca10	Unwind@006eca10	lib	_library	eh_funclets	eh	11
006eca1b	Unwind@006eca1b	lib	_library	eh_funclets	eh	11
006eca26	Unwind@006eca26	lib	_library	eh_funclets	eh	11
006eca31	Unwind@006eca31	lib	_library	eh_funclets	eh	11
006eca3c	Unwind@006eca3c	lib	_library	eh_funclets	eh	11
006eca47	Unwind@006eca47	lib	_library	eh_funclets	eh	11
006eca52	Unwind@006eca52	lib	_library	eh_funclets	eh	11
006eca5d	Unwind@006eca5d	lib	_library	eh_funclets	eh	11
006eca68	Unwind@006eca68	lib	_library	eh_funclets	eh	11
006eca73	Unwind@006eca73	lib	_library	eh_funclets	eh	11
006eca7e	Unwind@006eca7e	lib	_library	eh_funclets	eh	11
006eca89	Unwind@006eca89	lib	_library	eh_funclets	eh	11
006eca94	Unwind@006eca94	lib	_library	eh_funclets	eh	11
006eca9f	Unwind@006eca9f	lib	_library	eh_funclets	eh	11
006ecaaa	Unwind@006ecaaa	lib	_library	eh_funclets	eh	11
006ecab5	Unwind@006ecab5	lib	_library	eh_funclets	eh	11
006ecac0	Unwind@006ecac0	lib	_library	eh_funclets	eh	11
006ecacb	Unwind@006ecacb	lib	_library	eh_funclets	eh	11
006ecad6	Unwind@006ecad6	lib	_library	eh_funclets	eh	11
006ecae1	Unwind@006ecae1	lib	_library	eh_funclets	eh	11
006ecaec	Unwind@006ecaec	lib	_library	eh_funclets	eh	11
006ecaf7	Unwind@006ecaf7	lib	_library	eh_funclets	eh	11
006ecb02	Unwind@006ecb02	lib	_library	eh_funclets	eh	11
006ecb0d	Unwind@006ecb0d	lib	_library	eh_funclets	eh	11
006ecb18	Unwind@006ecb18	lib	_library	eh_funclets	eh	11
006ecb23	Unwind@006ecb23	lib	_library	eh_funclets	eh	11
006ecb2e	Unwind@006ecb2e	lib	_library	eh_funclets	eh	11
006ecb39	Unwind@006ecb39	lib	_library	eh_funclets	eh	11
006ecb44	Unwind@006ecb44	lib	_library	eh_funclets	eh	11
006ecb4f	Unwind@006ecb4f	lib	_library	eh_funclets	eh	11
006ecb5a	Unwind@006ecb5a	lib	_library	eh_funclets	eh	11
006ecb65	Unwind@006ecb65	lib	_library	eh_funclets	eh	11
006ecb70	Unwind@006ecb70	lib	_library	eh_funclets	eh	11
006ecb7b	Unwind@006ecb7b	lib	_library	eh_funclets	eh	11
006ecb86	Unwind@006ecb86	lib	_library	eh_funclets	eh	11
006ecb91	Unwind@006ecb91	lib	_library	eh_funclets	eh	11
006ecb9c	Unwind@006ecb9c	lib	_library	eh_funclets	eh	11
006ecba7	Unwind@006ecba7	lib	_library	eh_funclets	eh	11
006ecbb2	Unwind@006ecbb2	lib	_library	eh_funclets	eh	11
006ecbbd	Unwind@006ecbbd	lib	_library	eh_funclets	eh	11
006ecbc8	Unwind@006ecbc8	lib	_library	eh_funclets	eh	11
006ecbd3	Unwind@006ecbd3	lib	_library	eh_funclets	eh	11
006ecbde	Unwind@006ecbde	lib	_library	eh_funclets	eh	11
006ecbe9	Unwind@006ecbe9	lib	_library	eh_funclets	eh	11
006ecbf4	Unwind@006ecbf4	lib	_library	eh_funclets	eh	11
006ecbff	Unwind@006ecbff	lib	_library	eh_funclets	eh	11
006ecc0a	Unwind@006ecc0a	lib	_library	eh_funclets	eh	11
006ecc15	Unwind@006ecc15	lib	_library	eh_funclets	eh	11
006ecc20	Unwind@006ecc20	lib	_library	eh_funclets	eh	11
006ecc2b	Unwind@006ecc2b	lib	_library	eh_funclets	eh	11
006ecc36	Unwind@006ecc36	lib	_library	eh_funclets	eh	11
006ecc41	Unwind@006ecc41	lib	_library	eh_funclets	eh	11
006ecc4c	Unwind@006ecc4c	lib	_library	eh_funclets	eh	11
006ecc57	Unwind@006ecc57	lib	_library	eh_funclets	eh	11
006ecc62	Unwind@006ecc62	lib	_library	eh_funclets	eh	11
006ecc6d	Unwind@006ecc6d	lib	_library	eh_funclets	eh	11
006ecc78	Unwind@006ecc78	lib	_library	eh_funclets	eh	11
006ecc83	Unwind@006ecc83	lib	_library	eh_funclets	eh	11
006ecc8e	Unwind@006ecc8e	lib	_library	eh_funclets	eh	11
006ecc99	Unwind@006ecc99	lib	_library	eh_funclets	eh	11
006ecca4	Unwind@006ecca4	lib	_library	eh_funclets	eh	11
006eccaf	Unwind@006eccaf	lib	_library	eh_funclets	eh	11
006eccba	Unwind@006eccba	lib	_library	eh_funclets	eh	11
006eccc5	Unwind@006eccc5	lib	_library	eh_funclets	eh	11
006eccd0	Unwind@006eccd0	lib	_library	eh_funclets	eh	11
006eccdb	Unwind@006eccdb	lib	_library	eh_funclets	eh	11
006ecce6	Unwind@006ecce6	lib	_library	eh_funclets	eh	11
006eccf1	Unwind@006eccf1	lib	_library	eh_funclets	eh	11
006eccfc	Unwind@006eccfc	lib	_library	eh_funclets	eh	11
006ecd07	Unwind@006ecd07	lib	_library	eh_funclets	eh	11
006ecd12	Unwind@006ecd12	lib	_library	eh_funclets	eh	11
006ecd1d	Unwind@006ecd1d	lib	_library	eh_funclets	eh	11
006ecd28	Unwind@006ecd28	lib	_library	eh_funclets	eh	11
006ecd33	Unwind@006ecd33	lib	_library	eh_funclets	eh	11
006ecd3e	Unwind@006ecd3e	lib	_library	eh_funclets	eh	11
006ecd49	Unwind@006ecd49	lib	_library	eh_funclets	eh	11
006ecd54	Unwind@006ecd54	lib	_library	eh_funclets	eh	11
006ecd5f	Unwind@006ecd5f	lib	_library	eh_funclets	eh	11
006ecd6a	Unwind@006ecd6a	lib	_library	eh_funclets	eh	11
006ecd75	Unwind@006ecd75	lib	_library	eh_funclets	eh	11
006ecd80	Unwind@006ecd80	lib	_library	eh_funclets	eh	11
006ecd8b	Unwind@006ecd8b	lib	_library	eh_funclets	eh	11
006ecd96	Unwind@006ecd96	lib	_library	eh_funclets	eh	11
006ecda1	Unwind@006ecda1	lib	_library	eh_funclets	eh	11
006ecdac	Unwind@006ecdac	lib	_library	eh_funclets	eh	11
006ecdb7	Unwind@006ecdb7	lib	_library	eh_funclets	eh	11
006ecdc2	Unwind@006ecdc2	lib	_library	eh_funclets	eh	11
006ecdcd	Unwind@006ecdcd	lib	_library	eh_funclets	eh	11
006ecdd8	Unwind@006ecdd8	lib	_library	eh_funclets	eh	11
006ecde3	Unwind@006ecde3	lib	_library	eh_funclets	eh	11
006ecdee	Unwind@006ecdee	lib	_library	eh_funclets	eh	11
006ecdf9	Unwind@006ecdf9	lib	_library	eh_funclets	eh	11
006ece04	Unwind@006ece04	lib	_library	eh_funclets	eh	11
006ece0f	Unwind@006ece0f	lib	_library	eh_funclets	eh	11
006ece1a	Unwind@006ece1a	lib	_library	eh_funclets	eh	11
006ece25	Unwind@006ece25	lib	_library	eh_funclets	eh	11
006ece30	Unwind@006ece30	lib	_library	eh_funclets	eh	11
006ece3b	Unwind@006ece3b	lib	_library	eh_funclets	eh	11
006ece46	Unwind@006ece46	lib	_library	eh_funclets	eh	11
006ece51	Unwind@006ece51	lib	_library	eh_funclets	eh	11
006ece5c	Unwind@006ece5c	lib	_library	eh_funclets	eh	11
006ece67	Unwind@006ece67	lib	_library	eh_funclets	eh	11
006ece72	Unwind@006ece72	lib	_library	eh_funclets	eh	11
006ece7d	Unwind@006ece7d	lib	_library	eh_funclets	eh	11
006ece88	Unwind@006ece88	lib	_library	eh_funclets	eh	11
006ece93	Unwind@006ece93	lib	_library	eh_funclets	eh	11
006ece9e	Unwind@006ece9e	lib	_library	eh_funclets	eh	11
006ecea9	Unwind@006ecea9	lib	_library	eh_funclets	eh	11
006eceb4	Unwind@006eceb4	lib	_library	eh_funclets	eh	11
006ecebf	Unwind@006ecebf	lib	_library	eh_funclets	eh	11
006ececa	Unwind@006ececa	lib	_library	eh_funclets	eh	11
006eced5	Unwind@006eced5	lib	_library	eh_funclets	eh	11
006ecee0	Unwind@006ecee0	lib	_library	eh_funclets	eh	11
006eceeb	Unwind@006eceeb	lib	_library	eh_funclets	eh	11
006ecef6	Unwind@006ecef6	lib	_library	eh_funclets	eh	11
006ecf01	Unwind@006ecf01	lib	_library	eh_funclets	eh	11
006ecf0c	Unwind@006ecf0c	lib	_library	eh_funclets	eh	11
006ecf17	Unwind@006ecf17	lib	_library	eh_funclets	eh	11
006ecf22	Unwind@006ecf22	lib	_library	eh_funclets	eh	11
006ecf2d	Unwind@006ecf2d	lib	_library	eh_funclets	eh	11
006ecf38	Unwind@006ecf38	lib	_library	eh_funclets	eh	11
006ecf43	Unwind@006ecf43	lib	_library	eh_funclets	eh	11
006ecf4e	Unwind@006ecf4e	lib	_library	eh_funclets	eh	11
006ecf59	Unwind@006ecf59	lib	_library	eh_funclets	eh	11
006ecf64	Unwind@006ecf64	lib	_library	eh_funclets	eh	11
006ecf6f	Unwind@006ecf6f	lib	_library	eh_funclets	eh	11
006ecf7a	Unwind@006ecf7a	lib	_library	eh_funclets	eh	11
006ecf85	Unwind@006ecf85	lib	_library	eh_funclets	eh	11
006ecf90	Unwind@006ecf90	lib	_library	eh_funclets	eh	11
006ecf9b	Unwind@006ecf9b	lib	_library	eh_funclets	eh	11
006ecfa6	Unwind@006ecfa6	lib	_library	eh_funclets	eh	11
006ecfb1	Unwind@006ecfb1	lib	_library	eh_funclets	eh	11
006ecfbc	Unwind@006ecfbc	lib	_library	eh_funclets	eh	11
006ecfc7	Unwind@006ecfc7	lib	_library	eh_funclets	eh	11
006ecfd2	Unwind@006ecfd2	lib	_library	eh_funclets	eh	11
006ecfdd	Unwind@006ecfdd	lib	_library	eh_funclets	eh	11
006ecfe8	Unwind@006ecfe8	lib	_library	eh_funclets	eh	11
006ecff3	Unwind@006ecff3	lib	_library	eh_funclets	eh	11
006ecffe	Unwind@006ecffe	lib	_library	eh_funclets	eh	11
006ed009	Unwind@006ed009	lib	_library	eh_funclets	eh	11
006ed014	Unwind@006ed014	lib	_library	eh_funclets	eh	11
006ed01f	Unwind@006ed01f	lib	_library	eh_funclets	eh	11
006ed02a	Unwind@006ed02a	lib	_library	eh_funclets	eh	11
006ed035	Unwind@006ed035	lib	_library	eh_funclets	eh	11
006ed040	Unwind@006ed040	lib	_library	eh_funclets	eh	11
006ed04b	Unwind@006ed04b	lib	_library	eh_funclets	eh	11
006ed056	Unwind@006ed056	lib	_library	eh_funclets	eh	11
006ed061	Unwind@006ed061	lib	_library	eh_funclets	eh	11
006ed06c	Unwind@006ed06c	lib	_library	eh_funclets	eh	11
006ed077	Unwind@006ed077	lib	_library	eh_funclets	eh	11
006ed082	Unwind@006ed082	lib	_library	eh_funclets	eh	11
006ed08d	Unwind@006ed08d	lib	_library	eh_funclets	eh	11
006ed098	Unwind@006ed098	lib	_library	eh_funclets	eh	11
006ed0a3	Unwind@006ed0a3	lib	_library	eh_funclets	eh	11
006ed0ae	Unwind@006ed0ae	lib	_library	eh_funclets	eh	11
006ed0b9	Unwind@006ed0b9	lib	_library	eh_funclets	eh	11
006ed0c4	Unwind@006ed0c4	lib	_library	eh_funclets	eh	11
006ed0cf	Unwind@006ed0cf	lib	_library	eh_funclets	eh	11
006ed0da	Unwind@006ed0da	lib	_library	eh_funclets	eh	11
006ed0e5	Unwind@006ed0e5	lib	_library	eh_funclets	eh	11
006ed0f0	Unwind@006ed0f0	lib	_library	eh_funclets	eh	11
006ed0fb	Unwind@006ed0fb	lib	_library	eh_funclets	eh	11
006ed106	Unwind@006ed106	lib	_library	eh_funclets	eh	11
006ed111	Unwind@006ed111	lib	_library	eh_funclets	eh	11
006ed11c	Unwind@006ed11c	lib	_library	eh_funclets	eh	11
006ed127	Unwind@006ed127	lib	_library	eh_funclets	eh	11
006ed132	Unwind@006ed132	lib	_library	eh_funclets	eh	11
006ed13d	Unwind@006ed13d	lib	_library	eh_funclets	eh	11
006ed148	Unwind@006ed148	lib	_library	eh_funclets	eh	11
006ed153	Unwind@006ed153	lib	_library	eh_funclets	eh	11
006ed15e	Unwind@006ed15e	lib	_library	eh_funclets	eh	11
006ed169	Unwind@006ed169	lib	_library	eh_funclets	eh	11
006ed174	Unwind@006ed174	lib	_library	eh_funclets	eh	11
006ed17f	Unwind@006ed17f	lib	_library	eh_funclets	eh	11
006ed18a	Unwind@006ed18a	lib	_library	eh_funclets	eh	11
006ed195	Unwind@006ed195	lib	_library	eh_funclets	eh	11
006ed1a0	Unwind@006ed1a0	lib	_library	eh_funclets	eh	11
006ed1ab	Unwind@006ed1ab	lib	_library	eh_funclets	eh	11
006ed1b6	Unwind@006ed1b6	lib	_library	eh_funclets	eh	11
006ed1c1	Unwind@006ed1c1	lib	_library	eh_funclets	eh	11
006ed1cc	Unwind@006ed1cc	lib	_library	eh_funclets	eh	11
006ed1d7	Unwind@006ed1d7	lib	_library	eh_funclets	eh	11
006ed1e2	Unwind@006ed1e2	lib	_library	eh_funclets	eh	11
006ed1ed	Unwind@006ed1ed	lib	_library	eh_funclets	eh	11
006ed1f8	Unwind@006ed1f8	lib	_library	eh_funclets	eh	11
006ed203	Unwind@006ed203	lib	_library	eh_funclets	eh	11
006ed20e	Unwind@006ed20e	lib	_library	eh_funclets	eh	11
006ed219	Unwind@006ed219	lib	_library	eh_funclets	eh	11
006ed224	Unwind@006ed224	lib	_library	eh_funclets	eh	11
006ed22f	Unwind@006ed22f	lib	_library	eh_funclets	eh	11
006ed23a	Unwind@006ed23a	lib	_library	eh_funclets	eh	11
006ed245	Unwind@006ed245	lib	_library	eh_funclets	eh	11
006ed250	Unwind@006ed250	lib	_library	eh_funclets	eh	11
006ed25b	Unwind@006ed25b	lib	_library	eh_funclets	eh	11
006ed266	Unwind@006ed266	lib	_library	eh_funclets	eh	11
006ed271	Unwind@006ed271	lib	_library	eh_funclets	eh	11
006ed27c	Unwind@006ed27c	lib	_library	eh_funclets	eh	11
006ed287	Unwind@006ed287	lib	_library	eh_funclets	eh	11
006ed292	Unwind@006ed292	lib	_library	eh_funclets	eh	11
006ed29d	Unwind@006ed29d	lib	_library	eh_funclets	eh	11
006ed2a8	Unwind@006ed2a8	lib	_library	eh_funclets	eh	11
006ed2b3	Unwind@006ed2b3	lib	_library	eh_funclets	eh	11
006ed2be	Unwind@006ed2be	lib	_library	eh_funclets	eh	11
006ed2c9	Unwind@006ed2c9	lib	_library	eh_funclets	eh	11
006ed2d4	Unwind@006ed2d4	lib	_library	eh_funclets	eh	11
006ed2df	Unwind@006ed2df	lib	_library	eh_funclets	eh	11
006ed2ea	Unwind@006ed2ea	lib	_library	eh_funclets	eh	11
006ed2f5	Unwind@006ed2f5	lib	_library	eh_funclets	eh	11
006ed300	Unwind@006ed300	lib	_library	eh_funclets	eh	11
006ed30b	Unwind@006ed30b	lib	_library	eh_funclets	eh	11
006ed316	Unwind@006ed316	lib	_library	eh_funclets	eh	11
006ed321	Unwind@006ed321	lib	_library	eh_funclets	eh	11
006ed32c	Unwind@006ed32c	lib	_library	eh_funclets	eh	11
006ed337	Unwind@006ed337	lib	_library	eh_funclets	eh	11
006ed342	Unwind@006ed342	lib	_library	eh_funclets	eh	11
006ed34d	Unwind@006ed34d	lib	_library	eh_funclets	eh	11
006ed358	Unwind@006ed358	lib	_library	eh_funclets	eh	11
006ed363	Unwind@006ed363	lib	_library	eh_funclets	eh	11
006ed36e	Unwind@006ed36e	lib	_library	eh_funclets	eh	11
006ed379	Unwind@006ed379	lib	_library	eh_funclets	eh	11
006ed384	Unwind@006ed384	lib	_library	eh_funclets	eh	11
006ed38f	Unwind@006ed38f	lib	_library	eh_funclets	eh	11
006ed39a	Unwind@006ed39a	lib	_library	eh_funclets	eh	11
006ed3a5	Unwind@006ed3a5	lib	_library	eh_funclets	eh	11
006ed3b0	Unwind@006ed3b0	lib	_library	eh_funclets	eh	11
006ed3bb	Unwind@006ed3bb	lib	_library	eh_funclets	eh	11
006ed3c6	Unwind@006ed3c6	lib	_library	eh_funclets	eh	11
006ed3d1	Unwind@006ed3d1	lib	_library	eh_funclets	eh	11
006ed3dc	Unwind@006ed3dc	lib	_library	eh_funclets	eh	11
006ed3e7	Unwind@006ed3e7	lib	_library	eh_funclets	eh	11
006ed3f2	Unwind@006ed3f2	lib	_library	eh_funclets	eh	11
006ed3fd	Unwind@006ed3fd	lib	_library	eh_funclets	eh	11
006ed408	Unwind@006ed408	lib	_library	eh_funclets	eh	11
006ed413	Unwind@006ed413	lib	_library	eh_funclets	eh	11
006ed41e	Unwind@006ed41e	lib	_library	eh_funclets	eh	11
006ed429	Unwind@006ed429	lib	_library	eh_funclets	eh	11
006ed434	Unwind@006ed434	lib	_library	eh_funclets	eh	11
006ed43f	Unwind@006ed43f	lib	_library	eh_funclets	eh	11
006ed44a	Unwind@006ed44a	lib	_library	eh_funclets	eh	11
006ed455	Unwind@006ed455	lib	_library	eh_funclets	eh	11
006ed460	Unwind@006ed460	lib	_library	eh_funclets	eh	11
006ed46b	Unwind@006ed46b	lib	_library	eh_funclets	eh	11
006ed476	Unwind@006ed476	lib	_library	eh_funclets	eh	11
006ed481	Unwind@006ed481	lib	_library	eh_funclets	eh	11
006ed48c	Unwind@006ed48c	lib	_library	eh_funclets	eh	11
006ed497	Unwind@006ed497	lib	_library	eh_funclets	eh	11
006ed4a2	Unwind@006ed4a2	lib	_library	eh_funclets	eh	11
006ed4ad	Unwind@006ed4ad	lib	_library	eh_funclets	eh	11
006ed4b8	Unwind@006ed4b8	lib	_library	eh_funclets	eh	11
006ed4c3	Unwind@006ed4c3	lib	_library	eh_funclets	eh	11
006ed4ce	Unwind@006ed4ce	lib	_library	eh_funclets	eh	11
006ed4d9	Unwind@006ed4d9	lib	_library	eh_funclets	eh	11
006ed4e4	Unwind@006ed4e4	lib	_library	eh_funclets	eh	11
006ed4ef	Unwind@006ed4ef	lib	_library	eh_funclets	eh	11
006ed4fa	Unwind@006ed4fa	lib	_library	eh_funclets	eh	11
006ed505	Unwind@006ed505	lib	_library	eh_funclets	eh	11
006ed510	Unwind@006ed510	lib	_library	eh_funclets	eh	11
006ed51b	Unwind@006ed51b	lib	_library	eh_funclets	eh	11
006ed526	Unwind@006ed526	lib	_library	eh_funclets	eh	11
006ed531	Unwind@006ed531	lib	_library	eh_funclets	eh	11
006ed53c	Unwind@006ed53c	lib	_library	eh_funclets	eh	11
006ed547	Unwind@006ed547	lib	_library	eh_funclets	eh	11
006ed552	Unwind@006ed552	lib	_library	eh_funclets	eh	11
006ed55d	Unwind@006ed55d	lib	_library	eh_funclets	eh	11
006ed568	Unwind@006ed568	lib	_library	eh_funclets	eh	11
006ed573	Unwind@006ed573	lib	_library	eh_funclets	eh	11
006ed57e	Unwind@006ed57e	lib	_library	eh_funclets	eh	11
006ed589	Unwind@006ed589	lib	_library	eh_funclets	eh	11
006ed594	Unwind@006ed594	lib	_library	eh_funclets	eh	11
006ed59f	Unwind@006ed59f	lib	_library	eh_funclets	eh	11
006ed5aa	Unwind@006ed5aa	lib	_library	eh_funclets	eh	11
006ed5b5	Unwind@006ed5b5	lib	_library	eh_funclets	eh	11
006ed5c0	Unwind@006ed5c0	lib	_library	eh_funclets	eh	11
006ed5cb	Unwind@006ed5cb	lib	_library	eh_funclets	eh	11
006ed5d6	Unwind@006ed5d6	lib	_library	eh_funclets	eh	11
006ed5e1	Unwind@006ed5e1	lib	_library	eh_funclets	eh	11
006ed5ec	Unwind@006ed5ec	lib	_library	eh_funclets	eh	11
006ed5f7	Unwind@006ed5f7	lib	_library	eh_funclets	eh	11
006ed602	Unwind@006ed602	lib	_library	eh_funclets	eh	11
006ed60d	Unwind@006ed60d	lib	_library	eh_funclets	eh	11
006ed618	Unwind@006ed618	lib	_library	eh_funclets	eh	11
006ed623	Unwind@006ed623	lib	_library	eh_funclets	eh	11
006ed62e	Unwind@006ed62e	lib	_library	eh_funclets	eh	11
006ed639	Unwind@006ed639	lib	_library	eh_funclets	eh	11
006ed644	Unwind@006ed644	lib	_library	eh_funclets	eh	11
006ed64f	Unwind@006ed64f	lib	_library	eh_funclets	eh	11
006ed65a	Unwind@006ed65a	lib	_library	eh_funclets	eh	11
006ed665	Unwind@006ed665	lib	_library	eh_funclets	eh	11
006ed670	Unwind@006ed670	lib	_library	eh_funclets	eh	11
006ed67b	Unwind@006ed67b	lib	_library	eh_funclets	eh	11
006ed686	Unwind@006ed686	lib	_library	eh_funclets	eh	11
006ed691	Unwind@006ed691	lib	_library	eh_funclets	eh	11
006ed69c	Unwind@006ed69c	lib	_library	eh_funclets	eh	11
006ed6a7	Unwind@006ed6a7	lib	_library	eh_funclets	eh	11
006ed6b2	Unwind@006ed6b2	lib	_library	eh_funclets	eh	11
006ed6bd	Unwind@006ed6bd	lib	_library	eh_funclets	eh	11
006ed6c8	Unwind@006ed6c8	lib	_library	eh_funclets	eh	11
006ed6d3	Unwind@006ed6d3	lib	_library	eh_funclets	eh	11
006ed6de	Unwind@006ed6de	lib	_library	eh_funclets	eh	11
006ed6e9	Unwind@006ed6e9	lib	_library	eh_funclets	eh	11
006ed6f4	Unwind@006ed6f4	lib	_library	eh_funclets	eh	11
006ed6ff	Unwind@006ed6ff	lib	_library	eh_funclets	eh	11
006ed70a	Unwind@006ed70a	lib	_library	eh_funclets	eh	11
006ed715	Unwind@006ed715	lib	_library	eh_funclets	eh	11
006ed720	Unwind@006ed720	lib	_library	eh_funclets	eh	11
006ed72b	Unwind@006ed72b	lib	_library	eh_funclets	eh	11
006ed736	Unwind@006ed736	lib	_library	eh_funclets	eh	11
006ed741	Unwind@006ed741	lib	_library	eh_funclets	eh	11
006ed74c	Unwind@006ed74c	lib	_library	eh_funclets	eh	11
006ed757	Unwind@006ed757	lib	_library	eh_funclets	eh	11
006ed762	Unwind@006ed762	lib	_library	eh_funclets	eh	8
006ed76a	Unwind@006ed76a	lib	_library	eh_funclets	eh	8
006ed772	Unwind@006ed772	lib	_library	eh_funclets	eh	11
006ed77d	Unwind@006ed77d	lib	_library	eh_funclets	eh	8
006ed785	Unwind@006ed785	lib	_library	eh_funclets	eh	11
006ed790	Unwind@006ed790	lib	_library	eh_funclets	eh	11
006ed79b	Unwind@006ed79b	lib	_library	eh_funclets	eh	11
006ed7a6	Unwind@006ed7a6	lib	_library	eh_funclets	eh	11
006ed7b1	Unwind@006ed7b1	lib	_library	eh_funclets	eh	11
006ed7bc	Unwind@006ed7bc	lib	_library	eh_funclets	eh	11
006ed7c7	Unwind@006ed7c7	lib	_library	eh_funclets	eh	11
006ed7d2	Unwind@006ed7d2	lib	_library	eh_funclets	eh	11
006ed7dd	Unwind@006ed7dd	lib	_library	eh_funclets	eh	11
006ed7e8	Unwind@006ed7e8	lib	_library	eh_funclets	eh	11
006ed7f3	Unwind@006ed7f3	lib	_library	eh_funclets	eh	11
006ed7fe	Unwind@006ed7fe	lib	_library	eh_funclets	eh	11
006ed809	Unwind@006ed809	lib	_library	eh_funclets	eh	11
006ed814	Unwind@006ed814	lib	_library	eh_funclets	eh	11
006ed81f	Unwind@006ed81f	lib	_library	eh_funclets	eh	11
006ed82a	Unwind@006ed82a	lib	_library	eh_funclets	eh	11
006ed835	Unwind@006ed835	lib	_library	eh_funclets	eh	11
006ed840	Unwind@006ed840	lib	_library	eh_funclets	eh	11
006ed84b	Unwind@006ed84b	lib	_library	eh_funclets	eh	11
006ed856	Unwind@006ed856	lib	_library	eh_funclets	eh	11
006ed861	Unwind@006ed861	lib	_library	eh_funclets	eh	11
006ed86c	Unwind@006ed86c	lib	_library	eh_funclets	eh	11
006ed877	Unwind@006ed877	lib	_library	eh_funclets	eh	11
006ed882	Unwind@006ed882	lib	_library	eh_funclets	eh	11
006ed88d	Unwind@006ed88d	lib	_library	eh_funclets	eh	11
006ed898	Unwind@006ed898	lib	_library	eh_funclets	eh	11
006ed8a3	Unwind@006ed8a3	lib	_library	eh_funclets	eh	11
006ed8ae	Unwind@006ed8ae	lib	_library	eh_funclets	eh	11
006ed8b9	Unwind@006ed8b9	lib	_library	eh_funclets	eh	11
006ed8c4	Unwind@006ed8c4	lib	_library	eh_funclets	eh	11
006ed8cf	Unwind@006ed8cf	lib	_library	eh_funclets	eh	11
006ed8da	Unwind@006ed8da	lib	_library	eh_funclets	eh	11
006ed8e5	Unwind@006ed8e5	lib	_library	eh_funclets	eh	11
006ed8f0	Unwind@006ed8f0	lib	_library	eh_funclets	eh	11
006ed8fb	Unwind@006ed8fb	lib	_library	eh_funclets	eh	11
006ed906	Unwind@006ed906	lib	_library	eh_funclets	eh	11
006ed911	Unwind@006ed911	lib	_library	eh_funclets	eh	11
006ed91c	Unwind@006ed91c	lib	_library	eh_funclets	eh	11
006ed927	Unwind@006ed927	lib	_library	eh_funclets	eh	11
006ed932	Unwind@006ed932	lib	_library	eh_funclets	eh	11
006ed93d	Unwind@006ed93d	lib	_library	eh_funclets	eh	11
006ed948	Unwind@006ed948	lib	_library	eh_funclets	eh	11
006ed953	Unwind@006ed953	lib	_library	eh_funclets	eh	11
006ed95e	Unwind@006ed95e	lib	_library	eh_funclets	eh	11
006ed969	Unwind@006ed969	lib	_library	eh_funclets	eh	11
006ed974	Unwind@006ed974	lib	_library	eh_funclets	eh	11
006ed97f	Unwind@006ed97f	lib	_library	eh_funclets	eh	11
006ed98a	Unwind@006ed98a	lib	_library	eh_funclets	eh	11
006ed995	Unwind@006ed995	lib	_library	eh_funclets	eh	11
006ed9a0	Unwind@006ed9a0	lib	_library	eh_funclets	eh	11
006ed9ab	Unwind@006ed9ab	lib	_library	eh_funclets	eh	11
006ed9b6	Unwind@006ed9b6	lib	_library	eh_funclets	eh	11
006ed9c1	Unwind@006ed9c1	lib	_library	eh_funclets	eh	11
006ed9cc	Unwind@006ed9cc	lib	_library	eh_funclets	eh	11
006ed9d7	Unwind@006ed9d7	lib	_library	eh_funclets	eh	11
006ed9e2	Unwind@006ed9e2	lib	_library	eh_funclets	eh	11
006ed9ed	Unwind@006ed9ed	lib	_library	eh_funclets	eh	11
006ed9f8	Unwind@006ed9f8	lib	_library	eh_funclets	eh	11
006eda03	Unwind@006eda03	lib	_library	eh_funclets	eh	11
006eda0e	Unwind@006eda0e	lib	_library	eh_funclets	eh	11
006eda19	Unwind@006eda19	lib	_library	eh_funclets	eh	11
006eda24	Unwind@006eda24	lib	_library	eh_funclets	eh	11
006eda2f	Unwind@006eda2f	lib	_library	eh_funclets	eh	11
006eda3a	Unwind@006eda3a	lib	_library	eh_funclets	eh	11
006eda45	Unwind@006eda45	lib	_library	eh_funclets	eh	11
006eda50	Unwind@006eda50	lib	_library	eh_funclets	eh	11
006eda5b	Unwind@006eda5b	lib	_library	eh_funclets	eh	11
006eda66	Unwind@006eda66	lib	_library	eh_funclets	eh	11
006eda71	Unwind@006eda71	lib	_library	eh_funclets	eh	11
006eda7c	Unwind@006eda7c	lib	_library	eh_funclets	eh	11
006eda87	Unwind@006eda87	lib	_library	eh_funclets	eh	11
006eda92	Unwind@006eda92	lib	_library	eh_funclets	eh	11
006eda9d	Unwind@006eda9d	lib	_library	eh_funclets	eh	11
006edaa8	Unwind@006edaa8	lib	_library	eh_funclets	eh	11
006edab3	Unwind@006edab3	lib	_library	eh_funclets	eh	11
006edabe	Unwind@006edabe	lib	_library	eh_funclets	eh	11
006edac9	Unwind@006edac9	lib	_library	eh_funclets	eh	11
006edad4	Unwind@006edad4	lib	_library	eh_funclets	eh	11
006edadf	Unwind@006edadf	lib	_library	eh_funclets	eh	11
006edaea	Unwind@006edaea	lib	_library	eh_funclets	eh	11
006edaf5	Unwind@006edaf5	lib	_library	eh_funclets	eh	11
006edb00	Unwind@006edb00	lib	_library	eh_funclets	eh	11
006edb0b	Unwind@006edb0b	lib	_library	eh_funclets	eh	11
006edb16	Unwind@006edb16	lib	_library	eh_funclets	eh	11
006edb21	Unwind@006edb21	lib	_library	eh_funclets	eh	11
006edb2c	Unwind@006edb2c	lib	_library	eh_funclets	eh	11
006edb37	Unwind@006edb37	lib	_library	eh_funclets	eh	11
006edb42	Unwind@006edb42	lib	_library	eh_funclets	eh	11
006edb4d	Unwind@006edb4d	lib	_library	eh_funclets	eh	11
006edb58	Unwind@006edb58	lib	_library	eh_funclets	eh	11
006edb63	Unwind@006edb63	lib	_library	eh_funclets	eh	11
006edb6e	Unwind@006edb6e	lib	_library	eh_funclets	eh	11
006edb79	Unwind@006edb79	lib	_library	eh_funclets	eh	11
006edb84	Unwind@006edb84	lib	_library	eh_funclets	eh	11
006edb8f	Unwind@006edb8f	lib	_library	eh_funclets	eh	11
006edb9a	Unwind@006edb9a	lib	_library	eh_funclets	eh	11
006edba5	Unwind@006edba5	lib	_library	eh_funclets	eh	11
006edbb0	Unwind@006edbb0	lib	_library	eh_funclets	eh	11
006edbbb	Unwind@006edbbb	lib	_library	eh_funclets	eh	11
006edbc6	Unwind@006edbc6	lib	_library	eh_funclets	eh	11
006edbd1	Unwind@006edbd1	lib	_library	eh_funclets	eh	11
006edbdc	Unwind@006edbdc	lib	_library	eh_funclets	eh	11
006edbe7	Unwind@006edbe7	lib	_library	eh_funclets	eh	11
006edbf2	Unwind@006edbf2	lib	_library	eh_funclets	eh	11
006edbfd	Unwind@006edbfd	lib	_library	eh_funclets	eh	11
006edc08	Unwind@006edc08	lib	_library	eh_funclets	eh	11
006edc13	Unwind@006edc13	lib	_library	eh_funclets	eh	11
006edc1e	Unwind@006edc1e	lib	_library	eh_funclets	eh	11
006edc29	Unwind@006edc29	lib	_library	eh_funclets	eh	11
006edc34	Unwind@006edc34	lib	_library	eh_funclets	eh	11
006edc3f	Unwind@006edc3f	lib	_library	eh_funclets	eh	11
006edc4a	Unwind@006edc4a	lib	_library	eh_funclets	eh	11
006edc55	Unwind@006edc55	lib	_library	eh_funclets	eh	11
006edc60	Unwind@006edc60	lib	_library	eh_funclets	eh	11
006edc6b	Unwind@006edc6b	lib	_library	eh_funclets	eh	11
006edc76	Unwind@006edc76	lib	_library	eh_funclets	eh	11
006edc81	Unwind@006edc81	lib	_library	eh_funclets	eh	11
006edc8c	Unwind@006edc8c	lib	_library	eh_funclets	eh	11
006edc97	Unwind@006edc97	lib	_library	eh_funclets	eh	11
006edca2	Unwind@006edca2	lib	_library	eh_funclets	eh	11
006edcad	Unwind@006edcad	lib	_library	eh_funclets	eh	11
006edcb8	Unwind@006edcb8	lib	_library	eh_funclets	eh	11
006edcc3	Unwind@006edcc3	lib	_library	eh_funclets	eh	11
006edcce	Unwind@006edcce	lib	_library	eh_funclets	eh	11
006edcd9	Unwind@006edcd9	lib	_library	eh_funclets	eh	11
006edce4	Unwind@006edce4	lib	_library	eh_funclets	eh	11
006edcef	Unwind@006edcef	lib	_library	eh_funclets	eh	11
006edcfa	Unwind@006edcfa	lib	_library	eh_funclets	eh	11
006edd05	Unwind@006edd05	lib	_library	eh_funclets	eh	11
006edd10	Unwind@006edd10	lib	_library	eh_funclets	eh	11
006edd1b	Unwind@006edd1b	lib	_library	eh_funclets	eh	11
006edd26	Unwind@006edd26	lib	_library	eh_funclets	eh	11
006edd31	Unwind@006edd31	lib	_library	eh_funclets	eh	11
006edd3c	Unwind@006edd3c	lib	_library	eh_funclets	eh	11
006edd47	Unwind@006edd47	lib	_library	eh_funclets	eh	11
006edd52	Unwind@006edd52	lib	_library	eh_funclets	eh	11
006edd5d	Unwind@006edd5d	lib	_library	eh_funclets	eh	11
006edd68	Unwind@006edd68	lib	_library	eh_funclets	eh	11
006edd73	Unwind@006edd73	lib	_library	eh_funclets	eh	11
006edd7e	Unwind@006edd7e	lib	_library	eh_funclets	eh	11
006edd89	Unwind@006edd89	lib	_library	eh_funclets	eh	11
006edd94	Unwind@006edd94	lib	_library	eh_funclets	eh	11
006edd9f	Unwind@006edd9f	lib	_library	eh_funclets	eh	11
006eddaa	Unwind@006eddaa	lib	_library	eh_funclets	eh	11
006eddb5	Unwind@006eddb5	lib	_library	eh_funclets	eh	11
006eddc0	Unwind@006eddc0	lib	_library	eh_funclets	eh	11
006eddcb	Unwind@006eddcb	lib	_library	eh_funclets	eh	11
006eddd6	Unwind@006eddd6	lib	_library	eh_funclets	eh	11
006edde1	Unwind@006edde1	lib	_library	eh_funclets	eh	11
006eddec	Unwind@006eddec	lib	_library	eh_funclets	eh	11
006eddf7	Unwind@006eddf7	lib	_library	eh_funclets	eh	11
006ede02	Unwind@006ede02	lib	_library	eh_funclets	eh	11
006ede0d	Unwind@006ede0d	lib	_library	eh_funclets	eh	11
006ede18	Unwind@006ede18	lib	_library	eh_funclets	eh	11
006ede23	Unwind@006ede23	lib	_library	eh_funclets	eh	11
006ede2e	Unwind@006ede2e	lib	_library	eh_funclets	eh	11
006ede39	Unwind@006ede39	lib	_library	eh_funclets	eh	11
006ede44	Unwind@006ede44	lib	_library	eh_funclets	eh	11
006ede4f	Unwind@006ede4f	lib	_library	eh_funclets	eh	11
006ede5a	Unwind@006ede5a	lib	_library	eh_funclets	eh	11
006ede65	Unwind@006ede65	lib	_library	eh_funclets	eh	11
006ede70	Unwind@006ede70	lib	_library	eh_funclets	eh	11
006ede7b	Unwind@006ede7b	lib	_library	eh_funclets	eh	11
006ede86	Unwind@006ede86	lib	_library	eh_funclets	eh	11
006ede91	Unwind@006ede91	lib	_library	eh_funclets	eh	11
006ede9c	Unwind@006ede9c	lib	_library	eh_funclets	eh	11
006edea7	Unwind@006edea7	lib	_library	eh_funclets	eh	11
006edeb2	Unwind@006edeb2	lib	_library	eh_funclets	eh	11
006edebd	Unwind@006edebd	lib	_library	eh_funclets	eh	11
006edec8	Unwind@006edec8	lib	_library	eh_funclets	eh	11
006eded3	Unwind@006eded3	lib	_library	eh_funclets	eh	11
006edede	Unwind@006edede	lib	_library	eh_funclets	eh	11
006edee9	Unwind@006edee9	lib	_library	eh_funclets	eh	11
006edef4	Unwind@006edef4	lib	_library	eh_funclets	eh	11
006edeff	Unwind@006edeff	lib	_library	eh_funclets	eh	11
006edf0a	Unwind@006edf0a	lib	_library	eh_funclets	eh	11
006edf15	Unwind@006edf15	lib	_library	eh_funclets	eh	11
006edf20	Unwind@006edf20	lib	_library	eh_funclets	eh	11
006edf2b	Unwind@006edf2b	lib	_library	eh_funclets	eh	11
006edf36	Unwind@006edf36	lib	_library	eh_funclets	eh	11
006edf41	Unwind@006edf41	lib	_library	eh_funclets	eh	11
006edf4c	Unwind@006edf4c	lib	_library	eh_funclets	eh	11
006edf57	Unwind@006edf57	lib	_library	eh_funclets	eh	11
006edf62	Unwind@006edf62	lib	_library	eh_funclets	eh	11
006edf6d	Unwind@006edf6d	lib	_library	eh_funclets	eh	11
006edf78	Unwind@006edf78	lib	_library	eh_funclets	eh	11
006edf83	Unwind@006edf83	lib	_library	eh_funclets	eh	11
006edf8e	Unwind@006edf8e	lib	_library	eh_funclets	eh	11
006edf99	Unwind@006edf99	lib	_library	eh_funclets	eh	11
006edfa4	Unwind@006edfa4	lib	_library	eh_funclets	eh	11
006edfaf	Unwind@006edfaf	lib	_library	eh_funclets	eh	11
006edfba	Unwind@006edfba	lib	_library	eh_funclets	eh	11
006edfc5	Unwind@006edfc5	lib	_library	eh_funclets	eh	11
006edfd0	Unwind@006edfd0	lib	_library	eh_funclets	eh	11
006edfdb	Unwind@006edfdb	lib	_library	eh_funclets	eh	11
006edfe6	Unwind@006edfe6	lib	_library	eh_funclets	eh	11
006edff1	Unwind@006edff1	lib	_library	eh_funclets	eh	11
006edffc	Unwind@006edffc	lib	_library	eh_funclets	eh	11
006ee007	Unwind@006ee007	lib	_library	eh_funclets	eh	11
006ee012	Unwind@006ee012	lib	_library	eh_funclets	eh	11
006ee01d	Unwind@006ee01d	lib	_library	eh_funclets	eh	11
006ee028	Unwind@006ee028	lib	_library	eh_funclets	eh	11
006ee033	Unwind@006ee033	lib	_library	eh_funclets	eh	11
006ee03e	Unwind@006ee03e	lib	_library	eh_funclets	eh	11
006ee049	Unwind@006ee049	lib	_library	eh_funclets	eh	11
006ee054	Unwind@006ee054	lib	_library	eh_funclets	eh	11
006ee05f	Unwind@006ee05f	lib	_library	eh_funclets	eh	11
006ee06a	Unwind@006ee06a	lib	_library	eh_funclets	eh	11
006ee075	Unwind@006ee075	lib	_library	eh_funclets	eh	11
006ee080	Unwind@006ee080	lib	_library	eh_funclets	eh	11
006ee08b	Unwind@006ee08b	lib	_library	eh_funclets	eh	11
006ee096	Unwind@006ee096	lib	_library	eh_funclets	eh	11
006ee0a1	Unwind@006ee0a1	lib	_library	eh_funclets	eh	11
006ee0ac	Unwind@006ee0ac	lib	_library	eh_funclets	eh	11
006ee0b7	Unwind@006ee0b7	lib	_library	eh_funclets	eh	11
006ee0c2	Unwind@006ee0c2	lib	_library	eh_funclets	eh	11
006ee0cd	Unwind@006ee0cd	lib	_library	eh_funclets	eh	11
006ee0d8	Unwind@006ee0d8	lib	_library	eh_funclets	eh	11
006ee0e3	Unwind@006ee0e3	lib	_library	eh_funclets	eh	11
006ee0ee	Unwind@006ee0ee	lib	_library	eh_funclets	eh	11
006ee0f9	Unwind@006ee0f9	lib	_library	eh_funclets	eh	11
006ee104	Unwind@006ee104	lib	_library	eh_funclets	eh	11
006ee10f	Unwind@006ee10f	lib	_library	eh_funclets	eh	11
006ee11a	Unwind@006ee11a	lib	_library	eh_funclets	eh	11
006ee125	Unwind@006ee125	lib	_library	eh_funclets	eh	11
006ee130	Unwind@006ee130	lib	_library	eh_funclets	eh	11
006ee13b	Unwind@006ee13b	lib	_library	eh_funclets	eh	11
006ee146	Unwind@006ee146	lib	_library	eh_funclets	eh	11
006ee151	Unwind@006ee151	lib	_library	eh_funclets	eh	11
006ee15c	Unwind@006ee15c	lib	_library	eh_funclets	eh	11
006ee167	Unwind@006ee167	lib	_library	eh_funclets	eh	11
006ee172	Unwind@006ee172	lib	_library	eh_funclets	eh	11
006ee17d	Unwind@006ee17d	lib	_library	eh_funclets	eh	11
006ee188	Unwind@006ee188	lib	_library	eh_funclets	eh	11
006ee193	Unwind@006ee193	lib	_library	eh_funclets	eh	11
006ee19e	Unwind@006ee19e	lib	_library	eh_funclets	eh	11
006ee1a9	Unwind@006ee1a9	lib	_library	eh_funclets	eh	11
006ee1b4	Unwind@006ee1b4	lib	_library	eh_funclets	eh	11
006ee1bf	Unwind@006ee1bf	lib	_library	eh_funclets	eh	11
006ee1ca	Unwind@006ee1ca	lib	_library	eh_funclets	eh	11
006ee1d5	Unwind@006ee1d5	lib	_library	eh_funclets	eh	11
006ee1e0	Unwind@006ee1e0	lib	_library	eh_funclets	eh	11
006ee1eb	Unwind@006ee1eb	lib	_library	eh_funclets	eh	11
006ee1f6	Unwind@006ee1f6	lib	_library	eh_funclets	eh	11
006ee201	Unwind@006ee201	lib	_library	eh_funclets	eh	11
006ee20c	Unwind@006ee20c	lib	_library	eh_funclets	eh	11
006ee217	Unwind@006ee217	lib	_library	eh_funclets	eh	11
006ee222	Unwind@006ee222	lib	_library	eh_funclets	eh	11
006ee22d	Unwind@006ee22d	lib	_library	eh_funclets	eh	11
006ee238	Unwind@006ee238	lib	_library	eh_funclets	eh	11
006ee243	Unwind@006ee243	lib	_library	eh_funclets	eh	11
006ee24e	Unwind@006ee24e	lib	_library	eh_funclets	eh	11
006ee259	Unwind@006ee259	lib	_library	eh_funclets	eh	11
006ee264	Unwind@006ee264	lib	_library	eh_funclets	eh	11
006ee26f	Unwind@006ee26f	lib	_library	eh_funclets	eh	11
006ee27a	Unwind@006ee27a	lib	_library	eh_funclets	eh	11
006ee285	Unwind@006ee285	lib	_library	eh_funclets	eh	11
006ee290	Unwind@006ee290	lib	_library	eh_funclets	eh	11
006ee29b	Unwind@006ee29b	lib	_library	eh_funclets	eh	11
006ee2a6	Unwind@006ee2a6	lib	_library	eh_funclets	eh	11
006ee2b1	Unwind@006ee2b1	lib	_library	eh_funclets	eh	11
006ee2bc	Unwind@006ee2bc	lib	_library	eh_funclets	eh	11
006ee2c7	Unwind@006ee2c7	lib	_library	eh_funclets	eh	11
006ee2d2	Unwind@006ee2d2	lib	_library	eh_funclets	eh	11
006ee2dd	Unwind@006ee2dd	lib	_library	eh_funclets	eh	11
006ee2e8	Unwind@006ee2e8	lib	_library	eh_funclets	eh	11
006ee2f3	Unwind@006ee2f3	lib	_library	eh_funclets	eh	11
006ee2fe	Unwind@006ee2fe	lib	_library	eh_funclets	eh	11
006ee309	Unwind@006ee309	lib	_library	eh_funclets	eh	11
006ee314	Unwind@006ee314	lib	_library	eh_funclets	eh	11
006ee31f	Unwind@006ee31f	lib	_library	eh_funclets	eh	11
006ee32a	Unwind@006ee32a	lib	_library	eh_funclets	eh	11
006ee335	Unwind@006ee335	lib	_library	eh_funclets	eh	11
006ee340	Unwind@006ee340	lib	_library	eh_funclets	eh	11
006ee34b	Unwind@006ee34b	lib	_library	eh_funclets	eh	11
006ee356	Unwind@006ee356	lib	_library	eh_funclets	eh	11
006ee361	Unwind@006ee361	lib	_library	eh_funclets	eh	11
006ee36c	Unwind@006ee36c	lib	_library	eh_funclets	eh	11
006ee377	Unwind@006ee377	lib	_library	eh_funclets	eh	11
006ee382	Unwind@006ee382	lib	_library	eh_funclets	eh	11
006ee38d	Unwind@006ee38d	lib	_library	eh_funclets	eh	11
006ee398	Unwind@006ee398	lib	_library	eh_funclets	eh	11
006ee3a3	Unwind@006ee3a3	lib	_library	eh_funclets	eh	11
006ee3ae	Unwind@006ee3ae	lib	_library	eh_funclets	eh	11
006ee3b9	Unwind@006ee3b9	lib	_library	eh_funclets	eh	11
006ee3c4	Unwind@006ee3c4	lib	_library	eh_funclets	eh	11
006ee3cf	Unwind@006ee3cf	lib	_library	eh_funclets	eh	11
006ee3da	Unwind@006ee3da	lib	_library	eh_funclets	eh	11
006ee3e5	Unwind@006ee3e5	lib	_library	eh_funclets	eh	11
006ee3f0	Unwind@006ee3f0	lib	_library	eh_funclets	eh	11
006ee3fb	Unwind@006ee3fb	lib	_library	eh_funclets	eh	11
006ee406	Unwind@006ee406	lib	_library	eh_funclets	eh	11
006ee411	Unwind@006ee411	lib	_library	eh_funclets	eh	11
006ee41c	Unwind@006ee41c	lib	_library	eh_funclets	eh	11
006ee427	Unwind@006ee427	lib	_library	eh_funclets	eh	11
006ee432	Unwind@006ee432	lib	_library	eh_funclets	eh	11
006ee43d	Unwind@006ee43d	lib	_library	eh_funclets	eh	11
006ee448	Unwind@006ee448	lib	_library	eh_funclets	eh	11
006ee453	Unwind@006ee453	lib	_library	eh_funclets	eh	11
006ee45e	Unwind@006ee45e	lib	_library	eh_funclets	eh	11
006ee469	Unwind@006ee469	lib	_library	eh_funclets	eh	11
006ee474	Unwind@006ee474	lib	_library	eh_funclets	eh	11
006ee47f	Unwind@006ee47f	lib	_library	eh_funclets	eh	11
006ee48a	Unwind@006ee48a	lib	_library	eh_funclets	eh	11
006ee495	Unwind@006ee495	lib	_library	eh_funclets	eh	11
006ee4a0	Unwind@006ee4a0	lib	_library	eh_funclets	eh	11
006ee4ab	Unwind@006ee4ab	lib	_library	eh_funclets	eh	11
006ee4b6	Unwind@006ee4b6	lib	_library	eh_funclets	eh	11
006ee4c1	Unwind@006ee4c1	lib	_library	eh_funclets	eh	11
006ee4cc	Unwind@006ee4cc	lib	_library	eh_funclets	eh	11
006ee4d7	Unwind@006ee4d7	lib	_library	eh_funclets	eh	11
006ee4e2	Unwind@006ee4e2	lib	_library	eh_funclets	eh	11
006ee4ed	Unwind@006ee4ed	lib	_library	eh_funclets	eh	11
006ee4f8	Unwind@006ee4f8	lib	_library	eh_funclets	eh	11
006ee503	Unwind@006ee503	lib	_library	eh_funclets	eh	11
006ee50e	Unwind@006ee50e	lib	_library	eh_funclets	eh	11
006ee519	Unwind@006ee519	lib	_library	eh_funclets	eh	11
006ee524	Unwind@006ee524	lib	_library	eh_funclets	eh	11
006ee52f	Unwind@006ee52f	lib	_library	eh_funclets	eh	11
006ee53a	Unwind@006ee53a	lib	_library	eh_funclets	eh	11
006ee545	Unwind@006ee545	lib	_library	eh_funclets	eh	11
006ee550	Unwind@006ee550	lib	_library	eh_funclets	eh	11
006ee55b	Unwind@006ee55b	lib	_library	eh_funclets	eh	11
006ee566	Unwind@006ee566	lib	_library	eh_funclets	eh	11
006ee571	Unwind@006ee571	lib	_library	eh_funclets	eh	11
006ee57c	Unwind@006ee57c	lib	_library	eh_funclets	eh	11
006ee587	Unwind@006ee587	lib	_library	eh_funclets	eh	11
006ee592	Unwind@006ee592	lib	_library	eh_funclets	eh	11
006ee59d	Unwind@006ee59d	lib	_library	eh_funclets	eh	11
006ee5a8	Unwind@006ee5a8	lib	_library	eh_funclets	eh	11
006ee5b3	Unwind@006ee5b3	lib	_library	eh_funclets	eh	11
006ee5be	Unwind@006ee5be	lib	_library	eh_funclets	eh	11
006ee5c9	Unwind@006ee5c9	lib	_library	eh_funclets	eh	11
006ee5d4	Unwind@006ee5d4	lib	_library	eh_funclets	eh	11
006ee5df	Unwind@006ee5df	lib	_library	eh_funclets	eh	11
006ee5ea	Unwind@006ee5ea	lib	_library	eh_funclets	eh	11
006ee5f5	Unwind@006ee5f5	lib	_library	eh_funclets	eh	11
006ee600	Unwind@006ee600	lib	_library	eh_funclets	eh	11
006ee60b	Unwind@006ee60b	lib	_library	eh_funclets	eh	11
006ee616	Unwind@006ee616	lib	_library	eh_funclets	eh	11
006ee621	Unwind@006ee621	lib	_library	eh_funclets	eh	11
006ee62c	Unwind@006ee62c	lib	_library	eh_funclets	eh	11
006ee637	Unwind@006ee637	lib	_library	eh_funclets	eh	11
006ee642	Unwind@006ee642	lib	_library	eh_funclets	eh	11
006ee64d	Unwind@006ee64d	lib	_library	eh_funclets	eh	11
006ee658	Unwind@006ee658	lib	_library	eh_funclets	eh	11
006ee663	Unwind@006ee663	lib	_library	eh_funclets	eh	11
006ee66e	Unwind@006ee66e	lib	_library	eh_funclets	eh	11
006ee679	Unwind@006ee679	lib	_library	eh_funclets	eh	11
006ee684	Unwind@006ee684	lib	_library	eh_funclets	eh	11
006ee68f	Unwind@006ee68f	lib	_library	eh_funclets	eh	11
006ee69a	Unwind@006ee69a	lib	_library	eh_funclets	eh	11
006ee6a5	Unwind@006ee6a5	lib	_library	eh_funclets	eh	11
006ee6b0	Unwind@006ee6b0	lib	_library	eh_funclets	eh	11
006ee6bb	Unwind@006ee6bb	lib	_library	eh_funclets	eh	11
006ee6c6	Unwind@006ee6c6	lib	_library	eh_funclets	eh	11
006ee6d1	Unwind@006ee6d1	lib	_library	eh_funclets	eh	11
006ee6dc	Unwind@006ee6dc	lib	_library	eh_funclets	eh	11
006ee6e7	Unwind@006ee6e7	lib	_library	eh_funclets	eh	11
006ee6f2	Unwind@006ee6f2	lib	_library	eh_funclets	eh	11
006ee6fd	Unwind@006ee6fd	lib	_library	eh_funclets	eh	11
006ee708	Unwind@006ee708	lib	_library	eh_funclets	eh	11
006ee713	Unwind@006ee713	lib	_library	eh_funclets	eh	11
006ee71e	Unwind@006ee71e	lib	_library	eh_funclets	eh	11
006ee729	Unwind@006ee729	lib	_library	eh_funclets	eh	11
006ee734	Unwind@006ee734	lib	_library	eh_funclets	eh	11
006ee73f	Unwind@006ee73f	lib	_library	eh_funclets	eh	11
006ee74a	Unwind@006ee74a	lib	_library	eh_funclets	eh	11
006ee755	Unwind@006ee755	lib	_library	eh_funclets	eh	11
006ee760	Unwind@006ee760	lib	_library	eh_funclets	eh	11
006ee76b	Unwind@006ee76b	lib	_library	eh_funclets	eh	11
006ee776	Unwind@006ee776	lib	_library	eh_funclets	eh	11
006ee781	Unwind@006ee781	lib	_library	eh_funclets	eh	11
006ee78c	Unwind@006ee78c	lib	_library	eh_funclets	eh	11
006ee797	Unwind@006ee797	lib	_library	eh_funclets	eh	11
006ee7a2	Unwind@006ee7a2	lib	_library	eh_funclets	eh	11
006ee7ad	Unwind@006ee7ad	lib	_library	eh_funclets	eh	11
006ee7b8	Unwind@006ee7b8	lib	_library	eh_funclets	eh	11
006ee7c3	Unwind@006ee7c3	lib	_library	eh_funclets	eh	11
006ee7ce	Unwind@006ee7ce	lib	_library	eh_funclets	eh	11
006ee7d9	Unwind@006ee7d9	lib	_library	eh_funclets	eh	11
006ee7e4	Unwind@006ee7e4	lib	_library	eh_funclets	eh	11
006ee7ef	Unwind@006ee7ef	lib	_library	eh_funclets	eh	11
006ee7fa	Unwind@006ee7fa	lib	_library	eh_funclets	eh	11
006ee805	Unwind@006ee805	lib	_library	eh_funclets	eh	11
006ee810	Unwind@006ee810	lib	_library	eh_funclets	eh	11
006ee81b	Unwind@006ee81b	lib	_library	eh_funclets	eh	11
006ee826	Unwind@006ee826	lib	_library	eh_funclets	eh	11
006ee831	Unwind@006ee831	lib	_library	eh_funclets	eh	11
006ee83c	Unwind@006ee83c	lib	_library	eh_funclets	eh	11
006ee847	Unwind@006ee847	lib	_library	eh_funclets	eh	11
006ee852	Unwind@006ee852	lib	_library	eh_funclets	eh	11
006ee85d	Unwind@006ee85d	lib	_library	eh_funclets	eh	11
006ee868	Unwind@006ee868	lib	_library	eh_funclets	eh	11
006ee873	Unwind@006ee873	lib	_library	eh_funclets	eh	11
006ee87e	Unwind@006ee87e	lib	_library	eh_funclets	eh	11
006ee889	Unwind@006ee889	lib	_library	eh_funclets	eh	11
006ee894	Unwind@006ee894	lib	_library	eh_funclets	eh	11
006ee89f	Unwind@006ee89f	lib	_library	eh_funclets	eh	11
006ee8aa	Unwind@006ee8aa	lib	_library	eh_funclets	eh	11
006ee8b5	Unwind@006ee8b5	lib	_library	eh_funclets	eh	11
006ee8c0	Unwind@006ee8c0	lib	_library	eh_funclets	eh	11
006ee8cb	Unwind@006ee8cb	lib	_library	eh_funclets	eh	11
006ee8d6	Unwind@006ee8d6	lib	_library	eh_funclets	eh	11
006ee8e1	Unwind@006ee8e1	lib	_library	eh_funclets	eh	11
006ee8ec	Unwind@006ee8ec	lib	_library	eh_funclets	eh	11
006ee8f7	Unwind@006ee8f7	lib	_library	eh_funclets	eh	11
006ee902	Unwind@006ee902	lib	_library	eh_funclets	eh	11
006ee90d	Unwind@006ee90d	lib	_library	eh_funclets	eh	11
006ee918	Unwind@006ee918	lib	_library	eh_funclets	eh	11
006ee923	Unwind@006ee923	lib	_library	eh_funclets	eh	11
006ee92e	Unwind@006ee92e	lib	_library	eh_funclets	eh	11
006ee939	Unwind@006ee939	lib	_library	eh_funclets	eh	11
006ee944	Unwind@006ee944	lib	_library	eh_funclets	eh	11
006ee94f	Unwind@006ee94f	lib	_library	eh_funclets	eh	11
006ee95a	Unwind@006ee95a	lib	_library	eh_funclets	eh	11
006ee965	Unwind@006ee965	lib	_library	eh_funclets	eh	11
006ee970	Unwind@006ee970	lib	_library	eh_funclets	eh	11
006ee97b	Unwind@006ee97b	lib	_library	eh_funclets	eh	11
006ee986	Unwind@006ee986	lib	_library	eh_funclets	eh	11
006ee991	Unwind@006ee991	lib	_library	eh_funclets	eh	11
006ee99c	Unwind@006ee99c	lib	_library	eh_funclets	eh	11
006ee9a7	Unwind@006ee9a7	lib	_library	eh_funclets	eh	11
006ee9b2	Unwind@006ee9b2	lib	_library	eh_funclets	eh	11
006ee9bd	Unwind@006ee9bd	lib	_library	eh_funclets	eh	11
006ee9c8	Unwind@006ee9c8	lib	_library	eh_funclets	eh	11
006ee9d3	Unwind@006ee9d3	lib	_library	eh_funclets	eh	11
006ee9de	Unwind@006ee9de	lib	_library	eh_funclets	eh	11
006ee9e9	Unwind@006ee9e9	lib	_library	eh_funclets	eh	11
006ee9f4	Unwind@006ee9f4	lib	_library	eh_funclets	eh	11
006ee9ff	Unwind@006ee9ff	lib	_library	eh_funclets	eh	11
006eea0a	Unwind@006eea0a	lib	_library	eh_funclets	eh	11
006eea15	Unwind@006eea15	lib	_library	eh_funclets	eh	11
006eea20	Unwind@006eea20	lib	_library	eh_funclets	eh	11
006eea2b	Unwind@006eea2b	lib	_library	eh_funclets	eh	11
006eea36	Unwind@006eea36	lib	_library	eh_funclets	eh	11
006eea41	Unwind@006eea41	lib	_library	eh_funclets	eh	11
006eea4c	Unwind@006eea4c	lib	_library	eh_funclets	eh	11
006eea57	Unwind@006eea57	lib	_library	eh_funclets	eh	11
006eea62	Unwind@006eea62	lib	_library	eh_funclets	eh	11
006eea6d	Unwind@006eea6d	lib	_library	eh_funclets	eh	11
006eea78	Unwind@006eea78	lib	_library	eh_funclets	eh	11
006eea83	Unwind@006eea83	lib	_library	eh_funclets	eh	11
006eea8e	Unwind@006eea8e	lib	_library	eh_funclets	eh	11
006eea99	Unwind@006eea99	lib	_library	eh_funclets	eh	11
006eeaa4	Unwind@006eeaa4	lib	_library	eh_funclets	eh	11
006eeaaf	Unwind@006eeaaf	lib	_library	eh_funclets	eh	11
006eeaba	Unwind@006eeaba	lib	_library	eh_funclets	eh	11
006eeac5	Unwind@006eeac5	lib	_library	eh_funclets	eh	11
006eead0	Unwind@006eead0	lib	_library	eh_funclets	eh	11
006eeadb	Unwind@006eeadb	lib	_library	eh_funclets	eh	11
006eeae6	Unwind@006eeae6	lib	_library	eh_funclets	eh	11
006eeaf1	Unwind@006eeaf1	lib	_library	eh_funclets	eh	11
006eeafc	Unwind@006eeafc	lib	_library	eh_funclets	eh	11
006eeb07	Unwind@006eeb07	lib	_library	eh_funclets	eh	11
006eeb12	Unwind@006eeb12	lib	_library	eh_funclets	eh	11
006eeb1d	Unwind@006eeb1d	lib	_library	eh_funclets	eh	11
006eeb28	Unwind@006eeb28	lib	_library	eh_funclets	eh	11
006eeb33	Unwind@006eeb33	lib	_library	eh_funclets	eh	11
006eeb3e	Unwind@006eeb3e	lib	_library	eh_funclets	eh	11
006eeb49	Unwind@006eeb49	lib	_library	eh_funclets	eh	11
006eeb54	Unwind@006eeb54	lib	_library	eh_funclets	eh	11
006eeb5f	Unwind@006eeb5f	lib	_library	eh_funclets	eh	11
006eeb6a	Unwind@006eeb6a	lib	_library	eh_funclets	eh	11
006eeb75	Unwind@006eeb75	lib	_library	eh_funclets	eh	11
006eeb80	Unwind@006eeb80	lib	_library	eh_funclets	eh	11
006eeb8b	Unwind@006eeb8b	lib	_library	eh_funclets	eh	11
006eeb96	Unwind@006eeb96	lib	_library	eh_funclets	eh	11
006eeba1	Unwind@006eeba1	lib	_library	eh_funclets	eh	11
006eebac	Unwind@006eebac	lib	_library	eh_funclets	eh	11
006eebb7	Unwind@006eebb7	lib	_library	eh_funclets	eh	11
006eebc2	Unwind@006eebc2	lib	_library	eh_funclets	eh	11
006eebcd	Unwind@006eebcd	lib	_library	eh_funclets	eh	11
006eebd8	Unwind@006eebd8	lib	_library	eh_funclets	eh	11
006eebe3	Unwind@006eebe3	lib	_library	eh_funclets	eh	11
006eebee	Unwind@006eebee	lib	_library	eh_funclets	eh	11
006eebf9	Unwind@006eebf9	lib	_library	eh_funclets	eh	11
006eec04	Unwind@006eec04	lib	_library	eh_funclets	eh	11
006eec0f	Unwind@006eec0f	lib	_library	eh_funclets	eh	11
006eec1a	Unwind@006eec1a	lib	_library	eh_funclets	eh	11
006eec25	Unwind@006eec25	lib	_library	eh_funclets	eh	11
006eec30	Unwind@006eec30	lib	_library	eh_funclets	eh	11
006eec3b	Unwind@006eec3b	lib	_library	eh_funclets	eh	11
006eec46	Unwind@006eec46	lib	_library	eh_funclets	eh	11
006eec51	Unwind@006eec51	lib	_library	eh_funclets	eh	11
006eec5c	Unwind@006eec5c	lib	_library	eh_funclets	eh	11
006eec67	Unwind@006eec67	lib	_library	eh_funclets	eh	11
006eec72	Unwind@006eec72	lib	_library	eh_funclets	eh	11
006eec7d	Unwind@006eec7d	lib	_library	eh_funclets	eh	11
006eec88	Unwind@006eec88	lib	_library	eh_funclets	eh	11
006eec93	Unwind@006eec93	lib	_library	eh_funclets	eh	11
006eec9e	Unwind@006eec9e	lib	_library	eh_funclets	eh	11
006eeca9	Unwind@006eeca9	lib	_library	eh_funclets	eh	11
006eecb4	Unwind@006eecb4	lib	_library	eh_funclets	eh	11
006eecbf	Unwind@006eecbf	lib	_library	eh_funclets	eh	11
006eecca	Unwind@006eecca	lib	_library	eh_funclets	eh	11
006eecd5	Unwind@006eecd5	lib	_library	eh_funclets	eh	11
006eece0	Unwind@006eece0	lib	_library	eh_funclets	eh	11
006eeceb	Unwind@006eeceb	lib	_library	eh_funclets	eh	11
006eecf6	Unwind@006eecf6	lib	_library	eh_funclets	eh	11
006eed01	Unwind@006eed01	lib	_library	eh_funclets	eh	11
006eed0c	Unwind@006eed0c	lib	_library	eh_funclets	eh	11
006eed17	Unwind@006eed17	lib	_library	eh_funclets	eh	11
006eed22	Unwind@006eed22	lib	_library	eh_funclets	eh	11
006eed2d	Unwind@006eed2d	lib	_library	eh_funclets	eh	11
006eed38	Unwind@006eed38	lib	_library	eh_funclets	eh	11
006eed43	Unwind@006eed43	lib	_library	eh_funclets	eh	11
006eed4e	Unwind@006eed4e	lib	_library	eh_funclets	eh	11
006eed59	Unwind@006eed59	lib	_library	eh_funclets	eh	11
006eed64	Unwind@006eed64	lib	_library	eh_funclets	eh	11
006eed6f	Unwind@006eed6f	lib	_library	eh_funclets	eh	11
006eed7a	Unwind@006eed7a	lib	_library	eh_funclets	eh	11
006eed85	Unwind@006eed85	lib	_library	eh_funclets	eh	11
006eed90	Unwind@006eed90	lib	_library	eh_funclets	eh	11
006eed9b	Unwind@006eed9b	lib	_library	eh_funclets	eh	11
006eeda6	Unwind@006eeda6	lib	_library	eh_funclets	eh	11
006eedb1	Unwind@006eedb1	lib	_library	eh_funclets	eh	11
006eedbc	Unwind@006eedbc	lib	_library	eh_funclets	eh	11
006eedc7	Unwind@006eedc7	lib	_library	eh_funclets	eh	11
006eedd2	Unwind@006eedd2	lib	_library	eh_funclets	eh	11
006eeddd	Unwind@006eeddd	lib	_library	eh_funclets	eh	11
006eede8	Unwind@006eede8	lib	_library	eh_funclets	eh	11
006eedf3	Unwind@006eedf3	lib	_library	eh_funclets	eh	11
006eedfe	Unwind@006eedfe	lib	_library	eh_funclets	eh	11
006eee09	Unwind@006eee09	lib	_library	eh_funclets	eh	11
006eee14	Unwind@006eee14	lib	_library	eh_funclets	eh	11
006eee1f	Unwind@006eee1f	lib	_library	eh_funclets	eh	11
006eee2a	Unwind@006eee2a	lib	_library	eh_funclets	eh	11
006eee35	Unwind@006eee35	lib	_library	eh_funclets	eh	11
006eee40	Unwind@006eee40	lib	_library	eh_funclets	eh	11
006eee4b	Unwind@006eee4b	lib	_library	eh_funclets	eh	11
006eee56	Unwind@006eee56	lib	_library	eh_funclets	eh	11
006eee61	Unwind@006eee61	lib	_library	eh_funclets	eh	11
006eee6c	Unwind@006eee6c	lib	_library	eh_funclets	eh	11
006eee77	Unwind@006eee77	lib	_library	eh_funclets	eh	11
006eee82	Unwind@006eee82	lib	_library	eh_funclets	eh	11
006eee8d	Unwind@006eee8d	lib	_library	eh_funclets	eh	11
006eee98	Unwind@006eee98	lib	_library	eh_funclets	eh	11
006eeea3	Unwind@006eeea3	lib	_library	eh_funclets	eh	11
006eeeae	Unwind@006eeeae	lib	_library	eh_funclets	eh	11
006eeeb9	Unwind@006eeeb9	lib	_library	eh_funclets	eh	11
006eeec4	Unwind@006eeec4	lib	_library	eh_funclets	eh	11
006eeecf	Unwind@006eeecf	lib	_library	eh_funclets	eh	11
006eeeda	Unwind@006eeeda	lib	_library	eh_funclets	eh	11
006eeee5	Unwind@006eeee5	lib	_library	eh_funclets	eh	11
006eeef0	Unwind@006eeef0	lib	_library	eh_funclets	eh	11
006eeefb	Unwind@006eeefb	lib	_library	eh_funclets	eh	11
006eef06	Unwind@006eef06	lib	_library	eh_funclets	eh	11
006eef11	Unwind@006eef11	lib	_library	eh_funclets	eh	11
006eef1c	Unwind@006eef1c	lib	_library	eh_funclets	eh	11
006eef27	Unwind@006eef27	lib	_library	eh_funclets	eh	11
006eef32	Unwind@006eef32	lib	_library	eh_funclets	eh	11
006eef3d	Unwind@006eef3d	lib	_library	eh_funclets	eh	11
006eef48	Unwind@006eef48	lib	_library	eh_funclets	eh	11
006eef53	Unwind@006eef53	lib	_library	eh_funclets	eh	11
006eef5e	Unwind@006eef5e	lib	_library	eh_funclets	eh	11
006eef69	Unwind@006eef69	lib	_library	eh_funclets	eh	11
006eef74	Unwind@006eef74	lib	_library	eh_funclets	eh	11
006eef7f	Unwind@006eef7f	lib	_library	eh_funclets	eh	11
006eef8a	Unwind@006eef8a	lib	_library	eh_funclets	eh	11
006eef95	Unwind@006eef95	lib	_library	eh_funclets	eh	11
006eefa0	Unwind@006eefa0	lib	_library	eh_funclets	eh	11
006eefab	Unwind@006eefab	lib	_library	eh_funclets	eh	11
006eefb6	Unwind@006eefb6	lib	_library	eh_funclets	eh	11
006eefc1	Unwind@006eefc1	lib	_library	eh_funclets	eh	11
006eefcc	Unwind@006eefcc	lib	_library	eh_funclets	eh	11
006eefd7	Unwind@006eefd7	lib	_library	eh_funclets	eh	11
006eefe2	Unwind@006eefe2	lib	_library	eh_funclets	eh	11
006eefed	Unwind@006eefed	lib	_library	eh_funclets	eh	11
006eeff8	Unwind@006eeff8	lib	_library	eh_funclets	eh	11
006ef003	Unwind@006ef003	lib	_library	eh_funclets	eh	11
006ef00e	Unwind@006ef00e	lib	_library	eh_funclets	eh	11
006ef019	Unwind@006ef019	lib	_library	eh_funclets	eh	11
006ef024	Unwind@006ef024	lib	_library	eh_funclets	eh	11
006ef02f	Unwind@006ef02f	lib	_library	eh_funclets	eh	11
006ef03a	Unwind@006ef03a	lib	_library	eh_funclets	eh	11
006ef045	Unwind@006ef045	lib	_library	eh_funclets	eh	11
006ef050	Unwind@006ef050	lib	_library	eh_funclets	eh	11
006ef05b	Unwind@006ef05b	lib	_library	eh_funclets	eh	11
006ef066	Unwind@006ef066	lib	_library	eh_funclets	eh	11
006ef071	Unwind@006ef071	lib	_library	eh_funclets	eh	11
006ef07c	Unwind@006ef07c	lib	_library	eh_funclets	eh	11
006ef087	Unwind@006ef087	lib	_library	eh_funclets	eh	11
006ef092	Unwind@006ef092	lib	_library	eh_funclets	eh	11
006ef09d	Unwind@006ef09d	lib	_library	eh_funclets	eh	11
006ef0a8	Unwind@006ef0a8	lib	_library	eh_funclets	eh	11
006ef0b3	Unwind@006ef0b3	lib	_library	eh_funclets	eh	11
006ef0be	Unwind@006ef0be	lib	_library	eh_funclets	eh	11
006ef0c9	Unwind@006ef0c9	lib	_library	eh_funclets	eh	11
006ef0d4	Unwind@006ef0d4	lib	_library	eh_funclets	eh	11
006ef0df	Unwind@006ef0df	lib	_library	eh_funclets	eh	11
006ef0ea	Unwind@006ef0ea	lib	_library	eh_funclets	eh	11
006ef0f5	Unwind@006ef0f5	lib	_library	eh_funclets	eh	11
006ef100	Unwind@006ef100	lib	_library	eh_funclets	eh	11
006ef10b	Unwind@006ef10b	lib	_library	eh_funclets	eh	11
006ef116	Unwind@006ef116	lib	_library	eh_funclets	eh	11
006ef121	Unwind@006ef121	lib	_library	eh_funclets	eh	11
006ef12c	Unwind@006ef12c	lib	_library	eh_funclets	eh	11
006ef137	Unwind@006ef137	lib	_library	eh_funclets	eh	11
006ef142	Unwind@006ef142	lib	_library	eh_funclets	eh	11
006ef14d	Unwind@006ef14d	lib	_library	eh_funclets	eh	11
006ef158	Unwind@006ef158	lib	_library	eh_funclets	eh	11
006ef163	Unwind@006ef163	lib	_library	eh_funclets	eh	11
006ef16e	Unwind@006ef16e	lib	_library	eh_funclets	eh	11
006ef179	Unwind@006ef179	lib	_library	eh_funclets	eh	11
006ef184	Unwind@006ef184	lib	_library	eh_funclets	eh	11
006ef18f	Unwind@006ef18f	lib	_library	eh_funclets	eh	11
006ef19a	Unwind@006ef19a	lib	_library	eh_funclets	eh	11
006ef1a5	Unwind@006ef1a5	lib	_library	eh_funclets	eh	11
006ef1b0	Unwind@006ef1b0	lib	_library	eh_funclets	eh	11
006ef1bb	Unwind@006ef1bb	lib	_library	eh_funclets	eh	11
006ef1c6	Unwind@006ef1c6	lib	_library	eh_funclets	eh	11
006ef1d1	Unwind@006ef1d1	lib	_library	eh_funclets	eh	11
006ef1dc	Unwind@006ef1dc	lib	_library	eh_funclets	eh	11
006ef1e7	Unwind@006ef1e7	lib	_library	eh_funclets	eh	11
006ef1f2	Unwind@006ef1f2	lib	_library	eh_funclets	eh	11
006ef1fd	Unwind@006ef1fd	lib	_library	eh_funclets	eh	11
006ef208	Unwind@006ef208	lib	_library	eh_funclets	eh	11
006ef213	Unwind@006ef213	lib	_library	eh_funclets	eh	11
006ef21e	Unwind@006ef21e	lib	_library	eh_funclets	eh	11
006ef229	Unwind@006ef229	lib	_library	eh_funclets	eh	11
006ef234	Unwind@006ef234	lib	_library	eh_funclets	eh	11
006ef23f	Unwind@006ef23f	lib	_library	eh_funclets	eh	11
006ef24a	Unwind@006ef24a	lib	_library	eh_funclets	eh	11
006ef255	Unwind@006ef255	lib	_library	eh_funclets	eh	11
006ef260	Unwind@006ef260	lib	_library	eh_funclets	eh	11
006ef26b	Unwind@006ef26b	lib	_library	eh_funclets	eh	11
006ef276	Unwind@006ef276	lib	_library	eh_funclets	eh	11
006ef281	Unwind@006ef281	lib	_library	eh_funclets	eh	11
006ef28c	Unwind@006ef28c	lib	_library	eh_funclets	eh	11
006ef297	Unwind@006ef297	lib	_library	eh_funclets	eh	11
006ef2a2	Unwind@006ef2a2	lib	_library	eh_funclets	eh	11
006ef2ad	Unwind@006ef2ad	lib	_library	eh_funclets	eh	11
006ef2b8	Unwind@006ef2b8	lib	_library	eh_funclets	eh	11
006ef2c3	Unwind@006ef2c3	lib	_library	eh_funclets	eh	11
006ef2ce	Unwind@006ef2ce	lib	_library	eh_funclets	eh	11
006ef2d9	Unwind@006ef2d9	lib	_library	eh_funclets	eh	11
006ef2e4	Unwind@006ef2e4	lib	_library	eh_funclets	eh	11
006ef2ef	Unwind@006ef2ef	lib	_library	eh_funclets	eh	11
006ef2fa	Unwind@006ef2fa	lib	_library	eh_funclets	eh	11
006ef305	Unwind@006ef305	lib	_library	eh_funclets	eh	11
006ef310	Unwind@006ef310	lib	_library	eh_funclets	eh	11
006ef31b	Unwind@006ef31b	lib	_library	eh_funclets	eh	11
006ef326	Unwind@006ef326	lib	_library	eh_funclets	eh	11
006ef331	Unwind@006ef331	lib	_library	eh_funclets	eh	11
006ef33c	Unwind@006ef33c	lib	_library	eh_funclets	eh	11
006ef347	Unwind@006ef347	lib	_library	eh_funclets	eh	11
006ef352	Unwind@006ef352	lib	_library	eh_funclets	eh	11
006ef35d	Unwind@006ef35d	lib	_library	eh_funclets	eh	11
006ef368	Unwind@006ef368	lib	_library	eh_funclets	eh	11
006ef373	Unwind@006ef373	lib	_library	eh_funclets	eh	11
006ef37e	Unwind@006ef37e	lib	_library	eh_funclets	eh	11
006ef389	Unwind@006ef389	lib	_library	eh_funclets	eh	11
006ef394	Unwind@006ef394	lib	_library	eh_funclets	eh	11
006ef39f	Unwind@006ef39f	lib	_library	eh_funclets	eh	11
006ef3aa	Unwind@006ef3aa	lib	_library	eh_funclets	eh	11
006ef3b5	Unwind@006ef3b5	lib	_library	eh_funclets	eh	11
006ef3c0	Unwind@006ef3c0	lib	_library	eh_funclets	eh	11
006ef3cb	Unwind@006ef3cb	lib	_library	eh_funclets	eh	11
006ef3d6	Unwind@006ef3d6	lib	_library	eh_funclets	eh	11
006ef3e1	Unwind@006ef3e1	lib	_library	eh_funclets	eh	11
006ef3ec	Unwind@006ef3ec	lib	_library	eh_funclets	eh	11
006ef3f7	Unwind@006ef3f7	lib	_library	eh_funclets	eh	11
006ef402	Unwind@006ef402	lib	_library	eh_funclets	eh	11
006ef40d	Unwind@006ef40d	lib	_library	eh_funclets	eh	11
006ef418	Unwind@006ef418	lib	_library	eh_funclets	eh	11
006ef423	Unwind@006ef423	lib	_library	eh_funclets	eh	11
006ef42e	Unwind@006ef42e	lib	_library	eh_funclets	eh	11
006ef439	Unwind@006ef439	lib	_library	eh_funclets	eh	11
006ef444	Unwind@006ef444	lib	_library	eh_funclets	eh	11
006ef44f	Unwind@006ef44f	lib	_library	eh_funclets	eh	11
006ef45a	Unwind@006ef45a	lib	_library	eh_funclets	eh	11
006ef465	Unwind@006ef465	lib	_library	eh_funclets	eh	11
006ef470	Unwind@006ef470	lib	_library	eh_funclets	eh	11
006ef47b	Unwind@006ef47b	lib	_library	eh_funclets	eh	11
006ef486	Unwind@006ef486	lib	_library	eh_funclets	eh	11
006ef491	Unwind@006ef491	lib	_library	eh_funclets	eh	11
006ef49c	Unwind@006ef49c	lib	_library	eh_funclets	eh	11
006ef4a7	Unwind@006ef4a7	lib	_library	eh_funclets	eh	11
006ef4b2	Unwind@006ef4b2	lib	_library	eh_funclets	eh	11
006ef4bd	Unwind@006ef4bd	lib	_library	eh_funclets	eh	11
006ef4c8	Unwind@006ef4c8	lib	_library	eh_funclets	eh	11
006ef4d3	Unwind@006ef4d3	lib	_library	eh_funclets	eh	11
006ef4de	Unwind@006ef4de	lib	_library	eh_funclets	eh	11
006ef4e9	Unwind@006ef4e9	lib	_library	eh_funclets	eh	11
006ef4f4	Unwind@006ef4f4	lib	_library	eh_funclets	eh	11
006ef4ff	Unwind@006ef4ff	lib	_library	eh_funclets	eh	11
006ef50a	Unwind@006ef50a	lib	_library	eh_funclets	eh	11
006ef515	Unwind@006ef515	lib	_library	eh_funclets	eh	11
006ef520	Unwind@006ef520	lib	_library	eh_funclets	eh	11
006ef52b	Unwind@006ef52b	lib	_library	eh_funclets	eh	11
006ef536	Unwind@006ef536	lib	_library	eh_funclets	eh	11
006ef541	Unwind@006ef541	lib	_library	eh_funclets	eh	11
006ef54c	Unwind@006ef54c	lib	_library	eh_funclets	eh	11
006ef557	Unwind@006ef557	lib	_library	eh_funclets	eh	11
006ef562	Unwind@006ef562	lib	_library	eh_funclets	eh	11
006ef56d	Unwind@006ef56d	lib	_library	eh_funclets	eh	11
006ef578	Unwind@006ef578	lib	_library	eh_funclets	eh	11
006ef583	Unwind@006ef583	lib	_library	eh_funclets	eh	11
006ef58e	Unwind@006ef58e	lib	_library	eh_funclets	eh	11
006ef599	Unwind@006ef599	lib	_library	eh_funclets	eh	11
006ef5a4	Unwind@006ef5a4	lib	_library	eh_funclets	eh	11
006ef5af	Unwind@006ef5af	lib	_library	eh_funclets	eh	11
006ef5ba	Unwind@006ef5ba	lib	_library	eh_funclets	eh	11
006ef5c5	Unwind@006ef5c5	lib	_library	eh_funclets	eh	11
006ef5d0	Unwind@006ef5d0	lib	_library	eh_funclets	eh	11
006ef5db	Unwind@006ef5db	lib	_library	eh_funclets	eh	11
006ef5e6	Unwind@006ef5e6	lib	_library	eh_funclets	eh	11
006ef5f1	Unwind@006ef5f1	lib	_library	eh_funclets	eh	11
006ef5fc	Unwind@006ef5fc	lib	_library	eh_funclets	eh	11
006ef607	Unwind@006ef607	lib	_library	eh_funclets	eh	11
006ef612	Unwind@006ef612	lib	_library	eh_funclets	eh	11
006ef61d	Unwind@006ef61d	lib	_library	eh_funclets	eh	11
006ef628	Unwind@006ef628	lib	_library	eh_funclets	eh	11
006ef633	Unwind@006ef633	lib	_library	eh_funclets	eh	11
006ef63e	Unwind@006ef63e	lib	_library	eh_funclets	eh	11
006ef649	Unwind@006ef649	lib	_library	eh_funclets	eh	11
006ef654	Unwind@006ef654	lib	_library	eh_funclets	eh	11
006ef65f	Unwind@006ef65f	lib	_library	eh_funclets	eh	11
006ef66a	Unwind@006ef66a	lib	_library	eh_funclets	eh	11
006ef675	Unwind@006ef675	lib	_library	eh_funclets	eh	11
006ef680	Unwind@006ef680	lib	_library	eh_funclets	eh	11
006ef68b	Unwind@006ef68b	lib	_library	eh_funclets	eh	11
006ef696	Unwind@006ef696	lib	_library	eh_funclets	eh	11
006ef6a1	Unwind@006ef6a1	lib	_library	eh_funclets	eh	11
006ef6ac	Unwind@006ef6ac	lib	_library	eh_funclets	eh	11
006ef6b7	Unwind@006ef6b7	lib	_library	eh_funclets	eh	11
006ef6c2	Unwind@006ef6c2	lib	_library	eh_funclets	eh	11
006ef6cd	Unwind@006ef6cd	lib	_library	eh_funclets	eh	11
006ef6d8	Unwind@006ef6d8	lib	_library	eh_funclets	eh	11
006ef6e3	Unwind@006ef6e3	lib	_library	eh_funclets	eh	11
006ef6ee	Unwind@006ef6ee	lib	_library	eh_funclets	eh	11
006ef6f9	Unwind@006ef6f9	lib	_library	eh_funclets	eh	11
006ef704	Unwind@006ef704	lib	_library	eh_funclets	eh	11
006ef70f	Unwind@006ef70f	lib	_library	eh_funclets	eh	11
006ef71a	Unwind@006ef71a	lib	_library	eh_funclets	eh	11
006ef725	Unwind@006ef725	lib	_library	eh_funclets	eh	11
006ef730	Unwind@006ef730	lib	_library	eh_funclets	eh	11
006ef73b	Unwind@006ef73b	lib	_library	eh_funclets	eh	11
006ef746	Unwind@006ef746	lib	_library	eh_funclets	eh	11
006ef751	Unwind@006ef751	lib	_library	eh_funclets	eh	11
006ef75c	Unwind@006ef75c	lib	_library	eh_funclets	eh	11
006ef767	Unwind@006ef767	lib	_library	eh_funclets	eh	11
006ef772	Unwind@006ef772	lib	_library	eh_funclets	eh	11
006ef77d	Unwind@006ef77d	lib	_library	eh_funclets	eh	11
006ef788	Unwind@006ef788	lib	_library	eh_funclets	eh	11
006ef793	Unwind@006ef793	lib	_library	eh_funclets	eh	11
006ef79e	Unwind@006ef79e	lib	_library	eh_funclets	eh	11
006ef7a9	Unwind@006ef7a9	lib	_library	eh_funclets	eh	11
006ef7b4	Unwind@006ef7b4	lib	_library	eh_funclets	eh	11
006ef7bf	Unwind@006ef7bf	lib	_library	eh_funclets	eh	11
006ef7ca	Unwind@006ef7ca	lib	_library	eh_funclets	eh	11
006ef7d5	Unwind@006ef7d5	lib	_library	eh_funclets	eh	11
006ef7e0	Unwind@006ef7e0	lib	_library	eh_funclets	eh	11
006ef7eb	Unwind@006ef7eb	lib	_library	eh_funclets	eh	11
006ef7f6	Unwind@006ef7f6	lib	_library	eh_funclets	eh	11
006ef801	Unwind@006ef801	lib	_library	eh_funclets	eh	11
006ef80c	Unwind@006ef80c	lib	_library	eh_funclets	eh	11
006ef817	Unwind@006ef817	lib	_library	eh_funclets	eh	11
006ef822	Unwind@006ef822	lib	_library	eh_funclets	eh	11
006ef82d	Unwind@006ef82d	lib	_library	eh_funclets	eh	11
006ef838	Unwind@006ef838	lib	_library	eh_funclets	eh	11
006ef843	Unwind@006ef843	lib	_library	eh_funclets	eh	11
006ef84e	Unwind@006ef84e	lib	_library	eh_funclets	eh	11
006ef859	Unwind@006ef859	lib	_library	eh_funclets	eh	11
006ef864	Unwind@006ef864	lib	_library	eh_funclets	eh	11
006ef86f	Unwind@006ef86f	lib	_library	eh_funclets	eh	11
006ef87a	Unwind@006ef87a	lib	_library	eh_funclets	eh	11
006ef885	Unwind@006ef885	lib	_library	eh_funclets	eh	11
006ef890	Unwind@006ef890	lib	_library	eh_funclets	eh	11
006ef89b	Unwind@006ef89b	lib	_library	eh_funclets	eh	11
006ef8a6	Unwind@006ef8a6	lib	_library	eh_funclets	eh	11
006ef8b1	Unwind@006ef8b1	lib	_library	eh_funclets	eh	11
006ef8bc	Unwind@006ef8bc	lib	_library	eh_funclets	eh	11
006ef8c7	Unwind@006ef8c7	lib	_library	eh_funclets	eh	11
006ef8d2	Unwind@006ef8d2	lib	_library	eh_funclets	eh	11
006ef8dd	Unwind@006ef8dd	lib	_library	eh_funclets	eh	11
006ef8e8	Unwind@006ef8e8	lib	_library	eh_funclets	eh	11
006ef8f3	Unwind@006ef8f3	lib	_library	eh_funclets	eh	11
006ef8fe	Unwind@006ef8fe	lib	_library	eh_funclets	eh	11
006ef909	Unwind@006ef909	lib	_library	eh_funclets	eh	11
006ef914	Unwind@006ef914	lib	_library	eh_funclets	eh	11
006ef91f	Unwind@006ef91f	lib	_library	eh_funclets	eh	11
006ef92a	Unwind@006ef92a	lib	_library	eh_funclets	eh	11
006ef935	Unwind@006ef935	lib	_library	eh_funclets	eh	11
006ef940	Unwind@006ef940	lib	_library	eh_funclets	eh	11
006ef94b	Unwind@006ef94b	lib	_library	eh_funclets	eh	11
006ef956	Unwind@006ef956	lib	_library	eh_funclets	eh	11
006ef961	Unwind@006ef961	lib	_library	eh_funclets	eh	11
006ef96c	Unwind@006ef96c	lib	_library	eh_funclets	eh	11
006ef977	Unwind@006ef977	lib	_library	eh_funclets	eh	11
006ef982	Unwind@006ef982	lib	_library	eh_funclets	eh	11
006ef98d	Unwind@006ef98d	lib	_library	eh_funclets	eh	11
006ef998	Unwind@006ef998	lib	_library	eh_funclets	eh	11
006ef9a3	Unwind@006ef9a3	lib	_library	eh_funclets	eh	11
006ef9ae	Unwind@006ef9ae	lib	_library	eh_funclets	eh	11
006ef9b9	Unwind@006ef9b9	lib	_library	eh_funclets	eh	11
006ef9c4	Unwind@006ef9c4	lib	_library	eh_funclets	eh	11
006ef9cf	Unwind@006ef9cf	lib	_library	eh_funclets	eh	11
006ef9da	Unwind@006ef9da	lib	_library	eh_funclets	eh	11
006ef9e5	Unwind@006ef9e5	lib	_library	eh_funclets	eh	11
006ef9f0	Unwind@006ef9f0	lib	_library	eh_funclets	eh	11
006ef9fb	Unwind@006ef9fb	lib	_library	eh_funclets	eh	11
006efa06	Unwind@006efa06	lib	_library	eh_funclets	eh	11
006efa11	Unwind@006efa11	lib	_library	eh_funclets	eh	11
006efa1c	Unwind@006efa1c	lib	_library	eh_funclets	eh	11
006efa27	Unwind@006efa27	lib	_library	eh_funclets	eh	11
006efa32	Unwind@006efa32	lib	_library	eh_funclets	eh	11
006efa3d	Unwind@006efa3d	lib	_library	eh_funclets	eh	11
006efa48	Unwind@006efa48	lib	_library	eh_funclets	eh	11
006efa53	Unwind@006efa53	lib	_library	eh_funclets	eh	11
006efa5e	Unwind@006efa5e	lib	_library	eh_funclets	eh	11
006efa69	Unwind@006efa69	lib	_library	eh_funclets	eh	11
006efa74	Unwind@006efa74	lib	_library	eh_funclets	eh	11
006efa7f	Unwind@006efa7f	lib	_library	eh_funclets	eh	11
006efa8a	Unwind@006efa8a	lib	_library	eh_funclets	eh	11
006efa95	Unwind@006efa95	lib	_library	eh_funclets	eh	11
006efaa0	Unwind@006efaa0	lib	_library	eh_funclets	eh	11
006efaab	Unwind@006efaab	lib	_library	eh_funclets	eh	11
006efab6	Unwind@006efab6	lib	_library	eh_funclets	eh	11
006efac1	Unwind@006efac1	lib	_library	eh_funclets	eh	11
006efacc	Unwind@006efacc	lib	_library	eh_funclets	eh	11
006efad7	Unwind@006efad7	lib	_library	eh_funclets	eh	11
006efae2	Unwind@006efae2	lib	_library	eh_funclets	eh	11
006efaed	Unwind@006efaed	lib	_library	eh_funclets	eh	11
006efaf8	Unwind@006efaf8	lib	_library	eh_funclets	eh	11
006efb03	Unwind@006efb03	lib	_library	eh_funclets	eh	11
006efb0e	Unwind@006efb0e	lib	_library	eh_funclets	eh	11
006efb19	Unwind@006efb19	lib	_library	eh_funclets	eh	11
006efb24	Unwind@006efb24	lib	_library	eh_funclets	eh	11
006efb2f	Unwind@006efb2f	lib	_library	eh_funclets	eh	11
006efb3a	Unwind@006efb3a	lib	_library	eh_funclets	eh	11
006efb45	Unwind@006efb45	lib	_library	eh_funclets	eh	11
006efb50	Unwind@006efb50	lib	_library	eh_funclets	eh	11
006efb5b	Unwind@006efb5b	lib	_library	eh_funclets	eh	11
006efb66	Unwind@006efb66	lib	_library	eh_funclets	eh	11
006efb71	Unwind@006efb71	lib	_library	eh_funclets	eh	11
006efb7c	Unwind@006efb7c	lib	_library	eh_funclets	eh	11
006efb87	Unwind@006efb87	lib	_library	eh_funclets	eh	11
006efb92	Unwind@006efb92	lib	_library	eh_funclets	eh	11
006efb9d	Unwind@006efb9d	lib	_library	eh_funclets	eh	11
006efba8	Unwind@006efba8	lib	_library	eh_funclets	eh	11
006efbb3	Unwind@006efbb3	lib	_library	eh_funclets	eh	11
006efbbe	Unwind@006efbbe	lib	_library	eh_funclets	eh	11
006efbc9	Unwind@006efbc9	lib	_library	eh_funclets	eh	11
006efbd4	Unwind@006efbd4	lib	_library	eh_funclets	eh	11
006efbdf	Unwind@006efbdf	lib	_library	eh_funclets	eh	11
006efbea	Unwind@006efbea	lib	_library	eh_funclets	eh	11
006efbf5	Unwind@006efbf5	lib	_library	eh_funclets	eh	11
006efc00	Unwind@006efc00	lib	_library	eh_funclets	eh	11
006efc0b	Unwind@006efc0b	lib	_library	eh_funclets	eh	11
006efc16	Unwind@006efc16	lib	_library	eh_funclets	eh	11
006efc21	Unwind@006efc21	lib	_library	eh_funclets	eh	11
006efc2c	Unwind@006efc2c	lib	_library	eh_funclets	eh	11
006efc37	Unwind@006efc37	lib	_library	eh_funclets	eh	11
006efc42	Unwind@006efc42	lib	_library	eh_funclets	eh	11
006efc4d	Unwind@006efc4d	lib	_library	eh_funclets	eh	11
006efc58	Unwind@006efc58	lib	_library	eh_funclets	eh	11
006efc63	Unwind@006efc63	lib	_library	eh_funclets	eh	11
006efc6e	Unwind@006efc6e	lib	_library	eh_funclets	eh	11
006efc79	Unwind@006efc79	lib	_library	eh_funclets	eh	11
006efc84	Unwind@006efc84	lib	_library	eh_funclets	eh	11
006efc8f	Unwind@006efc8f	lib	_library	eh_funclets	eh	11
006efc9a	Unwind@006efc9a	lib	_library	eh_funclets	eh	11
006efca5	Unwind@006efca5	lib	_library	eh_funclets	eh	11
006efcb0	Unwind@006efcb0	lib	_library	eh_funclets	eh	11
006efcbb	Unwind@006efcbb	lib	_library	eh_funclets	eh	11
006efcc6	Unwind@006efcc6	lib	_library	eh_funclets	eh	11
006efcd1	Unwind@006efcd1	lib	_library	eh_funclets	eh	11
006efcdc	Unwind@006efcdc	lib	_library	eh_funclets	eh	11
006efce7	Unwind@006efce7	lib	_library	eh_funclets	eh	11
006efcf2	Unwind@006efcf2	lib	_library	eh_funclets	eh	11
006efcfd	Unwind@006efcfd	lib	_library	eh_funclets	eh	11
006efd08	Unwind@006efd08	lib	_library	eh_funclets	eh	11
006efd13	Unwind@006efd13	lib	_library	eh_funclets	eh	11
006efd1e	Unwind@006efd1e	lib	_library	eh_funclets	eh	11
006efd29	Unwind@006efd29	lib	_library	eh_funclets	eh	11
006efd34	Unwind@006efd34	lib	_library	eh_funclets	eh	11
006efd3f	Unwind@006efd3f	lib	_library	eh_funclets	eh	11
006efd4a	Unwind@006efd4a	lib	_library	eh_funclets	eh	11
006efd55	Unwind@006efd55	lib	_library	eh_funclets	eh	11
006efd60	Unwind@006efd60	lib	_library	eh_funclets	eh	11
006efd6b	Unwind@006efd6b	lib	_library	eh_funclets	eh	11
006efd76	Unwind@006efd76	lib	_library	eh_funclets	eh	11
006efd81	Unwind@006efd81	lib	_library	eh_funclets	eh	11
006efd8c	Unwind@006efd8c	lib	_library	eh_funclets	eh	11
006efd97	Unwind@006efd97	lib	_library	eh_funclets	eh	11
006efda2	Unwind@006efda2	lib	_library	eh_funclets	eh	11
006efdad	Unwind@006efdad	lib	_library	eh_funclets	eh	11
006efdb8	Unwind@006efdb8	lib	_library	eh_funclets	eh	11
006efdc3	Unwind@006efdc3	lib	_library	eh_funclets	eh	11
006efdce	Unwind@006efdce	lib	_library	eh_funclets	eh	11
006efdd9	Unwind@006efdd9	lib	_library	eh_funclets	eh	11
006efde4	Unwind@006efde4	lib	_library	eh_funclets	eh	11
006efdef	Unwind@006efdef	lib	_library	eh_funclets	eh	11
006efdfa	Unwind@006efdfa	lib	_library	eh_funclets	eh	11
006efe05	Unwind@006efe05	lib	_library	eh_funclets	eh	11
006efe10	Unwind@006efe10	lib	_library	eh_funclets	eh	11
006efe1b	Unwind@006efe1b	lib	_library	eh_funclets	eh	11
006efe26	Unwind@006efe26	lib	_library	eh_funclets	eh	11
006efe31	Unwind@006efe31	lib	_library	eh_funclets	eh	11
006efe3c	Unwind@006efe3c	lib	_library	eh_funclets	eh	11
006efe47	Unwind@006efe47	lib	_library	eh_funclets	eh	11
006efe52	Unwind@006efe52	lib	_library	eh_funclets	eh	11
006efe5d	Unwind@006efe5d	lib	_library	eh_funclets	eh	11
006efe68	Unwind@006efe68	lib	_library	eh_funclets	eh	11
006efe73	Unwind@006efe73	lib	_library	eh_funclets	eh	11
006efe7e	Unwind@006efe7e	lib	_library	eh_funclets	eh	11
006efe89	Unwind@006efe89	lib	_library	eh_funclets	eh	11
006efe94	Unwind@006efe94	lib	_library	eh_funclets	eh	11
006efe9f	Unwind@006efe9f	lib	_library	eh_funclets	eh	11
006efeaa	Unwind@006efeaa	lib	_library	eh_funclets	eh	11
006efeb5	Unwind@006efeb5	lib	_library	eh_funclets	eh	11
006efec0	Unwind@006efec0	lib	_library	eh_funclets	eh	11
006efecb	Unwind@006efecb	lib	_library	eh_funclets	eh	11
006efed6	Unwind@006efed6	lib	_library	eh_funclets	eh	11
006efee1	Unwind@006efee1	lib	_library	eh_funclets	eh	11
006efeec	Unwind@006efeec	lib	_library	eh_funclets	eh	11
006efef7	Unwind@006efef7	lib	_library	eh_funclets	eh	11
006eff02	Unwind@006eff02	lib	_library	eh_funclets	eh	11
006eff0d	Unwind@006eff0d	lib	_library	eh_funclets	eh	11
006eff18	Unwind@006eff18	lib	_library	eh_funclets	eh	11
006eff23	Unwind@006eff23	lib	_library	eh_funclets	eh	11
006eff2e	Unwind@006eff2e	lib	_library	eh_funclets	eh	11
006eff39	Unwind@006eff39	lib	_library	eh_funclets	eh	11
006eff44	Unwind@006eff44	lib	_library	eh_funclets	eh	11
006eff4f	Unwind@006eff4f	lib	_library	eh_funclets	eh	11
006eff5a	Unwind@006eff5a	lib	_library	eh_funclets	eh	11
006eff65	Unwind@006eff65	lib	_library	eh_funclets	eh	11
006eff70	Unwind@006eff70	lib	_library	eh_funclets	eh	11
006eff7b	Unwind@006eff7b	lib	_library	eh_funclets	eh	11
006eff86	Unwind@006eff86	lib	_library	eh_funclets	eh	11
006eff91	Unwind@006eff91	lib	_library	eh_funclets	eh	11
006eff9c	Unwind@006eff9c	lib	_library	eh_funclets	eh	11
006effa7	Unwind@006effa7	lib	_library	eh_funclets	eh	11
006effb2	Unwind@006effb2	lib	_library	eh_funclets	eh	11
006effbd	Unwind@006effbd	lib	_library	eh_funclets	eh	11
006effc8	Unwind@006effc8	lib	_library	eh_funclets	eh	11
006effd3	Unwind@006effd3	lib	_library	eh_funclets	eh	11
006effde	Unwind@006effde	lib	_library	eh_funclets	eh	11
006effe9	Unwind@006effe9	lib	_library	eh_funclets	eh	11
006efff4	Unwind@006efff4	lib	_library	eh_funclets	eh	11
006effff	Unwind@006effff	lib	_library	eh_funclets	eh	11
006f000a	Unwind@006f000a	lib	_library	eh_funclets	eh	11
006f0015	Unwind@006f0015	lib	_library	eh_funclets	eh	11
006f0020	Unwind@006f0020	lib	_library	eh_funclets	eh	11
006f002b	Unwind@006f002b	lib	_library	eh_funclets	eh	11
006f0036	Unwind@006f0036	lib	_library	eh_funclets	eh	11
006f0041	Unwind@006f0041	lib	_library	eh_funclets	eh	11
006f004c	Unwind@006f004c	lib	_library	eh_funclets	eh	11
006f0057	Unwind@006f0057	lib	_library	eh_funclets	eh	11
006f0062	Unwind@006f0062	lib	_library	eh_funclets	eh	11
006f006d	Unwind@006f006d	lib	_library	eh_funclets	eh	11
006f0078	Unwind@006f0078	lib	_library	eh_funclets	eh	11
006f0083	Unwind@006f0083	lib	_library	eh_funclets	eh	11
006f008e	Unwind@006f008e	lib	_library	eh_funclets	eh	11
006f0099	Unwind@006f0099	lib	_library	eh_funclets	eh	11
006f00a4	Unwind@006f00a4	lib	_library	eh_funclets	eh	11
006f00af	Unwind@006f00af	lib	_library	eh_funclets	eh	11
006f00ba	Unwind@006f00ba	lib	_library	eh_funclets	eh	11
006f00c5	Unwind@006f00c5	lib	_library	eh_funclets	eh	11
006f00d0	Unwind@006f00d0	lib	_library	eh_funclets	eh	11
006f00db	Unwind@006f00db	lib	_library	eh_funclets	eh	11
006f00e6	Unwind@006f00e6	lib	_library	eh_funclets	eh	11
006f00f1	Unwind@006f00f1	lib	_library	eh_funclets	eh	11
006f00fc	Unwind@006f00fc	lib	_library	eh_funclets	eh	11
006f0107	Unwind@006f0107	lib	_library	eh_funclets	eh	11
006f0112	Unwind@006f0112	lib	_library	eh_funclets	eh	11
006f011d	Unwind@006f011d	lib	_library	eh_funclets	eh	11
006f0128	Unwind@006f0128	lib	_library	eh_funclets	eh	11
006f0133	Unwind@006f0133	lib	_library	eh_funclets	eh	11
006f013e	Unwind@006f013e	lib	_library	eh_funclets	eh	11
006f0149	Unwind@006f0149	lib	_library	eh_funclets	eh	11
006f0154	Unwind@006f0154	lib	_library	eh_funclets	eh	11
006f015f	Unwind@006f015f	lib	_library	eh_funclets	eh	11
006f016a	Unwind@006f016a	lib	_library	eh_funclets	eh	11
006f0175	Unwind@006f0175	lib	_library	eh_funclets	eh	11
006f0180	Unwind@006f0180	lib	_library	eh_funclets	eh	11
006f018b	Unwind@006f018b	lib	_library	eh_funclets	eh	11
006f0196	Unwind@006f0196	lib	_library	eh_funclets	eh	11
006f01a1	Unwind@006f01a1	lib	_library	eh_funclets	eh	11
006f01ac	Unwind@006f01ac	lib	_library	eh_funclets	eh	11
006f01b7	Unwind@006f01b7	lib	_library	eh_funclets	eh	11
006f01c2	Unwind@006f01c2	lib	_library	eh_funclets	eh	11
006f01cd	Unwind@006f01cd	lib	_library	eh_funclets	eh	11
006f01d8	Unwind@006f01d8	lib	_library	eh_funclets	eh	11
006f01e3	Unwind@006f01e3	lib	_library	eh_funclets	eh	11
006f01ee	Unwind@006f01ee	lib	_library	eh_funclets	eh	11
006f01f9	Unwind@006f01f9	lib	_library	eh_funclets	eh	11
006f0204	Unwind@006f0204	lib	_library	eh_funclets	eh	11
006f020f	Unwind@006f020f	lib	_library	eh_funclets	eh	11
006f021a	Unwind@006f021a	lib	_library	eh_funclets	eh	11
006f0225	Unwind@006f0225	lib	_library	eh_funclets	eh	11
006f0230	Unwind@006f0230	lib	_library	eh_funclets	eh	11
006f023b	Unwind@006f023b	lib	_library	eh_funclets	eh	11
006f0246	Unwind@006f0246	lib	_library	eh_funclets	eh	11
006f0251	Unwind@006f0251	lib	_library	eh_funclets	eh	11
006f025c	Unwind@006f025c	lib	_library	eh_funclets	eh	11
006f0267	Unwind@006f0267	lib	_library	eh_funclets	eh	11
006f0272	Unwind@006f0272	lib	_library	eh_funclets	eh	11
006f027d	Unwind@006f027d	lib	_library	eh_funclets	eh	11
006f0288	Unwind@006f0288	lib	_library	eh_funclets	eh	11
006f0293	Unwind@006f0293	lib	_library	eh_funclets	eh	11
006f029e	Unwind@006f029e	lib	_library	eh_funclets	eh	11
006f02a9	Unwind@006f02a9	lib	_library	eh_funclets	eh	11
006f02b4	Unwind@006f02b4	lib	_library	eh_funclets	eh	11
006f02bf	Unwind@006f02bf	lib	_library	eh_funclets	eh	11
006f02ca	Unwind@006f02ca	lib	_library	eh_funclets	eh	11
006f02d5	Unwind@006f02d5	lib	_library	eh_funclets	eh	11
006f02e0	Unwind@006f02e0	lib	_library	eh_funclets	eh	11
006f02eb	Unwind@006f02eb	lib	_library	eh_funclets	eh	11
006f02f6	Unwind@006f02f6	lib	_library	eh_funclets	eh	11
006f0301	Unwind@006f0301	lib	_library	eh_funclets	eh	11
006f030c	Unwind@006f030c	lib	_library	eh_funclets	eh	11
006f0317	Unwind@006f0317	lib	_library	eh_funclets	eh	11
006f0322	Unwind@006f0322	lib	_library	eh_funclets	eh	11
006f032d	Unwind@006f032d	lib	_library	eh_funclets	eh	11
006f0338	Unwind@006f0338	lib	_library	eh_funclets	eh	11
006f0343	Unwind@006f0343	lib	_library	eh_funclets	eh	11
006f034e	Unwind@006f034e	lib	_library	eh_funclets	eh	11
006f0359	Unwind@006f0359	lib	_library	eh_funclets	eh	11
006f0364	Unwind@006f0364	lib	_library	eh_funclets	eh	11
006f036f	Unwind@006f036f	lib	_library	eh_funclets	eh	11
006f037a	Unwind@006f037a	lib	_library	eh_funclets	eh	11
006f0385	Unwind@006f0385	lib	_library	eh_funclets	eh	11
006f0390	Unwind@006f0390	lib	_library	eh_funclets	eh	11
006f039b	Unwind@006f039b	lib	_library	eh_funclets	eh	11
006f03a6	Unwind@006f03a6	lib	_library	eh_funclets	eh	11
006f03b1	Unwind@006f03b1	lib	_library	eh_funclets	eh	11
006f03bc	Unwind@006f03bc	lib	_library	eh_funclets	eh	11
006f03c7	Unwind@006f03c7	lib	_library	eh_funclets	eh	11
006f03d2	Unwind@006f03d2	lib	_library	eh_funclets	eh	11
006f03dd	Unwind@006f03dd	lib	_library	eh_funclets	eh	11
006f03e8	Unwind@006f03e8	lib	_library	eh_funclets	eh	11
006f03f3	Unwind@006f03f3	lib	_library	eh_funclets	eh	11
006f03fe	Unwind@006f03fe	lib	_library	eh_funclets	eh	11
006f0409	Unwind@006f0409	lib	_library	eh_funclets	eh	11
006f0414	Unwind@006f0414	lib	_library	eh_funclets	eh	11
006f041f	Unwind@006f041f	lib	_library	eh_funclets	eh	11
006f042a	Unwind@006f042a	lib	_library	eh_funclets	eh	11
006f0435	Unwind@006f0435	lib	_library	eh_funclets	eh	11
006f0440	Unwind@006f0440	lib	_library	eh_funclets	eh	11
006f044b	Unwind@006f044b	lib	_library	eh_funclets	eh	11
006f0456	Unwind@006f0456	lib	_library	eh_funclets	eh	11
006f0461	Unwind@006f0461	lib	_library	eh_funclets	eh	11
006f046c	Unwind@006f046c	lib	_library	eh_funclets	eh	11
006f0477	Unwind@006f0477	lib	_library	eh_funclets	eh	11
006f0482	Unwind@006f0482	lib	_library	eh_funclets	eh	11
006f048d	Unwind@006f048d	lib	_library	eh_funclets	eh	11
006f0498	Unwind@006f0498	lib	_library	eh_funclets	eh	11
006f04a3	Unwind@006f04a3	lib	_library	eh_funclets	eh	11
006f04ae	Unwind@006f04ae	lib	_library	eh_funclets	eh	11
006f04b9	Unwind@006f04b9	lib	_library	eh_funclets	eh	11
006f04c4	Unwind@006f04c4	lib	_library	eh_funclets	eh	11
006f04cf	Unwind@006f04cf	lib	_library	eh_funclets	eh	11
006f04da	Unwind@006f04da	lib	_library	eh_funclets	eh	11
006f04e5	Unwind@006f04e5	lib	_library	eh_funclets	eh	11
006f04f0	Unwind@006f04f0	lib	_library	eh_funclets	eh	11
006f04fb	Unwind@006f04fb	lib	_library	eh_funclets	eh	11
006f0506	Unwind@006f0506	lib	_library	eh_funclets	eh	11
006f0511	Unwind@006f0511	lib	_library	eh_funclets	eh	11
006f051c	Unwind@006f051c	lib	_library	eh_funclets	eh	11
006f0527	Unwind@006f0527	lib	_library	eh_funclets	eh	11
006f0532	Unwind@006f0532	lib	_library	eh_funclets	eh	11
006f053d	Unwind@006f053d	lib	_library	eh_funclets	eh	11
006f0548	Unwind@006f0548	lib	_library	eh_funclets	eh	11
006f0553	Unwind@006f0553	lib	_library	eh_funclets	eh	11
006f055e	Unwind@006f055e	lib	_library	eh_funclets	eh	11
006f0569	Unwind@006f0569	lib	_library	eh_funclets	eh	11
006f0574	Unwind@006f0574	lib	_library	eh_funclets	eh	11
006f057f	Unwind@006f057f	lib	_library	eh_funclets	eh	11
006f058a	Unwind@006f058a	lib	_library	eh_funclets	eh	11
006f0595	Unwind@006f0595	lib	_library	eh_funclets	eh	11
006f05a0	Unwind@006f05a0	lib	_library	eh_funclets	eh	11
006f05ab	Unwind@006f05ab	lib	_library	eh_funclets	eh	11
006f05b6	Unwind@006f05b6	lib	_library	eh_funclets	eh	11
006f05c1	Unwind@006f05c1	lib	_library	eh_funclets	eh	11
006f05cc	Unwind@006f05cc	lib	_library	eh_funclets	eh	11
006f05d7	Unwind@006f05d7	lib	_library	eh_funclets	eh	11
006f05e2	Unwind@006f05e2	lib	_library	eh_funclets	eh	11
006f05ed	Unwind@006f05ed	lib	_library	eh_funclets	eh	11
006f05f8	Unwind@006f05f8	lib	_library	eh_funclets	eh	11
006f0603	Unwind@006f0603	lib	_library	eh_funclets	eh	11
006f060e	Unwind@006f060e	lib	_library	eh_funclets	eh	11
006f0619	Unwind@006f0619	lib	_library	eh_funclets	eh	11
006f0624	Unwind@006f0624	lib	_library	eh_funclets	eh	11
006f062f	Unwind@006f062f	lib	_library	eh_funclets	eh	11
006f063a	Unwind@006f063a	lib	_library	eh_funclets	eh	11
006f0645	Unwind@006f0645	lib	_library	eh_funclets	eh	11
006f0650	Unwind@006f0650	lib	_library	eh_funclets	eh	11
006f065b	Unwind@006f065b	lib	_library	eh_funclets	eh	11
006f0666	Unwind@006f0666	lib	_library	eh_funclets	eh	11
006f0671	Unwind@006f0671	lib	_library	eh_funclets	eh	11
006f067c	Unwind@006f067c	lib	_library	eh_funclets	eh	11
006f0687	Unwind@006f0687	lib	_library	eh_funclets	eh	11
006f0692	Unwind@006f0692	lib	_library	eh_funclets	eh	11
006f069d	Unwind@006f069d	lib	_library	eh_funclets	eh	11
006f06a8	Unwind@006f06a8	lib	_library	eh_funclets	eh	11
006f06b3	Unwind@006f06b3	lib	_library	eh_funclets	eh	11
006f06be	Unwind@006f06be	lib	_library	eh_funclets	eh	11
006f06c9	Unwind@006f06c9	lib	_library	eh_funclets	eh	11
006f06d4	Unwind@006f06d4	lib	_library	eh_funclets	eh	11
006f06df	Unwind@006f06df	lib	_library	eh_funclets	eh	11
006f06ea	Unwind@006f06ea	lib	_library	eh_funclets	eh	11
006f06f5	Unwind@006f06f5	lib	_library	eh_funclets	eh	11
006f0700	Unwind@006f0700	lib	_library	eh_funclets	eh	11
006f070b	Unwind@006f070b	lib	_library	eh_funclets	eh	11
006f0716	Unwind@006f0716	lib	_library	eh_funclets	eh	11
006f0721	Unwind@006f0721	lib	_library	eh_funclets	eh	11
006f072c	Unwind@006f072c	lib	_library	eh_funclets	eh	11
006f0737	Unwind@006f0737	lib	_library	eh_funclets	eh	11
006f0742	Unwind@006f0742	lib	_library	eh_funclets	eh	11
006f074d	Unwind@006f074d	lib	_library	eh_funclets	eh	11
006f0758	Unwind@006f0758	lib	_library	eh_funclets	eh	11
006f0763	Unwind@006f0763	lib	_library	eh_funclets	eh	11
006f076e	Unwind@006f076e	lib	_library	eh_funclets	eh	11
006f0779	Unwind@006f0779	lib	_library	eh_funclets	eh	11
006f0784	Unwind@006f0784	lib	_library	eh_funclets	eh	11
006f078f	Unwind@006f078f	lib	_library	eh_funclets	eh	11
006f079a	Unwind@006f079a	lib	_library	eh_funclets	eh	11
006f07a5	Unwind@006f07a5	lib	_library	eh_funclets	eh	11
006f07b0	Unwind@006f07b0	lib	_library	eh_funclets	eh	11
006f07bb	Unwind@006f07bb	lib	_library	eh_funclets	eh	11
006f07c6	Unwind@006f07c6	lib	_library	eh_funclets	eh	11
006f07d1	Unwind@006f07d1	lib	_library	eh_funclets	eh	11
006f07dc	Unwind@006f07dc	lib	_library	eh_funclets	eh	11
006f07e7	Unwind@006f07e7	lib	_library	eh_funclets	eh	11
006f07f2	Unwind@006f07f2	lib	_library	eh_funclets	eh	11
006f07fd	Unwind@006f07fd	lib	_library	eh_funclets	eh	11
006f0808	Unwind@006f0808	lib	_library	eh_funclets	eh	11
006f0813	Unwind@006f0813	lib	_library	eh_funclets	eh	11
006f081e	Unwind@006f081e	lib	_library	eh_funclets	eh	11
006f0829	Unwind@006f0829	lib	_library	eh_funclets	eh	11
006f0834	Unwind@006f0834	lib	_library	eh_funclets	eh	11
006f083f	Unwind@006f083f	lib	_library	eh_funclets	eh	11
006f084a	Unwind@006f084a	lib	_library	eh_funclets	eh	11
006f0855	Unwind@006f0855	lib	_library	eh_funclets	eh	11
006f0860	Unwind@006f0860	lib	_library	eh_funclets	eh	11
006f086b	Unwind@006f086b	lib	_library	eh_funclets	eh	11
006f0876	Unwind@006f0876	lib	_library	eh_funclets	eh	11
006f0881	Unwind@006f0881	lib	_library	eh_funclets	eh	11
006f088c	Unwind@006f088c	lib	_library	eh_funclets	eh	11
006f0897	Unwind@006f0897	lib	_library	eh_funclets	eh	11
006f08a2	Unwind@006f08a2	lib	_library	eh_funclets	eh	11
006f08ad	Unwind@006f08ad	lib	_library	eh_funclets	eh	11
006f08b8	Unwind@006f08b8	lib	_library	eh_funclets	eh	11
006f08c3	Unwind@006f08c3	lib	_library	eh_funclets	eh	11
006f08ce	Unwind@006f08ce	lib	_library	eh_funclets	eh	11
006f08d9	Unwind@006f08d9	lib	_library	eh_funclets	eh	11
006f08e4	Unwind@006f08e4	lib	_library	eh_funclets	eh	11
006f08ef	Unwind@006f08ef	lib	_library	eh_funclets	eh	11
006f08fa	Unwind@006f08fa	lib	_library	eh_funclets	eh	11
006f0905	Unwind@006f0905	lib	_library	eh_funclets	eh	11
006f0910	Unwind@006f0910	lib	_library	eh_funclets	eh	11
006f091b	Unwind@006f091b	lib	_library	eh_funclets	eh	11
006f0926	Unwind@006f0926	lib	_library	eh_funclets	eh	11
006f0931	Unwind@006f0931	lib	_library	eh_funclets	eh	11
006f093c	Unwind@006f093c	lib	_library	eh_funclets	eh	11
006f0947	Unwind@006f0947	lib	_library	eh_funclets	eh	11
006f0952	Unwind@006f0952	lib	_library	eh_funclets	eh	11
006f095d	Unwind@006f095d	lib	_library	eh_funclets	eh	11
006f0968	Unwind@006f0968	lib	_library	eh_funclets	eh	11
006f0973	Unwind@006f0973	lib	_library	eh_funclets	eh	11
006f097e	Unwind@006f097e	lib	_library	eh_funclets	eh	11
006f0989	Unwind@006f0989	lib	_library	eh_funclets	eh	11
006f0994	Unwind@006f0994	lib	_library	eh_funclets	eh	11
006f099f	Unwind@006f099f	lib	_library	eh_funclets	eh	11
006f09aa	Unwind@006f09aa	lib	_library	eh_funclets	eh	11
006f09b5	Unwind@006f09b5	lib	_library	eh_funclets	eh	11
006f09c0	Unwind@006f09c0	lib	_library	eh_funclets	eh	11
006f09cb	Unwind@006f09cb	lib	_library	eh_funclets	eh	11
006f09d6	Unwind@006f09d6	lib	_library	eh_funclets	eh	11
006f09e1	Unwind@006f09e1	lib	_library	eh_funclets	eh	11
006f09ec	Unwind@006f09ec	lib	_library	eh_funclets	eh	11
006f09f7	Unwind@006f09f7	lib	_library	eh_funclets	eh	11
006f0a02	Unwind@006f0a02	lib	_library	eh_funclets	eh	11
006f0a0d	Unwind@006f0a0d	lib	_library	eh_funclets	eh	11
006f0a18	Unwind@006f0a18	lib	_library	eh_funclets	eh	11
006f0a23	Unwind@006f0a23	lib	_library	eh_funclets	eh	11
006f0a2e	Unwind@006f0a2e	lib	_library	eh_funclets	eh	11
006f0a39	Unwind@006f0a39	lib	_library	eh_funclets	eh	11
006f0a44	Unwind@006f0a44	lib	_library	eh_funclets	eh	11
006f0a4f	Unwind@006f0a4f	lib	_library	eh_funclets	eh	11
006f0a5a	Unwind@006f0a5a	lib	_library	eh_funclets	eh	11
006f0a65	Unwind@006f0a65	lib	_library	eh_funclets	eh	11
006f0a70	Unwind@006f0a70	lib	_library	eh_funclets	eh	11
006f0a7b	Unwind@006f0a7b	lib	_library	eh_funclets	eh	11
006f0a86	Unwind@006f0a86	lib	_library	eh_funclets	eh	11
006f0a91	Unwind@006f0a91	lib	_library	eh_funclets	eh	11
006f0a9c	Unwind@006f0a9c	lib	_library	eh_funclets	eh	11
006f0aa7	Unwind@006f0aa7	lib	_library	eh_funclets	eh	11
006f0ab2	Unwind@006f0ab2	lib	_library	eh_funclets	eh	11
006f0abd	Unwind@006f0abd	lib	_library	eh_funclets	eh	11
006f0ac8	Unwind@006f0ac8	lib	_library	eh_funclets	eh	11
006f0ad3	Unwind@006f0ad3	lib	_library	eh_funclets	eh	11
006f0ade	Unwind@006f0ade	lib	_library	eh_funclets	eh	11
006f0ae9	Unwind@006f0ae9	lib	_library	eh_funclets	eh	11
006f0af4	Unwind@006f0af4	lib	_library	eh_funclets	eh	11
006f0aff	Unwind@006f0aff	lib	_library	eh_funclets	eh	11
006f0b0a	Unwind@006f0b0a	lib	_library	eh_funclets	eh	11
006f0b15	Unwind@006f0b15	lib	_library	eh_funclets	eh	11
006f0b20	Unwind@006f0b20	lib	_library	eh_funclets	eh	11
006f0b2b	Unwind@006f0b2b	lib	_library	eh_funclets	eh	11
006f0b36	Unwind@006f0b36	lib	_library	eh_funclets	eh	11
006f0b41	Unwind@006f0b41	lib	_library	eh_funclets	eh	11
006f0b4c	Unwind@006f0b4c	lib	_library	eh_funclets	eh	11
006f0b57	Unwind@006f0b57	lib	_library	eh_funclets	eh	11
006f0b62	Unwind@006f0b62	lib	_library	eh_funclets	eh	11
006f0b6d	Unwind@006f0b6d	lib	_library	eh_funclets	eh	11
006f0b78	Unwind@006f0b78	lib	_library	eh_funclets	eh	11
006f0b83	Unwind@006f0b83	lib	_library	eh_funclets	eh	11
006f0b8e	Unwind@006f0b8e	lib	_library	eh_funclets	eh	11
006f0b99	Unwind@006f0b99	lib	_library	eh_funclets	eh	11
006f0ba4	Unwind@006f0ba4	lib	_library	eh_funclets	eh	11
006f0baf	Unwind@006f0baf	lib	_library	eh_funclets	eh	11
006f0bba	Unwind@006f0bba	lib	_library	eh_funclets	eh	11
006f0bc5	Unwind@006f0bc5	lib	_library	eh_funclets	eh	11
006f0bd0	Unwind@006f0bd0	lib	_library	eh_funclets	eh	11
006f0bdb	Unwind@006f0bdb	lib	_library	eh_funclets	eh	11
006f0be6	Unwind@006f0be6	lib	_library	eh_funclets	eh	11
006f0bf1	Unwind@006f0bf1	lib	_library	eh_funclets	eh	11
006f0bfc	Unwind@006f0bfc	lib	_library	eh_funclets	eh	11
006f0c07	Unwind@006f0c07	lib	_library	eh_funclets	eh	11
006f0c12	Unwind@006f0c12	lib	_library	eh_funclets	eh	11
006f0c1d	Unwind@006f0c1d	lib	_library	eh_funclets	eh	11
006f0c28	Unwind@006f0c28	lib	_library	eh_funclets	eh	11
006f0c33	Unwind@006f0c33	lib	_library	eh_funclets	eh	11
006f0c3e	Unwind@006f0c3e	lib	_library	eh_funclets	eh	11
006f0c49	Unwind@006f0c49	lib	_library	eh_funclets	eh	11
006f0c54	Unwind@006f0c54	lib	_library	eh_funclets	eh	11
006f0c5f	Unwind@006f0c5f	lib	_library	eh_funclets	eh	11
006f0c6a	Unwind@006f0c6a	lib	_library	eh_funclets	eh	11
006f0c75	Unwind@006f0c75	lib	_library	eh_funclets	eh	11
006f0c80	Unwind@006f0c80	lib	_library	eh_funclets	eh	11
006f0c8b	Unwind@006f0c8b	lib	_library	eh_funclets	eh	11
006f0c96	Unwind@006f0c96	lib	_library	eh_funclets	eh	11
006f0ca1	Unwind@006f0ca1	lib	_library	eh_funclets	eh	11
006f0cac	Unwind@006f0cac	lib	_library	eh_funclets	eh	11
006f0cb7	Unwind@006f0cb7	lib	_library	eh_funclets	eh	11
006f0cc2	Unwind@006f0cc2	lib	_library	eh_funclets	eh	11
006f0ccd	Unwind@006f0ccd	lib	_library	eh_funclets	eh	11
006f0cd8	Unwind@006f0cd8	lib	_library	eh_funclets	eh	11
006f0ce3	Unwind@006f0ce3	lib	_library	eh_funclets	eh	11
006f0cee	Unwind@006f0cee	lib	_library	eh_funclets	eh	11
006f0cf9	Unwind@006f0cf9	lib	_library	eh_funclets	eh	11
006f0d04	Unwind@006f0d04	lib	_library	eh_funclets	eh	11
006f0d0f	Unwind@006f0d0f	lib	_library	eh_funclets	eh	11
006f0d1a	Unwind@006f0d1a	lib	_library	eh_funclets	eh	11
006f0d25	Unwind@006f0d25	lib	_library	eh_funclets	eh	11
006f0d30	Unwind@006f0d30	lib	_library	eh_funclets	eh	11
006f0d3b	Unwind@006f0d3b	lib	_library	eh_funclets	eh	11
006f0d46	Unwind@006f0d46	lib	_library	eh_funclets	eh	11
006f0d51	Unwind@006f0d51	lib	_library	eh_funclets	eh	11
006f0d5c	Unwind@006f0d5c	lib	_library	eh_funclets	eh	11
006f0d67	Unwind@006f0d67	lib	_library	eh_funclets	eh	11
006f0d72	Unwind@006f0d72	lib	_library	eh_funclets	eh	11
006f0d7d	Unwind@006f0d7d	lib	_library	eh_funclets	eh	11
006f0d88	Unwind@006f0d88	lib	_library	eh_funclets	eh	11
006f0d93	Unwind@006f0d93	lib	_library	eh_funclets	eh	11
006f0d9e	Unwind@006f0d9e	lib	_library	eh_funclets	eh	11
006f0da9	Unwind@006f0da9	lib	_library	eh_funclets	eh	11
006f0db4	Unwind@006f0db4	lib	_library	eh_funclets	eh	11
006f0dbf	Unwind@006f0dbf	lib	_library	eh_funclets	eh	11
006f0dca	Unwind@006f0dca	lib	_library	eh_funclets	eh	11
006f0dd5	Unwind@006f0dd5	lib	_library	eh_funclets	eh	11
006f0de0	Unwind@006f0de0	lib	_library	eh_funclets	eh	11
006f0deb	Unwind@006f0deb	lib	_library	eh_funclets	eh	11
006f0df6	Unwind@006f0df6	lib	_library	eh_funclets	eh	11
006f0e01	Unwind@006f0e01	lib	_library	eh_funclets	eh	11
006f0e0c	Unwind@006f0e0c	lib	_library	eh_funclets	eh	11
006f0e17	Unwind@006f0e17	lib	_library	eh_funclets	eh	11
006f0e22	Unwind@006f0e22	lib	_library	eh_funclets	eh	11
006f0e2d	Unwind@006f0e2d	lib	_library	eh_funclets	eh	11
006f0e38	Unwind@006f0e38	lib	_library	eh_funclets	eh	11
006f0e43	Unwind@006f0e43	lib	_library	eh_funclets	eh	11
006f0e4e	Unwind@006f0e4e	lib	_library	eh_funclets	eh	11
006f0e59	Unwind@006f0e59	lib	_library	eh_funclets	eh	11
006f0e64	Unwind@006f0e64	lib	_library	eh_funclets	eh	11
006f0e6f	Unwind@006f0e6f	lib	_library	eh_funclets	eh	11
006f0e7a	Unwind@006f0e7a	lib	_library	eh_funclets	eh	11
006f0eb0	Unwind@006f0eb0	lib	_library	eh_funclets	eh	8
006f0ee0	Unwind@006f0ee0	lib	_library	eh_funclets	eh	11
006f0eeb	Unwind@006f0eeb	lib	_library	eh_funclets	eh	8
006f0ef3	Unwind@006f0ef3	lib	_library	eh_funclets	eh	8
006f0efb	Unwind@006f0efb	lib	_library	eh_funclets	eh	8
006f0f03	Unwind@006f0f03	lib	_library	eh_funclets	eh	8
006f0f0b	Unwind@006f0f0b	lib	_library	eh_funclets	eh	8
006f0f13	Unwind@006f0f13	lib	_library	eh_funclets	eh	11
006f0f70	Unwind@006f0f70	lib	_library	eh_funclets	eh	8
006f0fa0	Unwind@006f0fa0	lib	_library	eh_funclets	eh	8
006f0fa8	Unwind@006f0fa8	lib	_library	eh_funclets	eh	11
006f0fb3	Unwind@006f0fb3	lib	_library	eh_funclets	eh	11
006f0fbe	Unwind@006f0fbe	lib	_library	eh_funclets	eh	14
006f0fcc	Unwind@006f0fcc	lib	_library	eh_funclets	eh	14
006f0fda	Unwind@006f0fda	lib	_library	eh_funclets	eh	8
006f0fe2	Unwind@006f0fe2	lib	_library	eh_funclets	eh	8
006f0fea	Unwind@006f0fea	lib	_library	eh_funclets	eh	8
006f0ff2	Unwind@006f0ff2	lib	_library	eh_funclets	eh	8
006f0ffa	Unwind@006f0ffa	lib	_library	eh_funclets	eh	8
006f1002	Unwind@006f1002	lib	_library	eh_funclets	eh	8
006f100a	Unwind@006f100a	lib	_library	eh_funclets	eh	8
006f1012	Unwind@006f1012	lib	_library	eh_funclets	eh	8
006f101a	Unwind@006f101a	lib	_library	eh_funclets	eh	8
006f1022	Unwind@006f1022	lib	_library	eh_funclets	eh	8
006f102a	Unwind@006f102a	lib	_library	eh_funclets	eh	8
006f1032	Unwind@006f1032	lib	_library	eh_funclets	eh	8
006f103a	Unwind@006f103a	lib	_library	eh_funclets	eh	8
006f1042	Unwind@006f1042	lib	_library	eh_funclets	eh	8
006f104a	Unwind@006f104a	lib	_library	eh_funclets	eh	8
006f1052	Unwind@006f1052	lib	_library	eh_funclets	eh	8
006f105a	Unwind@006f105a	lib	_library	eh_funclets	eh	8
006f1062	Unwind@006f1062	lib	_library	eh_funclets	eh	8
006f106a	Unwind@006f106a	lib	_library	eh_funclets	eh	8
006f1072	Unwind@006f1072	lib	_library	eh_funclets	eh	8
006f107a	Unwind@006f107a	lib	_library	eh_funclets	eh	8
006f1082	Unwind@006f1082	lib	_library	eh_funclets	eh	8
006f108a	Unwind@006f108a	lib	_library	eh_funclets	eh	8
006f1092	Unwind@006f1092	lib	_library	eh_funclets	eh	8
006f109a	Unwind@006f109a	lib	_library	eh_funclets	eh	8
006f10a2	Unwind@006f10a2	lib	_library	eh_funclets	eh	8
006f10aa	Unwind@006f10aa	lib	_library	eh_funclets	eh	8
006f10b2	Unwind@006f10b2	lib	_library	eh_funclets	eh	8
006f10ba	Unwind@006f10ba	lib	_library	eh_funclets	eh	8
006f10c2	Unwind@006f10c2	lib	_library	eh_funclets	eh	8
006f10ca	Unwind@006f10ca	lib	_library	eh_funclets	eh	8
006f10d2	Unwind@006f10d2	lib	_library	eh_funclets	eh	8
006f10da	Unwind@006f10da	lib	_library	eh_funclets	eh	8
006f10e2	Unwind@006f10e2	lib	_library	eh_funclets	eh	8
006f1110	Unwind@006f1110	lib	_library	eh_funclets	eh	8
006f1118	Unwind@006f1118	lib	_library	eh_funclets	eh	8
006f1150	Unwind@006f1150	lib	_library	eh_funclets	eh	8
006f1180	Unwind@006f1180	lib	_library	eh_funclets	eh	8
006f1188	Unwind@006f1188	lib	_library	eh_funclets	eh	8
006f1190	Unwind@006f1190	lib	_library	eh_funclets	eh	8
006f11c0	Unwind@006f11c0	lib	_library	eh_funclets	eh	8
006f11c8	Unwind@006f11c8	lib	_library	eh_funclets	eh	8
006f11d0	Unwind@006f11d0	lib	_library	eh_funclets	eh	8
006f1200	Unwind@006f1200	lib	_library	eh_funclets	eh	8
006f1208	Unwind@006f1208	lib	_library	eh_funclets	eh	8
006f1230	Unwind@006f1230	lib	_library	eh_funclets	eh	8
006f1260	Unwind@006f1260	lib	_library	eh_funclets	eh	8
006f1290	Unwind@006f1290	lib	_library	eh_funclets	eh	8
006f1298	Unwind@006f1298	lib	_library	eh_funclets	eh	11
006f12a3	Unwind@006f12a3	lib	_library	eh_funclets	eh	9
006f12ae	Unwind@006f12ae	lib	_library	eh_funclets	eh	9
006f12e0	Unwind@006f12e0	lib	_library	eh_funclets	eh	8
006f1310	Unwind@006f1310	lib	_library	eh_funclets	eh	8
006f1318	Unwind@006f1318	lib	_library	eh_funclets	eh	8
006f1340	Unwind@006f1340	lib	_library	eh_funclets	eh	8
006f1348	Unwind@006f1348	lib	_library	eh_funclets	eh	8
006f1370	Unwind@006f1370	lib	_library	eh_funclets	eh	8
006f1378	Unwind@006f1378	lib	_library	eh_funclets	eh	9
006f13a0	Unwind@006f13a0	lib	_library	eh_funclets	eh	35
006f13c3	Unwind@006f13c3	lib	_library	eh_funclets	eh	12
006f13cf	Unwind@006f13cf	lib	_library	eh_funclets	eh	12
006f13db	Unwind@006f13db	lib	_library	eh_funclets	eh	11
006f1410	Unwind@006f1410	lib	_library	eh_funclets	eh	8
006f1418	Unwind@006f1418	lib	_library	eh_funclets	eh	8
006f1420	Unwind@006f1420	lib	_library	eh_funclets	eh	14
006f142e	Unwind@006f142e	lib	_library	eh_funclets	eh	14
006f1460	Unwind@006f1460	lib	_library	eh_funclets	eh	8
006f1468	Unwind@006f1468	lib	_library	eh_funclets	eh	14
006f14a0	Unwind@006f14a0	lib	_library	eh_funclets	eh	35
006f14c3	Unwind@006f14c3	lib	_library	eh_funclets	eh	12
006f14cf	Unwind@006f14cf	lib	_library	eh_funclets	eh	12
006f14db	Unwind@006f14db	lib	_library	eh_funclets	eh	11
006f14e6	Unwind@006f14e6	lib	_library	eh_funclets	eh	11
006f14f1	Unwind@006f14f1	lib	_library	eh_funclets	eh	11
006f14fc	Unwind@006f14fc	lib	_library	eh_funclets	eh	11
006f1507	Unwind@006f1507	lib	_library	eh_funclets	eh	11
006f1512	Unwind@006f1512	lib	_library	eh_funclets	eh	11
006f151d	Unwind@006f151d	lib	_library	eh_funclets	eh	11
006f1528	Unwind@006f1528	lib	_library	eh_funclets	eh	11
006f1533	Unwind@006f1533	lib	_library	eh_funclets	eh	11
006f153e	Unwind@006f153e	lib	_library	eh_funclets	eh	35
006f1561	Unwind@006f1561	lib	_library	eh_funclets	eh	12
006f156d	Unwind@006f156d	lib	_library	eh_funclets	eh	12
006f1579	Unwind@006f1579	lib	_library	eh_funclets	eh	11
006f1584	Unwind@006f1584	lib	_library	eh_funclets	eh	11
006f158f	Unwind@006f158f	lib	_library	eh_funclets	eh	11
006f159a	Unwind@006f159a	lib	_library	eh_funclets	eh	11
006f15a5	Unwind@006f15a5	lib	_library	eh_funclets	eh	11
006f1600	Unwind@006f1600	lib	_library	eh_funclets	eh	25
006f16e0	Unwind@006f16e0	lib	_library	eh_funclets	eh	17
006f1710	Unwind@006f1710	lib	_library	eh_funclets	eh	14
006f171e	Unwind@006f171e	lib	_library	eh_funclets	eh	14
006f172c	Unwind@006f172c	lib	_library	eh_funclets	eh	14
006f173a	Unwind@006f173a	lib	_library	eh_funclets	eh	14
006f1748	Unwind@006f1748	lib	_library	eh_funclets	eh	14
006f1756	Unwind@006f1756	lib	_library	eh_funclets	eh	17
006f1767	Unwind@006f1767	lib	_library	eh_funclets	eh	17
006f1778	Unwind@006f1778	lib	_library	eh_funclets	eh	17
006f1789	Unwind@006f1789	lib	_library	eh_funclets	eh	17
006f179a	Unwind@006f179a	lib	_library	eh_funclets	eh	17
006f17ab	Unwind@006f17ab	lib	_library	eh_funclets	eh	17
006f17bc	Unwind@006f17bc	lib	_library	eh_funclets	eh	17
006f17cd	Unwind@006f17cd	lib	_library	eh_funclets	eh	17
006f17de	Unwind@006f17de	lib	_library	eh_funclets	eh	17
006f17ef	Unwind@006f17ef	lib	_library	eh_funclets	eh	17
006f1800	Unwind@006f1800	lib	_library	eh_funclets	eh	17
006f1811	Unwind@006f1811	lib	_library	eh_funclets	eh	17
006f1822	Unwind@006f1822	lib	_library	eh_funclets	eh	17
006f1833	Unwind@006f1833	lib	_library	eh_funclets	eh	17
006f1844	Unwind@006f1844	lib	_library	eh_funclets	eh	8
006f184c	Unwind@006f184c	lib	_library	eh_funclets	eh	9
006f1857	Unwind@006f1857	lib	_library	eh_funclets	eh	8
006f185f	Unwind@006f185f	lib	_library	eh_funclets	eh	9
006f186a	Unwind@006f186a	lib	_library	eh_funclets	eh	8
006f1872	Unwind@006f1872	lib	_library	eh_funclets	eh	9
006f187d	Unwind@006f187d	lib	_library	eh_funclets	eh	8
006f1885	Unwind@006f1885	lib	_library	eh_funclets	eh	9
006f1890	Unwind@006f1890	lib	_library	eh_funclets	eh	8
006f1898	Unwind@006f1898	lib	_library	eh_funclets	eh	9
006f18a3	Unwind@006f18a3	lib	_library	eh_funclets	eh	8
006f18ab	Unwind@006f18ab	lib	_library	eh_funclets	eh	9
006f18b6	Unwind@006f18b6	lib	_library	eh_funclets	eh	8
006f18be	Unwind@006f18be	lib	_library	eh_funclets	eh	9
006f18c9	Unwind@006f18c9	lib	_library	eh_funclets	eh	8
006f18d1	Unwind@006f18d1	lib	_library	eh_funclets	eh	9
006f18dc	Unwind@006f18dc	lib	_library	eh_funclets	eh	8
006f18e4	Unwind@006f18e4	lib	_library	eh_funclets	eh	9
006f18ef	Unwind@006f18ef	lib	_library	eh_funclets	eh	8
006f18f7	Unwind@006f18f7	lib	_library	eh_funclets	eh	9
006f1902	Unwind@006f1902	lib	_library	eh_funclets	eh	8
006f190a	Unwind@006f190a	lib	_library	eh_funclets	eh	9
006f1915	Unwind@006f1915	lib	_library	eh_funclets	eh	8
006f191d	Unwind@006f191d	lib	_library	eh_funclets	eh	9
006f1928	Unwind@006f1928	lib	_library	eh_funclets	eh	8
006f1960	Unwind@006f1960	lib	_library	eh_funclets	eh	11
006f196b	Unwind@006f196b	lib	_library	eh_funclets	eh	11
006f1976	Unwind@006f1976	lib	_library	eh_funclets	eh	11
006f1981	Unwind@006f1981	lib	_library	eh_funclets	eh	11
006f198c	Unwind@006f198c	lib	_library	eh_funclets	eh	11
006f1997	Unwind@006f1997	lib	_library	eh_funclets	eh	14
006f19a5	Unwind@006f19a5	lib	_library	eh_funclets	eh	14
006f19b3	Unwind@006f19b3	lib	_library	eh_funclets	eh	14
006f19c1	Unwind@006f19c1	lib	_library	eh_funclets	eh	14
006f19cf	Unwind@006f19cf	lib	_library	eh_funclets	eh	14
006f19dd	Unwind@006f19dd	lib	_library	eh_funclets	eh	14
006f19eb	Unwind@006f19eb	lib	_library	eh_funclets	eh	14
006f19f9	Unwind@006f19f9	lib	_library	eh_funclets	eh	14
006f1a07	Unwind@006f1a07	lib	_library	eh_funclets	eh	14
006f1a15	Unwind@006f1a15	lib	_library	eh_funclets	eh	14
006f1a23	Unwind@006f1a23	lib	_library	eh_funclets	eh	14
006f1a31	Unwind@006f1a31	lib	_library	eh_funclets	eh	14
006f1a3f	Unwind@006f1a3f	lib	_library	eh_funclets	eh	14
006f1a4d	Unwind@006f1a4d	lib	_library	eh_funclets	eh	14
006f1a80	Unwind@006f1a80	lib	_library	eh_funclets	eh	8
006f1a88	Unwind@006f1a88	lib	_library	eh_funclets	eh	8
006f1ac0	Unwind@006f1ac0	lib	_library	eh_funclets	eh	8
006f1b30	Unwind@006f1b30	lib	_library	eh_funclets	eh	11
006f1b3b	Unwind@006f1b3b	lib	_library	eh_funclets	eh	8
006f1b43	Unwind@006f1b43	lib	_library	eh_funclets	eh	11
006f1b4e	Unwind@006f1b4e	lib	_library	eh_funclets	eh	8
006f1b56	Unwind@006f1b56	lib	_library	eh_funclets	eh	8
006f1b5e	Unwind@006f1b5e	lib	_library	eh_funclets	eh	8
006f1b66	Unwind@006f1b66	lib	_library	eh_funclets	eh	11
006f1b71	Unwind@006f1b71	lib	_library	eh_funclets	eh	11
006f1b7c	Unwind@006f1b7c	lib	_library	eh_funclets	eh	11
006f1bb0	Unwind@006f1bb0	lib	_library	eh_funclets	eh	11
006f1bbb	Unwind@006f1bbb	lib	_library	eh_funclets	eh	8
006f1bc3	Unwind@006f1bc3	lib	_library	eh_funclets	eh	8
006f1bcb	Unwind@006f1bcb	lib	_library	eh_funclets	eh	8
006f1bd3	Unwind@006f1bd3	lib	_library	eh_funclets	eh	8
006f1bdb	Unwind@006f1bdb	lib	_library	eh_funclets	eh	11
006f1be6	Unwind@006f1be6	lib	_library	eh_funclets	eh	8
006f1bee	Unwind@006f1bee	lib	_library	eh_funclets	eh	8
006f1bf6	Unwind@006f1bf6	lib	_library	eh_funclets	eh	8
006f1bfe	Unwind@006f1bfe	lib	_library	eh_funclets	eh	8
006f1c06	Unwind@006f1c06	lib	_library	eh_funclets	eh	8
006f1c40	Unwind@006f1c40	lib	_library	eh_funclets	eh	11
006f1c80	Unwind@006f1c80	lib	_library	eh_funclets	eh	11
006f1c8b	Unwind@006f1c8b	lib	_library	eh_funclets	eh	11
006f1c96	Unwind@006f1c96	lib	_library	eh_funclets	eh	11
006f1cd0	Unwind@006f1cd0	lib	_library	eh_funclets	eh	8
006f1cd8	Unwind@006f1cd8	lib	_library	eh_funclets	eh	8
006f1ce0	Unwind@006f1ce0	lib	_library	eh_funclets	eh	8
006f1ce8	Unwind@006f1ce8	lib	_library	eh_funclets	eh	8
006f1cf0	Unwind@006f1cf0	lib	_library	eh_funclets	eh	11
006f1cfb	Unwind@006f1cfb	lib	_library	eh_funclets	eh	8
006f1d03	Unwind@006f1d03	lib	_library	eh_funclets	eh	8
006f1d0b	Unwind@006f1d0b	lib	_library	eh_funclets	eh	11
006f1d16	Unwind@006f1d16	lib	_library	eh_funclets	eh	8
006f1d1e	Unwind@006f1d1e	lib	_library	eh_funclets	eh	35
006f1d41	Unwind@006f1d41	lib	_library	eh_funclets	eh	12
006f1d4d	Unwind@006f1d4d	lib	_library	eh_funclets	eh	12
006f1d59	Unwind@006f1d59	lib	_library	eh_funclets	eh	11
006f1d64	Unwind@006f1d64	lib	_library	eh_funclets	eh	11
006f1d6f	Unwind@006f1d6f	lib	_library	eh_funclets	eh	11
006f1d7a	Unwind@006f1d7a	lib	_library	eh_funclets	eh	8
006f1d82	Unwind@006f1d82	lib	_library	eh_funclets	eh	11
006f1d8d	Unwind@006f1d8d	lib	_library	eh_funclets	eh	8
006f1d95	Unwind@006f1d95	lib	_library	eh_funclets	eh	8
006f1d9d	Unwind@006f1d9d	lib	_library	eh_funclets	eh	8
006f1da5	Unwind@006f1da5	lib	_library	eh_funclets	eh	8
006f1dad	Unwind@006f1dad	lib	_library	eh_funclets	eh	8
006f1db5	Unwind@006f1db5	lib	_library	eh_funclets	eh	11
006f1dc0	Unwind@006f1dc0	lib	_library	eh_funclets	eh	11
006f1dcb	Unwind@006f1dcb	lib	_library	eh_funclets	eh	11
006f1dd6	Unwind@006f1dd6	lib	_library	eh_funclets	eh	8
006f1dde	Unwind@006f1dde	lib	_library	eh_funclets	eh	11
006f1de9	Unwind@006f1de9	lib	_library	eh_funclets	eh	11
006f1df4	Unwind@006f1df4	lib	_library	eh_funclets	eh	11
006f1dff	Unwind@006f1dff	lib	_library	eh_funclets	eh	11
006f1e0a	Unwind@006f1e0a	lib	_library	eh_funclets	eh	11
006f1e15	Unwind@006f1e15	lib	_library	eh_funclets	eh	11
006f1e20	Unwind@006f1e20	lib	_library	eh_funclets	eh	11
006f1e2b	Unwind@006f1e2b	lib	_library	eh_funclets	eh	11
006f1e36	Unwind@006f1e36	lib	_library	eh_funclets	eh	11
006f1e41	Unwind@006f1e41	lib	_library	eh_funclets	eh	11
006f1e4c	Unwind@006f1e4c	lib	_library	eh_funclets	eh	11
006f1e57	Unwind@006f1e57	lib	_library	eh_funclets	eh	11
006f1e62	Unwind@006f1e62	lib	_library	eh_funclets	eh	11
006f1e6d	Unwind@006f1e6d	lib	_library	eh_funclets	eh	11
006f1e78	Unwind@006f1e78	lib	_library	eh_funclets	eh	11
006f1e83	Unwind@006f1e83	lib	_library	eh_funclets	eh	11
006f1e8e	Unwind@006f1e8e	lib	_library	eh_funclets	eh	11
006f1e99	Unwind@006f1e99	lib	_library	eh_funclets	eh	11
006f1ea4	Unwind@006f1ea4	lib	_library	eh_funclets	eh	11
006f1eaf	Unwind@006f1eaf	lib	_library	eh_funclets	eh	11
006f1eba	Unwind@006f1eba	lib	_library	eh_funclets	eh	11
006f1ec5	Unwind@006f1ec5	lib	_library	eh_funclets	eh	11
006f1ed0	Unwind@006f1ed0	lib	_library	eh_funclets	eh	11
006f1edb	Unwind@006f1edb	lib	_library	eh_funclets	eh	11
006f1ee6	Unwind@006f1ee6	lib	_library	eh_funclets	eh	11
006f1ef1	Unwind@006f1ef1	lib	_library	eh_funclets	eh	11
006f1efc	Unwind@006f1efc	lib	_library	eh_funclets	eh	11
006f1f07	Unwind@006f1f07	lib	_library	eh_funclets	eh	11
006f1f12	Unwind@006f1f12	lib	_library	eh_funclets	eh	11
006f1f1d	Unwind@006f1f1d	lib	_library	eh_funclets	eh	11
006f1f28	Unwind@006f1f28	lib	_library	eh_funclets	eh	11
006f1f33	Unwind@006f1f33	lib	_library	eh_funclets	eh	11
006f1f3e	Unwind@006f1f3e	lib	_library	eh_funclets	eh	11
006f1f49	Unwind@006f1f49	lib	_library	eh_funclets	eh	11
006f1f54	Unwind@006f1f54	lib	_library	eh_funclets	eh	11
006f1f5f	Unwind@006f1f5f	lib	_library	eh_funclets	eh	11
006f1f6a	Unwind@006f1f6a	lib	_library	eh_funclets	eh	11
006f1f75	Unwind@006f1f75	lib	_library	eh_funclets	eh	11
006f1f80	Unwind@006f1f80	lib	_library	eh_funclets	eh	11
006f1f8b	Unwind@006f1f8b	lib	_library	eh_funclets	eh	11
006f1f96	Unwind@006f1f96	lib	_library	eh_funclets	eh	11
006f1fa1	Unwind@006f1fa1	lib	_library	eh_funclets	eh	11
006f1fac	Unwind@006f1fac	lib	_library	eh_funclets	eh	11
006f1fb7	Unwind@006f1fb7	lib	_library	eh_funclets	eh	11
006f1fc2	Unwind@006f1fc2	lib	_library	eh_funclets	eh	11
006f1fcd	Unwind@006f1fcd	lib	_library	eh_funclets	eh	11
006f1fd8	Unwind@006f1fd8	lib	_library	eh_funclets	eh	11
006f1fe3	Unwind@006f1fe3	lib	_library	eh_funclets	eh	11
006f1fee	Unwind@006f1fee	lib	_library	eh_funclets	eh	11
006f1ff9	Unwind@006f1ff9	lib	_library	eh_funclets	eh	11
006f2004	Unwind@006f2004	lib	_library	eh_funclets	eh	11
006f200f	Unwind@006f200f	lib	_library	eh_funclets	eh	11
006f201a	Unwind@006f201a	lib	_library	eh_funclets	eh	11
006f2025	Unwind@006f2025	lib	_library	eh_funclets	eh	11
006f2030	Unwind@006f2030	lib	_library	eh_funclets	eh	11
006f2070	Unwind@006f2070	lib	_library	eh_funclets	eh	11
006f20b0	Unwind@006f20b0	lib	_library	eh_funclets	eh	14
006f20be	Unwind@006f20be	lib	_library	eh_funclets	eh	10
006f20f0	Unwind@006f20f0	lib	_library	eh_funclets	eh	11
006f2130	Unwind@006f2130	lib	_library	eh_funclets	eh	14
006f213e	Unwind@006f213e	lib	_library	eh_funclets	eh	10
006f2148	Unwind@006f2148	lib	_library	eh_funclets	eh	10
006f2152	Unwind@006f2152	lib	_library	eh_funclets	eh	10
006f215c	Unwind@006f215c	lib	_library	eh_funclets	eh	10
006f2166	Unwind@006f2166	lib	_library	eh_funclets	eh	10
006f2170	Unwind@006f2170	lib	_library	eh_funclets	eh	10
006f217a	Unwind@006f217a	lib	_library	eh_funclets	eh	10
006f2184	Unwind@006f2184	lib	_library	eh_funclets	eh	10
006f218e	Unwind@006f218e	lib	_library	eh_funclets	eh	10
006f2198	Unwind@006f2198	lib	_library	eh_funclets	eh	10
006f21a2	Unwind@006f21a2	lib	_library	eh_funclets	eh	10
006f21ac	Unwind@006f21ac	lib	_library	eh_funclets	eh	10
006f21b6	Unwind@006f21b6	lib	_library	eh_funclets	eh	10
006f21c0	Unwind@006f21c0	lib	_library	eh_funclets	eh	10
006f21ca	Unwind@006f21ca	lib	_library	eh_funclets	eh	10
006f21d4	Unwind@006f21d4	lib	_library	eh_funclets	eh	10
006f21de	Unwind@006f21de	lib	_library	eh_funclets	eh	10
006f21e8	Unwind@006f21e8	lib	_library	eh_funclets	eh	10
006f21f2	Unwind@006f21f2	lib	_library	eh_funclets	eh	10
006f21fc	Unwind@006f21fc	lib	_library	eh_funclets	eh	14
006f220a	Unwind@006f220a	lib	_library	eh_funclets	eh	10
006f2214	Unwind@006f2214	lib	_library	eh_funclets	eh	10
006f221e	Unwind@006f221e	lib	_library	eh_funclets	eh	10
006f2228	Unwind@006f2228	lib	_library	eh_funclets	eh	10
006f2232	Unwind@006f2232	lib	_library	eh_funclets	eh	10
006f223c	Unwind@006f223c	lib	_library	eh_funclets	eh	10
006f2246	Unwind@006f2246	lib	_library	eh_funclets	eh	10
006f2250	Unwind@006f2250	lib	_library	eh_funclets	eh	10
006f225a	Unwind@006f225a	lib	_library	eh_funclets	eh	10
006f2264	Unwind@006f2264	lib	_library	eh_funclets	eh	10
006f226e	Unwind@006f226e	lib	_library	eh_funclets	eh	10
006f2278	Unwind@006f2278	lib	_library	eh_funclets	eh	10
006f2282	Unwind@006f2282	lib	_library	eh_funclets	eh	10
006f228c	Unwind@006f228c	lib	_library	eh_funclets	eh	10
006f2296	Unwind@006f2296	lib	_library	eh_funclets	eh	10
006f22a0	Unwind@006f22a0	lib	_library	eh_funclets	eh	10
006f22aa	Unwind@006f22aa	lib	_library	eh_funclets	eh	10
006f22b4	Unwind@006f22b4	lib	_library	eh_funclets	eh	10
006f22be	Unwind@006f22be	lib	_library	eh_funclets	eh	10
006f22c8	Unwind@006f22c8	lib	_library	eh_funclets	eh	14
006f22d6	Unwind@006f22d6	lib	_library	eh_funclets	eh	10
006f22e0	Unwind@006f22e0	lib	_library	eh_funclets	eh	10
006f22ea	Unwind@006f22ea	lib	_library	eh_funclets	eh	10
006f22f4	Unwind@006f22f4	lib	_library	eh_funclets	eh	10
006f22fe	Unwind@006f22fe	lib	_library	eh_funclets	eh	10
006f2308	Unwind@006f2308	lib	_library	eh_funclets	eh	10
006f2312	Unwind@006f2312	lib	_library	eh_funclets	eh	10
006f231c	Unwind@006f231c	lib	_library	eh_funclets	eh	10
006f2326	Unwind@006f2326	lib	_library	eh_funclets	eh	10
006f2330	Unwind@006f2330	lib	_library	eh_funclets	eh	14
006f233e	Unwind@006f233e	lib	_library	eh_funclets	eh	10
006f2348	Unwind@006f2348	lib	_library	eh_funclets	eh	10
006f2352	Unwind@006f2352	lib	_library	eh_funclets	eh	10
006f235c	Unwind@006f235c	lib	_library	eh_funclets	eh	10
006f2366	Unwind@006f2366	lib	_library	eh_funclets	eh	10
006f2370	Unwind@006f2370	lib	_library	eh_funclets	eh	10
006f237a	Unwind@006f237a	lib	_library	eh_funclets	eh	10
006f2384	Unwind@006f2384	lib	_library	eh_funclets	eh	10
006f238e	Unwind@006f238e	lib	_library	eh_funclets	eh	10
006f2398	Unwind@006f2398	lib	_library	eh_funclets	eh	14
006f23a6	Unwind@006f23a6	lib	_library	eh_funclets	eh	10
006f23b0	Unwind@006f23b0	lib	_library	eh_funclets	eh	10
006f23ba	Unwind@006f23ba	lib	_library	eh_funclets	eh	10
006f23c4	Unwind@006f23c4	lib	_library	eh_funclets	eh	10
006f23ce	Unwind@006f23ce	lib	_library	eh_funclets	eh	10
006f23d8	Unwind@006f23d8	lib	_library	eh_funclets	eh	10
006f23e2	Unwind@006f23e2	lib	_library	eh_funclets	eh	10
006f23ec	Unwind@006f23ec	lib	_library	eh_funclets	eh	10
006f23f6	Unwind@006f23f6	lib	_library	eh_funclets	eh	10
006f2400	Unwind@006f2400	lib	_library	eh_funclets	eh	14
006f240e	Unwind@006f240e	lib	_library	eh_funclets	eh	10
006f2418	Unwind@006f2418	lib	_library	eh_funclets	eh	10
006f2422	Unwind@006f2422	lib	_library	eh_funclets	eh	10
006f242c	Unwind@006f242c	lib	_library	eh_funclets	eh	10
006f2436	Unwind@006f2436	lib	_library	eh_funclets	eh	10
006f2440	Unwind@006f2440	lib	_library	eh_funclets	eh	10
006f244a	Unwind@006f244a	lib	_library	eh_funclets	eh	10
006f2454	Unwind@006f2454	lib	_library	eh_funclets	eh	10
006f245e	Unwind@006f245e	lib	_library	eh_funclets	eh	10
006f2468	Unwind@006f2468	lib	_library	eh_funclets	eh	14
006f2476	Unwind@006f2476	lib	_library	eh_funclets	eh	10
006f2480	Unwind@006f2480	lib	_library	eh_funclets	eh	10
006f248a	Unwind@006f248a	lib	_library	eh_funclets	eh	10
006f2494	Unwind@006f2494	lib	_library	eh_funclets	eh	10
006f249e	Unwind@006f249e	lib	_library	eh_funclets	eh	10
006f24a8	Unwind@006f24a8	lib	_library	eh_funclets	eh	10
006f24b2	Unwind@006f24b2	lib	_library	eh_funclets	eh	10
006f24bc	Unwind@006f24bc	lib	_library	eh_funclets	eh	10
006f24c6	Unwind@006f24c6	lib	_library	eh_funclets	eh	10
006f24d0	Unwind@006f24d0	lib	_library	eh_funclets	eh	16
006f24e0	Unwind@006f24e0	lib	_library	eh_funclets	eh	10
006f24ea	Unwind@006f24ea	lib	_library	eh_funclets	eh	10
006f24f4	Unwind@006f24f4	lib	_library	eh_funclets	eh	10
006f24fe	Unwind@006f24fe	lib	_library	eh_funclets	eh	10
006f2508	Unwind@006f2508	lib	_library	eh_funclets	eh	10
006f2512	Unwind@006f2512	lib	_library	eh_funclets	eh	10
006f251c	Unwind@006f251c	lib	_library	eh_funclets	eh	10
006f2526	Unwind@006f2526	lib	_library	eh_funclets	eh	10
006f2530	Unwind@006f2530	lib	_library	eh_funclets	eh	10
006f253a	Unwind@006f253a	lib	_library	eh_funclets	eh	16
006f254a	Unwind@006f254a	lib	_library	eh_funclets	eh	10
006f2554	Unwind@006f2554	lib	_library	eh_funclets	eh	10
006f255e	Unwind@006f255e	lib	_library	eh_funclets	eh	10
006f2568	Unwind@006f2568	lib	_library	eh_funclets	eh	10
006f2572	Unwind@006f2572	lib	_library	eh_funclets	eh	10
006f257c	Unwind@006f257c	lib	_library	eh_funclets	eh	10
006f2586	Unwind@006f2586	lib	_library	eh_funclets	eh	10
006f2590	Unwind@006f2590	lib	_library	eh_funclets	eh	10
006f259a	Unwind@006f259a	lib	_library	eh_funclets	eh	10
006f25a4	Unwind@006f25a4	lib	_library	eh_funclets	eh	16
006f25b4	Unwind@006f25b4	lib	_library	eh_funclets	eh	10
006f25be	Unwind@006f25be	lib	_library	eh_funclets	eh	10
006f25c8	Unwind@006f25c8	lib	_library	eh_funclets	eh	10
006f25d2	Unwind@006f25d2	lib	_library	eh_funclets	eh	10
006f25dc	Unwind@006f25dc	lib	_library	eh_funclets	eh	10
006f25e6	Unwind@006f25e6	lib	_library	eh_funclets	eh	10
006f25f0	Unwind@006f25f0	lib	_library	eh_funclets	eh	10
006f25fa	Unwind@006f25fa	lib	_library	eh_funclets	eh	10
006f2604	Unwind@006f2604	lib	_library	eh_funclets	eh	10
006f260e	Unwind@006f260e	lib	_library	eh_funclets	eh	16
006f261e	Unwind@006f261e	lib	_library	eh_funclets	eh	10
006f2628	Unwind@006f2628	lib	_library	eh_funclets	eh	10
006f2632	Unwind@006f2632	lib	_library	eh_funclets	eh	10
006f263c	Unwind@006f263c	lib	_library	eh_funclets	eh	10
006f2646	Unwind@006f2646	lib	_library	eh_funclets	eh	10
006f2650	Unwind@006f2650	lib	_library	eh_funclets	eh	10
006f265a	Unwind@006f265a	lib	_library	eh_funclets	eh	10
006f2664	Unwind@006f2664	lib	_library	eh_funclets	eh	10
006f266e	Unwind@006f266e	lib	_library	eh_funclets	eh	10
006f2678	Unwind@006f2678	lib	_library	eh_funclets	eh	16
006f2688	Unwind@006f2688	lib	_library	eh_funclets	eh	10
006f2692	Unwind@006f2692	lib	_library	eh_funclets	eh	10
006f269c	Unwind@006f269c	lib	_library	eh_funclets	eh	10
006f26a6	Unwind@006f26a6	lib	_library	eh_funclets	eh	10
006f26b0	Unwind@006f26b0	lib	_library	eh_funclets	eh	10
006f26ba	Unwind@006f26ba	lib	_library	eh_funclets	eh	10
006f26c4	Unwind@006f26c4	lib	_library	eh_funclets	eh	10
006f26ce	Unwind@006f26ce	lib	_library	eh_funclets	eh	10
006f26d8	Unwind@006f26d8	lib	_library	eh_funclets	eh	10
006f26e2	Unwind@006f26e2	lib	_library	eh_funclets	eh	16
006f26f2	Unwind@006f26f2	lib	_library	eh_funclets	eh	10
006f26fc	Unwind@006f26fc	lib	_library	eh_funclets	eh	10
006f2706	Unwind@006f2706	lib	_library	eh_funclets	eh	10
006f2710	Unwind@006f2710	lib	_library	eh_funclets	eh	10
006f271a	Unwind@006f271a	lib	_library	eh_funclets	eh	10
006f2724	Unwind@006f2724	lib	_library	eh_funclets	eh	10
006f272e	Unwind@006f272e	lib	_library	eh_funclets	eh	10
006f2738	Unwind@006f2738	lib	_library	eh_funclets	eh	10
006f2742	Unwind@006f2742	lib	_library	eh_funclets	eh	10
006f274c	Unwind@006f274c	lib	_library	eh_funclets	eh	16
006f275c	Unwind@006f275c	lib	_library	eh_funclets	eh	10
006f2766	Unwind@006f2766	lib	_library	eh_funclets	eh	10
006f2770	Unwind@006f2770	lib	_library	eh_funclets	eh	10
006f277a	Unwind@006f277a	lib	_library	eh_funclets	eh	10
006f2784	Unwind@006f2784	lib	_library	eh_funclets	eh	10
006f278e	Unwind@006f278e	lib	_library	eh_funclets	eh	10
006f2798	Unwind@006f2798	lib	_library	eh_funclets	eh	10
006f27a2	Unwind@006f27a2	lib	_library	eh_funclets	eh	10
006f27ac	Unwind@006f27ac	lib	_library	eh_funclets	eh	10
006f27b6	Unwind@006f27b6	lib	_library	eh_funclets	eh	16
006f27c6	Unwind@006f27c6	lib	_library	eh_funclets	eh	10
006f27d0	Unwind@006f27d0	lib	_library	eh_funclets	eh	10
006f27da	Unwind@006f27da	lib	_library	eh_funclets	eh	10
006f27e4	Unwind@006f27e4	lib	_library	eh_funclets	eh	10
006f27ee	Unwind@006f27ee	lib	_library	eh_funclets	eh	10
006f27f8	Unwind@006f27f8	lib	_library	eh_funclets	eh	10
006f2802	Unwind@006f2802	lib	_library	eh_funclets	eh	10
006f280c	Unwind@006f280c	lib	_library	eh_funclets	eh	10
006f2816	Unwind@006f2816	lib	_library	eh_funclets	eh	10
006f2820	Unwind@006f2820	lib	_library	eh_funclets	eh	16
006f2830	Unwind@006f2830	lib	_library	eh_funclets	eh	10
006f283a	Unwind@006f283a	lib	_library	eh_funclets	eh	10
006f2844	Unwind@006f2844	lib	_library	eh_funclets	eh	10
006f284e	Unwind@006f284e	lib	_library	eh_funclets	eh	10
006f2858	Unwind@006f2858	lib	_library	eh_funclets	eh	10
006f2862	Unwind@006f2862	lib	_library	eh_funclets	eh	10
006f286c	Unwind@006f286c	lib	_library	eh_funclets	eh	10
006f2876	Unwind@006f2876	lib	_library	eh_funclets	eh	10
006f2880	Unwind@006f2880	lib	_library	eh_funclets	eh	10
006f288a	Unwind@006f288a	lib	_library	eh_funclets	eh	16
006f289a	Unwind@006f289a	lib	_library	eh_funclets	eh	10
006f28a4	Unwind@006f28a4	lib	_library	eh_funclets	eh	10
006f28ae	Unwind@006f28ae	lib	_library	eh_funclets	eh	10
006f28b8	Unwind@006f28b8	lib	_library	eh_funclets	eh	10
006f28c2	Unwind@006f28c2	lib	_library	eh_funclets	eh	10
006f28cc	Unwind@006f28cc	lib	_library	eh_funclets	eh	10
006f28d6	Unwind@006f28d6	lib	_library	eh_funclets	eh	10
006f28e0	Unwind@006f28e0	lib	_library	eh_funclets	eh	10
006f28ea	Unwind@006f28ea	lib	_library	eh_funclets	eh	10
006f28f4	Unwind@006f28f4	lib	_library	eh_funclets	eh	16
006f2904	Unwind@006f2904	lib	_library	eh_funclets	eh	10
006f290e	Unwind@006f290e	lib	_library	eh_funclets	eh	10
006f2918	Unwind@006f2918	lib	_library	eh_funclets	eh	10
006f2922	Unwind@006f2922	lib	_library	eh_funclets	eh	10
006f292c	Unwind@006f292c	lib	_library	eh_funclets	eh	10
006f2936	Unwind@006f2936	lib	_library	eh_funclets	eh	10
006f2940	Unwind@006f2940	lib	_library	eh_funclets	eh	10
006f294a	Unwind@006f294a	lib	_library	eh_funclets	eh	10
006f2954	Unwind@006f2954	lib	_library	eh_funclets	eh	10
006f295e	Unwind@006f295e	lib	_library	eh_funclets	eh	16
006f296e	Unwind@006f296e	lib	_library	eh_funclets	eh	10
006f2978	Unwind@006f2978	lib	_library	eh_funclets	eh	10
006f2982	Unwind@006f2982	lib	_library	eh_funclets	eh	10
006f298c	Unwind@006f298c	lib	_library	eh_funclets	eh	10
006f2996	Unwind@006f2996	lib	_library	eh_funclets	eh	10
006f29a0	Unwind@006f29a0	lib	_library	eh_funclets	eh	10
006f29aa	Unwind@006f29aa	lib	_library	eh_funclets	eh	10
006f29b4	Unwind@006f29b4	lib	_library	eh_funclets	eh	10
006f29be	Unwind@006f29be	lib	_library	eh_funclets	eh	10
006f29c8	Unwind@006f29c8	lib	_library	eh_funclets	eh	16
006f29d8	Unwind@006f29d8	lib	_library	eh_funclets	eh	10
006f29e2	Unwind@006f29e2	lib	_library	eh_funclets	eh	10
006f29ec	Unwind@006f29ec	lib	_library	eh_funclets	eh	10
006f29f6	Unwind@006f29f6	lib	_library	eh_funclets	eh	10
006f2a00	Unwind@006f2a00	lib	_library	eh_funclets	eh	10
006f2a0a	Unwind@006f2a0a	lib	_library	eh_funclets	eh	10
006f2a14	Unwind@006f2a14	lib	_library	eh_funclets	eh	10
006f2a1e	Unwind@006f2a1e	lib	_library	eh_funclets	eh	10
006f2a28	Unwind@006f2a28	lib	_library	eh_funclets	eh	10
006f2a32	Unwind@006f2a32	lib	_library	eh_funclets	eh	16
006f2a42	Unwind@006f2a42	lib	_library	eh_funclets	eh	10
006f2a4c	Unwind@006f2a4c	lib	_library	eh_funclets	eh	10
006f2a56	Unwind@006f2a56	lib	_library	eh_funclets	eh	10
006f2a60	Unwind@006f2a60	lib	_library	eh_funclets	eh	10
006f2a6a	Unwind@006f2a6a	lib	_library	eh_funclets	eh	10
006f2a74	Unwind@006f2a74	lib	_library	eh_funclets	eh	10
006f2a7e	Unwind@006f2a7e	lib	_library	eh_funclets	eh	10
006f2a88	Unwind@006f2a88	lib	_library	eh_funclets	eh	10
006f2a92	Unwind@006f2a92	lib	_library	eh_funclets	eh	10
006f2a9c	Unwind@006f2a9c	lib	_library	eh_funclets	eh	16
006f2aac	Unwind@006f2aac	lib	_library	eh_funclets	eh	10
006f2ab6	Unwind@006f2ab6	lib	_library	eh_funclets	eh	10
006f2ac0	Unwind@006f2ac0	lib	_library	eh_funclets	eh	10
006f2aca	Unwind@006f2aca	lib	_library	eh_funclets	eh	10
006f2ad4	Unwind@006f2ad4	lib	_library	eh_funclets	eh	10
006f2ade	Unwind@006f2ade	lib	_library	eh_funclets	eh	10
006f2ae8	Unwind@006f2ae8	lib	_library	eh_funclets	eh	10
006f2af2	Unwind@006f2af2	lib	_library	eh_funclets	eh	10
006f2afc	Unwind@006f2afc	lib	_library	eh_funclets	eh	10
006f2b06	Unwind@006f2b06	lib	_library	eh_funclets	eh	16
006f2b16	Unwind@006f2b16	lib	_library	eh_funclets	eh	10
006f2b20	Unwind@006f2b20	lib	_library	eh_funclets	eh	10
006f2b2a	Unwind@006f2b2a	lib	_library	eh_funclets	eh	10
006f2b34	Unwind@006f2b34	lib	_library	eh_funclets	eh	10
006f2b3e	Unwind@006f2b3e	lib	_library	eh_funclets	eh	10
006f2b48	Unwind@006f2b48	lib	_library	eh_funclets	eh	10
006f2b52	Unwind@006f2b52	lib	_library	eh_funclets	eh	10
006f2b5c	Unwind@006f2b5c	lib	_library	eh_funclets	eh	10
006f2b66	Unwind@006f2b66	lib	_library	eh_funclets	eh	10
006f2b70	Unwind@006f2b70	lib	_library	eh_funclets	eh	16
006f2b80	Unwind@006f2b80	lib	_library	eh_funclets	eh	10
006f2b8a	Unwind@006f2b8a	lib	_library	eh_funclets	eh	10
006f2b94	Unwind@006f2b94	lib	_library	eh_funclets	eh	10
006f2b9e	Unwind@006f2b9e	lib	_library	eh_funclets	eh	10
006f2ba8	Unwind@006f2ba8	lib	_library	eh_funclets	eh	10
006f2bb2	Unwind@006f2bb2	lib	_library	eh_funclets	eh	10
006f2bbc	Unwind@006f2bbc	lib	_library	eh_funclets	eh	10
006f2bc6	Unwind@006f2bc6	lib	_library	eh_funclets	eh	10
006f2bd0	Unwind@006f2bd0	lib	_library	eh_funclets	eh	10
006f2bda	Unwind@006f2bda	lib	_library	eh_funclets	eh	16
006f2bea	Unwind@006f2bea	lib	_library	eh_funclets	eh	10
006f2bf4	Unwind@006f2bf4	lib	_library	eh_funclets	eh	10
006f2bfe	Unwind@006f2bfe	lib	_library	eh_funclets	eh	10
006f2c08	Unwind@006f2c08	lib	_library	eh_funclets	eh	10
006f2c12	Unwind@006f2c12	lib	_library	eh_funclets	eh	10
006f2c1c	Unwind@006f2c1c	lib	_library	eh_funclets	eh	10
006f2c26	Unwind@006f2c26	lib	_library	eh_funclets	eh	10
006f2c30	Unwind@006f2c30	lib	_library	eh_funclets	eh	10
006f2c3a	Unwind@006f2c3a	lib	_library	eh_funclets	eh	10
006f2c44	Unwind@006f2c44	lib	_library	eh_funclets	eh	16
006f2c54	Unwind@006f2c54	lib	_library	eh_funclets	eh	10
006f2c5e	Unwind@006f2c5e	lib	_library	eh_funclets	eh	10
006f2c68	Unwind@006f2c68	lib	_library	eh_funclets	eh	10
006f2c72	Unwind@006f2c72	lib	_library	eh_funclets	eh	10
006f2c7c	Unwind@006f2c7c	lib	_library	eh_funclets	eh	10
006f2c86	Unwind@006f2c86	lib	_library	eh_funclets	eh	10
006f2c90	Unwind@006f2c90	lib	_library	eh_funclets	eh	10
006f2c9a	Unwind@006f2c9a	lib	_library	eh_funclets	eh	10
006f2ca4	Unwind@006f2ca4	lib	_library	eh_funclets	eh	10
006f2cae	Unwind@006f2cae	lib	_library	eh_funclets	eh	16
006f2cbe	Unwind@006f2cbe	lib	_library	eh_funclets	eh	10
006f2cc8	Unwind@006f2cc8	lib	_library	eh_funclets	eh	10
006f2cd2	Unwind@006f2cd2	lib	_library	eh_funclets	eh	10
006f2cdc	Unwind@006f2cdc	lib	_library	eh_funclets	eh	10
006f2ce6	Unwind@006f2ce6	lib	_library	eh_funclets	eh	10
006f2cf0	Unwind@006f2cf0	lib	_library	eh_funclets	eh	10
006f2cfa	Unwind@006f2cfa	lib	_library	eh_funclets	eh	10
006f2d04	Unwind@006f2d04	lib	_library	eh_funclets	eh	10
006f2d0e	Unwind@006f2d0e	lib	_library	eh_funclets	eh	10
006f2d18	Unwind@006f2d18	lib	_library	eh_funclets	eh	16
006f2d28	Unwind@006f2d28	lib	_library	eh_funclets	eh	10
006f2d32	Unwind@006f2d32	lib	_library	eh_funclets	eh	10
006f2d3c	Unwind@006f2d3c	lib	_library	eh_funclets	eh	10
006f2d46	Unwind@006f2d46	lib	_library	eh_funclets	eh	10
006f2d50	Unwind@006f2d50	lib	_library	eh_funclets	eh	10
006f2d5a	Unwind@006f2d5a	lib	_library	eh_funclets	eh	10
006f2d64	Unwind@006f2d64	lib	_library	eh_funclets	eh	10
006f2d6e	Unwind@006f2d6e	lib	_library	eh_funclets	eh	10
006f2d78	Unwind@006f2d78	lib	_library	eh_funclets	eh	10
006f2d82	Unwind@006f2d82	lib	_library	eh_funclets	eh	16
006f2d92	Unwind@006f2d92	lib	_library	eh_funclets	eh	10
006f2d9c	Unwind@006f2d9c	lib	_library	eh_funclets	eh	10
006f2da6	Unwind@006f2da6	lib	_library	eh_funclets	eh	10
006f2db0	Unwind@006f2db0	lib	_library	eh_funclets	eh	10
006f2dba	Unwind@006f2dba	lib	_library	eh_funclets	eh	10
006f2dc4	Unwind@006f2dc4	lib	_library	eh_funclets	eh	10
006f2dce	Unwind@006f2dce	lib	_library	eh_funclets	eh	10
006f2dd8	Unwind@006f2dd8	lib	_library	eh_funclets	eh	10
006f2de2	Unwind@006f2de2	lib	_library	eh_funclets	eh	10
006f2dec	Unwind@006f2dec	lib	_library	eh_funclets	eh	16
006f2dfc	Unwind@006f2dfc	lib	_library	eh_funclets	eh	10
006f2e06	Unwind@006f2e06	lib	_library	eh_funclets	eh	10
006f2e10	Unwind@006f2e10	lib	_library	eh_funclets	eh	10
006f2e1a	Unwind@006f2e1a	lib	_library	eh_funclets	eh	10
006f2e24	Unwind@006f2e24	lib	_library	eh_funclets	eh	10
006f2e2e	Unwind@006f2e2e	lib	_library	eh_funclets	eh	10
006f2e38	Unwind@006f2e38	lib	_library	eh_funclets	eh	10
006f2e42	Unwind@006f2e42	lib	_library	eh_funclets	eh	10
006f2e4c	Unwind@006f2e4c	lib	_library	eh_funclets	eh	10
006f2e56	Unwind@006f2e56	lib	_library	eh_funclets	eh	16
006f2e66	Unwind@006f2e66	lib	_library	eh_funclets	eh	10
006f2e70	Unwind@006f2e70	lib	_library	eh_funclets	eh	10
006f2e7a	Unwind@006f2e7a	lib	_library	eh_funclets	eh	10
006f2e84	Unwind@006f2e84	lib	_library	eh_funclets	eh	10
006f2e8e	Unwind@006f2e8e	lib	_library	eh_funclets	eh	10
006f2e98	Unwind@006f2e98	lib	_library	eh_funclets	eh	10
006f2ea2	Unwind@006f2ea2	lib	_library	eh_funclets	eh	10
006f2eac	Unwind@006f2eac	lib	_library	eh_funclets	eh	10
006f2eb6	Unwind@006f2eb6	lib	_library	eh_funclets	eh	10
006f2ec0	Unwind@006f2ec0	lib	_library	eh_funclets	eh	16
006f2ed0	Unwind@006f2ed0	lib	_library	eh_funclets	eh	10
006f2eda	Unwind@006f2eda	lib	_library	eh_funclets	eh	10
006f2ee4	Unwind@006f2ee4	lib	_library	eh_funclets	eh	10
006f2eee	Unwind@006f2eee	lib	_library	eh_funclets	eh	10
006f2ef8	Unwind@006f2ef8	lib	_library	eh_funclets	eh	10
006f2f02	Unwind@006f2f02	lib	_library	eh_funclets	eh	10
006f2f0c	Unwind@006f2f0c	lib	_library	eh_funclets	eh	10
006f2f16	Unwind@006f2f16	lib	_library	eh_funclets	eh	10
006f2f20	Unwind@006f2f20	lib	_library	eh_funclets	eh	10
006f2f2a	Unwind@006f2f2a	lib	_library	eh_funclets	eh	14
006f2f38	Unwind@006f2f38	lib	_library	eh_funclets	eh	10
006f2f42	Unwind@006f2f42	lib	_library	eh_funclets	eh	10
006f2f4c	Unwind@006f2f4c	lib	_library	eh_funclets	eh	10
006f2f56	Unwind@006f2f56	lib	_library	eh_funclets	eh	10
006f2f60	Unwind@006f2f60	lib	_library	eh_funclets	eh	10
006f2f6a	Unwind@006f2f6a	lib	_library	eh_funclets	eh	10
006f2f74	Unwind@006f2f74	lib	_library	eh_funclets	eh	10
006f2f7e	Unwind@006f2f7e	lib	_library	eh_funclets	eh	10
006f2f88	Unwind@006f2f88	lib	_library	eh_funclets	eh	10
006f2f92	Unwind@006f2f92	lib	_library	eh_funclets	eh	14
006f2fa0	Unwind@006f2fa0	lib	_library	eh_funclets	eh	10
006f2faa	Unwind@006f2faa	lib	_library	eh_funclets	eh	10
006f2fb4	Unwind@006f2fb4	lib	_library	eh_funclets	eh	10
006f2fbe	Unwind@006f2fbe	lib	_library	eh_funclets	eh	10
006f2fc8	Unwind@006f2fc8	lib	_library	eh_funclets	eh	10
006f2fd2	Unwind@006f2fd2	lib	_library	eh_funclets	eh	10
006f2fdc	Unwind@006f2fdc	lib	_library	eh_funclets	eh	10
006f2fe6	Unwind@006f2fe6	lib	_library	eh_funclets	eh	10
006f2ff0	Unwind@006f2ff0	lib	_library	eh_funclets	eh	10
006f2ffa	Unwind@006f2ffa	lib	_library	eh_funclets	eh	8
006f3030	Unwind@006f3030	lib	_library	eh_funclets	eh	8
006f3060	Unwind@006f3060	lib	_library	eh_funclets	eh	29
006f307d	Unwind@006f307d	lib	_library	eh_funclets	eh	12
006f3089	Unwind@006f3089	lib	_library	eh_funclets	eh	12
006f3095	Unwind@006f3095	lib	_library	eh_funclets	eh	11
006f30a0	Unwind@006f30a0	lib	_library	eh_funclets	eh	8
006f30a8	Unwind@006f30a8	lib	_library	eh_funclets	eh	8
006f30b0	Unwind@006f30b0	lib	_library	eh_funclets	eh	29
006f30cd	Unwind@006f30cd	lib	_library	eh_funclets	eh	12
006f30d9	Unwind@006f30d9	lib	_library	eh_funclets	eh	12
006f30e5	Unwind@006f30e5	lib	_library	eh_funclets	eh	11
006f30f0	Unwind@006f30f0	lib	_library	eh_funclets	eh	8
006f30f8	Unwind@006f30f8	lib	_library	eh_funclets	eh	8
006f3130	Unwind@006f3130	lib	_library	eh_funclets	eh	29
006f314d	Unwind@006f314d	lib	_library	eh_funclets	eh	12
006f3159	Unwind@006f3159	lib	_library	eh_funclets	eh	12
006f3165	Unwind@006f3165	lib	_library	eh_funclets	eh	11
006f3170	Unwind@006f3170	lib	_library	eh_funclets	eh	8
006f3178	Unwind@006f3178	lib	_library	eh_funclets	eh	8
006f31b0	Unwind@006f31b0	lib	_library	eh_funclets	eh	29
006f31cd	Unwind@006f31cd	lib	_library	eh_funclets	eh	12
006f31d9	Unwind@006f31d9	lib	_library	eh_funclets	eh	12
006f31e5	Unwind@006f31e5	lib	_library	eh_funclets	eh	11
006f31f0	Unwind@006f31f0	lib	_library	eh_funclets	eh	8
006f31f8	Unwind@006f31f8	lib	_library	eh_funclets	eh	8
006f3200	Unwind@006f3200	lib	_library	eh_funclets	eh	8
006f3230	Unwind@006f3230	lib	_library	eh_funclets	eh	14
006f323e	Unwind@006f323e	lib	_library	eh_funclets	eh	10
006f3248	Unwind@006f3248	lib	_library	eh_funclets	eh	10
006f3252	Unwind@006f3252	lib	_library	eh_funclets	eh	10
006f325c	Unwind@006f325c	lib	_library	eh_funclets	eh	10
006f3266	Unwind@006f3266	lib	_library	eh_funclets	eh	10
006f3270	Unwind@006f3270	lib	_library	eh_funclets	eh	10
006f327a	Unwind@006f327a	lib	_library	eh_funclets	eh	10
006f3284	Unwind@006f3284	lib	_library	eh_funclets	eh	10
006f328e	Unwind@006f328e	lib	_library	eh_funclets	eh	10
006f3298	Unwind@006f3298	lib	_library	eh_funclets	eh	10
006f32a2	Unwind@006f32a2	lib	_library	eh_funclets	eh	10
006f32ac	Unwind@006f32ac	lib	_library	eh_funclets	eh	10
006f32b6	Unwind@006f32b6	lib	_library	eh_funclets	eh	10
006f32c0	Unwind@006f32c0	lib	_library	eh_funclets	eh	10
006f32ca	Unwind@006f32ca	lib	_library	eh_funclets	eh	10
006f32d4	Unwind@006f32d4	lib	_library	eh_funclets	eh	10
006f32de	Unwind@006f32de	lib	_library	eh_funclets	eh	10
006f32e8	Unwind@006f32e8	lib	_library	eh_funclets	eh	10
006f32f2	Unwind@006f32f2	lib	_library	eh_funclets	eh	10
006f32fc	Unwind@006f32fc	lib	_library	eh_funclets	eh	14
006f330a	Unwind@006f330a	lib	_library	eh_funclets	eh	10
006f3314	Unwind@006f3314	lib	_library	eh_funclets	eh	10
006f331e	Unwind@006f331e	lib	_library	eh_funclets	eh	10
006f3328	Unwind@006f3328	lib	_library	eh_funclets	eh	10
006f3332	Unwind@006f3332	lib	_library	eh_funclets	eh	10
006f333c	Unwind@006f333c	lib	_library	eh_funclets	eh	10
006f3346	Unwind@006f3346	lib	_library	eh_funclets	eh	10
006f3350	Unwind@006f3350	lib	_library	eh_funclets	eh	10
006f335a	Unwind@006f335a	lib	_library	eh_funclets	eh	10
006f3364	Unwind@006f3364	lib	_library	eh_funclets	eh	10
006f336e	Unwind@006f336e	lib	_library	eh_funclets	eh	10
006f3378	Unwind@006f3378	lib	_library	eh_funclets	eh	10
006f3382	Unwind@006f3382	lib	_library	eh_funclets	eh	10
006f338c	Unwind@006f338c	lib	_library	eh_funclets	eh	10
006f3396	Unwind@006f3396	lib	_library	eh_funclets	eh	10
006f33a0	Unwind@006f33a0	lib	_library	eh_funclets	eh	10
006f33aa	Unwind@006f33aa	lib	_library	eh_funclets	eh	10
006f33b4	Unwind@006f33b4	lib	_library	eh_funclets	eh	10
006f33be	Unwind@006f33be	lib	_library	eh_funclets	eh	10
006f33c8	Unwind@006f33c8	lib	_library	eh_funclets	eh	8
006f3400	Unwind@006f3400	lib	_library	eh_funclets	eh	17
006f3430	Unwind@006f3430	lib	_library	eh_funclets	eh	17
006f3520	Unwind@006f3520	lib	_library	eh_funclets	eh	8
006f3550	Unwind@006f3550	lib	_library	eh_funclets	eh	11
006f355b	Unwind@006f355b	lib	_library	eh_funclets	eh	11
006f3566	Unwind@006f3566	lib	_library	eh_funclets	eh	11
006f3571	Unwind@006f3571	lib	_library	eh_funclets	eh	11
006f357c	Unwind@006f357c	lib	_library	eh_funclets	eh	11
006f3587	Unwind@006f3587	lib	_library	eh_funclets	eh	11
006f35c0	Unwind@006f35c0	lib	_library	eh_funclets	eh	8
006f35f0	Unwind@006f35f0	lib	_library	eh_funclets	eh	11
006f35fb	Unwind@006f35fb	lib	_library	eh_funclets	eh	11
006f3606	Unwind@006f3606	lib	_library	eh_funclets	eh	23
006f361d	Unwind@006f361d	lib	_library	eh_funclets	eh	23
006f36a0	Unwind@006f36a0	lib	_library	eh_funclets	eh	11
006f36ab	Unwind@006f36ab	lib	_library	eh_funclets	eh	11
006f36b6	Unwind@006f36b6	lib	_library	eh_funclets	eh	11
006f36c1	Unwind@006f36c1	lib	_library	eh_funclets	eh	11
006f36cc	Unwind@006f36cc	lib	_library	eh_funclets	eh	11
006f3740	Unwind@006f3740	lib	_library	eh_funclets	eh	11
006f374b	Unwind@006f374b	lib	_library	eh_funclets	eh	11
006f3756	Unwind@006f3756	lib	_library	eh_funclets	eh	11
006f3761	Unwind@006f3761	lib	_library	eh_funclets	eh	11
006f376c	Unwind@006f376c	lib	_library	eh_funclets	eh	11
006f3777	Unwind@006f3777	lib	_library	eh_funclets	eh	11
006f3782	Unwind@006f3782	lib	_library	eh_funclets	eh	11
006f378d	Unwind@006f378d	lib	_library	eh_funclets	eh	11
006f3798	Unwind@006f3798	lib	_library	eh_funclets	eh	11
006f37a3	Unwind@006f37a3	lib	_library	eh_funclets	eh	11
006f37ae	Unwind@006f37ae	lib	_library	eh_funclets	eh	11
006f37b9	Unwind@006f37b9	lib	_library	eh_funclets	eh	11
006f37c4	Unwind@006f37c4	lib	_library	eh_funclets	eh	11
006f37cf	Unwind@006f37cf	lib	_library	eh_funclets	eh	11
006f37da	Unwind@006f37da	lib	_library	eh_funclets	eh	11
006f37e5	Unwind@006f37e5	lib	_library	eh_funclets	eh	11
006f37f0	Unwind@006f37f0	lib	_library	eh_funclets	eh	11
006f37fb	Unwind@006f37fb	lib	_library	eh_funclets	eh	11
006f3806	Unwind@006f3806	lib	_library	eh_funclets	eh	11
006f3811	Unwind@006f3811	lib	_library	eh_funclets	eh	11
006f381c	Unwind@006f381c	lib	_library	eh_funclets	eh	11
006f3827	Unwind@006f3827	lib	_library	eh_funclets	eh	11
006f3832	Unwind@006f3832	lib	_library	eh_funclets	eh	11
006f383d	Unwind@006f383d	lib	_library	eh_funclets	eh	11
006f3848	Unwind@006f3848	lib	_library	eh_funclets	eh	11
006f3853	Unwind@006f3853	lib	_library	eh_funclets	eh	11
006f385e	Unwind@006f385e	lib	_library	eh_funclets	eh	11
006f3869	Unwind@006f3869	lib	_library	eh_funclets	eh	11
006f3874	Unwind@006f3874	lib	_library	eh_funclets	eh	11
006f387f	Unwind@006f387f	lib	_library	eh_funclets	eh	12
006f388d	Unwind@006f388d	lib	_library	eh_funclets	eh	11
006f3898	Unwind@006f3898	lib	_library	eh_funclets	eh	11
006f38a3	Unwind@006f38a3	lib	_library	eh_funclets	eh	11
006f38ae	Unwind@006f38ae	lib	_library	eh_funclets	eh	11
006f38b9	Unwind@006f38b9	lib	_library	eh_funclets	eh	11
006f38c4	Unwind@006f38c4	lib	_library	eh_funclets	eh	11
006f38cf	Unwind@006f38cf	lib	_library	eh_funclets	eh	11
006f38da	Unwind@006f38da	lib	_library	eh_funclets	eh	11
006f38e5	Unwind@006f38e5	lib	_library	eh_funclets	eh	11
006f38f0	Unwind@006f38f0	lib	_library	eh_funclets	eh	11
006f38fb	Unwind@006f38fb	lib	_library	eh_funclets	eh	11
006f3906	Unwind@006f3906	lib	_library	eh_funclets	eh	11
006f3911	Unwind@006f3911	lib	_library	eh_funclets	eh	11
006f391c	Unwind@006f391c	lib	_library	eh_funclets	eh	11
006f3927	Unwind@006f3927	lib	_library	eh_funclets	eh	11
006f3932	Unwind@006f3932	lib	_library	eh_funclets	eh	11
006f393d	Unwind@006f393d	lib	_library	eh_funclets	eh	11
006f3948	Unwind@006f3948	lib	_library	eh_funclets	eh	11
006f3953	Unwind@006f3953	lib	_library	eh_funclets	eh	11
006f395e	Unwind@006f395e	lib	_library	eh_funclets	eh	11
006f3969	Unwind@006f3969	lib	_library	eh_funclets	eh	11
006f3974	Unwind@006f3974	lib	_library	eh_funclets	eh	8
006f397c	Unwind@006f397c	lib	_library	eh_funclets	eh	12
006f398a	Unwind@006f398a	lib	_library	eh_funclets	eh	12
006f3998	Unwind@006f3998	lib	_library	eh_funclets	eh	12
006f39a6	Unwind@006f39a6	lib	_library	eh_funclets	eh	11
006f39b1	Unwind@006f39b1	lib	_library	eh_funclets	eh	11
006f39bc	Unwind@006f39bc	lib	_library	eh_funclets	eh	11
006f39c7	Unwind@006f39c7	lib	_library	eh_funclets	eh	11
006f39d2	Unwind@006f39d2	lib	_library	eh_funclets	eh	11
006f39dd	Unwind@006f39dd	lib	_library	eh_funclets	eh	8
006f39e5	Unwind@006f39e5	lib	_library	eh_funclets	eh	8
006f39ed	Unwind@006f39ed	lib	_library	eh_funclets	eh	12
006f39fb	Unwind@006f39fb	lib	_library	eh_funclets	eh	12
006f3a09	Unwind@006f3a09	lib	_library	eh_funclets	eh	12
006f3a17	Unwind@006f3a17	lib	_library	eh_funclets	eh	12
006f3a25	Unwind@006f3a25	lib	_library	eh_funclets	eh	12
006f3a33	Unwind@006f3a33	lib	_library	eh_funclets	eh	12
006f3a41	Unwind@006f3a41	lib	_library	eh_funclets	eh	12
006f3a4f	Unwind@006f3a4f	lib	_library	eh_funclets	eh	12
006f3a5d	Unwind@006f3a5d	lib	_library	eh_funclets	eh	12
006f3a6b	Unwind@006f3a6b	lib	_library	eh_funclets	eh	12
006f3a79	Unwind@006f3a79	lib	_library	eh_funclets	eh	12
006f3a87	Unwind@006f3a87	lib	_library	eh_funclets	eh	12
006f3a95	Unwind@006f3a95	lib	_library	eh_funclets	eh	12
006f3aa3	Unwind@006f3aa3	lib	_library	eh_funclets	eh	12
006f3ab1	Unwind@006f3ab1	lib	_library	eh_funclets	eh	12
006f3abf	Unwind@006f3abf	lib	_library	eh_funclets	eh	12
006f3acd	Unwind@006f3acd	lib	_library	eh_funclets	eh	12
006f3adb	Unwind@006f3adb	lib	_library	eh_funclets	eh	12
006f3ae9	Unwind@006f3ae9	lib	_library	eh_funclets	eh	12
006f3af7	Unwind@006f3af7	lib	_library	eh_funclets	eh	12
006f3b05	Unwind@006f3b05	lib	_library	eh_funclets	eh	12
006f3b13	Unwind@006f3b13	lib	_library	eh_funclets	eh	12
006f3b21	Unwind@006f3b21	lib	_library	eh_funclets	eh	12
006f3b2f	Unwind@006f3b2f	lib	_library	eh_funclets	eh	12
006f3b3d	Unwind@006f3b3d	lib	_library	eh_funclets	eh	12
006f3b4b	Unwind@006f3b4b	lib	_library	eh_funclets	eh	11
006f3b56	Unwind@006f3b56	lib	_library	eh_funclets	eh	11
006f3b61	Unwind@006f3b61	lib	_library	eh_funclets	eh	8
006f3b69	Unwind@006f3b69	lib	_library	eh_funclets	eh	8
006f3b71	Unwind@006f3b71	lib	_library	eh_funclets	eh	8
006f3b79	Unwind@006f3b79	lib	_library	eh_funclets	eh	8
006f3b81	Unwind@006f3b81	lib	_library	eh_funclets	eh	8
006f3b89	Unwind@006f3b89	lib	_library	eh_funclets	eh	8
006f3b91	Unwind@006f3b91	lib	_library	eh_funclets	eh	8
006f3b99	Unwind@006f3b99	lib	_library	eh_funclets	eh	8
006f3ba1	Unwind@006f3ba1	lib	_library	eh_funclets	eh	8
006f3ba9	Unwind@006f3ba9	lib	_library	eh_funclets	eh	8
006f3bb1	Unwind@006f3bb1	lib	_library	eh_funclets	eh	12
006f3bbf	Unwind@006f3bbf	lib	_library	eh_funclets	eh	12
006f3bcd	Unwind@006f3bcd	lib	_library	eh_funclets	eh	12
006f3bdb	Unwind@006f3bdb	lib	_library	eh_funclets	eh	8
006f3be3	Unwind@006f3be3	lib	_library	eh_funclets	eh	12
006f3bf1	Unwind@006f3bf1	lib	_library	eh_funclets	eh	12
006f3bff	Unwind@006f3bff	lib	_library	eh_funclets	eh	12
006f3c0d	Unwind@006f3c0d	lib	_library	eh_funclets	eh	12
006f3c1b	Unwind@006f3c1b	lib	_library	eh_funclets	eh	12
006f3c29	Unwind@006f3c29	lib	_library	eh_funclets	eh	12
006f3d00	Unwind@006f3d00	lib	_library	eh_funclets	eh	17
006f3d11	Unwind@006f3d11	lib	_library	eh_funclets	eh	8
006f3d40	Unwind@006f3d40	lib	_library	eh_funclets	eh	14
006f3dd0	Unwind@006f3dd0	lib	_library	eh_funclets	eh	11
006f3e10	Unwind@006f3e10	lib	_library	eh_funclets	eh	11
006f3e1b	Unwind@006f3e1b	lib	_library	eh_funclets	eh	11
006f3e26	Unwind@006f3e26	lib	_library	eh_funclets	eh	11
006f3e31	Unwind@006f3e31	lib	_library	eh_funclets	eh	11
006f3e3c	Unwind@006f3e3c	lib	_library	eh_funclets	eh	11
006f3e47	Unwind@006f3e47	lib	_library	eh_funclets	eh	11
006f3e52	Unwind@006f3e52	lib	_library	eh_funclets	eh	11
006f3e5d	Unwind@006f3e5d	lib	_library	eh_funclets	eh	11
006f3e68	Unwind@006f3e68	lib	_library	eh_funclets	eh	11
006f3e73	Unwind@006f3e73	lib	_library	eh_funclets	eh	11
006f3e7e	Unwind@006f3e7e	lib	_library	eh_funclets	eh	11
006f3e89	Unwind@006f3e89	lib	_library	eh_funclets	eh	11
006f3e94	Unwind@006f3e94	lib	_library	eh_funclets	eh	11
006f3e9f	Unwind@006f3e9f	lib	_library	eh_funclets	eh	11
006f3eaa	Unwind@006f3eaa	lib	_library	eh_funclets	eh	11
006f3eb5	Unwind@006f3eb5	lib	_library	eh_funclets	eh	11
006f3ec0	Unwind@006f3ec0	lib	_library	eh_funclets	eh	11
006f3ecb	Unwind@006f3ecb	lib	_library	eh_funclets	eh	11
006f3ed6	Unwind@006f3ed6	lib	_library	eh_funclets	eh	11
006f3ee1	Unwind@006f3ee1	lib	_library	eh_funclets	eh	11
006f3eec	Unwind@006f3eec	lib	_library	eh_funclets	eh	11
006f3ef7	Unwind@006f3ef7	lib	_library	eh_funclets	eh	11
006f3f02	Unwind@006f3f02	lib	_library	eh_funclets	eh	12
006f3f10	Unwind@006f3f10	lib	_library	eh_funclets	eh	12
006f3f1e	Unwind@006f3f1e	lib	_library	eh_funclets	eh	12
006f3f2c	Unwind@006f3f2c	lib	_library	eh_funclets	eh	12
006f3f3a	Unwind@006f3f3a	lib	_library	eh_funclets	eh	12
006f3f48	Unwind@006f3f48	lib	_library	eh_funclets	eh	12
006f3f56	Unwind@006f3f56	lib	_library	eh_funclets	eh	12
006f3f64	Unwind@006f3f64	lib	_library	eh_funclets	eh	12
006f3f72	Unwind@006f3f72	lib	_library	eh_funclets	eh	12
006f3f80	Unwind@006f3f80	lib	_library	eh_funclets	eh	12
006f3f8e	Unwind@006f3f8e	lib	_library	eh_funclets	eh	12
006f3f9c	Unwind@006f3f9c	lib	_library	eh_funclets	eh	12
006f3faa	Unwind@006f3faa	lib	_library	eh_funclets	eh	12
006f3fb8	Unwind@006f3fb8	lib	_library	eh_funclets	eh	12
006f3ff0	Unwind@006f3ff0	lib	_library	eh_funclets	eh	11
006f3ffb	Unwind@006f3ffb	lib	_library	eh_funclets	eh	11
006f4006	Unwind@006f4006	lib	_library	eh_funclets	eh	12
006f4014	Unwind@006f4014	lib	_library	eh_funclets	eh	12
006f4022	Unwind@006f4022	lib	_library	eh_funclets	eh	12
006f4030	Unwind@006f4030	lib	_library	eh_funclets	eh	12
006f403e	Unwind@006f403e	lib	_library	eh_funclets	eh	12
006f404c	Unwind@006f404c	lib	_library	eh_funclets	eh	12
006f405a	Unwind@006f405a	lib	_library	eh_funclets	eh	12
006f4068	Unwind@006f4068	lib	_library	eh_funclets	eh	12
006f4076	Unwind@006f4076	lib	_library	eh_funclets	eh	12
006f4084	Unwind@006f4084	lib	_library	eh_funclets	eh	12
006f4092	Unwind@006f4092	lib	_library	eh_funclets	eh	12
006f40d0	Unwind@006f40d0	lib	_library	eh_funclets	eh	11
006f40db	Unwind@006f40db	lib	_library	eh_funclets	eh	8
006f40e3	Unwind@006f40e3	lib	_library	eh_funclets	eh	11
006f40ee	Unwind@006f40ee	lib	_library	eh_funclets	eh	11
006f4130	Unwind@006f4130	lib	_library	eh_funclets	eh	12
006f413e	Unwind@006f413e	lib	_library	eh_funclets	eh	12
006f414c	Unwind@006f414c	lib	_library	eh_funclets	eh	12
006f4190	Unwind@006f4190	lib	_library	eh_funclets	eh	11
006f419b	Unwind@006f419b	lib	_library	eh_funclets	eh	11
006f41a6	Unwind@006f41a6	lib	_library	eh_funclets	eh	11
006f41b1	Unwind@006f41b1	lib	_library	eh_funclets	eh	8
006f41f0	Unwind@006f41f0	lib	_library	eh_funclets	eh	12
006f41fe	Unwind@006f41fe	lib	_library	eh_funclets	eh	11
006f4209	Unwind@006f4209	lib	_library	eh_funclets	eh	11
006f4214	Unwind@006f4214	lib	_library	eh_funclets	eh	11
006f421f	Unwind@006f421f	lib	_library	eh_funclets	eh	35
006f4242	Unwind@006f4242	lib	_library	eh_funclets	eh	12
006f424e	Unwind@006f424e	lib	_library	eh_funclets	eh	12
006f425a	Unwind@006f425a	lib	_library	eh_funclets	eh	11
006f4265	Unwind@006f4265	lib	_library	eh_funclets	eh	11
006f4270	Unwind@006f4270	lib	_library	eh_funclets	eh	8
006f4278	Unwind@006f4278	lib	_library	eh_funclets	eh	35
006f429b	Unwind@006f429b	lib	_library	eh_funclets	eh	12
006f42a7	Unwind@006f42a7	lib	_library	eh_funclets	eh	12
006f42b3	Unwind@006f42b3	lib	_library	eh_funclets	eh	11
006f42be	Unwind@006f42be	lib	_library	eh_funclets	eh	11
006f42c9	Unwind@006f42c9	lib	_library	eh_funclets	eh	8
006f4300	Unwind@006f4300	lib	_library	eh_funclets	eh	11
006f430b	Unwind@006f430b	lib	_library	eh_funclets	eh	11
006f4316	Unwind@006f4316	lib	_library	eh_funclets	eh	11
006f4321	Unwind@006f4321	lib	_library	eh_funclets	eh	11
006f432c	Unwind@006f432c	lib	_library	eh_funclets	eh	11
006f4337	Unwind@006f4337	lib	_library	eh_funclets	eh	11
006f4342	Unwind@006f4342	lib	_library	eh_funclets	eh	11
006f434d	Unwind@006f434d	lib	_library	eh_funclets	eh	11
006f4358	Unwind@006f4358	lib	_library	eh_funclets	eh	11
006f4363	Unwind@006f4363	lib	_library	eh_funclets	eh	11
006f436e	Unwind@006f436e	lib	_library	eh_funclets	eh	11
006f4379	Unwind@006f4379	lib	_library	eh_funclets	eh	11
006f4384	Unwind@006f4384	lib	_library	eh_funclets	eh	11
006f438f	Unwind@006f438f	lib	_library	eh_funclets	eh	11
006f439a	Unwind@006f439a	lib	_library	eh_funclets	eh	11
006f43a5	Unwind@006f43a5	lib	_library	eh_funclets	eh	11
006f43b0	Unwind@006f43b0	lib	_library	eh_funclets	eh	23
006f43c7	Unwind@006f43c7	lib	_library	eh_funclets	eh	23
006f43de	Unwind@006f43de	lib	_library	eh_funclets	eh	11
006f43e9	Unwind@006f43e9	lib	_library	eh_funclets	eh	23
006f4400	Unwind@006f4400	lib	_library	eh_funclets	eh	23
006f4417	Unwind@006f4417	lib	_library	eh_funclets	eh	12
006f4425	Unwind@006f4425	lib	_library	eh_funclets	eh	12
006f4433	Unwind@006f4433	lib	_library	eh_funclets	eh	12
006f4441	Unwind@006f4441	lib	_library	eh_funclets	eh	12
006f444f	Unwind@006f444f	lib	_library	eh_funclets	eh	12
006f445d	Unwind@006f445d	lib	_library	eh_funclets	eh	12
006f446b	Unwind@006f446b	lib	_library	eh_funclets	eh	12
006f4479	Unwind@006f4479	lib	_library	eh_funclets	eh	12
006f4487	Unwind@006f4487	lib	_library	eh_funclets	eh	12
006f4495	Unwind@006f4495	lib	_library	eh_funclets	eh	12
006f44a3	Unwind@006f44a3	lib	_library	eh_funclets	eh	12
006f44b1	Unwind@006f44b1	lib	_library	eh_funclets	eh	12
006f44bf	Unwind@006f44bf	lib	_library	eh_funclets	eh	12
006f4500	Unwind@006f4500	lib	_library	eh_funclets	eh	12
006f450e	Unwind@006f450e	lib	_library	eh_funclets	eh	11
006f4519	Unwind@006f4519	lib	_library	eh_funclets	eh	11
006f4524	Unwind@006f4524	lib	_library	eh_funclets	eh	11
006f452f	Unwind@006f452f	lib	_library	eh_funclets	eh	11
006f453a	Unwind@006f453a	lib	_library	eh_funclets	eh	11
006f4545	Unwind@006f4545	lib	_library	eh_funclets	eh	11
006f4550	Unwind@006f4550	lib	_library	eh_funclets	eh	11
006f455b	Unwind@006f455b	lib	_library	eh_funclets	eh	11
006f4566	Unwind@006f4566	lib	_library	eh_funclets	eh	11
006f4571	Unwind@006f4571	lib	_library	eh_funclets	eh	11
006f457c	Unwind@006f457c	lib	_library	eh_funclets	eh	11
006f4587	Unwind@006f4587	lib	_library	eh_funclets	eh	11
006f4592	Unwind@006f4592	lib	_library	eh_funclets	eh	11
006f45d0	Unwind@006f45d0	lib	_library	eh_funclets	eh	9
006f45db	Unwind@006f45db	lib	_library	eh_funclets	eh	9
006f45e6	Unwind@006f45e6	lib	_library	eh_funclets	eh	9
006f4610	Unwind@006f4610	lib	_library	eh_funclets	eh	11
006f461b	Unwind@006f461b	lib	_library	eh_funclets	eh	23
006f4632	Unwind@006f4632	lib	_library	eh_funclets	eh	23
006f4649	Unwind@006f4649	lib	_library	eh_funclets	eh	11
006f4654	Unwind@006f4654	lib	_library	eh_funclets	eh	11
006f465f	Unwind@006f465f	lib	_library	eh_funclets	eh	11
006f466a	Unwind@006f466a	lib	_library	eh_funclets	eh	11
006f4675	Unwind@006f4675	lib	_library	eh_funclets	eh	11
006f4680	Unwind@006f4680	lib	_library	eh_funclets	eh	11
006f468b	Unwind@006f468b	lib	_library	eh_funclets	eh	11
006f4696	Unwind@006f4696	lib	_library	eh_funclets	eh	11
006f46a1	Unwind@006f46a1	lib	_library	eh_funclets	eh	11
006f46ac	Unwind@006f46ac	lib	_library	eh_funclets	eh	11
006f46b7	Unwind@006f46b7	lib	_library	eh_funclets	eh	11
006f46c2	Unwind@006f46c2	lib	_library	eh_funclets	eh	11
006f46cd	Unwind@006f46cd	lib	_library	eh_funclets	eh	11
006f46d8	Unwind@006f46d8	lib	_library	eh_funclets	eh	11
006f46e3	Unwind@006f46e3	lib	_library	eh_funclets	eh	11
006f46ee	Unwind@006f46ee	lib	_library	eh_funclets	eh	12
006f46fc	Unwind@006f46fc	lib	_library	eh_funclets	eh	12
006f470a	Unwind@006f470a	lib	_library	eh_funclets	eh	12
006f4718	Unwind@006f4718	lib	_library	eh_funclets	eh	12
006f4750	Unwind@006f4750	lib	_library	eh_funclets	eh	17
006f4761	Unwind@006f4761	lib	_library	eh_funclets	eh	8
006f4769	Unwind@006f4769	lib	_library	eh_funclets	eh	17
006f477a	Unwind@006f477a	lib	_library	eh_funclets	eh	8
006f47a0	Unwind@006f47a0	lib	_library	eh_funclets	eh	11
006f47e0	Unwind@006f47e0	lib	_library	eh_funclets	eh	11
006f4810	Unwind@006f4810	lib	_library	eh_funclets	eh	11
006f4850	Unwind@006f4850	lib	_library	eh_funclets	eh	8
006f4880	Unwind@006f4880	lib	_library	eh_funclets	eh	11
006f48c0	Unwind@006f48c0	lib	_library	eh_funclets	eh	11
006f4900	Unwind@006f4900	lib	_library	eh_funclets	eh	14
006f490e	Unwind@006f490e	lib	_library	eh_funclets	eh	14
006f491c	Unwind@006f491c	lib	_library	eh_funclets	eh	9
006f4927	Unwind@006f4927	lib	_library	eh_funclets	eh	9
006f4932	Unwind@006f4932	lib	_library	eh_funclets	eh	8
006f493a	Unwind@006f493a	lib	_library	eh_funclets	eh	9
006f4945	Unwind@006f4945	lib	_library	eh_funclets	eh	8
006f494d	Unwind@006f494d	lib	_library	eh_funclets	eh	9
006f4958	Unwind@006f4958	lib	_library	eh_funclets	eh	8
006f4960	Unwind@006f4960	lib	_library	eh_funclets	eh	9
006f496b	Unwind@006f496b	lib	_library	eh_funclets	eh	8
006f4973	Unwind@006f4973	lib	_library	eh_funclets	eh	9
006f497e	Unwind@006f497e	lib	_library	eh_funclets	eh	8
006f4986	Unwind@006f4986	lib	_library	eh_funclets	eh	9
006f4991	Unwind@006f4991	lib	_library	eh_funclets	eh	8
006f49c0	Unwind@006f49c0	lib	_library	eh_funclets	eh	14
006f49ce	Unwind@006f49ce	lib	_library	eh_funclets	eh	14
006f4a00	Unwind@006f4a00	lib	_library	eh_funclets	eh	11
006f4a50	Unwind@006f4a50	lib	_library	eh_funclets	eh	29
006f4a6d	Unwind@006f4a6d	lib	_library	eh_funclets	eh	12
006f4a79	Unwind@006f4a79	lib	_library	eh_funclets	eh	12
006f4a85	Unwind@006f4a85	lib	_library	eh_funclets	eh	11
006f4a90	Unwind@006f4a90	lib	_library	eh_funclets	eh	8
006f4a98	Unwind@006f4a98	lib	_library	eh_funclets	eh	8
006f4aa0	Unwind@006f4aa0	lib	_library	eh_funclets	eh	8
006f4ad0	Unwind@006f4ad0	lib	_library	eh_funclets	eh	11
006f4b10	Unwind@006f4b10	lib	_library	eh_funclets	eh	8
006f4b18	Unwind@006f4b18	lib	_library	eh_funclets	eh	8
006f4b50	Unwind@006f4b50	lib	_library	eh_funclets	eh	8
006f4b58	Unwind@006f4b58	lib	_library	eh_funclets	eh	8
006f4b90	Unwind@006f4b90	lib	_library	eh_funclets	eh	29
006f4bad	Unwind@006f4bad	lib	_library	eh_funclets	eh	12
006f4bb9	Unwind@006f4bb9	lib	_library	eh_funclets	eh	12
006f4bc5	Unwind@006f4bc5	lib	_library	eh_funclets	eh	11
006f4bd0	Unwind@006f4bd0	lib	_library	eh_funclets	eh	11
006f4bdb	Unwind@006f4bdb	lib	_library	eh_funclets	eh	8
006f4be3	Unwind@006f4be3	lib	_library	eh_funclets	eh	8
006f4beb	Unwind@006f4beb	lib	_library	eh_funclets	eh	8
006f4bf3	Unwind@006f4bf3	lib	_library	eh_funclets	eh	9
006f4bfe	Unwind@006f4bfe	lib	_library	eh_funclets	eh	9
006f4c40	Unwind@006f4c40	lib	_library	eh_funclets	eh	9
006f4c4b	Unwind@006f4c4b	lib	_library	eh_funclets	eh	29
006f4c68	Unwind@006f4c68	lib	_library	eh_funclets	eh	12
006f4c74	Unwind@006f4c74	lib	_library	eh_funclets	eh	12
006f4c80	Unwind@006f4c80	lib	_library	eh_funclets	eh	11
006f4c8b	Unwind@006f4c8b	lib	_library	eh_funclets	eh	8
006f4c93	Unwind@006f4c93	lib	_library	eh_funclets	eh	8
006f4cd0	Unwind@006f4cd0	lib	_library	eh_funclets	eh	35
006f4cf3	Unwind@006f4cf3	lib	_library	eh_funclets	eh	12
006f4cff	Unwind@006f4cff	lib	_library	eh_funclets	eh	12
006f4d0b	Unwind@006f4d0b	lib	_library	eh_funclets	eh	11
006f4d16	Unwind@006f4d16	lib	_library	eh_funclets	eh	11
006f4d21	Unwind@006f4d21	lib	_library	eh_funclets	eh	31
006f4d40	Unwind@006f4d40	lib	_library	eh_funclets	eh	8
006f4d48	Unwind@006f4d48	lib	_library	eh_funclets	eh	8
006f4d50	Unwind@006f4d50	lib	_library	eh_funclets	eh	12
006f4d5e	Unwind@006f4d5e	lib	_library	eh_funclets	eh	12
006f4d6c	Unwind@006f4d6c	lib	_library	eh_funclets	eh	11
006f4d77	Unwind@006f4d77	lib	_library	eh_funclets	eh	8
006f4d7f	Unwind@006f4d7f	lib	_library	eh_funclets	eh	8
006f4d87	Unwind@006f4d87	lib	_library	eh_funclets	eh	8
006f4d8f	Unwind@006f4d8f	lib	_library	eh_funclets	eh	11
006f4d9a	Unwind@006f4d9a	lib	_library	eh_funclets	eh	8
006f4dd0	Unwind@006f4dd0	lib	_library	eh_funclets	eh	29
006f4ded	Unwind@006f4ded	lib	_library	eh_funclets	eh	12
006f4df9	Unwind@006f4df9	lib	_library	eh_funclets	eh	12
006f4e05	Unwind@006f4e05	lib	_library	eh_funclets	eh	11
006f4e10	Unwind@006f4e10	lib	_library	eh_funclets	eh	8
006f4e18	Unwind@006f4e18	lib	_library	eh_funclets	eh	8
006f4e20	Unwind@006f4e20	lib	_library	eh_funclets	eh	8
006f4e28	Unwind@006f4e28	lib	_library	eh_funclets	eh	8
006f4e60	Unwind@006f4e60	lib	_library	eh_funclets	eh	29
006f4e7d	Unwind@006f4e7d	lib	_library	eh_funclets	eh	12
006f4e89	Unwind@006f4e89	lib	_library	eh_funclets	eh	12
006f4e95	Unwind@006f4e95	lib	_library	eh_funclets	eh	11
006f4ea0	Unwind@006f4ea0	lib	_library	eh_funclets	eh	8
006f4ea8	Unwind@006f4ea8	lib	_library	eh_funclets	eh	8
006f4ee0	Unwind@006f4ee0	lib	_library	eh_funclets	eh	35
006f4f03	Unwind@006f4f03	lib	_library	eh_funclets	eh	12
006f4f0f	Unwind@006f4f0f	lib	_library	eh_funclets	eh	12
006f4f1b	Unwind@006f4f1b	lib	_library	eh_funclets	eh	11
006f4f26	Unwind@006f4f26	lib	_library	eh_funclets	eh	11
006f4f31	Unwind@006f4f31	lib	_library	eh_funclets	eh	11
006f4f3c	Unwind@006f4f3c	lib	_library	eh_funclets	eh	11
006f4f47	Unwind@006f4f47	lib	_library	eh_funclets	eh	11
006f4f52	Unwind@006f4f52	lib	_library	eh_funclets	eh	35
006f4f75	Unwind@006f4f75	lib	_library	eh_funclets	eh	12
006f4f81	Unwind@006f4f81	lib	_library	eh_funclets	eh	12
006f4f8d	Unwind@006f4f8d	lib	_library	eh_funclets	eh	11
006f4f98	Unwind@006f4f98	lib	_library	eh_funclets	eh	11
006f4fa3	Unwind@006f4fa3	lib	_library	eh_funclets	eh	11
006f4fae	Unwind@006f4fae	lib	_library	eh_funclets	eh	11
006f4fb9	Unwind@006f4fb9	lib	_library	eh_funclets	eh	11
006f4fc4	Unwind@006f4fc4	lib	_library	eh_funclets	eh	11
006f4fcf	Unwind@006f4fcf	lib	_library	eh_funclets	eh	11
006f4fda	Unwind@006f4fda	lib	_library	eh_funclets	eh	11
006f4fe5	Unwind@006f4fe5	lib	_library	eh_funclets	eh	11
006f4ff0	Unwind@006f4ff0	lib	_library	eh_funclets	eh	11
006f4ffb	Unwind@006f4ffb	lib	_library	eh_funclets	eh	11
006f5006	Unwind@006f5006	lib	_library	eh_funclets	eh	11
006f5011	Unwind@006f5011	lib	_library	eh_funclets	eh	11
006f501c	Unwind@006f501c	lib	_library	eh_funclets	eh	11
006f5027	Unwind@006f5027	lib	_library	eh_funclets	eh	11
006f5032	Unwind@006f5032	lib	_library	eh_funclets	eh	11
006f5070	Unwind@006f5070	lib	_library	eh_funclets	eh	17
006f5100	Unwind@006f5100	lib	_library	eh_funclets	eh	8
006f5170	Unwind@006f5170	lib	_library	eh_funclets	eh	11
006f517b	Unwind@006f517b	lib	_library	eh_funclets	eh	11
006f5186	Unwind@006f5186	lib	_library	eh_funclets	eh	11
006f5191	Unwind@006f5191	lib	_library	eh_funclets	eh	11
006f519c	Unwind@006f519c	lib	_library	eh_funclets	eh	11
006f51a7	Unwind@006f51a7	lib	_library	eh_funclets	eh	11
006f51b2	Unwind@006f51b2	lib	_library	eh_funclets	eh	11
006f51bd	Unwind@006f51bd	lib	_library	eh_funclets	eh	11
006f51c8	Unwind@006f51c8	lib	_library	eh_funclets	eh	12
006f51d6	Unwind@006f51d6	lib	_library	eh_funclets	eh	11
006f51e1	Unwind@006f51e1	lib	_library	eh_funclets	eh	12
006f51ef	Unwind@006f51ef	lib	_library	eh_funclets	eh	12
006f51fd	Unwind@006f51fd	lib	_library	eh_funclets	eh	12
006f520b	Unwind@006f520b	lib	_library	eh_funclets	eh	12
006f5219	Unwind@006f5219	lib	_library	eh_funclets	eh	12
006f5227	Unwind@006f5227	lib	_library	eh_funclets	eh	12
006f5235	Unwind@006f5235	lib	_library	eh_funclets	eh	12
006f5243	Unwind@006f5243	lib	_library	eh_funclets	eh	11
006f524e	Unwind@006f524e	lib	_library	eh_funclets	eh	12
006f525c	Unwind@006f525c	lib	_library	eh_funclets	eh	12
006f526a	Unwind@006f526a	lib	_library	eh_funclets	eh	12
006f5278	Unwind@006f5278	lib	_library	eh_funclets	eh	12
006f5286	Unwind@006f5286	lib	_library	eh_funclets	eh	12
006f5294	Unwind@006f5294	lib	_library	eh_funclets	eh	11
006f529f	Unwind@006f529f	lib	_library	eh_funclets	eh	11
006f52aa	Unwind@006f52aa	lib	_library	eh_funclets	eh	11
006f52b5	Unwind@006f52b5	lib	_library	eh_funclets	eh	11
006f52c0	Unwind@006f52c0	lib	_library	eh_funclets	eh	11
006f52cb	Unwind@006f52cb	lib	_library	eh_funclets	eh	11
006f5300	Unwind@006f5300	lib	_library	eh_funclets	eh	11
006f530b	Unwind@006f530b	lib	_library	eh_funclets	eh	11
006f5316	Unwind@006f5316	lib	_library	eh_funclets	eh	11
006f5321	Unwind@006f5321	lib	_library	eh_funclets	eh	9
006f532c	Unwind@006f532c	lib	_library	eh_funclets	eh	8
006f5360	Unwind@006f5360	lib	_library	eh_funclets	eh	11
006f536b	Unwind@006f536b	lib	_library	eh_funclets	eh	11
006f5376	Unwind@006f5376	lib	_library	eh_funclets	eh	11
006f53a0	Unwind@006f53a0	lib	_library	eh_funclets	eh	8
006f53d0	Unwind@006f53d0	lib	_library	eh_funclets	eh	8
006f53d8	Unwind@006f53d8	lib	_library	eh_funclets	eh	8
006f5410	Unwind@006f5410	lib	_library	eh_funclets	eh	11
006f541b	Unwind@006f541b	lib	_library	eh_funclets	eh	11
006f5426	Unwind@006f5426	lib	_library	eh_funclets	eh	11
006f5431	Unwind@006f5431	lib	_library	eh_funclets	eh	11
006f543c	Unwind@006f543c	lib	_library	eh_funclets	eh	11
006f5447	Unwind@006f5447	lib	_library	eh_funclets	eh	11
006f5452	Unwind@006f5452	lib	_library	eh_funclets	eh	11
006f545d	Unwind@006f545d	lib	_library	eh_funclets	eh	11
006f5468	Unwind@006f5468	lib	_library	eh_funclets	eh	11
006f5473	Unwind@006f5473	lib	_library	eh_funclets	eh	14
006f5481	Unwind@006f5481	lib	_library	eh_funclets	eh	14
006f548f	Unwind@006f548f	lib	_library	eh_funclets	eh	11
006f549a	Unwind@006f549a	lib	_library	eh_funclets	eh	11
006f54c0	Unwind@006f54c0	lib	_library	eh_funclets	eh	11
006f54cb	Unwind@006f54cb	lib	_library	eh_funclets	eh	11
006f54d6	Unwind@006f54d6	lib	_library	eh_funclets	eh	11
006f54e1	Unwind@006f54e1	lib	_library	eh_funclets	eh	11
006f54ec	Unwind@006f54ec	lib	_library	eh_funclets	eh	11
006f54f7	Unwind@006f54f7	lib	_library	eh_funclets	eh	11
006f5502	Unwind@006f5502	lib	_library	eh_funclets	eh	11
006f550d	Unwind@006f550d	lib	_library	eh_funclets	eh	11
006f5518	Unwind@006f5518	lib	_library	eh_funclets	eh	11
006f5523	Unwind@006f5523	lib	_library	eh_funclets	eh	14
006f5531	Unwind@006f5531	lib	_library	eh_funclets	eh	14
006f5560	Unwind@006f5560	lib	_library	eh_funclets	eh	8
006f5568	Unwind@006f5568	lib	_library	eh_funclets	eh	8
006f5570	Unwind@006f5570	lib	_library	eh_funclets	eh	14
006f557e	Unwind@006f557e	lib	_library	eh_funclets	eh	14
006f55b0	Unwind@006f55b0	lib	_library	eh_funclets	eh	8
006f55b8	Unwind@006f55b8	lib	_library	eh_funclets	eh	8
006f55c0	Unwind@006f55c0	lib	_library	eh_funclets	eh	14
006f55ce	Unwind@006f55ce	lib	_library	eh_funclets	eh	14
006f5600	Unwind@006f5600	lib	_library	eh_funclets	eh	8
006f5608	Unwind@006f5608	lib	_library	eh_funclets	eh	14
006f5616	Unwind@006f5616	lib	_library	eh_funclets	eh	14
006f5640	Unwind@006f5640	lib	_library	eh_funclets	eh	8
006f5648	Unwind@006f5648	lib	_library	eh_funclets	eh	8
006f5650	Unwind@006f5650	lib	_library	eh_funclets	eh	8
006f5658	Unwind@006f5658	lib	_library	eh_funclets	eh	8
006f5690	Unwind@006f5690	lib	_library	eh_funclets	eh	25
006f56d0	Unwind@006f56d0	lib	_library	eh_funclets	eh	8
006f56d8	Unwind@006f56d8	lib	_library	eh_funclets	eh	8
006f5710	Unwind@006f5710	lib	_library	eh_funclets	eh	8
006f5718	Unwind@006f5718	lib	_library	eh_funclets	eh	8
006f5750	Unwind@006f5750	lib	_library	eh_funclets	eh	17
006f5761	Unwind@006f5761	lib	_library	eh_funclets	eh	8
006f5790	Unwind@006f5790	lib	_library	eh_funclets	eh	17
006f5860	Unwind@006f5860	lib	_library	eh_funclets	eh	8
006f5890	Unwind@006f5890	lib	_library	eh_funclets	eh	8
006f5898	Unwind@006f5898	lib	_library	eh_funclets	eh	8
006f58a0	Unwind@006f58a0	lib	_library	eh_funclets	eh	11
006f58ab	Unwind@006f58ab	lib	_library	eh_funclets	eh	14
006f58b9	Unwind@006f58b9	lib	_library	eh_funclets	eh	14
006f58c7	Unwind@006f58c7	lib	_library	eh_funclets	eh	14
006f58f0	Unwind@006f58f0	lib	_library	eh_funclets	eh	8
006f58f8	Unwind@006f58f8	lib	_library	eh_funclets	eh	11
006f5903	Unwind@006f5903	lib	_library	eh_funclets	eh	14
006f5911	Unwind@006f5911	lib	_library	eh_funclets	eh	14
006f591f	Unwind@006f591f	lib	_library	eh_funclets	eh	14
006f5950	Unwind@006f5950	lib	_library	eh_funclets	eh	8
006f5958	Unwind@006f5958	lib	_library	eh_funclets	eh	8
006f5990	Unwind@006f5990	lib	_library	eh_funclets	eh	8
006f59c0	Unwind@006f59c0	lib	_library	eh_funclets	eh	8
006f59c8	Unwind@006f59c8	lib	_library	eh_funclets	eh	8
006f59d0	Unwind@006f59d0	lib	_library	eh_funclets	eh	8
006f5a00	Unwind@006f5a00	lib	_library	eh_funclets	eh	11
006f5a0b	Unwind@006f5a0b	lib	_library	eh_funclets	eh	11
006f5a40	Unwind@006f5a40	lib	_library	eh_funclets	eh	8
006f5a90	Unwind@006f5a90	lib	_library	eh_funclets	eh	11
006f5a9b	Unwind@006f5a9b	lib	_library	eh_funclets	eh	11
006f5ad0	Unwind@006f5ad0	lib	_library	eh_funclets	eh	11
006f5adb	Unwind@006f5adb	lib	_library	eh_funclets	eh	11
006f5ae6	Unwind@006f5ae6	lib	_library	eh_funclets	eh	11
006f5b10	Unwind@006f5b10	lib	_library	eh_funclets	eh	8
006f5b18	Unwind@006f5b18	lib	_library	eh_funclets	eh	9
006f5b23	Unwind@006f5b23	lib	_library	eh_funclets	eh	8
006f5b2b	Unwind@006f5b2b	lib	_library	eh_funclets	eh	8
006f5be0	Unwind@006f5be0	lib	_library	eh_funclets	eh	17
006f5c70	Unwind@006f5c70	lib	_library	eh_funclets	eh	8
006f5ca0	Unwind@006f5ca0	lib	_library	eh_funclets	eh	12
006f5cd0	Unwind@006f5cd0	lib	_library	eh_funclets	eh	8
006f5cd8	Unwind@006f5cd8	lib	_library	eh_funclets	eh	11
006f5ce3	Unwind@006f5ce3	lib	_library	eh_funclets	eh	12
006f5cef	Unwind@006f5cef	lib	_library	eh_funclets	eh	12
006f5cfb	Unwind@006f5cfb	lib	_library	eh_funclets	eh	12
006f5d30	Unwind@006f5d30	lib	_library	eh_funclets	eh	8
006f5d38	Unwind@006f5d38	lib	_library	eh_funclets	eh	24
006f5d50	Unwind@006f5d50	lib	_library	eh_funclets	eh	14
006f5d5e	Unwind@006f5d5e	lib	_library	eh_funclets	eh	14
006f5d6c	Unwind@006f5d6c	lib	_library	eh_funclets	eh	14
006f5d7a	Unwind@006f5d7a	lib	_library	eh_funclets	eh	14
006f5d88	Unwind@006f5d88	lib	_library	eh_funclets	eh	14
006f5d96	Unwind@006f5d96	lib	_library	eh_funclets	eh	14
006f5da4	Unwind@006f5da4	lib	_library	eh_funclets	eh	14
006f5db2	Unwind@006f5db2	lib	_library	eh_funclets	eh	14
006f5dc0	Unwind@006f5dc0	lib	_library	eh_funclets	eh	14
006f5dce	Unwind@006f5dce	lib	_library	eh_funclets	eh	14
006f5ddc	Unwind@006f5ddc	lib	_library	eh_funclets	eh	14
006f5dea	Unwind@006f5dea	lib	_library	eh_funclets	eh	14
006f5df8	Unwind@006f5df8	lib	_library	eh_funclets	eh	14
006f5e06	Unwind@006f5e06	lib	_library	eh_funclets	eh	14
006f5e14	Unwind@006f5e14	lib	_library	eh_funclets	eh	14
006f5e22	Unwind@006f5e22	lib	_library	eh_funclets	eh	14
006f5e30	Unwind@006f5e30	lib	_library	eh_funclets	eh	14
006f5f40	Unwind@006f5f40	lib	_library	eh_funclets	eh	8
006f5f48	Unwind@006f5f48	lib	_library	eh_funclets	eh	8
006f5f50	Unwind@006f5f50	lib	_library	eh_funclets	eh	8
006f5f80	Unwind@006f5f80	lib	_library	eh_funclets	eh	9
006f5fd0	Unwind@006f5fd0	lib	_library	eh_funclets	eh	8
006f5fd8	Unwind@006f5fd8	lib	_library	eh_funclets	eh	8
006f6000	Unwind@006f6000	lib	_library	eh_funclets	eh	17
006f6090	Unwind@006f6090	lib	_library	eh_funclets	eh	8
006f6098	Unwind@006f6098	lib	_library	eh_funclets	eh	11
006f60c0	Unwind@006f60c0	lib	_library	eh_funclets	eh	29
006f60dd	Unwind@006f60dd	lib	_library	eh_funclets	eh	12
006f60e9	Unwind@006f60e9	lib	_library	eh_funclets	eh	9
006f60f2	Unwind@006f60f2	lib	_library	eh_funclets	eh	11
006f6120	Unwind@006f6120	lib	_library	eh_funclets	eh	29
006f613d	Unwind@006f613d	lib	_library	eh_funclets	eh	12
006f6149	Unwind@006f6149	lib	_library	eh_funclets	eh	9
006f6170	Unwind@006f6170	lib	_library	eh_funclets	eh	8
006f6178	Unwind@006f6178	lib	_library	eh_funclets	eh	11
006f6183	Unwind@006f6183	lib	_library	eh_funclets	eh	11
006f618e	Unwind@006f618e	lib	_library	eh_funclets	eh	11
006f6199	Unwind@006f6199	lib	_library	eh_funclets	eh	11
006f61a4	Unwind@006f61a4	lib	_library	eh_funclets	eh	14
006f61b2	Unwind@006f61b2	lib	_library	eh_funclets	eh	14
006f61c0	Unwind@006f61c0	lib	_library	eh_funclets	eh	14
006f61ce	Unwind@006f61ce	lib	_library	eh_funclets	eh	14
006f61dc	Unwind@006f61dc	lib	_library	eh_funclets	eh	14
006f61ea	Unwind@006f61ea	lib	_library	eh_funclets	eh	14
006f61f8	Unwind@006f61f8	lib	_library	eh_funclets	eh	14
006f6206	Unwind@006f6206	lib	_library	eh_funclets	eh	14
006f6214	Unwind@006f6214	lib	_library	eh_funclets	eh	14
006f6222	Unwind@006f6222	lib	_library	eh_funclets	eh	14
006f6230	Unwind@006f6230	lib	_library	eh_funclets	eh	14
006f623e	Unwind@006f623e	lib	_library	eh_funclets	eh	14
006f624c	Unwind@006f624c	lib	_library	eh_funclets	eh	14
006f625a	Unwind@006f625a	lib	_library	eh_funclets	eh	14
006f6268	Unwind@006f6268	lib	_library	eh_funclets	eh	14
006f6276	Unwind@006f6276	lib	_library	eh_funclets	eh	9
006f6281	Unwind@006f6281	lib	_library	eh_funclets	eh	8
006f6289	Unwind@006f6289	lib	_library	eh_funclets	eh	8
006f6291	Unwind@006f6291	lib	_library	eh_funclets	eh	8
006f62c0	Unwind@006f62c0	lib	_library	eh_funclets	eh	8
006f62f0	Unwind@006f62f0	lib	_library	eh_funclets	eh	8
006f62f8	Unwind@006f62f8	lib	_library	eh_funclets	eh	11
006f6303	Unwind@006f6303	lib	_library	eh_funclets	eh	11
006f630e	Unwind@006f630e	lib	_library	eh_funclets	eh	11
006f6319	Unwind@006f6319	lib	_library	eh_funclets	eh	11
006f6324	Unwind@006f6324	lib	_library	eh_funclets	eh	14
006f6332	Unwind@006f6332	lib	_library	eh_funclets	eh	14
006f6340	Unwind@006f6340	lib	_library	eh_funclets	eh	14
006f634e	Unwind@006f634e	lib	_library	eh_funclets	eh	14
006f635c	Unwind@006f635c	lib	_library	eh_funclets	eh	14
006f636a	Unwind@006f636a	lib	_library	eh_funclets	eh	14
006f6378	Unwind@006f6378	lib	_library	eh_funclets	eh	14
006f6386	Unwind@006f6386	lib	_library	eh_funclets	eh	14
006f6394	Unwind@006f6394	lib	_library	eh_funclets	eh	14
006f63a2	Unwind@006f63a2	lib	_library	eh_funclets	eh	14
006f63b0	Unwind@006f63b0	lib	_library	eh_funclets	eh	14
006f63be	Unwind@006f63be	lib	_library	eh_funclets	eh	14
006f63cc	Unwind@006f63cc	lib	_library	eh_funclets	eh	14
006f63da	Unwind@006f63da	lib	_library	eh_funclets	eh	14
006f63e8	Unwind@006f63e8	lib	_library	eh_funclets	eh	14
006f6420	Unwind@006f6420	lib	_library	eh_funclets	eh	11
006f6450	Unwind@006f6450	lib	_library	eh_funclets	eh	8
006f6458	Unwind@006f6458	lib	_library	eh_funclets	eh	8
006f64c0	Unwind@006f64c0	lib	_library	eh_funclets	eh	9
006f64f0	Unwind@006f64f0	lib	_library	eh_funclets	eh	8
006f64f8	Unwind@006f64f8	lib	_library	eh_funclets	eh	9
006f6503	Unwind@006f6503	lib	_library	eh_funclets	eh	8
006f650b	Unwind@006f650b	lib	_library	eh_funclets	eh	9
006f6516	Unwind@006f6516	lib	_library	eh_funclets	eh	9
006f6540	Unwind@006f6540	lib	_library	eh_funclets	eh	8
006f6548	Unwind@006f6548	lib	_library	eh_funclets	eh	35
006f656b	Unwind@006f656b	lib	_library	eh_funclets	eh	12
006f6577	Unwind@006f6577	lib	_library	eh_funclets	eh	12
006f6583	Unwind@006f6583	lib	_library	eh_funclets	eh	11
006f658e	Unwind@006f658e	lib	_library	eh_funclets	eh	12
006f65d0	Unwind@006f65d0	lib	_library	eh_funclets	eh	9
006f65db	Unwind@006f65db	lib	_library	eh_funclets	eh	8
006f6610	Unwind@006f6610	lib	_library	eh_funclets	eh	9
006f6640	Unwind@006f6640	lib	_library	eh_funclets	eh	8
006f6648	Unwind@006f6648	lib	_library	eh_funclets	eh	8
006f6650	Unwind@006f6650	lib	_library	eh_funclets	eh	8
006f6658	Unwind@006f6658	lib	_library	eh_funclets	eh	8
006f6690	Unwind@006f6690	lib	_library	eh_funclets	eh	8
006f6698	Unwind@006f6698	lib	_library	eh_funclets	eh	35
006f66bb	Unwind@006f66bb	lib	_library	eh_funclets	eh	12
006f66c7	Unwind@006f66c7	lib	_library	eh_funclets	eh	12
006f66d3	Unwind@006f66d3	lib	_library	eh_funclets	eh	11
006f66de	Unwind@006f66de	lib	_library	eh_funclets	eh	11
006f66e9	Unwind@006f66e9	lib	_library	eh_funclets	eh	11
006f66f4	Unwind@006f66f4	lib	_library	eh_funclets	eh	8
006f66fc	Unwind@006f66fc	lib	_library	eh_funclets	eh	12
006f670a	Unwind@006f670a	lib	_library	eh_funclets	eh	8
006f6712	Unwind@006f6712	lib	_library	eh_funclets	eh	11
006f671d	Unwind@006f671d	lib	_library	eh_funclets	eh	8
006f6725	Unwind@006f6725	lib	_library	eh_funclets	eh	11
006f6730	Unwind@006f6730	lib	_library	eh_funclets	eh	11
006f673b	Unwind@006f673b	lib	_library	eh_funclets	eh	8
006f6743	Unwind@006f6743	lib	_library	eh_funclets	eh	12
006f6751	Unwind@006f6751	lib	_library	eh_funclets	eh	11
006f675c	Unwind@006f675c	lib	_library	eh_funclets	eh	11
006f6767	Unwind@006f6767	lib	_library	eh_funclets	eh	8
006f676f	Unwind@006f676f	lib	_library	eh_funclets	eh	12
006f677d	Unwind@006f677d	lib	_library	eh_funclets	eh	8
006f6785	Unwind@006f6785	lib	_library	eh_funclets	eh	11
006f6790	Unwind@006f6790	lib	_library	eh_funclets	eh	11
006f679b	Unwind@006f679b	lib	_library	eh_funclets	eh	8
006f67d0	Unwind@006f67d0	lib	_library	eh_funclets	eh	11
006f67db	Unwind@006f67db	lib	_library	eh_funclets	eh	8
006f67e3	Unwind@006f67e3	lib	_library	eh_funclets	eh	8
006f67eb	Unwind@006f67eb	lib	_library	eh_funclets	eh	11
006f6820	Unwind@006f6820	lib	_library	eh_funclets	eh	8
006f6828	Unwind@006f6828	lib	_library	eh_funclets	eh	8
006f6830	Unwind@006f6830	lib	_library	eh_funclets	eh	8
006f6860	Unwind@006f6860	lib	_library	eh_funclets	eh	8
006f6868	Unwind@006f6868	lib	_library	eh_funclets	eh	9
006f68a0	Unwind@006f68a0	lib	_library	eh_funclets	eh	11
006f68ab	Unwind@006f68ab	lib	_library	eh_funclets	eh	9
006f68b6	Unwind@006f68b6	lib	_library	eh_funclets	eh	8
006f68be	Unwind@006f68be	lib	_library	eh_funclets	eh	8
006f68c6	Unwind@006f68c6	lib	_library	eh_funclets	eh	8
006f6900	Unwind@006f6900	lib	_library	eh_funclets	eh	8
006f6908	Unwind@006f6908	lib	_library	eh_funclets	eh	9
006f6940	Unwind@006f6940	lib	_library	eh_funclets	eh	11
006f694b	Unwind@006f694b	lib	_library	eh_funclets	eh	11
006f6956	Unwind@006f6956	lib	_library	eh_funclets	eh	12
006f6964	Unwind@006f6964	lib	_library	eh_funclets	eh	8
006f696c	Unwind@006f696c	lib	_library	eh_funclets	eh	8
006f6974	Unwind@006f6974	lib	_library	eh_funclets	eh	8
006f697c	Unwind@006f697c	lib	_library	eh_funclets	eh	8
006f69b0	Unwind@006f69b0	lib	_library	eh_funclets	eh	8
006f69b8	Unwind@006f69b8	lib	_library	eh_funclets	eh	11
006f69c3	Unwind@006f69c3	lib	_library	eh_funclets	eh	8
006f69cb	Unwind@006f69cb	lib	_library	eh_funclets	eh	8
006f6a00	Unwind@006f6a00	lib	_library	eh_funclets	eh	11
006f6a0b	Unwind@006f6a0b	lib	_library	eh_funclets	eh	11
006f6a16	Unwind@006f6a16	lib	_library	eh_funclets	eh	11
006f6a21	Unwind@006f6a21	lib	_library	eh_funclets	eh	11
006f6a2c	Unwind@006f6a2c	lib	_library	eh_funclets	eh	11
006f6a37	Unwind@006f6a37	lib	_library	eh_funclets	eh	11
006f6a42	Unwind@006f6a42	lib	_library	eh_funclets	eh	11
006f6a4d	Unwind@006f6a4d	lib	_library	eh_funclets	eh	11
006f6a58	Unwind@006f6a58	lib	_library	eh_funclets	eh	11
006f6a63	Unwind@006f6a63	lib	_library	eh_funclets	eh	8
006f6a6b	Unwind@006f6a6b	lib	_library	eh_funclets	eh	8
006f6a73	Unwind@006f6a73	lib	_library	eh_funclets	eh	11
006f6a7e	Unwind@006f6a7e	lib	_library	eh_funclets	eh	11
006f6a89	Unwind@006f6a89	lib	_library	eh_funclets	eh	11
006f6a94	Unwind@006f6a94	lib	_library	eh_funclets	eh	8
006f6a9c	Unwind@006f6a9c	lib	_library	eh_funclets	eh	11
006f6aa7	Unwind@006f6aa7	lib	_library	eh_funclets	eh	11
006f6ab2	Unwind@006f6ab2	lib	_library	eh_funclets	eh	11
006f6abd	Unwind@006f6abd	lib	_library	eh_funclets	eh	11
006f6ac8	Unwind@006f6ac8	lib	_library	eh_funclets	eh	11
006f6ad3	Unwind@006f6ad3	lib	_library	eh_funclets	eh	11
006f6ade	Unwind@006f6ade	lib	_library	eh_funclets	eh	11
006f6ae9	Unwind@006f6ae9	lib	_library	eh_funclets	eh	11
006f6af4	Unwind@006f6af4	lib	_library	eh_funclets	eh	11
006f6aff	Unwind@006f6aff	lib	_library	eh_funclets	eh	11
006f6b0a	Unwind@006f6b0a	lib	_library	eh_funclets	eh	11
006f6b15	Unwind@006f6b15	lib	_library	eh_funclets	eh	11
006f6b20	Unwind@006f6b20	lib	_library	eh_funclets	eh	8
006f6b50	Unwind@006f6b50	lib	_library	eh_funclets	eh	8
006f6b58	Unwind@006f6b58	lib	_library	eh_funclets	eh	8
006f6b60	Unwind@006f6b60	lib	_library	eh_funclets	eh	9
006f6b6b	Unwind@006f6b6b	lib	_library	eh_funclets	eh	8
006f6b73	Unwind@006f6b73	lib	_library	eh_funclets	eh	8
006f6b7b	Unwind@006f6b7b	lib	_library	eh_funclets	eh	9
006f6b86	Unwind@006f6b86	lib	_library	eh_funclets	eh	11
006f6bc0	Unwind@006f6bc0	lib	_library	eh_funclets	eh	8
006f6bc8	Unwind@006f6bc8	lib	_library	eh_funclets	eh	8
006f6bd0	Unwind@006f6bd0	lib	_library	eh_funclets	eh	11
006f6bdb	Unwind@006f6bdb	lib	_library	eh_funclets	eh	8
006f6be3	Unwind@006f6be3	lib	_library	eh_funclets	eh	8
006f6beb	Unwind@006f6beb	lib	_library	eh_funclets	eh	9
006f6bf6	Unwind@006f6bf6	lib	_library	eh_funclets	eh	8
006f6bfe	Unwind@006f6bfe	lib	_library	eh_funclets	eh	8
006f6c30	Unwind@006f6c30	lib	_library	eh_funclets	eh	11
006f6c3b	Unwind@006f6c3b	lib	_library	eh_funclets	eh	9
006f6c46	Unwind@006f6c46	lib	_library	eh_funclets	eh	8
006f6c4e	Unwind@006f6c4e	lib	_library	eh_funclets	eh	8
006f6c56	Unwind@006f6c56	lib	_library	eh_funclets	eh	8
006f6c5e	Unwind@006f6c5e	lib	_library	eh_funclets	eh	8
006f6c90	Unwind@006f6c90	lib	_library	eh_funclets	eh	11
006f6c9b	Unwind@006f6c9b	lib	_library	eh_funclets	eh	8
006f6ca3	Unwind@006f6ca3	lib	_library	eh_funclets	eh	12
006f6cb1	Unwind@006f6cb1	lib	_library	eh_funclets	eh	8
006f6cb9	Unwind@006f6cb9	lib	_library	eh_funclets	eh	8
006f6cf0	Unwind@006f6cf0	lib	_library	eh_funclets	eh	8
006f6cf8	Unwind@006f6cf8	lib	_library	eh_funclets	eh	8
006f6d00	Unwind@006f6d00	lib	_library	eh_funclets	eh	8
006f6d30	Unwind@006f6d30	lib	_library	eh_funclets	eh	11
006f6d3b	Unwind@006f6d3b	lib	_library	eh_funclets	eh	9
006f6d46	Unwind@006f6d46	lib	_library	eh_funclets	eh	8
006f6d4e	Unwind@006f6d4e	lib	_library	eh_funclets	eh	8
006f6d80	Unwind@006f6d80	lib	_library	eh_funclets	eh	11
006f6d8b	Unwind@006f6d8b	lib	_library	eh_funclets	eh	8
006f6d93	Unwind@006f6d93	lib	_library	eh_funclets	eh	8
006f6dd0	Unwind@006f6dd0	lib	_library	eh_funclets	eh	17
006f6e40	Unwind@006f6e40	lib	_library	eh_funclets	eh	11
006f6e4b	Unwind@006f6e4b	lib	_library	eh_funclets	eh	11
006f6e56	Unwind@006f6e56	lib	_library	eh_funclets	eh	11
006f6e61	Unwind@006f6e61	lib	_library	eh_funclets	eh	11
006f6e6c	Unwind@006f6e6c	lib	_library	eh_funclets	eh	11
006f6e77	Unwind@006f6e77	lib	_library	eh_funclets	eh	11
006f6ea0	Unwind@006f6ea0	lib	_library	eh_funclets	eh	11
006f6eab	Unwind@006f6eab	lib	_library	eh_funclets	eh	11
006f6eb6	Unwind@006f6eb6	lib	_library	eh_funclets	eh	11
006f6ec1	Unwind@006f6ec1	lib	_library	eh_funclets	eh	11
006f6ecc	Unwind@006f6ecc	lib	_library	eh_funclets	eh	11
006f6ed7	Unwind@006f6ed7	lib	_library	eh_funclets	eh	11
006f6ee2	Unwind@006f6ee2	lib	_library	eh_funclets	eh	14
006f6f10	Unwind@006f6f10	lib	_library	eh_funclets	eh	8
006f6f40	Unwind@006f6f40	lib	_library	eh_funclets	eh	8
006f6f48	Unwind@006f6f48	lib	_library	eh_funclets	eh	8
006f6f50	Unwind@006f6f50	lib	_library	eh_funclets	eh	8
006f6f58	Unwind@006f6f58	lib	_library	eh_funclets	eh	8
006f6f80	Unwind@006f6f80	lib	_library	eh_funclets	eh	8
006f6fb0	Unwind@006f6fb0	lib	_library	eh_funclets	eh	11
006f6fbb	Unwind@006f6fbb	lib	_library	eh_funclets	eh	8
006f6fc3	Unwind@006f6fc3	lib	_library	eh_funclets	eh	8
006f7000	Unwind@006f7000	lib	_library	eh_funclets	eh	8
006f7030	Unwind@006f7030	lib	_library	eh_funclets	eh	11
006f703b	Unwind@006f703b	lib	_library	eh_funclets	eh	8
006f7043	Unwind@006f7043	lib	_library	eh_funclets	eh	11
006f7080	Unwind@006f7080	lib	_library	eh_funclets	eh	8
006f70b0	Unwind@006f70b0	lib	_library	eh_funclets	eh	11
006f70bb	Unwind@006f70bb	lib	_library	eh_funclets	eh	11
006f70c6	Unwind@006f70c6	lib	_library	eh_funclets	eh	8
006f70ce	Unwind@006f70ce	lib	_library	eh_funclets	eh	8
006f7100	Unwind@006f7100	lib	_library	eh_funclets	eh	8
006f7108	Unwind@006f7108	lib	_library	eh_funclets	eh	8
006f7110	Unwind@006f7110	lib	_library	eh_funclets	eh	8
006f7140	Unwind@006f7140	lib	_library	eh_funclets	eh	9
006f714b	Unwind@006f714b	lib	_library	eh_funclets	eh	9
006f7180	Unwind@006f7180	lib	_library	eh_funclets	eh	8
006f7188	Unwind@006f7188	lib	_library	eh_funclets	eh	9
006f7193	Unwind@006f7193	lib	_library	eh_funclets	eh	8
006f719b	Unwind@006f719b	lib	_library	eh_funclets	eh	9
006f71a6	Unwind@006f71a6	lib	_library	eh_funclets	eh	8
006f71d0	Unwind@006f71d0	lib	_library	eh_funclets	eh	8
006f71d8	Unwind@006f71d8	lib	_library	eh_funclets	eh	8
006f71e0	Unwind@006f71e0	lib	_library	eh_funclets	eh	11
006f7230	Unwind@006f7230	lib	_library	eh_funclets	eh	11
006f723b	Unwind@006f723b	lib	_library	eh_funclets	eh	11
006f7270	Unwind@006f7270	lib	_library	eh_funclets	eh	9
006f72a0	Unwind@006f72a0	lib	_library	eh_funclets	eh	8
006f72d0	Unwind@006f72d0	lib	_library	eh_funclets	eh	8
006f7300	Unwind@006f7300	lib	_library	eh_funclets	eh	8
006f7330	Unwind@006f7330	lib	_library	eh_funclets	eh	17
006f7360	Unwind@006f7360	lib	_library	eh_funclets	eh	8
006f7368	Unwind@006f7368	lib	_library	eh_funclets	eh	11
006f7390	Unwind@006f7390	lib	_library	eh_funclets	eh	8
006f7398	Unwind@006f7398	lib	_library	eh_funclets	eh	8
006f73a0	Unwind@006f73a0	lib	_library	eh_funclets	eh	11
006f73ab	Unwind@006f73ab	lib	_library	eh_funclets	eh	8
006f73b3	Unwind@006f73b3	lib	_library	eh_funclets	eh	14
006f73c1	Unwind@006f73c1	lib	_library	eh_funclets	eh	8
006f73c9	Unwind@006f73c9	lib	_library	eh_funclets	eh	14
006f73d7	Unwind@006f73d7	lib	_library	eh_funclets	eh	8
006f73df	Unwind@006f73df	lib	_library	eh_funclets	eh	14
006f73ed	Unwind@006f73ed	lib	_library	eh_funclets	eh	14
006f7420	Unwind@006f7420	lib	_library	eh_funclets	eh	8
006f7428	Unwind@006f7428	lib	_library	eh_funclets	eh	11
006f7433	Unwind@006f7433	lib	_library	eh_funclets	eh	14
006f7441	Unwind@006f7441	lib	_library	eh_funclets	eh	14
006f7470	Unwind@006f7470	lib	_library	eh_funclets	eh	8
006f7478	Unwind@006f7478	lib	_library	eh_funclets	eh	8
006f74b0	Unwind@006f74b0	lib	_library	eh_funclets	eh	8
006f74b8	Unwind@006f74b8	lib	_library	eh_funclets	eh	8
006f74f0	Unwind@006f74f0	lib	_library	eh_funclets	eh	25
006f7530	Unwind@006f7530	lib	_library	eh_funclets	eh	8
006f7560	Unwind@006f7560	lib	_library	eh_funclets	eh	8
006f7568	Unwind@006f7568	lib	_library	eh_funclets	eh	8
006f7590	Unwind@006f7590	lib	_library	eh_funclets	eh	8
006f7598	Unwind@006f7598	lib	_library	eh_funclets	eh	14
006f75a6	Unwind@006f75a6	lib	_library	eh_funclets	eh	14
006f75b4	Unwind@006f75b4	lib	_library	eh_funclets	eh	14
006f75c2	Unwind@006f75c2	lib	_library	eh_funclets	eh	14
006f75d0	Unwind@006f75d0	lib	_library	eh_funclets	eh	14
006f75de	Unwind@006f75de	lib	_library	eh_funclets	eh	14
006f75ec	Unwind@006f75ec	lib	_library	eh_funclets	eh	14
006f75fa	Unwind@006f75fa	lib	_library	eh_funclets	eh	14
006f7630	Unwind@006f7630	lib	_library	eh_funclets	eh	8
006f7638	Unwind@006f7638	lib	_library	eh_funclets	eh	14
006f7646	Unwind@006f7646	lib	_library	eh_funclets	eh	14
006f7654	Unwind@006f7654	lib	_library	eh_funclets	eh	14
006f7662	Unwind@006f7662	lib	_library	eh_funclets	eh	14
006f7670	Unwind@006f7670	lib	_library	eh_funclets	eh	14
006f767e	Unwind@006f767e	lib	_library	eh_funclets	eh	14
006f768c	Unwind@006f768c	lib	_library	eh_funclets	eh	14
006f769a	Unwind@006f769a	lib	_library	eh_funclets	eh	14
006f76d0	Unwind@006f76d0	lib	_library	eh_funclets	eh	8
006f76d8	Unwind@006f76d8	lib	_library	eh_funclets	eh	8
006f7700	Unwind@006f7700	lib	_library	eh_funclets	eh	17
006f7750	Unwind@006f7750	lib	_library	eh_funclets	eh	8
006f7758	Unwind@006f7758	lib	_library	eh_funclets	eh	11
006f7763	Unwind@006f7763	lib	_library	eh_funclets	eh	9
006f776e	Unwind@006f776e	lib	_library	eh_funclets	eh	9
006f77a0	Unwind@006f77a0	lib	_library	eh_funclets	eh	8
006f77a8	Unwind@006f77a8	lib	_library	eh_funclets	eh	11
006f77d0	Unwind@006f77d0	lib	_library	eh_funclets	eh	8
006f77d8	Unwind@006f77d8	lib	_library	eh_funclets	eh	8
006f77e0	Unwind@006f77e0	lib	_library	eh_funclets	eh	8
006f77e8	Unwind@006f77e8	lib	_library	eh_funclets	eh	11
006f77f3	Unwind@006f77f3	lib	_library	eh_funclets	eh	8
006f77fb	Unwind@006f77fb	lib	_library	eh_funclets	eh	8
006f7803	Unwind@006f7803	lib	_library	eh_funclets	eh	14
006f7811	Unwind@006f7811	lib	_library	eh_funclets	eh	8
006f7819	Unwind@006f7819	lib	_library	eh_funclets	eh	8
006f7821	Unwind@006f7821	lib	_library	eh_funclets	eh	14
006f782f	Unwind@006f782f	lib	_library	eh_funclets	eh	8
006f7837	Unwind@006f7837	lib	_library	eh_funclets	eh	8
006f783f	Unwind@006f783f	lib	_library	eh_funclets	eh	14
006f784d	Unwind@006f784d	lib	_library	eh_funclets	eh	8
006f7855	Unwind@006f7855	lib	_library	eh_funclets	eh	8
006f785d	Unwind@006f785d	lib	_library	eh_funclets	eh	14
006f786b	Unwind@006f786b	lib	_library	eh_funclets	eh	8
006f7873	Unwind@006f7873	lib	_library	eh_funclets	eh	8
006f787b	Unwind@006f787b	lib	_library	eh_funclets	eh	14
006f7889	Unwind@006f7889	lib	_library	eh_funclets	eh	8
006f7891	Unwind@006f7891	lib	_library	eh_funclets	eh	8
006f7899	Unwind@006f7899	lib	_library	eh_funclets	eh	14
006f78a7	Unwind@006f78a7	lib	_library	eh_funclets	eh	14
006f78b5	Unwind@006f78b5	lib	_library	eh_funclets	eh	14
006f78c3	Unwind@006f78c3	lib	_library	eh_funclets	eh	8
006f78cb	Unwind@006f78cb	lib	_library	eh_funclets	eh	14
006f78d9	Unwind@006f78d9	lib	_library	eh_funclets	eh	8
006f78e1	Unwind@006f78e1	lib	_library	eh_funclets	eh	14
006f78ef	Unwind@006f78ef	lib	_library	eh_funclets	eh	8
006f78f7	Unwind@006f78f7	lib	_library	eh_funclets	eh	8
006f78ff	Unwind@006f78ff	lib	_library	eh_funclets	eh	11
006f790a	Unwind@006f790a	lib	_library	eh_funclets	eh	14
006f7918	Unwind@006f7918	lib	_library	eh_funclets	eh	8
006f7920	Unwind@006f7920	lib	_library	eh_funclets	eh	14
006f792e	Unwind@006f792e	lib	_library	eh_funclets	eh	8
006f7936	Unwind@006f7936	lib	_library	eh_funclets	eh	8
006f793e	Unwind@006f793e	lib	_library	eh_funclets	eh	11
006f7949	Unwind@006f7949	lib	_library	eh_funclets	eh	14
006f7957	Unwind@006f7957	lib	_library	eh_funclets	eh	8
006f795f	Unwind@006f795f	lib	_library	eh_funclets	eh	8
006f7967	Unwind@006f7967	lib	_library	eh_funclets	eh	11
006f7972	Unwind@006f7972	lib	_library	eh_funclets	eh	14
006f7980	Unwind@006f7980	lib	_library	eh_funclets	eh	8
006f7988	Unwind@006f7988	lib	_library	eh_funclets	eh	8
006f7990	Unwind@006f7990	lib	_library	eh_funclets	eh	11
006f799b	Unwind@006f799b	lib	_library	eh_funclets	eh	14
006f79a9	Unwind@006f79a9	lib	_library	eh_funclets	eh	8
006f79b1	Unwind@006f79b1	lib	_library	eh_funclets	eh	8
006f79b9	Unwind@006f79b9	lib	_library	eh_funclets	eh	11
006f79c4	Unwind@006f79c4	lib	_library	eh_funclets	eh	14
006f79d2	Unwind@006f79d2	lib	_library	eh_funclets	eh	8
006f79da	Unwind@006f79da	lib	_library	eh_funclets	eh	8
006f79e2	Unwind@006f79e2	lib	_library	eh_funclets	eh	11
006f79ed	Unwind@006f79ed	lib	_library	eh_funclets	eh	14
006f79fb	Unwind@006f79fb	lib	_library	eh_funclets	eh	8
006f7a03	Unwind@006f7a03	lib	_library	eh_funclets	eh	8
006f7a0b	Unwind@006f7a0b	lib	_library	eh_funclets	eh	11
006f7a16	Unwind@006f7a16	lib	_library	eh_funclets	eh	14
006f7a24	Unwind@006f7a24	lib	_library	eh_funclets	eh	8
006f7a2c	Unwind@006f7a2c	lib	_library	eh_funclets	eh	8
006f7a34	Unwind@006f7a34	lib	_library	eh_funclets	eh	11
006f7a3f	Unwind@006f7a3f	lib	_library	eh_funclets	eh	14
006f7a4d	Unwind@006f7a4d	lib	_library	eh_funclets	eh	8
006f7a55	Unwind@006f7a55	lib	_library	eh_funclets	eh	8
006f7a5d	Unwind@006f7a5d	lib	_library	eh_funclets	eh	11
006f7a68	Unwind@006f7a68	lib	_library	eh_funclets	eh	14
006f7a76	Unwind@006f7a76	lib	_library	eh_funclets	eh	8
006f7a7e	Unwind@006f7a7e	lib	_library	eh_funclets	eh	8
006f7a86	Unwind@006f7a86	lib	_library	eh_funclets	eh	11
006f7a91	Unwind@006f7a91	lib	_library	eh_funclets	eh	14
006f7a9f	Unwind@006f7a9f	lib	_library	eh_funclets	eh	8
006f7aa7	Unwind@006f7aa7	lib	_library	eh_funclets	eh	14
006f7ab5	Unwind@006f7ab5	lib	_library	eh_funclets	eh	8
006f7abd	Unwind@006f7abd	lib	_library	eh_funclets	eh	8
006f7ac5	Unwind@006f7ac5	lib	_library	eh_funclets	eh	11
006f7ad0	Unwind@006f7ad0	lib	_library	eh_funclets	eh	14
006f7ade	Unwind@006f7ade	lib	_library	eh_funclets	eh	8
006f7ae6	Unwind@006f7ae6	lib	_library	eh_funclets	eh	8
006f7aee	Unwind@006f7aee	lib	_library	eh_funclets	eh	11
006f7af9	Unwind@006f7af9	lib	_library	eh_funclets	eh	14
006f7b07	Unwind@006f7b07	lib	_library	eh_funclets	eh	14
006f7b15	Unwind@006f7b15	lib	_library	eh_funclets	eh	14
006f7b23	Unwind@006f7b23	lib	_library	eh_funclets	eh	14
006f7b60	Unwind@006f7b60	lib	_library	eh_funclets	eh	8
006f7b68	Unwind@006f7b68	lib	_library	eh_funclets	eh	11
006f7b73	Unwind@006f7b73	lib	_library	eh_funclets	eh	14
006f7b81	Unwind@006f7b81	lib	_library	eh_funclets	eh	14
006f7b8f	Unwind@006f7b8f	lib	_library	eh_funclets	eh	14
006f7b9d	Unwind@006f7b9d	lib	_library	eh_funclets	eh	14
006f7bab	Unwind@006f7bab	lib	_library	eh_funclets	eh	14
006f7bb9	Unwind@006f7bb9	lib	_library	eh_funclets	eh	14
006f7bc7	Unwind@006f7bc7	lib	_library	eh_funclets	eh	14
006f7bd5	Unwind@006f7bd5	lib	_library	eh_funclets	eh	14
006f7be3	Unwind@006f7be3	lib	_library	eh_funclets	eh	14
006f7bf1	Unwind@006f7bf1	lib	_library	eh_funclets	eh	14
006f7bff	Unwind@006f7bff	lib	_library	eh_funclets	eh	14
006f7c0d	Unwind@006f7c0d	lib	_library	eh_funclets	eh	14
006f7c1b	Unwind@006f7c1b	lib	_library	eh_funclets	eh	14
006f7c29	Unwind@006f7c29	lib	_library	eh_funclets	eh	14
006f7c37	Unwind@006f7c37	lib	_library	eh_funclets	eh	14
006f7c45	Unwind@006f7c45	lib	_library	eh_funclets	eh	14
006f7c53	Unwind@006f7c53	lib	_library	eh_funclets	eh	14
006f7c61	Unwind@006f7c61	lib	_library	eh_funclets	eh	14
006f7c6f	Unwind@006f7c6f	lib	_library	eh_funclets	eh	14
006f7c7d	Unwind@006f7c7d	lib	_library	eh_funclets	eh	14
006f7c8b	Unwind@006f7c8b	lib	_library	eh_funclets	eh	14
006f7c99	Unwind@006f7c99	lib	_library	eh_funclets	eh	14
006f7ca7	Unwind@006f7ca7	lib	_library	eh_funclets	eh	14
006f7cd0	Unwind@006f7cd0	lib	_library	eh_funclets	eh	8
006f7cd8	Unwind@006f7cd8	lib	_library	eh_funclets	eh	8
006f7dc0	Unwind@006f7dc0	lib	_library	eh_funclets	eh	9
006f7df0	Unwind@006f7df0	lib	_library	eh_funclets	eh	8
006f7df8	Unwind@006f7df8	lib	_library	eh_funclets	eh	8
006f7e20	Unwind@006f7e20	lib	_library	eh_funclets	eh	8
006f7e28	Unwind@006f7e28	lib	_library	eh_funclets	eh	8
006f7e60	Unwind@006f7e60	lib	_library	eh_funclets	eh	8
006f7e68	Unwind@006f7e68	lib	_library	eh_funclets	eh	8
006f7ea0	Unwind@006f7ea0	lib	_library	eh_funclets	eh	8
006f7ea8	Unwind@006f7ea8	lib	_library	eh_funclets	eh	8
006f7ee0	Unwind@006f7ee0	lib	_library	eh_funclets	eh	8
006f7ee8	Unwind@006f7ee8	lib	_library	eh_funclets	eh	8
006f7f20	Unwind@006f7f20	lib	_library	eh_funclets	eh	8
006f7f28	Unwind@006f7f28	lib	_library	eh_funclets	eh	8
006f7f60	Unwind@006f7f60	lib	_library	eh_funclets	eh	12
006f7f90	Unwind@006f7f90	lib	_library	eh_funclets	eh	8
006f7fc0	Unwind@006f7fc0	lib	_library	eh_funclets	eh	8
006f7ff0	Unwind@006f7ff0	lib	_library	eh_funclets	eh	8
006f8020	Unwind@006f8020	lib	_library	eh_funclets	eh	8
006f8028	Unwind@006f8028	lib	_library	eh_funclets	eh	8
006f8030	Unwind@006f8030	lib	_library	eh_funclets	eh	11
006f803b	Unwind@006f803b	lib	_library	eh_funclets	eh	8
006f8043	Unwind@006f8043	lib	_library	eh_funclets	eh	23
006f805a	Unwind@006f805a	lib	_library	eh_funclets	eh	11
006f8090	Unwind@006f8090	lib	_library	eh_funclets	eh	8
006f8098	Unwind@006f8098	lib	_library	eh_funclets	eh	8
006f80a0	Unwind@006f80a0	lib	_library	eh_funclets	eh	11
006f80ab	Unwind@006f80ab	lib	_library	eh_funclets	eh	8
006f80b3	Unwind@006f80b3	lib	_library	eh_funclets	eh	23
006f80ca	Unwind@006f80ca	lib	_library	eh_funclets	eh	11
006f8100	Unwind@006f8100	lib	_library	eh_funclets	eh	8
006f8108	Unwind@006f8108	lib	_library	eh_funclets	eh	8
006f8110	Unwind@006f8110	lib	_library	eh_funclets	eh	11
006f811b	Unwind@006f811b	lib	_library	eh_funclets	eh	8
006f8123	Unwind@006f8123	lib	_library	eh_funclets	eh	23
006f813a	Unwind@006f813a	lib	_library	eh_funclets	eh	11
006f8170	Unwind@006f8170	lib	_library	eh_funclets	eh	8
006f8178	Unwind@006f8178	lib	_library	eh_funclets	eh	8
006f8180	Unwind@006f8180	lib	_library	eh_funclets	eh	11
006f818b	Unwind@006f818b	lib	_library	eh_funclets	eh	8
006f8193	Unwind@006f8193	lib	_library	eh_funclets	eh	23
006f81aa	Unwind@006f81aa	lib	_library	eh_funclets	eh	11
006f81e0	Unwind@006f81e0	lib	_library	eh_funclets	eh	8
006f81e8	Unwind@006f81e8	lib	_library	eh_funclets	eh	8
006f81f0	Unwind@006f81f0	lib	_library	eh_funclets	eh	11
006f81fb	Unwind@006f81fb	lib	_library	eh_funclets	eh	8
006f8203	Unwind@006f8203	lib	_library	eh_funclets	eh	23
006f821a	Unwind@006f821a	lib	_library	eh_funclets	eh	11
006f8250	Unwind@006f8250	lib	_library	eh_funclets	eh	8
006f82a0	Unwind@006f82a0	lib	_library	eh_funclets	eh	11
006f82e0	Unwind@006f82e0	lib	_library	eh_funclets	eh	8
006f82e8	Unwind@006f82e8	lib	_library	eh_funclets	eh	8
006f82f0	Unwind@006f82f0	lib	_library	eh_funclets	eh	8
006f8320	Unwind@006f8320	lib	_library	eh_funclets	eh	8
006f8350	Unwind@006f8350	lib	_library	eh_funclets	eh	8
006f8380	Unwind@006f8380	lib	_library	eh_funclets	eh	8
006f83d0	Unwind@006f83d0	lib	_library	eh_funclets	eh	17
006f8400	Unwind@006f8400	lib	_library	eh_funclets	eh	8
006f8450	Unwind@006f8450	lib	_library	eh_funclets	eh	17
006f8461	Unwind@006f8461	lib	_library	eh_funclets	eh	17
006f8490	Unwind@006f8490	lib	_library	eh_funclets	eh	8
006f8498	Unwind@006f8498	lib	_library	eh_funclets	eh	8
006f84a0	Unwind@006f84a0	lib	_library	eh_funclets	eh	11
006f84ab	Unwind@006f84ab	lib	_library	eh_funclets	eh	8
006f84b3	Unwind@006f84b3	lib	_library	eh_funclets	eh	14
006f84c1	Unwind@006f84c1	lib	_library	eh_funclets	eh	8
006f84c9	Unwind@006f84c9	lib	_library	eh_funclets	eh	8
006f84d1	Unwind@006f84d1	lib	_library	eh_funclets	eh	11
006f84dc	Unwind@006f84dc	lib	_library	eh_funclets	eh	14
006f84ea	Unwind@006f84ea	lib	_library	eh_funclets	eh	8
006f84f2	Unwind@006f84f2	lib	_library	eh_funclets	eh	14
006f8500	Unwind@006f8500	lib	_library	eh_funclets	eh	14
006f8540	Unwind@006f8540	lib	_library	eh_funclets	eh	8
006f8548	Unwind@006f8548	lib	_library	eh_funclets	eh	11
006f8553	Unwind@006f8553	lib	_library	eh_funclets	eh	14
006f8561	Unwind@006f8561	lib	_library	eh_funclets	eh	14
006f8590	Unwind@006f8590	lib	_library	eh_funclets	eh	8
006f8598	Unwind@006f8598	lib	_library	eh_funclets	eh	8
006f85a0	Unwind@006f85a0	lib	_library	eh_funclets	eh	8
006f85a8	Unwind@006f85a8	lib	_library	eh_funclets	eh	11
006f85b3	Unwind@006f85b3	lib	_library	eh_funclets	eh	11
006f85be	Unwind@006f85be	lib	_library	eh_funclets	eh	8
006f85c6	Unwind@006f85c6	lib	_library	eh_funclets	eh	8
006f85ce	Unwind@006f85ce	lib	_library	eh_funclets	eh	11
006f85d9	Unwind@006f85d9	lib	_library	eh_funclets	eh	14
006f85e7	Unwind@006f85e7	lib	_library	eh_funclets	eh	8
006f85ef	Unwind@006f85ef	lib	_library	eh_funclets	eh	14
006f85fd	Unwind@006f85fd	lib	_library	eh_funclets	eh	8
006f8605	Unwind@006f8605	lib	_library	eh_funclets	eh	14
006f8613	Unwind@006f8613	lib	_library	eh_funclets	eh	8
006f861b	Unwind@006f861b	lib	_library	eh_funclets	eh	8
006f8623	Unwind@006f8623	lib	_library	eh_funclets	eh	11
006f862e	Unwind@006f862e	lib	_library	eh_funclets	eh	14
006f863c	Unwind@006f863c	lib	_library	eh_funclets	eh	14
006f8670	Unwind@006f8670	lib	_library	eh_funclets	eh	8
006f8678	Unwind@006f8678	lib	_library	eh_funclets	eh	11
006f8683	Unwind@006f8683	lib	_library	eh_funclets	eh	14
006f8691	Unwind@006f8691	lib	_library	eh_funclets	eh	14
006f869f	Unwind@006f869f	lib	_library	eh_funclets	eh	14
006f86d0	Unwind@006f86d0	lib	_library	eh_funclets	eh	8
006f86d8	Unwind@006f86d8	lib	_library	eh_funclets	eh	8
006f86e0	Unwind@006f86e0	lib	_library	eh_funclets	eh	8
006f86e8	Unwind@006f86e8	lib	_library	eh_funclets	eh	11
006f86f3	Unwind@006f86f3	lib	_library	eh_funclets	eh	8
006f86fb	Unwind@006f86fb	lib	_library	eh_funclets	eh	8
006f8703	Unwind@006f8703	lib	_library	eh_funclets	eh	14
006f8711	Unwind@006f8711	lib	_library	eh_funclets	eh	8
006f8719	Unwind@006f8719	lib	_library	eh_funclets	eh	8
006f8721	Unwind@006f8721	lib	_library	eh_funclets	eh	14
006f872f	Unwind@006f872f	lib	_library	eh_funclets	eh	8
006f8737	Unwind@006f8737	lib	_library	eh_funclets	eh	8
006f873f	Unwind@006f873f	lib	_library	eh_funclets	eh	14
006f874d	Unwind@006f874d	lib	_library	eh_funclets	eh	8
006f8755	Unwind@006f8755	lib	_library	eh_funclets	eh	14
006f8763	Unwind@006f8763	lib	_library	eh_funclets	eh	8
006f876b	Unwind@006f876b	lib	_library	eh_funclets	eh	14
006f8779	Unwind@006f8779	lib	_library	eh_funclets	eh	8
006f8781	Unwind@006f8781	lib	_library	eh_funclets	eh	8
006f8789	Unwind@006f8789	lib	_library	eh_funclets	eh	11
006f8794	Unwind@006f8794	lib	_library	eh_funclets	eh	14
006f87a2	Unwind@006f87a2	lib	_library	eh_funclets	eh	8
006f87aa	Unwind@006f87aa	lib	_library	eh_funclets	eh	14
006f87b8	Unwind@006f87b8	lib	_library	eh_funclets	eh	8
006f87c0	Unwind@006f87c0	lib	_library	eh_funclets	eh	8
006f87c8	Unwind@006f87c8	lib	_library	eh_funclets	eh	14
006f87d6	Unwind@006f87d6	lib	_library	eh_funclets	eh	14
006f87e4	Unwind@006f87e4	lib	_library	eh_funclets	eh	14
006f87f2	Unwind@006f87f2	lib	_library	eh_funclets	eh	14
006f8800	Unwind@006f8800	lib	_library	eh_funclets	eh	14
006f880e	Unwind@006f880e	lib	_library	eh_funclets	eh	14
006f881c	Unwind@006f881c	lib	_library	eh_funclets	eh	14
006f882a	Unwind@006f882a	lib	_library	eh_funclets	eh	14
006f8838	Unwind@006f8838	lib	_library	eh_funclets	eh	14
006f8870	Unwind@006f8870	lib	_library	eh_funclets	eh	8
006f8878	Unwind@006f8878	lib	_library	eh_funclets	eh	11
006f8883	Unwind@006f8883	lib	_library	eh_funclets	eh	14
006f8891	Unwind@006f8891	lib	_library	eh_funclets	eh	14
006f889f	Unwind@006f889f	lib	_library	eh_funclets	eh	14
006f88ad	Unwind@006f88ad	lib	_library	eh_funclets	eh	14
006f88bb	Unwind@006f88bb	lib	_library	eh_funclets	eh	14
006f88c9	Unwind@006f88c9	lib	_library	eh_funclets	eh	14
006f88d7	Unwind@006f88d7	lib	_library	eh_funclets	eh	14
006f88e5	Unwind@006f88e5	lib	_library	eh_funclets	eh	14
006f88f3	Unwind@006f88f3	lib	_library	eh_funclets	eh	14
006f8901	Unwind@006f8901	lib	_library	eh_funclets	eh	14
006f890f	Unwind@006f890f	lib	_library	eh_funclets	eh	14
006f891d	Unwind@006f891d	lib	_library	eh_funclets	eh	14
006f892b	Unwind@006f892b	lib	_library	eh_funclets	eh	14
006f8939	Unwind@006f8939	lib	_library	eh_funclets	eh	14
006f8947	Unwind@006f8947	lib	_library	eh_funclets	eh	14
006f8955	Unwind@006f8955	lib	_library	eh_funclets	eh	14
006f8980	Unwind@006f8980	lib	_library	eh_funclets	eh	8
006f8988	Unwind@006f8988	lib	_library	eh_funclets	eh	11
006f89b0	Unwind@006f89b0	lib	_library	eh_funclets	eh	8
006f89b8	Unwind@006f89b8	lib	_library	eh_funclets	eh	11
006f89e0	Unwind@006f89e0	lib	_library	eh_funclets	eh	8
006f8a50	Unwind@006f8a50	lib	_library	eh_funclets	eh	8
006f8a80	Unwind@006f8a80	lib	_library	eh_funclets	eh	8
006f8ab0	Unwind@006f8ab0	lib	_library	eh_funclets	eh	8
006f8b20	Unwind@006f8b20	lib	_library	eh_funclets	eh	8
006f8b50	Unwind@006f8b50	lib	_library	eh_funclets	eh	8
006f8ba0	Unwind@006f8ba0	lib	_library	eh_funclets	eh	8
006f8bd0	Unwind@006f8bd0	lib	_library	eh_funclets	eh	8
006f8bd8	Unwind@006f8bd8	lib	_library	eh_funclets	eh	8
006f8c10	Unwind@006f8c10	lib	_library	eh_funclets	eh	8
006f8c18	Unwind@006f8c18	lib	_library	eh_funclets	eh	11
006f8c23	Unwind@006f8c23	lib	_library	eh_funclets	eh	11
006f8c2e	Unwind@006f8c2e	lib	_library	eh_funclets	eh	11
006f8c39	Unwind@006f8c39	lib	_library	eh_funclets	eh	11
006f8c44	Unwind@006f8c44	lib	_library	eh_funclets	eh	11
006f8c4f	Unwind@006f8c4f	lib	_library	eh_funclets	eh	11
006f8c5a	Unwind@006f8c5a	lib	_library	eh_funclets	eh	11
006f8c65	Unwind@006f8c65	lib	_library	eh_funclets	eh	11
006f8c90	Unwind@006f8c90	lib	_library	eh_funclets	eh	11
006f8c9b	Unwind@006f8c9b	lib	_library	eh_funclets	eh	11
006f8ca6	Unwind@006f8ca6	lib	_library	eh_funclets	eh	8
006f8cae	Unwind@006f8cae	lib	_library	eh_funclets	eh	8
006f8cb6	Unwind@006f8cb6	lib	_library	eh_funclets	eh	11
006f8cc1	Unwind@006f8cc1	lib	_library	eh_funclets	eh	11
006f8ccc	Unwind@006f8ccc	lib	_library	eh_funclets	eh	8
006f8cd4	Unwind@006f8cd4	lib	_library	eh_funclets	eh	8
006f8cdc	Unwind@006f8cdc	lib	_library	eh_funclets	eh	8
006f8ce4	Unwind@006f8ce4	lib	_library	eh_funclets	eh	8
006f8cec	Unwind@006f8cec	lib	_library	eh_funclets	eh	8
006f8d20	Unwind@006f8d20	lib	_library	eh_funclets	eh	8
006f8d28	Unwind@006f8d28	lib	_library	eh_funclets	eh	11
006f8d33	Unwind@006f8d33	lib	_library	eh_funclets	eh	8
006f8d3b	Unwind@006f8d3b	lib	_library	eh_funclets	eh	8
006f8d43	Unwind@006f8d43	lib	_library	eh_funclets	eh	8
006f8d80	Unwind@006f8d80	lib	_library	eh_funclets	eh	8
006f8d88	Unwind@006f8d88	lib	_library	eh_funclets	eh	8
006f8dc0	Unwind@006f8dc0	lib	_library	eh_funclets	eh	8
006f8dc8	Unwind@006f8dc8	lib	_library	eh_funclets	eh	8
006f8dd0	Unwind@006f8dd0	lib	_library	eh_funclets	eh	8
006f8dd8	Unwind@006f8dd8	lib	_library	eh_funclets	eh	8
006f8de0	Unwind@006f8de0	lib	_library	eh_funclets	eh	8
006f8e10	Unwind@006f8e10	lib	_library	eh_funclets	eh	11
006f8e1b	Unwind@006f8e1b	lib	_library	eh_funclets	eh	11
006f8e26	Unwind@006f8e26	lib	_library	eh_funclets	eh	8
006f8e2e	Unwind@006f8e2e	lib	_library	eh_funclets	eh	8
006f8e36	Unwind@006f8e36	lib	_library	eh_funclets	eh	8
006f8e3e	Unwind@006f8e3e	lib	_library	eh_funclets	eh	8
006f8e46	Unwind@006f8e46	lib	_library	eh_funclets	eh	8
006f8e4e	Unwind@006f8e4e	lib	_library	eh_funclets	eh	8
006f8e56	Unwind@006f8e56	lib	_library	eh_funclets	eh	8
006f8e90	Unwind@006f8e90	lib	_library	eh_funclets	eh	8
006f8e98	Unwind@006f8e98	lib	_library	eh_funclets	eh	11
006f8ea3	Unwind@006f8ea3	lib	_library	eh_funclets	eh	11
006f8eae	Unwind@006f8eae	lib	_library	eh_funclets	eh	8
006f8eb6	Unwind@006f8eb6	lib	_library	eh_funclets	eh	8
006f8ebe	Unwind@006f8ebe	lib	_library	eh_funclets	eh	8
006f8ec6	Unwind@006f8ec6	lib	_library	eh_funclets	eh	8
006f8ece	Unwind@006f8ece	lib	_library	eh_funclets	eh	11
006f8f10	Unwind@006f8f10	lib	_library	eh_funclets	eh	8
006f8f18	Unwind@006f8f18	lib	_library	eh_funclets	eh	8
006f8f50	Unwind@006f8f50	lib	_library	eh_funclets	eh	11
006f8f5b	Unwind@006f8f5b	lib	_library	eh_funclets	eh	11
006f8f66	Unwind@006f8f66	lib	_library	eh_funclets	eh	8
006f8f6e	Unwind@006f8f6e	lib	_library	eh_funclets	eh	8
006f8f76	Unwind@006f8f76	lib	_library	eh_funclets	eh	8
006f8f7e	Unwind@006f8f7e	lib	_library	eh_funclets	eh	8
006f8f86	Unwind@006f8f86	lib	_library	eh_funclets	eh	8
006f8fc0	Unwind@006f8fc0	lib	_library	eh_funclets	eh	11
006f8fcb	Unwind@006f8fcb	lib	_library	eh_funclets	eh	11
006f8fd6	Unwind@006f8fd6	lib	_library	eh_funclets	eh	8
006f8fde	Unwind@006f8fde	lib	_library	eh_funclets	eh	8
006f8fe6	Unwind@006f8fe6	lib	_library	eh_funclets	eh	8
006f8fee	Unwind@006f8fee	lib	_library	eh_funclets	eh	8
006f8ff6	Unwind@006f8ff6	lib	_library	eh_funclets	eh	8
006f8ffe	Unwind@006f8ffe	lib	_library	eh_funclets	eh	8
006f9006	Unwind@006f9006	lib	_library	eh_funclets	eh	8
006f900e	Unwind@006f900e	lib	_library	eh_funclets	eh	8
006f9016	Unwind@006f9016	lib	_library	eh_funclets	eh	11
006f9050	Unwind@006f9050	lib	_library	eh_funclets	eh	8
006f9058	Unwind@006f9058	lib	_library	eh_funclets	eh	11
006f9063	Unwind@006f9063	lib	_library	eh_funclets	eh	8
006f906b	Unwind@006f906b	lib	_library	eh_funclets	eh	8
006f9073	Unwind@006f9073	lib	_library	eh_funclets	eh	11
006f90b0	Unwind@006f90b0	lib	_library	eh_funclets	eh	8
006f90b8	Unwind@006f90b8	lib	_library	eh_funclets	eh	8
006f90f0	Unwind@006f90f0	lib	_library	eh_funclets	eh	8
006f90f8	Unwind@006f90f8	lib	_library	eh_funclets	eh	8
006f9100	Unwind@006f9100	lib	_library	eh_funclets	eh	8
006f9108	Unwind@006f9108	lib	_library	eh_funclets	eh	8
006f9140	Unwind@006f9140	lib	_library	eh_funclets	eh	8
006f9148	Unwind@006f9148	lib	_library	eh_funclets	eh	11
006f9170	Unwind@006f9170	lib	_library	eh_funclets	eh	8
006f91a0	Unwind@006f91a0	lib	_library	eh_funclets	eh	8
006f91a8	Unwind@006f91a8	lib	_library	eh_funclets	eh	8
006f91b0	Unwind@006f91b0	lib	_library	eh_funclets	eh	11
006f91bb	Unwind@006f91bb	lib	_library	eh_funclets	eh	11
006f91f0	Unwind@006f91f0	lib	_library	eh_funclets	eh	8
006f9220	Unwind@006f9220	lib	_library	eh_funclets	eh	8
006f9228	Unwind@006f9228	lib	_library	eh_funclets	eh	8
006f9260	Unwind@006f9260	lib	_library	eh_funclets	eh	8
006f9268	Unwind@006f9268	lib	_library	eh_funclets	eh	14
006f9276	Unwind@006f9276	lib	_library	eh_funclets	eh	14
006f92a0	Unwind@006f92a0	lib	_library	eh_funclets	eh	8
006f92a8	Unwind@006f92a8	lib	_library	eh_funclets	eh	14
006f92b6	Unwind@006f92b6	lib	_library	eh_funclets	eh	14
006f92c4	Unwind@006f92c4	lib	_library	eh_funclets	eh	14
006f92f0	Unwind@006f92f0	lib	_library	eh_funclets	eh	8
006f9320	Unwind@006f9320	lib	_library	eh_funclets	eh	8
006f9350	Unwind@006f9350	lib	_library	eh_funclets	eh	8
006f9380	Unwind@006f9380	lib	_library	eh_funclets	eh	8
006f93b0	Unwind@006f93b0	lib	_library	eh_funclets	eh	8
006f93e0	compute_6f93e0	gamemisc	game_misc	_helpers_computed	role:computed	12
006f93f0	compute_6f93f0	gamemisc	game_misc	_helpers_computed	role:computed	12
006f9400	compute_6f9400	gamemisc	game_misc	_helpers_computed	role:computed	12
006f9430	FUN_006f9430	gamemisc	game_misc	_helpers_wrapper	role:wrapper	29
006f9450	FUN_006f9450	gamemisc	game_misc	_indirect_dispatch-target	role:dispatch-target	40
006f9480	FUN_006f9480	gamemisc	game_misc	_indirect_dispatch-target	role:dispatch-target	33
006f94b0	FUN_006f94b0	gamemisc	game_misc	_indirect_dispatch-target	role:dispatch-target	40
006f94e0	FUN_006f94e0	gamemisc	game_misc	_indirect_dispatch-target	role:dispatch-target	40
006f9510	FUN_006f9510	gamemisc	game_misc	_indirect_dispatch-target	role:dispatch-target	33
006f9540	FUN_006f9540	gamemisc	game_misc	_indirect_dispatch-target	role:dispatch-target	40
006f9570	FUN_006f9570	gamemisc	game_misc	_indirect_dispatch-target	role:dispatch-target	40
006f95a0	FUN_006f95a0	gamemisc	game_misc	_indirect_dispatch-target	role:dispatch-target	33
006f95d0	FUN_006f95d0	gamemisc	game_misc	_indirect_dispatch-target	role:dispatch-target	40
006f9600	FUN_006f9600	gamemisc	game_misc	_indirect_dispatch-target	role:dispatch-target	40
006f9630	FUN_006f9630	gamemisc	game_misc	_indirect_dispatch-target	role:dispatch-target	33
006f9660	FUN_006f9660	gamemisc	game_misc	_indirect_dispatch-target	role:dispatch-target	40
006f9690	FUN_006f9690	gamemisc	game_misc	_indirect_dispatch-target	role:dispatch-target	40
006f96c0	FUN_006f96c0	gamemisc	game_misc	_indirect_dispatch-target	role:dispatch-target	33
006f96f0	FUN_006f96f0	gamemisc	game_misc	_indirect_dispatch-target	role:dispatch-target	40
006f9720	FUN_006f9720	gamemisc	game_misc	_indirect_dispatch-target	role:dispatch-target	40
006f9750	FUN_006f9750	gamemisc	game_misc	_indirect_dispatch-target	role:dispatch-target	33
006f9780	FUN_006f9780	gamemisc	game_misc	_indirect_dispatch-target	role:dispatch-target	40
006f97b0	FUN_006f97b0	gamemisc	game_misc	_indirect_dispatch-target	role:dispatch-target	40
006f97e0	FUN_006f97e0	gamemisc	game_misc	_indirect_dispatch-target	role:dispatch-target	33
006f9810	FUN_006f9810	gamemisc	game_misc	_indirect_dispatch-target	role:dispatch-target	40
006f9840	FUN_006f9840	gamemisc	game_misc	_indirect_dispatch-target	role:dispatch-target	40
006f9870	FUN_006f9870	gamemisc	game_misc	_indirect_dispatch-target	role:dispatch-target	33
006f98a0	FUN_006f98a0	gamemisc	game_misc	_indirect_dispatch-target	role:dispatch-target	40
006f98d0	FUN_006f98d0	gamemisc	game_misc	_indirect_dispatch-target	role:dispatch-target	40
006f9900	FUN_006f9900	gamemisc	game_misc	_indirect_dispatch-target	role:dispatch-target	33
006f9930	FUN_006f9930	gamemisc	game_misc	_indirect_dispatch-target	role:dispatch-target	40
006f9960	FUN_006f9960	gamemisc	game_misc	_indirect_dispatch-target	role:dispatch-target	40
006f9990	FUN_006f9990	gamemisc	game_misc	_indirect_dispatch-target	role:dispatch-target	33
006f99c0	FUN_006f99c0	gamemisc	game_misc	_indirect_dispatch-target	role:dispatch-target	40
006f99f0	FUN_006f99f0	gamemisc	game_misc	_indirect_dispatch-target	role:dispatch-target	40
006f9a20	FUN_006f9a20	gamemisc	game_misc	_indirect_dispatch-target	role:dispatch-target	33
006f9a50	FUN_006f9a50	gamemisc	game_misc	_indirect_dispatch-target	role:dispatch-target	40
006f9a80	FUN_006f9a80	gamemisc	game_misc	_indirect_dispatch-target	role:dispatch-target	40
006f9ab0	FUN_006f9ab0	gamemisc	game_misc	_indirect_dispatch-target	role:dispatch-target	33
006f9ae0	FUN_006f9ae0	gamemisc	game_misc	_indirect_dispatch-target	role:dispatch-target	40
006f9b10	FUN_006f9b10	gamemisc	game_misc	_indirect_dispatch-target	role:dispatch-target	40
006f9b40	FUN_006f9b40	gamemisc	game_misc	_indirect_dispatch-target	role:dispatch-target	33
006f9b70	FUN_006f9b70	gamemisc	game_misc	_indirect_dispatch-target	role:dispatch-target	40
006f9ba0	FUN_006f9ba0	gamemisc	game_misc	_indirect_dispatch-target	role:dispatch-target	40
006f9bd0	FUN_006f9bd0	gamemisc	game_misc	_indirect_dispatch-target	role:dispatch-target	33
006f9c00	FUN_006f9c00	gamemisc	game_misc	_indirect_dispatch-target	role:dispatch-target	40
006f9c30	FUN_006f9c30	gamemisc	game_misc	_indirect_dispatch-target	role:dispatch-target	40
006f9c60	FUN_006f9c60	gamemisc	game_misc	_indirect_dispatch-target	role:dispatch-target	33
006f9c90	FUN_006f9c90	gamemisc	game_misc	_indirect_dispatch-target	role:dispatch-target	40
006f9cc0	FUN_006f9cc0	gamemisc	game_misc	_indirect_dispatch-target	role:dispatch-target	40
006f9cf0	FUN_006f9cf0	gamemisc	game_misc	_indirect_dispatch-target	role:dispatch-target	33
006f9d20	FUN_006f9d20	gamemisc	game_misc	_indirect_dispatch-target	role:dispatch-target	40
006f9d50	FUN_006f9d50	gamemisc	game_misc	_indirect_dispatch-target	role:dispatch-target	40
006f9d80	FUN_006f9d80	gamemisc	game_misc	_indirect_dispatch-target	role:dispatch-target	33
006f9db0	FUN_006f9db0	gamemisc	game_misc	_indirect_dispatch-target	role:dispatch-target	40
006f9de0	FUN_006f9de0	gamemisc	game_misc	_indirect_dispatch-target	role:dispatch-target	40
006f9e10	FUN_006f9e10	gamemisc	game_misc	_indirect_dispatch-target	role:dispatch-target	33
006f9e40	FUN_006f9e40	gamemisc	game_misc	_indirect_dispatch-target	role:dispatch-target	40
006f9ee0	FUN_006f9ee0	gamemisc	game_misc	_indirect_dispatch-target	role:dispatch-target	40
006f9f20	FUN_006f9f20	gamemisc	game_misc	_indirect_dispatch-target	role:dispatch-target	33
006f9f50	FUN_006f9f50	gamemisc	game_misc	_indirect_dispatch-target	role:dispatch-target	40
006f9f80	FUN_006f9f80	gamemisc	game_misc	_indirect_dispatch-target	role:dispatch-target	40
006f9fb0	FUN_006f9fb0	gamemisc	game_misc	_indirect_dispatch-target	role:dispatch-target	33
006f9ff0	FUN_006f9ff0	gamemisc	game_misc	_indirect_dispatch-target	role:dispatch-target	40
006fa020	FUN_006fa020	gamemisc	game_misc	_indirect_dispatch-target	role:dispatch-target	40
006fa050	FUN_006fa050	gamemisc	game_misc	_indirect_dispatch-target	role:dispatch-target	33
006fa080	FUN_006fa080	gamemisc	game_misc	_indirect_dispatch-target	role:dispatch-target	40
006fa0b0	FUN_006fa0b0	gamemisc	game_misc	_indirect_dispatch-target	role:dispatch-target	40
006fa0e0	FUN_006fa0e0	gamemisc	game_misc	_indirect_dispatch-target	role:dispatch-target	33
006fa110	FUN_006fa110	gamemisc	game_misc	_indirect_dispatch-target	role:dispatch-target	40
006fa140	FUN_006fa140	gamemisc	game_misc	_indirect_dispatch-target	role:dispatch-target	40
006fa170	FUN_006fa170	gamemisc	game_misc	_indirect_dispatch-target	role:dispatch-target	33
006fa1a0	FUN_006fa1a0	gamemisc	game_misc	_indirect_dispatch-target	role:dispatch-target	40
006fa1d0	FUN_006fa1d0	gamemisc	game_misc	_indirect_dispatch-target	role:dispatch-target	40
006fa200	FUN_006fa200	gamemisc	game_misc	_indirect_dispatch-target	role:dispatch-target	33
006fa230	FUN_006fa230	gamemisc	game_misc	_indirect_dispatch-target	role:dispatch-target	40
006fa260	FUN_006fa260	gamemisc	game_misc	_indirect_dispatch-target	role:dispatch-target	40
006fa290	FUN_006fa290	gamemisc	game_misc	_indirect_dispatch-target	role:dispatch-target	33
006fa2c0	FUN_006fa2c0	gamemisc	game_misc	_indirect_dispatch-target	role:dispatch-target	40
006fa2f0	FUN_006fa2f0	gamemisc	game_misc	_indirect_dispatch-target	role:dispatch-target	40
006fa320	FUN_006fa320	gamemisc	game_misc	_indirect_dispatch-target	role:dispatch-target	33
006fa350	FUN_006fa350	gamemisc	game_misc	_indirect_dispatch-target	role:dispatch-target	40
006fa380	FUN_006fa380	gamemisc	game_misc	_indirect_dispatch-target	role:dispatch-target	40
006fa3b0	FUN_006fa3b0	gamemisc	game_misc	_indirect_dispatch-target	role:dispatch-target	33
006fa3e0	FUN_006fa3e0	gamemisc	game_misc	_indirect_dispatch-target	role:dispatch-target	40
006fa410	FUN_006fa410	gamemisc	game_misc	_indirect_dispatch-target	role:dispatch-target	40
006fa440	FUN_006fa440	gamemisc	game_misc	_indirect_dispatch-target	role:dispatch-target	33
006fa470	FUN_006fa470	gamemisc	game_misc	_indirect_dispatch-target	role:dispatch-target	40
006fa4a0	FUN_006fa4a0	gamemisc	game_misc	_indirect_dispatch-target	role:dispatch-target	40
006fa4d0	FUN_006fa4d0	gamemisc	game_misc	_indirect_dispatch-target	role:dispatch-target	33
006fa500	FUN_006fa500	gamemisc	game_misc	_indirect_dispatch-target	role:dispatch-target	40
006fa530	FUN_006fa530	gamemisc	game_misc	_indirect_dispatch-target	role:dispatch-target	40
006fa560	FUN_006fa560	gamemisc	game_misc	_indirect_dispatch-target	role:dispatch-target	33
006fa590	FUN_006fa590	gamemisc	game_misc	_indirect_dispatch-target	role:dispatch-target	40
006fa5c0	FUN_006fa5c0	gamemisc	game_misc	_indirect_dispatch-target	role:dispatch-target	40
006fa5f0	FUN_006fa5f0	gamemisc	game_misc	_indirect_dispatch-target	role:dispatch-target	33
006fa620	FUN_006fa620	gamemisc	game_misc	_indirect_dispatch-target	role:dispatch-target	40
006fa650	FUN_006fa650	gamemisc	game_misc	_indirect_dispatch-target	role:dispatch-target	40
006fa680	FUN_006fa680	gamemisc	game_misc	_indirect_dispatch-target	role:dispatch-target	33
006fa6b0	FUN_006fa6b0	gamemisc	game_misc	_indirect_dispatch-target	role:dispatch-target	40
006fa6e0	FUN_006fa6e0	gamemisc	game_misc	_indirect_dispatch-target	role:dispatch-target	40
006fa710	FUN_006fa710	gamemisc	game_misc	_indirect_dispatch-target	role:dispatch-target	33
006fa740	FUN_006fa740	gamemisc	game_misc	_indirect_dispatch-target	role:dispatch-target	40
006fa770	FUN_006fa770	gamemisc	game_misc	_indirect_dispatch-target	role:dispatch-target	40
006fa7a0	FUN_006fa7a0	gamemisc	game_misc	_indirect_dispatch-target	role:dispatch-target	33
006fa7d0	FUN_006fa7d0	gamemisc	game_misc	_indirect_dispatch-target	role:dispatch-target	40
006fa800	FUN_006fa800	gamemisc	game_misc	_indirect_dispatch-target	role:dispatch-target	40
006fa830	FUN_006fa830	gamemisc	game_misc	_indirect_dispatch-target	role:dispatch-target	33
006fa860	FUN_006fa860	gamemisc	game_misc	_indirect_dispatch-target	role:dispatch-target	40
006fa890	FUN_006fa890	gamemisc	game_misc	_indirect_dispatch-target	role:dispatch-target	40
006fa8c0	FUN_006fa8c0	gamemisc	game_misc	_indirect_dispatch-target	role:dispatch-target	33
006fa8f0	FUN_006fa8f0	gamemisc	game_misc	_indirect_dispatch-target	role:dispatch-target	40
006fa920	FUN_006fa920	gamemisc	game_misc	_indirect_dispatch-target	role:dispatch-target	40
006fa950	FUN_006fa950	gamemisc	game_misc	_indirect_dispatch-target	role:dispatch-target	33
006fa980	FUN_006fa980	gamemisc	game_misc	_indirect_dispatch-target	role:dispatch-target	40
006fa9b0	FUN_006fa9b0	gamemisc	game_misc	_indirect_dispatch-target	role:dispatch-target	40
006fa9e0	FUN_006fa9e0	gamemisc	game_misc	_indirect_dispatch-target	role:dispatch-target	33
006faa10	FUN_006faa10	gamemisc	game_misc	_indirect_dispatch-target	role:dispatch-target	40
006faa40	FUN_006faa40	gamemisc	game_misc	_indirect_dispatch-target	role:dispatch-target	40
006faa70	FUN_006faa70	gamemisc	game_misc	_indirect_dispatch-target	role:dispatch-target	33
006faaa0	FUN_006faaa0	gamemisc	game_misc	_indirect_dispatch-target	role:dispatch-target	40
006faad0	FUN_006faad0	gamemisc	game_misc	_indirect_dispatch-target	role:dispatch-target	40
006fab00	FUN_006fab00	gamemisc	game_misc	_indirect_dispatch-target	role:dispatch-target	33
006fab30	FUN_006fab30	gamemisc	game_misc	_indirect_dispatch-target	role:dispatch-target	40
006fab60	FUN_006fab60	gamemisc	game_misc	_indirect_dispatch-target	role:dispatch-target	40
006fab90	FUN_006fab90	gamemisc	game_misc	_indirect_dispatch-target	role:dispatch-target	33
006fabc0	FUN_006fabc0	gamemisc	game_misc	_indirect_dispatch-target	role:dispatch-target	40
006fabf0	FUN_006fabf0	gamemisc	game_misc	_indirect_dispatch-target	role:dispatch-target	40
006fac20	FUN_006fac20	gamemisc	game_misc	_indirect_dispatch-target	role:dispatch-target	33
006fac50	FUN_006fac50	gamemisc	game_misc	_indirect_dispatch-target	role:dispatch-target	40
006fac80	FUN_006fac80	gamemisc	game_misc	_indirect_dispatch-target	role:dispatch-target	40
006facb0	FUN_006facb0	gamemisc	game_misc	_indirect_dispatch-target	role:dispatch-target	33
006face0	FUN_006face0	gamemisc	game_misc	_indirect_dispatch-target	role:dispatch-target	40
006fad10	FUN_006fad10	gamemisc	game_misc	_indirect_dispatch-target	role:dispatch-target	40
006fad40	FUN_006fad40	gamemisc	game_misc	_indirect_dispatch-target	role:dispatch-target	33
006fad70	FUN_006fad70	gamemisc	game_misc	_indirect_dispatch-target	role:dispatch-target	40
006fada0	FUN_006fada0	gamemisc	game_misc	_indirect_dispatch-target	role:dispatch-target	40
006fadd0	FUN_006fadd0	gamemisc	game_misc	_indirect_dispatch-target	role:dispatch-target	33
006fae00	FUN_006fae00	gamemisc	game_misc	_indirect_dispatch-target	role:dispatch-target	40
006fae30	FUN_006fae30	gamemisc	game_misc	_indirect_dispatch-target	role:dispatch-target	40
006fae60	FUN_006fae60	gamemisc	game_misc	_indirect_dispatch-target	role:dispatch-target	33
006fae90	FUN_006fae90	gamemisc	game_misc	_indirect_dispatch-target	role:dispatch-target	40
006faec0	FUN_006faec0	gamemisc	game_misc	_indirect_dispatch-target	role:dispatch-target	40
006faef0	FUN_006faef0	gamemisc	game_misc	_indirect_dispatch-target	role:dispatch-target	33
006faf20	FUN_006faf20	gamemisc	game_misc	_indirect_dispatch-target	role:dispatch-target	40
006faf50	FUN_006faf50	gamemisc	game_misc	_indirect_dispatch-target	role:dispatch-target	40
006faf80	FUN_006faf80	gamemisc	game_misc	_indirect_dispatch-target	role:dispatch-target	33
006fafb0	FUN_006fafb0	gamemisc	game_misc	_indirect_dispatch-target	role:dispatch-target	40
006faff0	FUN_006faff0	gamemisc	game_misc	_indirect_dispatch-target	role:dispatch-target	40
006fb020	FUN_006fb020	gamemisc	game_misc	_indirect_dispatch-target	role:dispatch-target	33
006fb050	FUN_006fb050	gamemisc	game_misc	_indirect_dispatch-target	role:dispatch-target	40
006fb0f0	FUN_006fb0f0	gamemisc	game_misc	_helpers_wrapper	role:wrapper	31
006fb10f	fwd_0068d755_6fb10f	gamemisc	game_misc	_helpers_thunk	role:thunk	12
006fb120	std::error_category::~error_category	lib	_library	stl	stl-ns	11
006fb130	std::error_category::~error_category	lib	_library	stl	stl-ns	11
006fb140	std::error_category::~error_category	lib	_library	stl	stl-ns	11
006fb150	FUN_006fb150	gamemisc	game_misc	_helpers_dtor-like	role:dtor-like	86
006fb1b0	FUN_006fb1b0	gamemisc	control	_helpers_dtor-like	role:dtor-like	74
006fb270	FUN_006fb270	gamemisc	control	_helpers_dtor-like	role:dtor-like	87
006fb2d0	FUN_006fb2d0	gamemisc	control	_helpers_dtor-like	role:dtor-like	87
006fb330	FUN_006fb330	gamemisc	world	_helpers_dtor-like	role:dtor-like	79
006fb3b0	FUN_006fb3b0	gamemisc	world	_helpers_dtor-like	role:dtor-like	79
006fb430	FUN_006fb430	gamemisc	world	_helpers_dtor-like	role:dtor-like	79
006fb5f0	FUN_006fb5f0	gamemisc	game_misc	_helpers_dtor-like	role:dtor-like	74
006fb9f0	FUN_006fb9f0	gamemisc	game_misc	_helpers_dtor-like	role:dtor-like	172
006fbab5	fwd_0068d593_6fbab5	gamemisc	game_misc	_helpers_thunk	role:thunk	10
